replication,seed,n_train_windows,n_validation_windows,n_test_windows,train_n0,train_n1,train_n2,validation_n0,validation_n1,validation_n2,test_n0,test_n1,test_n2,statistics_n_features,statistics_validation_ba,statistics_test_accuracy,statistics_test_ba,statistics_test_macro_f1,statistics_test_recall_0,statistics_test_recall_1,statistics_test_recall_2,statistics_test_cm_0_0,statistics_test_cm_0_1,statistics_test_cm_0_2,statistics_test_cm_1_0,statistics_test_cm_1_1,statistics_test_cm_1_2,statistics_test_cm_2_0,statistics_test_cm_2_1,statistics_test_cm_2_2,signature_n_features,signature_validation_ba,signature_test_accuracy,signature_test_ba,signature_test_macro_f1,signature_test_recall_0,signature_test_recall_1,signature_test_recall_2,signature_test_cm_0_0,signature_test_cm_0_1,signature_test_cm_0_2,signature_test_cm_1_0,signature_test_cm_1_1,signature_test_cm_1_2,signature_test_cm_2_0,signature_test_cm_2_1,signature_test_cm_2_2,signature_minus_statistics_ba,signature_minus_statistics_recall_0,signature_minus_statistics_recall_1,signature_minus_statistics_recall_2,window_size,elapsed_seconds
1,144269559,49760,14928,24880,14393,15476,19891,5383,4376,5169,7692,9277,7911,11,0.3508422466413079,0.3907154340836012,0.4010142493019732,0.3848475872430639,0.516640665626625,0.231971542524523,0.4544305397547718,3974,1389,2329,3719,2152,3406,2743,1573,3595,39,0.3638370341933037,0.4060691318327974,0.4200331073034695,0.3851656031629829,0.4158866354654186,0.1650317990729762,0.6791808873720137,3199,930,3563,2550,1531,5196,1489,1049,5373,0.0190188580014962,-0.1007540301612064,-0.0669397434515468,0.2247503476172418,25,122.238393
2,74865246,49760,14928,24880,16834,15279,17647,7040,5813,2075,6511,8953,9416,11,0.3617790240258219,0.3860530546623794,0.3697053273001567,0.3536921107192512,0.2532637075718015,0.2218250865631632,0.6340271877655055,1649,1613,3249,2002,1986,4965,1907,1539,5970,39,0.364119084775522,0.3879019292604501,0.3740138809415622,0.3358589327081526,0.2965750268775917,0.11359320898023,0.711873406966865,1931,788,3792,2173,1017,5763,1794,919,6703,0.0043085536414054,0.0433113193057901,-0.1082318775829331,0.0778462192013594,25,120.379613625
3,1276543517,49760,14928,24880,16686,14485,18589,5607,5254,4067,9280,8301,7299,11,0.3406521302546432,0.3322347266881029,0.3431746473530899,0.3276413814928586,0.2058189655172413,0.3430911938320684,0.4806137827099602,1910,2605,4765,1416,2848,4037,1159,2632,3508,39,0.3386789280851365,0.3413183279742765,0.3527690413651546,0.336821197580587,0.2207974137931034,0.3293579086857005,0.5081518016166598,2049,2477,4754,1374,2734,4193,915,2675,3709,0.0095943940120646,0.014978448275862,-0.0137332851463679,0.0275380189066996,25,119.92292175
4,2351855581,49760,14928,24880,20205,14346,15209,4930,4722,5276,10842,7265,6773,11,0.3422644211980891,0.3736736334405144,0.384876161671356,0.3723945366930402,0.3054786939679026,0.4750172057811425,0.3741325852650229,3312,4570,2960,1619,3451,2195,1272,2967,2534,39,0.3580706011780765,0.390032154340836,0.3994054196825916,0.3886807456958914,0.3321342925659472,0.4817618719889883,0.3843200944928392,3601,4505,2736,1705,3500,2060,1283,2887,2603,0.0145292580112355,0.0266555985980446,0.0067446662078458,0.0101875092278163,25,119.042535541
5,181029087,49760,14928,24880,15586,17839,16335,5675,3922,5331,9328,7914,7638,11,0.358517917517697,0.3810289389067524,0.3859379277615279,0.3545460551735327,0.3525943396226415,0.1475865554713166,0.6576328881906258,3289,1154,4885,2039,1168,4707,1613,1002,5023,39,0.3836806417299185,0.3623794212218649,0.3693819015557193,0.3313007243664289,0.3059605488850772,0.1264847106393732,0.6757004451427076,2854,1151,5323,1887,1001,5026,1490,987,5161,-0.0165560262058086,-0.0466337907375643,-0.0211018448319434,0.0180675569520817,25,121.7478985
6,723582294,49760,14928,24880,19417,17760,12583,5171,4632,5125,8309,10305,6266,11,0.3843554784242886,0.3384244372990354,0.372107170129011,0.33166963209895,0.2476832350463353,0.227559437166424,0.6410788381742739,2058,1651,4600,1992,2345,5968,1003,1246,4017,39,0.4054906109994884,0.3333601286173633,0.3660956292716696,0.3273265239060625,0.2461186665061981,0.225133430373605,0.6270347909352059,2045,1567,4697,1941,2320,6044,947,1390,3929,-0.0060115408573414,-0.0015645685401372,-0.002426006792819,-0.014044047239068,25,120.410641958
7,3503254173,49760,14928,24880,16358,16407,16995,6951,5277,2700,9089,9837,5954,11,0.3836690821510884,0.3464228295819935,0.3830982146929968,0.3423520252889725,0.3134558257234019,0.2043305885940835,0.6315082297615049,2849,2007,4233,2458,2010,5369,923,1271,3760,39,0.3787707322006426,0.3641479099678457,0.3975377254154178,0.3622928804890061,0.3310595224997249,0.2372674595913388,0.6242861941551898,3009,1991,4089,2240,2334,5263,904,1333,3717,0.014439510722421,0.017603696776323,0.0329368709972552,-0.007222035606315,25,120.756469583
8,2754094657,49760,14928,24880,18245,19235,12280,5044,5400,4484,9776,9851,5253,11,0.3688918326864472,0.3625,0.3710585952078752,0.3548803977508041,0.259513093289689,0.4344736574967008,0.4191890348372358,2537,4013,3226,2038,4280,3533,689,2362,2202,39,0.3780618334779752,0.3776929260450161,0.3803354040370579,0.3704621266285992,0.3104541734860884,0.4347781951070957,0.3957738435179897,3035,4014,2727,2125,4283,3443,734,2440,2079,0.0092768088291826,0.0509410801963993,0.0003045376103948,-0.0234151913192461,25,121.052291375
9,3296097850,49760,14928,24880,15436,16712,17612,5426,5326,4176,6004,11857,7019,11,0.343980809337631,0.3416398713826366,0.3537860775190904,0.332969852120386,0.2704863424383744,0.2738466728514801,0.517025217267417,1624,1770,2610,3051,3247,5559,1389,2001,3629,39,0.3602702296838521,0.3360128617363344,0.3602696958434072,0.3082136652781794,0.1787141905396402,0.1974361136881167,0.7046587833024648,1073,984,3947,1956,2341,7560,718,1355,4946,0.0064836183243167,-0.0917721518987342,-0.0764105591633634,0.1876335660350477,25,120.925148792
10,1583734078,49760,14928,24880,19773,15907,14080,5407,4521,5000,8868,4998,11014,11,0.3414035805917383,0.3758440514469453,0.3252732762021041,0.3155656929226095,0.2094046008119079,0.1574629851940776,0.6089522426003269,1857,2312,4699,1858,787,2353,2397,1910,6707,39,0.3517588652076089,0.38741961414791,0.3248995655496609,0.3149699067806339,0.3039016689219666,0.073829531812725,0.5969674959142909,2695,1814,4359,2350,369,2279,3262,1177,6575,-0.0003737106524432,0.0944970681100586,-0.0836334533813525,-0.0119847466860359,25,119.448833583
11,3586357180,49760,14928,24880,17086,18271,14403,2673,4401,7854,7479,10105,7296,11,0.3413468867242742,0.3706591639871383,0.3750614030641561,0.3692788418815762,0.3249097472924188,0.3393369619000494,0.4609375,2430,2766,2283,2815,3429,3861,1550,2383,3363,39,0.3595364190950755,0.357475884244373,0.3787956187206815,0.3397854793318782,0.2474929803449659,0.1985155863433943,0.6903782894736842,1851,1325,4303,1631,2006,6468,895,1364,5037,0.0037342156565254,-0.0774167669474528,-0.1408213755566551,0.2294407894736841,25,124.098142625
12,1435443221,49760,14928,24880,19104,13130,17526,5893,3775,5260,7122,10297,7461,11,0.3618090326259929,0.3616559485530546,0.3647911546708325,0.3440026621440384,0.1892726762145464,0.3163057201126542,0.5887950676852969,1348,2522,3252,1410,3257,5630,641,2427,4393,39,0.361875785319427,0.3482315112540193,0.3630995191275903,0.3346749424198327,0.2398202752035945,0.2179275517140914,0.6315507304650851,1708,1705,3709,1652,2244,6401,682,2067,4712,-0.0016916355432421,0.050547598989048,-0.0983781683985627,0.0427556627797882,25,124.052529417
13,2834433515,49760,14928,24880,13217,16023,20520,4567,6346,4015,7742,6302,10836,11,0.3635229945462394,0.4003617363344051,0.3784319504939865,0.3754570369273815,0.2606561611986567,0.3384639796889876,0.5361757105943152,2018,2192,3532,1294,2133,2875,1659,3367,5810,39,0.3583277970657974,0.3991961414790996,0.3763352573674898,0.3714540286507191,0.2363730302247481,0.3463979688987623,0.5462347729789591,1830,2237,3675,1193,2183,2926,1392,3525,5919,-0.0020966931264967,-0.0242831309739085,0.0079339892097746,0.0100590623846438,25,123.662126208
14,619375084,49760,14928,24880,14367,15177,20216,4457,6696,3775,10158,9639,5083,11,0.3688028418627865,0.3270096463022508,0.349909081277669,0.3227161562879854,0.354695806261075,0.2195248469758273,0.4755065905961047,3603,2110,4445,3446,2116,4077,1748,918,2417,39,0.3782646232699254,0.319895498392283,0.3766292786050855,0.3116104890884721,0.2968103957471943,0.1557215478784106,0.6773558921896518,3015,1476,5667,2583,1501,5555,1046,594,3443,0.0267201973274165,-0.0578854105138806,-0.0638032990974167,0.201849301593547,25,122.222103625
15,1188669195,49760,14928,24880,21495,15420,12845,5962,3608,5358,8848,8315,7717,11,0.3315265867969684,0.3686495176848874,0.3715187507639455,0.3652370308967698,0.3618896925858951,0.2703547805171377,0.4823117791888039,3202,2166,3480,2210,2248,3857,1987,2008,3722,39,0.3568492253689716,0.3790594855305466,0.386340000836626,0.3688787569957384,0.2937386980108499,0.2585688514732411,0.6067124530257872,2599,1716,4533,1701,2150,4464,1227,1808,4682,0.0148212500726805,-0.0681509945750452,-0.0117859290438965,0.1244006738369833,25,123.698406
16,3952083430,49760,14928,24880,19726,12215,17819,7062,5596,2270,11623,7499,5758,11,0.3964672141874728,0.3406350482315112,0.3790204825066914,0.3395989377941064,0.2393530069689409,0.3009734631284171,0.5967349774227162,2782,2448,6393,1391,2257,3851,1052,1270,3436,39,0.38669664116061,0.370056270096463,0.3815531924881177,0.3648860382306708,0.3551578766239353,0.3061741565542072,0.4833275442862105,4128,2562,4933,1966,2296,3237,1488,1487,2783,0.0025327099814262,0.1158048696549943,0.0052006934257901,-0.1134074331365057,25,123.82492287499998
17,1028844094,49760,14928,24880,18109,16838,14813,4587,4409,5932,7413,9908,7559,11,0.3645136440971057,0.3714228295819936,0.3679349976618313,0.3679378419283552,0.3151220828274653,0.4015946709729511,0.3870882391850774,2336,3163,1914,2890,3979,3039,1494,3139,2926,39,0.3931801226833263,0.3578376205787781,0.3815950918035311,0.329455444511695,0.3041953325239444,0.1251513928138877,0.7154385500727609,2255,934,4224,2780,1240,5888,1310,841,5408,0.0136600941416997,-0.0109267503035208,-0.2764432781590634,0.3283503108876835,25,124.117048584
18,2564267586,49760,14928,24880,18738,15296,15726,6527,3802,4599,9186,7168,8526,11,0.35955434836341,0.380184887459807,0.3733011344022732,0.3685660405692223,0.369910733725234,0.2455357142857142,0.5044569551958714,3398,2102,3686,2154,1760,3254,2323,1902,4301,39,0.3614209321652867,0.3973070739549839,0.3812404693883999,0.3641838558012948,0.4774657086871326,0.1336495535714285,0.5326061459066386,4386,1375,3425,2886,958,3324,2885,1100,4541,0.0079393349861266,0.1075549749618985,-0.1118861607142857,0.0281491907107671,25,125.11908325000002
19,2488441197,49760,14928,24880,17565,12184,20011,3604,2904,8420,7994,9177,7709,11,0.3448409654558212,0.3614951768488746,0.3631136158819041,0.3590326886084582,0.2904678508881661,0.3497875122589081,0.4490854844986379,2322,2695,2977,2413,3210,3554,1745,2502,3462,39,0.3835690222214252,0.3747588424437299,0.3763971388506756,0.3723952713316383,0.2974731048286215,0.3639533616650321,0.4677649500583733,2378,2780,2836,2185,3340,3652,1346,2757,3606,0.0132835229687715,0.0070052539404553,0.014165849406124,0.0186794655597353,25,125.236799
20,3516199087,49760,14928,24880,15227,18059,16474,4495,4709,5724,6522,7987,10371,11,0.3690170313522655,0.3553858520900321,0.3655891612710344,0.3449722785308809,0.5321987120515179,0.2030800050081382,0.3614887667534471,3471,1164,1887,3850,1622,2515,4980,1642,3749,39,0.3739302754777074,0.4094453376205788,0.3877550418340164,0.3752675351384988,0.3682919349892671,0.1928133216476774,0.6021598688651046,2402,1042,3078,2426,1540,4021,2571,1555,6245,0.0221658805629819,-0.1639067770622508,-0.0102666833604607,0.2406711021116575,25,125.679072291
21,477080894,49760,14928,24880,15644,19249,14867,5815,6834,2279,11253,7651,5976,11,0.3836304338503406,0.3573151125401929,0.3887746209199804,0.3568474433469696,0.2367368701679552,0.4004705267285322,0.5291164658634538,2664,3827,4762,1382,3064,3205,587,2227,3162,39,0.4103080020903202,0.3613745980707395,0.3937815698000397,0.3456795120264282,0.3082733493290678,0.1818062998300875,0.6912650602409639,3469,1331,6453,1806,1391,4454,925,920,4131,0.0050069488800593,0.0715364791611125,-0.2186642268984446,0.16214859437751,25,134.347890708
22,2790236236,49760,14928,24880,17428,19239,13093,6160,3376,5392,10340,6980,7560,11,0.3645088917579671,0.3780546623794212,0.3789694704227614,0.3625173978672829,0.3377176015473888,0.2204871060171919,0.5787037037037037,3492,2361,4487,1889,1539,3552,1838,1347,4375,39,0.3642537704746769,0.3566318327974276,0.3656586549868266,0.3406902465310184,0.255899419729207,0.2267908309455587,0.6142857142857143,2646,2544,5150,1252,1583,4145,1090,1826,4644,-0.0133108154359348,-0.0818181818181817,0.0063037249283667,0.0355820105820106,25,133.961653333
23,3947746016,49760,14928,24880,16119,20492,13149,3170,4959,6799,6339,8340,10201,11,0.3461633367327525,0.3689710610932475,0.3467839946510929,0.3439280491615505,0.2320555292632907,0.2882494004796163,0.5200470542103716,1471,1911,2957,1693,2404,4243,2415,2481,5305,39,0.3685139241515356,0.3459405144694534,0.3405007875205286,0.3265782873836369,0.3869695535573434,0.1713429256594724,0.4631898833447701,2453,1333,2553,2841,1429,4070,3930,1546,4725,-0.0062832071305642,0.1549140242940526,-0.1169064748201438,-0.0568571708656014,25,132.966862875
24,3343472307,49760,14928,24880,18852,16418,14490,3234,6555,5139,4828,6701,13351,11,0.3603724740165171,0.3952974276527331,0.3817420052143161,0.3697930984584186,0.3748964374482187,0.3398000298462916,0.4305295483484383,1810,1455,1563,2034,2277,2390,3505,4098,5748,39,0.3807912757014743,0.4016077170418006,0.3852446781546379,0.3746402280341758,0.3850455675227837,0.3242799582151918,0.4464085087259381,1859,1527,1442,1751,2173,2777,3196,4195,5960,0.0035026729403217,0.010149130074565,-0.0155200716310998,0.0158789603774998,25,135.35343316599997
25,3930994991,49760,14928,24880,19120,16647,13993,5001,4079,5848,11509,6743,6628,11,0.3547894920925096,0.3153135048231511,0.3292124330710133,0.3141111499334056,0.2590146841602224,0.3016461515645855,0.4269764634882317,2981,4368,4160,1419,2034,3290,1036,2762,2830,39,0.3610980748218466,0.3267282958199357,0.3497990110824851,0.3256871227714535,0.2325136849422191,0.3364971081121162,0.4803862401931201,2676,4443,4390,1203,2269,3271,761,2683,3184,0.0205865780114718,-0.0265009992180033,0.0348509565475307,0.0534097767048883,25,134.852581459
26,3385255092,49760,14928,24880,17343,17752,14665,5870,5311,3747,9141,7740,7999,11,0.3780993510526101,0.3684083601286174,0.3659638132864012,0.3605731088903631,0.390548080078766,0.2395348837209302,0.4678084760595074,3570,2286,3285,2832,1854,3054,2430,1827,3742,39,0.3998360506456928,0.3616961414790997,0.3640402753454823,0.334167345604871,0.2679137949896072,0.165374677002584,0.6588323540442556,2449,1441,5251,1962,1280,4498,1434,1295,5270,-0.0019235379409189,-0.1226342850891587,-0.0741602067183462,0.1910238779847481,25,133.541902583
27,689021210,49760,14928,24880,17149,12390,20221,6558,3526,4844,9525,7739,7616,11,0.3780800323356398,0.3823553054662379,0.3780676826746874,0.3597859409964425,0.4480839895013123,0.1586768316319938,0.5274422268907563,4268,1417,3840,2828,1228,3683,2576,1023,4017,39,0.3844899196286531,0.369935691318328,0.3737470895642968,0.3420648421762277,0.3392125984251968,0.1387776198475255,0.6432510504201681,3231,1340,4954,2178,1074,4487,1848,869,4899,-0.0043205931103905,-0.1088713910761154,-0.0198992117844682,0.1158088235294118,25,134.096568042
28,2556523997,49760,14928,24880,14398,15484,19878,5093,3587,6248,5523,11951,7406,11,0.4038830119369842,0.3341639871382637,0.3418313898053204,0.3296503403412979,0.391997103023719,0.3206426240481968,0.3128544423440453,2165,2279,1079,4986,3832,3133,2619,2470,2317,39,0.3942402906489534,0.3571543408360129,0.3533546015364139,0.3293941686637872,0.1730943327901502,0.2994728474604635,0.5874966243586282,956,2112,2455,2126,3579,6246,868,2187,4351,0.0115232117310935,-0.2189027702335687,-0.0211697765877332,0.2746421820145828,25,134.353315958
29,1164312638,49760,14928,24880,15355,18979,15426,5207,6399,3322,8830,9165,6885,11,0.3720822757760174,0.3636254019292604,0.365241139006666,0.3620736025566981,0.4117780294450736,0.3079105291871249,0.3760348583877995,3636,2763,2431,3011,2822,3332,2208,2088,2589,39,0.4011606222756169,0.3819131832797428,0.4024212798997815,0.3679209200630726,0.4117780294450736,0.1706492089470813,0.6248366013071895,3636,1153,4041,2757,1564,4844,1645,938,4302,0.0371801408931154,0.0,-0.1372613202400436,0.24880174291939,25,135.13336929100004
30,3560492814,49760,14928,24880,18999,14208,16553,4681,2759,7488,6435,9961,8484,11,0.3660247272666981,0.3635852090032154,0.3705210052099554,0.3601133986837232,0.3785547785547785,0.2648328481076197,0.4681753889674682,2436,1765,2234,3221,2638,4102,2134,2378,3972,39,0.3911494082618641,0.3727090032154341,0.3735434940377781,0.3520361786331413,0.273038073038073,0.2200582270856339,0.6275341819896275,1757,1376,3302,2174,2192,5595,1166,1994,5324,0.0030224888278226,-0.1055167055167055,-0.0447746210219857,0.1593587930221593,25,135.49300654200002
31,523232252,49760,14928,24880,20662,12666,16432,4308,6466,4154,10564,8872,5444,11,0.3861679933098036,0.3777733118971061,0.3893893781316489,0.3726213842704866,0.4017417644831503,0.2866321009918846,0.4797942689199118,4244,2544,3776,2671,2543,3658,1204,1628,2612,39,0.3932097846065436,0.3536173633440514,0.3939327142463619,0.3285682157915265,0.3911397198031048,0.1055004508566276,0.6851579720793534,4132,954,5478,2781,936,5155,1136,578,3730,0.004543336114713,-0.0106020446800454,-0.1811316501352569,0.2053637031594415,25,136.53198512499995
32,848187189,49760,14928,24880,22856,14275,12629,6714,5000,3214,7954,8795,8131,11,0.3719344936575701,0.3899517684887459,0.385979933005431,0.3830289667556304,0.306386723661051,0.5135872654917567,0.3379658098634854,2437,3200,2317,2041,4517,2237,1451,3932,2748,39,0.3895045020676779,0.3794614147909967,0.3772452416117456,0.370418493388228,0.2317073170731707,0.4214894826606026,0.4785389251014635,1843,2562,3549,1531,3707,3557,855,3385,3891,-0.0087346913936854,-0.0746794065878802,-0.0920977828311541,0.1405731152379781,25,137.203599042
33,1462329290,49760,14928,24880,18426,13662,17672,3594,3227,8107,9876,7036,7968,11,0.3603449224681448,0.3645096463022508,0.3657051999221834,0.363378047114044,0.361077359254759,0.3881466742467311,0.3478915662650602,3566,3797,2513,2234,2731,2071,2455,2741,2772,39,0.3649256531443079,0.3732717041800643,0.3679670363146985,0.3591829287444139,0.3645200486026732,0.2193007390562819,0.5200803212851406,3600,2440,3836,2561,1543,2932,2373,1451,4144,0.0022618363925151,0.0034426893479141,-0.1688459351904491,0.1721887550200803,25,137.27760495900003
34,3713455433,49760,14928,24880,16618,10399,22743,3908,5951,5069,9291,10164,5425,11,0.3512600459783535,0.3508038585209003,0.3713333236347751,0.3469249668437803,0.4225594661500376,0.221763085399449,0.4696774193548387,3926,2471,2894,4298,2254,3612,1817,1060,2548,39,0.4019320288723775,0.3686093247588424,0.4004108908408406,0.3693790832142888,0.3663760628565278,0.2612160566706021,0.5736405529953917,3404,2342,3545,2627,2655,4882,731,1582,3112,0.0290775672060654,-0.0561834032935098,0.039452971271153,0.103963133640553,25,138.16231654200004
35,4116307193,49760,14928,24880,15521,16599,17640,4162,3980,6786,8359,7263,9258,11,0.3634454951674823,0.365112540192926,0.3599516893469181,0.3579583953137074,0.283526737648044,0.3300289136720363,0.466299416720674,2370,3254,2735,1782,2397,3084,2104,2837,4317,39,0.3834931422046228,0.3792604501607717,0.3711201627312719,0.3665044617361214,0.2694102165330781,0.315434393501308,0.5285158781594297,2252,3047,3060,1670,2291,3302,1656,2709,4893,0.0111684733843537,-0.0141165211149659,-0.0145945201707283,0.0622164614387557,25,138.249810917
36,1259335069,49760,14928,24880,16589,17735,15436,4889,5743,4296,5795,8509,10576,11,0.3721091009321253,0.3766881028938906,0.3755176743303338,0.363174835184918,0.4298533218291631,0.2357503819485251,0.4609493192133131,2491,1382,1922,3102,2006,3401,3194,2507,4875,39,0.3542914911928892,0.4104903536977492,0.3885153665185998,0.3620188059487537,0.3839516824849008,0.1345634034551651,0.6470310136157338,2225,837,2733,2302,1145,5062,2418,1315,6843,0.012997692188266,-0.0459016393442622,-0.1011869784933599,0.1860816944024206,25,137.46697029100005
37,3143487523,49760,14928,24880,19451,19459,10850,4009,4089,6830,4547,8509,11824,11,0.364840120944746,0.3944533762057878,0.3589026121475206,0.354557669712609,0.1801187596217286,0.4845457750616994,0.4120433017591339,819,2335,1393,1551,4123,2835,1668,5284,4872,39,0.3715089996800503,0.3980305466237942,0.3694199983360717,0.3679967788837328,0.2762260831317352,0.3592666588318251,0.4727672530446549,1256,1822,1469,2062,3057,3390,1930,4304,5590,0.010517386188551,0.0961073235100065,-0.1252791162298742,0.0607239512855209,25,137.442923333
38,1836839349,49760,14928,24880,16245,15418,18097,5954,4921,4053,8666,8252,7962,11,0.3609586109892751,0.3402733118971061,0.3443856006318992,0.3222421791140555,0.2652896376644357,0.1835918565196316,0.5842753077116303,2299,1459,4908,2541,1515,4196,1787,1523,4652,39,0.3788686868367199,0.3557073954983923,0.3625804011071865,0.3236237063610105,0.1901684744980383,0.191468734852157,0.706103993971364,1648,1183,5835,1254,1580,5418,819,1521,5622,0.0181948004752872,-0.0751211631663974,0.0078768783325254,0.1218286862597337,25,137.810746167
39,2191034984,49760,14928,24880,11961,15545,22254,5820,4356,4752,6797,8433,9650,11,0.3547247966491953,0.3503215434083601,0.3541904166853444,0.3453277505295767,0.4375459761659556,0.2378750148227202,0.3871502590673575,2974,1916,1907,3605,2006,2822,3895,2019,3736,39,0.3569457329727557,0.3679260450160772,0.3741014520162511,0.3430348942496148,0.5337648962777696,0.1260524131388592,0.4624870466321243,3628,915,2254,4134,1063,3236,4102,1085,4463,0.0199110353309066,0.0962189201118139,-0.111822601683861,0.0753367875647668,25,137.43847833400008
40,954646438,49760,14928,24880,18839,11913,19008,6285,5891,2752,8859,7261,8760,11,0.3792280115864259,0.3774115755627009,0.366598698636321,0.3471306675409982,0.2774579523648267,0.1812422531331772,0.6410958904109589,2458,1675,4726,1747,1316,4198,1391,1753,5616,39,0.3888346935709227,0.382556270096463,0.3764193848388189,0.35365047405987,0.2041991195394514,0.263186888858284,0.6618721461187215,1809,2608,4442,1106,1911,4244,742,2220,5798,0.0098206862024979,-0.0732588328253753,0.0819446357251067,0.0207762557077625,25,137.93883529199996
41,1086479476,49760,14928,24880,20472,15116,14172,5662,4526,4740,4936,10503,9441,11,0.3817268235261039,0.3616559485530546,0.3512763529661966,0.3334841003139594,0.2637763371150729,0.2232695420356088,0.566783179747908,1302,1388,2246,2691,2345,5467,2169,1921,5351,39,0.4009619927478338,0.3829581993569131,0.3683746558897082,0.355023702767987,0.2621555915721232,0.2594496810435114,0.5835186950534901,1294,1395,2247,1986,2725,5792,1514,2418,5509,0.0170983029235116,-0.0016207455429497,0.0361801390079025,0.016735515305582,25,122.948573292
42,1373004360,49760,14928,24880,19798,13486,16476,4360,7549,3019,5355,10785,8740,11,0.3482739434801233,0.3788183279742765,0.3994653190757208,0.362051125327663,0.4225957049486461,0.1865554010199351,0.5892448512585813,2263,789,2303,3854,2012,4919,2466,1124,5150,39,0.3819199810486962,0.392403536977492,0.4038485134529448,0.3687054901217584,0.3630252100840336,0.1970329160871581,0.651487414187643,1944,958,2453,3223,2125,5437,1911,1135,5694,0.004383194377224,-0.0595704948646125,0.0104775150672229,0.0622425629290617,25,122.99407395800006
43,1584559146,49760,14928,24880,16165,17360,16235,6072,6143,2713,7256,6674,10950,11,0.3389817929001281,0.3669212218649517,0.3568664090836916,0.3566029639738085,0.3617695700110253,0.2941264608930177,0.4147031963470319,2625,2377,2254,2351,1963,2360,2732,3677,4541,39,0.3470482372557691,0.3770498392282958,0.3656312362231895,0.364771598614275,0.3905733186328555,0.277644590949955,0.428675799086758,2834,2197,2225,2690,1853,2131,2850,3406,4694,0.0087648271394978,0.0288037486218302,-0.0164818699430626,0.013972602739726,25,122.36039058300004
44,3323231533,49760,14928,24880,18688,13879,17193,2463,6035,6430,8105,7452,9323,11,0.3432632277167806,0.3717845659163987,0.3569454037400654,0.3463968193522248,0.2974706971005552,0.1983360171765968,0.5750294969430441,2411,1684,4010,2187,1478,3787,2270,1692,5361,39,0.3412585241326414,0.3937700964630225,0.3779677667954534,0.3661695864141597,0.3315237507711289,0.1980676328502415,0.6043119167649899,2687,1434,3984,2363,1476,3613,2323,1366,5634,0.021022363055388,0.0340530536705737,-0.0002683843263553,0.0292824198219457,25,122.10756912499994
45,320324471,49760,14928,24880,19654,15177,14929,4432,4600,5896,4742,13788,6350,11,0.3649450305584561,0.32508038585209,0.371202222991347,0.3233023760644253,0.499367355546183,0.2446330142152596,0.3696062992125984,2368,998,1376,5736,3373,4679,2500,1503,2347,39,0.3538170241669891,0.3796221864951768,0.3936712566298578,0.3652802502343824,0.3426824124841839,0.3356541920510589,0.5026771653543307,1625,1510,1607,3448,4628,5712,1312,1846,3192,0.0224690336385108,-0.1566849430619991,0.0910211778357992,0.1330708661417323,25,122.46533962499996
46,1965164083,49760,14928,24880,19054,17052,13654,4401,4666,5861,8572,7308,9000,11,0.3717624640392873,0.3882234726688103,0.3776347346107109,0.3714450924639595,0.4484367708819412,0.2040229885057471,0.4804444444444444,3844,1754,2974,2779,1491,3038,2815,1861,4324,39,0.3621512925877055,0.3858922829581994,0.3698898673677182,0.3502218661905251,0.3241950536630891,0.1461412151067323,0.6393333333333333,2779,1149,4644,1611,1068,4629,1737,1509,5754,-0.0077448672429927,-0.124241717218852,-0.0578817733990147,0.1588888888888888,25,122.4185682079999
47,3754333007,49760,14928,24880,11415,16421,21924,4017,4852,6059,8133,7500,9247,11,0.3676163261411333,0.3602893890675241,0.3596898747359431,0.3535732255363237,0.2358293372679208,0.4301333333333333,0.4131069536065751,1918,3622,2593,1593,3226,2681,2156,3271,3820,39,0.3814121515222871,0.3943327974276527,0.3727666028786333,0.3371697947875362,0.3372679208164269,0.0882666666666666,0.6927652211528064,2743,697,4693,1962,662,4876,2268,573,6406,0.0130767281426902,0.1014385835485061,-0.3418666666666666,0.2796582675462312,25,121.98344183400002
48,3015000268,49760,14928,24880,16858,16529,16373,2847,6014,6067,8474,7671,8735,11,0.4064288107108337,0.3834003215434083,0.3805075917398945,0.37791994131174,0.3199197545433089,0.3277278060226828,0.493875214653692,2711,2742,3021,2172,2514,2985,1854,2567,4314,39,0.3906478640489634,0.385088424437299,0.3838191656037895,0.3788842124477889,0.2730705687986783,0.3813062182244818,0.4970807097882083,2314,2884,3276,1690,2925,3056,1197,3196,4342,0.0033115738638949,-0.0468491857446306,0.0535784122017989,0.0032054951345162,25,121.78796275000002
49,3650631629,49760,14928,24880,17201,13867,18692,5192,5045,4691,8099,7928,8853,11,0.3786872244869659,0.3567926045016077,0.3536357118777964,0.3523362954866764,0.3227558957896037,0.2938950554994954,0.4442561843442901,2614,2543,2942,2632,2330,2966,2375,2545,3933,39,0.3984009206942157,0.377572347266881,0.3679280862236438,0.3419917461877783,0.3409062847265094,0.1305499495459132,0.632328024398509,2761,1322,4016,2711,1035,4182,2384,871,5598,0.0142923743458474,0.0181503889369057,-0.1633451059535822,0.1880718400542189,25,120.79918445899987
50,185234551,49760,14928,24880,16209,13442,20109,7650,2787,4491,9118,7860,7902,11,0.3627887878587543,0.3682877813504823,0.3715628010254813,0.3577076631720142,0.3002851502522483,0.2479643765903308,0.5664388762338648,2738,2117,4263,2027,1949,3884,1678,1748,4476,39,0.3688799977896324,0.3808681672025723,0.3838951647139061,0.3585245662706335,0.3150910287343715,0.1849872773536895,0.6516071880536572,2873,1576,4669,1952,1454,4454,1599,1154,5149,0.0123323636884248,0.0148058784821232,-0.0629770992366412,0.0851683118197924,25,120.733226542
1,144269559,49510,14853,24755,14293,15401,19816,5358,4351,5144,7642,9227,7886,11,0.3780817426354694,0.4303777014744496,0.4399726184568099,0.4268238000150017,0.5047108086888249,0.2746288067627614,0.5405782399188436,3857,1963,1822,3115,2534,3578,1985,1638,4263,39,0.3750026848996022,0.4438699252676227,0.4561683007600131,0.4297630608782832,0.4464799790630725,0.2273761786062642,0.6946487446107025,3412,1240,2990,2563,2098,4566,1159,1249,5478,0.0161956823032031,-0.0582308296257523,-0.0472526281564972,0.1540705046918589,50,72.37927991599997
2,74865246,49510,14853,24755,16734,15204,17572,7015,5788,2050,6461,8903,9391,11,0.3673587095113979,0.4193496263381135,0.4056429787990314,0.4027179883505947,0.2997987927565392,0.3458384814107604,0.5712916622297944,1937,2350,2174,1825,3079,3999,1544,2482,5365,39,0.3748798471657279,0.4207634821248233,0.4080178594793489,0.3700966204721064,0.3468503327658257,0.1287206559586656,0.7484825897135555,2241,939,3281,2036,1146,5721,1682,680,7029,0.0023748806803175,0.0470515400092864,-0.2171178254520948,0.177190927483761,50,72.26368416699995
3,1276543517,49510,14853,24755,16586,14410,18514,5582,5229,4042,9230,8251,7274,11,0.369517331706295,0.3746717834780852,0.3805997458354726,0.3717274341477901,0.3585048754062838,0.2746333777723912,0.5086609843277426,3309,2188,3733,2131,2266,3854,1384,2190,3700,39,0.3510904500344211,0.3661078569985861,0.3782044571609861,0.359957812812225,0.276056338028169,0.2762089443703793,0.5823480890844103,2548,2162,4520,1498,2279,4474,932,2106,4236,-0.0023952886744864,-0.0824485373781148,0.0015755665979881,0.0736871047566676,50,71.36438633300008
4,2351855581,49510,14853,24755,20105,14271,15134,4905,4697,5251,10792,7215,6748,11,0.3772694101638743,0.3989093112502525,0.4062514498074572,0.3973298029105748,0.3628613787991104,0.3927927927927928,0.4631001778304683,3916,3490,3386,1795,2834,2586,1186,2437,3125,39,0.3828899936367796,0.3961623914360735,0.4167332304633948,0.3952593291370498,0.2924388435878428,0.4026334026334026,0.555127445168939,3156,3657,3979,1636,2905,2674,808,2194,3746,0.0104817806559376,-0.0704225352112676,0.0098406098406098,0.0920272673384706,50,72.21777304199998
5,181029087,49510,14853,24755,15486,17764,16260,5650,3897,5306,9278,7864,7613,11,0.3721736130872572,0.3820642294485962,0.392727652870577,0.3652829070719545,0.2558741107997413,0.2488555442522889,0.6734533035597006,2374,2528,4376,1316,1957,4591,853,1633,5127,39,0.3651118652280262,0.3901838012522722,0.3993171650720908,0.3623213551633897,0.2983401595171373,0.1683621566632757,0.7312491790358597,2768,1338,5172,1273,1324,5267,984,1062,5567,0.0065895122015138,0.042466048717396,-0.0804933875890132,0.0577958754761591,50,72.86895674999994
6,723582294,49510,14853,24755,19317,17685,12508,5146,4607,5100,8259,10255,6241,11,0.44593819517903,0.3696222985255504,0.3844095993576982,0.3668773386617559,0.275578157161884,0.3479278400780107,0.5297228008331998,2276,2782,3201,2215,3568,4472,816,2119,3306,39,0.4246022754482363,0.3524136538073116,0.380301877941134,0.3504638551549034,0.2932558421116358,0.2520721599219893,0.5955776317897773,2422,1475,4362,2219,2585,5451,898,1626,3717,-0.0041077214165641,0.0176776849497518,-0.0958556801560214,0.0658548309565775,50,72.660251958
7,3503254173,49510,14853,24755,16258,16332,16920,6926,5252,2675,9039,9787,5929,11,0.3895744804290978,0.4121591597657039,0.4420122735725231,0.4093296042154089,0.4397610355127779,0.2522734239297026,0.6340023612750886,3975,2151,2913,2910,2469,4408,1108,1062,3759,39,0.3971586681044223,0.3799636437083417,0.4052927768862943,0.380892668070639,0.3492642991481358,0.2879329723102074,0.5786810592005397,3157,2475,3407,2240,2818,4729,780,1718,3431,-0.0367194966862287,-0.0904967363646421,0.0356595483805047,-0.0553213020745488,50,73.04835520799998
8,2754094657,49510,14853,24755,18145,19160,12205,5019,5375,4459,9726,9801,5228,11,0.3805028273961596,0.4082003635629165,0.4018171638962005,0.39773397863396,0.379086983343615,0.4587287011529435,0.3676358071920428,3687,3828,2211,2361,4496,2944,792,2514,1922,39,0.396731176642967,0.3832357099575843,0.4060649330656163,0.3817586792741858,0.2893275755706354,0.3973063973063973,0.5315608263198164,2814,3810,3102,1623,3894,4284,491,1958,2779,0.0042477691694158,-0.0897594077729796,-0.0614223038465462,0.1639250191277735,50,73.32405425000002
9,3296097850,49510,14853,24755,15336,16637,17537,5401,5301,4151,5954,11807,6994,11,0.3861353147192297,0.4035548374065845,0.4145571165953569,0.3992163594675262,0.386126973463218,0.3518251884475311,0.5057191878753217,2299,1755,1900,3083,4154,4570,1350,2107,3537,39,0.3568259740206775,0.3554029488992122,0.3821993062285835,0.3366936488746777,0.2472287537789721,0.2152113153214195,0.6841578495853589,1472,670,3812,2703,2541,6563,918,1291,4785,-0.0323578103667734,-0.1388982196842458,-0.1366138731261116,0.1784386617100372,50,73.33322116700003
10,1583734078,49510,14853,24755,19673,15832,14005,5382,4496,4975,8818,4948,10989,11,0.3527190638408747,0.4005655423146839,0.3428247365124508,0.3340906263703133,0.2295305057836244,0.146928051738076,0.652015652015652,2024,2794,4000,1705,727,2516,1698,2126,7165,39,0.3527930022484102,0.4199959604120379,0.3470507750624045,0.3324661633195022,0.2802222726241778,0.0721503637833468,0.6887796887796888,2471,2118,4229,1935,357,2656,2254,1166,7569,0.0042260385499536,0.0506917668405534,-0.0747776879547291,0.0367640367640367,50,73.41046104099996
11,3586357180,49510,14853,24755,16986,18196,14328,2648,4376,7829,7429,10055,7271,11,0.3721051756966037,0.4035144415269642,0.4223812878312309,0.4027629940621729,0.4735496029075245,0.251715564395823,0.5418786961903452,3518,2102,1809,3823,2531,3701,1754,1577,3940,39,0.3732939865560641,0.3956372450010099,0.4118488234280244,0.382822981815949,0.2518508547583793,0.2767777225261064,0.7069178929995874,1871,1941,3617,935,2783,6337,413,1718,5140,-0.0105324644032065,-0.2216987481491452,0.0250621581302834,0.1650391968092421,50,75.321292417
12,1435443221,49510,14853,24755,19004,13055,17451,5868,3750,5235,7072,10247,7436,11,0.3847651248837038,0.3901434053726519,0.3979579865796922,0.3802086550813133,0.2632918552036199,0.3117009856543378,0.6188811188811189,1862,2386,2824,1590,3194,5463,666,2168,4602,39,0.3786541313546217,0.3583518481114926,0.3743858480360378,0.3451802817639899,0.2474547511312217,0.2167463647896945,0.6589564281871975,1750,1955,3367,1318,2221,6708,540,1996,4900,-0.0235721385436543,-0.0158371040723981,-0.0949546208646432,0.0400753093060786,50,75.18127900000002
13,2834433515,49510,14853,24755,13117,15948,20445,4542,6321,3990,7692,6252,10811,11,0.3856034355833745,0.438416481518885,0.4077301145424188,0.4057429397127919,0.2895215808632345,0.3219769673704414,0.6116917953935807,2227,2146,3319,1238,2013,3001,1275,2923,6613,39,0.368875898285133,0.4254898000403959,0.3888292656739402,0.3811288734444635,0.2215288611544461,0.3042226487523992,0.6407362871149754,1704,1893,4095,985,1902,3365,1012,2872,6927,-0.0189008488684785,-0.0679927197087883,-0.0177543186180422,0.0290444917213947,50,75.06507891699994
14,619375084,49510,14853,24755,14267,15102,20141,4432,6671,3750,10108,9589,5058,11,0.4057521293469714,0.3689759644516259,0.3859241701783002,0.3667850482293706,0.3438860308666402,0.3401814579205339,0.4737050217477264,3476,3056,3576,3040,3262,3287,1198,1464,2396,39,0.3941323728204826,0.3150878610381741,0.3944946712013703,0.2994202087640431,0.2413929560743965,0.1312962769840442,0.8107947805456702,2440,960,6708,2053,1259,6277,638,319,4101,0.0085705010230701,-0.1024930747922437,-0.2088851809364897,0.3370897587979438,50,75.36136679200001
15,1188669195,49510,14853,24755,21395,15345,12770,5937,3583,5333,8798,8265,7692,11,0.3500225164453114,0.3958392243991113,0.3984371612700556,0.3935695882235843,0.390315980904751,0.3018753781004235,0.5031201248049922,3434,2567,2797,2016,2495,3754,1743,2079,3870,39,0.361066857979844,0.3904261765299939,0.3977583638694078,0.3820882252925158,0.2849511252557399,0.2987295825771325,0.609594383775351,2507,1957,4334,1420,2469,4376,938,2065,4689,-0.0006787974006478,-0.1053648556490111,-0.0031457955232909,0.1064742589703587,50,75.07763945800002
16,3952083430,49510,14853,24755,19626,12140,17744,7037,5571,2245,11573,7449,5733,11,0.3998473973867236,0.3543930519087053,0.3926682554655706,0.3540731070796252,0.2401278838676229,0.3596455900120822,0.5782312925170068,2779,3343,5451,1354,2679,3416,894,1524,3315,39,0.4310605831568369,0.3747929711169461,0.4063651489295515,0.3711566081743893,0.3061436101270198,0.2919855014095852,0.6209663352520496,3543,2309,5721,1349,2175,3925,943,1230,3560,0.0136968934639808,0.0660157262593968,-0.067660088602497,0.0427350427350428,50,75.28931208400002
17,1028844094,49510,14853,24755,18009,16763,14738,4562,4384,5907,7363,9858,7534,11,0.3994495927545758,0.3960008079175924,0.4005992032612637,0.3980383551400565,0.3809588482955317,0.3501724487725705,0.4706663127156889,2805,2999,1559,3173,3452,3233,1205,2783,3546,39,0.4199906022500558,0.40145425166633,0.4193148985121481,0.3775251438052663,0.2716284123319299,0.2181984175289105,0.7681178656756039,2000,1309,4054,2186,2151,5521,538,1209,5787,0.0187156952508844,-0.1093304359636018,-0.1319740312436599,0.297451552959915,50,75.52702591700006
18,2564267586,49510,14853,24755,18638,15221,15651,6502,3777,4574,9136,7118,8501,11,0.3810200624573607,0.3908301353261967,0.3843530062158888,0.3832327220895131,0.398861646234676,0.2750772688957572,0.4791201035172333,3644,2729,2763,2378,1958,2782,1960,2468,4073,39,0.3938214771009822,0.417531811755201,0.4031464317713635,0.3819844758808875,0.4148423817863397,0.1510255689800505,0.6435713445477003,3790,1260,4086,2296,1075,3747,2205,825,5471,0.0187934255554746,0.0159807355516637,-0.1240516999157066,0.164451241030467,50,75.99612524999998
19,2488441197,49510,14853,24755,17465,12109,19936,3579,2879,8395,7944,9127,7684,11,0.3575166623445021,0.3749545546354272,0.378937450048951,0.3740297950301521,0.3357250755287009,0.3183959680070121,0.48269130661114,2667,2653,2624,2515,2906,3706,1468,2507,3709,39,0.397126653865633,0.3813371036154312,0.3831432544621398,0.3782004544263364,0.2877643504531722,0.3693437054892078,0.4923217074440396,2286,2950,2708,1920,3371,3836,1096,2805,3783,0.0042058044131888,-0.0479607250755286,0.0509477374821957,0.0096304008328995,50,75.76493079099998
20,3516199087,49510,14853,24755,15127,17984,16399,4470,4684,5699,6472,7937,10346,11,0.3783002776103603,0.4007675217127853,0.410828589196073,0.3832687208176719,0.6100123609394313,0.1939019780773592,0.4285714285714285,3948,962,1562,3830,1539,2568,4548,1364,4434,39,0.3935952017891055,0.4534437487376287,0.4234050855902437,0.4181381830244886,0.31721260815822,0.2854982991054555,0.6675043495070558,2053,1338,3081,1735,2266,3936,1507,1933,6906,0.0125764963941707,-0.2927997527812113,0.0915963210280962,0.2389329209356273,50,75.25487124999995
21,477080894,49510,14853,24755,15544,19174,14792,5790,6809,2254,11203,7601,5951,11,0.398276317984107,0.4365178751767319,0.4387757667710666,0.4219527340588917,0.4772828706596447,0.2823312722010261,0.556713157452529,5347,2177,3679,2508,2146,2947,1350,1288,3313,39,0.431431035928637,0.3748737628761866,0.4158528480205323,0.3672703845341669,0.2728733374988842,0.256150506512301,0.7185347000504116,3057,1568,6578,1278,1947,4376,508,1167,4276,-0.0229229187505343,-0.2044095331607605,-0.0261807656887251,0.1618215425978826,50,75.81974941700003
22,2790236236,49510,14853,24755,17328,19164,13018,6135,3351,5367,10290,6930,7535,11,0.3957831642889718,0.405372651989497,0.3979982842190499,0.3838635619801174,0.4200194363459669,0.1965367965367965,0.5774386197743862,4322,2512,3456,2388,1362,3180,2085,1099,4351,39,0.3985435584788086,0.3677236921833973,0.3778516725783223,0.3516161363338642,0.2569484936831875,0.2417027417027417,0.6349037823490378,2644,2880,4766,1165,1675,4090,1085,1666,4784,-0.0201466116407275,-0.1630709426627793,0.0451659451659451,0.0574651625746516,50,75.37156620799999
23,3947746016,49510,14853,24755,16019,20417,13074,3145,4934,6774,6289,8290,10176,11,0.3880817353696887,0.3964451625934154,0.3813876654634405,0.3735558220555919,0.3561774526951821,0.2357056694813027,0.5522798742138365,2240,1663,2386,2418,1954,3918,2748,1808,5620,39,0.3883382959350731,0.3766511815794789,0.3619879075874074,0.3473396959279369,0.3591986007314358,0.1752714113389626,0.5514937106918238,2259,1383,2647,2467,1453,4370,3412,1152,5612,-0.019399757876033,0.0030211480362537,-0.0604342581423401,-0.0007861635220126,50,75.53324458400004
24,3343472307,49510,14853,24755,18752,16343,14415,3209,6530,5114,4778,6651,13326,11,0.3925534342921155,0.4000403958796202,0.3941196158780292,0.3751000895848926,0.4610715780661364,0.2864230942715381,0.434864175296413,2203,1300,1275,2525,1905,2221,3544,3987,5795,39,0.394738906783262,0.4871743082205615,0.4095855551563706,0.3998236582015343,0.3668899120971117,0.1765148098030371,0.6853519435689629,1753,635,2390,1534,1174,3943,2299,1894,9133,0.0154659392783413,-0.0941816659690247,-0.1099082844685009,0.2504877682725498,50,76.740204834
25,3930994991,49510,14853,24755,19020,16572,13918,4976,4054,5823,11459,6693,6603,11,0.3878041003898611,0.3535043425570592,0.3690333557797114,0.3502526555892459,0.2912121476568636,0.2965785148662782,0.5193094048159927,3337,4091,4031,1438,1985,3270,617,2557,3429,39,0.4376953262502425,0.3530599878812361,0.3731482936577032,0.3371513520406502,0.2739331529801902,0.2009562229194681,0.6445555050734515,3139,2876,5444,1277,1345,4071,578,1769,4256,0.0041149378779917,-0.0172789946766733,-0.09562229194681,0.1252461002574587,50,76.54022691699993
26,3385255092,49510,14853,24755,17243,17677,14590,5845,5286,3722,9091,7690,7974,11,0.4083583188607445,0.4199151686527974,0.419735155654295,0.4118013247232593,0.3919260807391926,0.294668400520156,0.5726109857035365,3563,2223,3305,2353,2266,3071,1856,1552,4566,39,0.4403291704668444,0.3580690769541507,0.3628094343154675,0.3177650953222431,0.2038279617203827,0.1507152145643693,0.7338851266616504,1853,1467,5771,1724,1159,4807,1051,1071,5852,-0.0569257213388275,-0.1880981190188098,-0.1439531859557867,0.1612741409581138,50,75.86324645799994
27,689021210,49510,14853,24755,17049,12315,20146,6533,3501,4819,9475,7689,7591,11,0.3919519745489774,0.4267420723086245,0.4173236687255122,0.3966464876908898,0.5545118733509234,0.1590583951098972,0.538400737715716,5254,1191,3030,3138,1223,3328,2400,1104,4087,39,0.4060049884964007,0.3986265400929105,0.4037447591060045,0.3727792734787198,0.3487071240105541,0.1689426453374951,0.6935845079699644,3304,1263,4908,1749,1299,4641,1222,1104,5265,-0.0135789096195076,-0.2058047493403693,0.0098842502275978,0.1551837702542484,50,76.40364616700003
28,2556523997,49510,14853,24755,14298,15409,19803,5068,3562,6223,5473,11901,7381,11,0.4055254044282276,0.3476065441324985,0.3772222925036096,0.348952627863129,0.4873012972775443,0.2614906310394084,0.3828749491938761,2667,1731,1075,4726,3112,4063,2438,2117,2826,39,0.4070833883686576,0.3555645324176933,0.3602572891587461,0.3315762396767437,0.1997076557646629,0.2667843038400134,0.6142799078715622,1093,1836,2544,2214,3175,6512,940,1907,4534,-0.0169650033448635,-0.2875936415128813,0.0052936728006049,0.231404958677686,50,76.42582162499991
29,1164312638,49510,14853,24755,15255,18904,15351,5182,6374,3297,8780,9115,6860,11,0.4052116534332747,0.3874772773177136,0.397135903006893,0.3764352759594558,0.507744874715262,0.1969281404278661,0.486734693877551,4458,1479,2843,3294,1795,4026,2166,1355,3339,39,0.4320700917960388,0.3967279337507574,0.4248206722909125,0.366661829445229,0.434510250569476,0.1081733406472846,0.7317784256559767,3815,737,4228,2464,986,5665,1366,474,5020,0.0276847692840194,-0.0732346241457859,-0.0887547997805814,0.2450437317784257,50,76.479952583
30,3560492814,49510,14853,24755,18899,14133,16478,4656,2734,7463,6385,9911,8459,11,0.4112789133147661,0.4062613613411432,0.4070945430335888,0.4049021830420123,0.4119028974158183,0.3997578448188881,0.4096228868660598,2630,2225,1530,2889,3962,3060,1729,3265,3465,39,0.4030807825282476,0.4037568168046859,0.407732041179459,0.3876468120916059,0.3409553641346907,0.2445767329230148,0.6376640264806714,2177,1256,2952,2354,2424,5133,1414,1651,5394,0.0006374981458702,-0.0709475332811276,-0.1551811118958732,0.2280411396146116,50,76.62849975000006
31,523232252,49510,14853,24755,20562,12591,16357,4283,6441,4129,10514,8822,5419,11,0.4517718708793523,0.4163603312462129,0.4244294673505424,0.3920910437623456,0.5465094160167396,0.1829517116300158,0.5438272744048718,5746,1830,2938,3777,1614,3431,1699,773,2947,39,0.4258711077521623,0.3539486972328822,0.4016146754093904,0.3397027140669209,0.3376450447023016,0.1506461119927454,0.7165528695331242,3550,1617,5347,2063,1329,5430,760,776,3883,-0.022814791941152,-0.2088643713144379,-0.0323055996372704,0.1727255951282524,50,74.0650213749999
32,848187189,49510,14853,24755,22756,14200,12554,6689,4975,3189,7904,8745,8106,11,0.3966710321326785,0.4250050494849525,0.4238557372842764,0.4224095572605935,0.3370445344129554,0.4409376786735277,0.4935849987663459,2664,2767,2473,2132,3856,2757,1132,2973,4001,39,0.4150793965160968,0.3931730963441729,0.3942382840845224,0.3738766004452202,0.2268471659919028,0.3000571755288736,0.6558105107327905,1793,1517,4594,1486,2624,4635,679,2111,5316,-0.029617453199754,-0.1101973684210526,-0.1408805031446541,0.1622255119664445,50,74.1274743749999
33,1462329290,49510,14853,24755,18326,13587,17597,3569,3202,8082,9826,6986,7943,11,0.3561657151362503,0.3884871743082205,0.385006588141984,0.3855502746858431,0.4016893954813759,0.3277984540509591,0.425531914893617,3947,3808,2071,2433,2290,2263,2328,2235,3380,39,0.3703147569997043,0.3844071904665724,0.3874386490374532,0.3622588839452039,0.2656218196621209,0.2261666189521901,0.6705275084980485,2610,3108,4108,1466,1580,3940,1190,1427,5326,0.0024320608954692,-0.136067575819255,-0.101631835098769,0.2449955936044315,50,74.75337504100003
34,3713455433,49510,14853,24755,16518,10324,22668,3883,5926,5044,9241,10114,5400,11,0.4011464087232511,0.376529993940618,0.3995979239117016,0.3771766499749356,0.4225733145763445,0.259738975677279,0.5164814814814814,3905,3130,2206,3809,2627,3678,1050,1561,2789,39,0.4183714175347945,0.3806907695415067,0.4318857721538006,0.3790452646488738,0.3548317281679471,0.2258255882934546,0.715,3279,2277,3685,2227,2284,5603,498,1041,3861,0.0322878482420989,-0.0677415864083973,-0.0339133873838243,0.1985185185185185,50,75.099605
35,4116307193,49510,14853,24755,15421,16524,17565,4137,3955,6761,8309,7213,9233,11,0.3853116856862027,0.4065845283781054,0.3959729861234204,0.3947598174063884,0.3793476952701889,0.2735338971301816,0.5350373659698906,3152,2604,2553,1765,1973,3475,1874,2419,4940,39,0.4021428261749635,0.4137345990708947,0.3968184756802859,0.3846841630747644,0.2886027199422313,0.2390128933869402,0.6628398137116863,2398,2328,3583,1355,1724,4134,1172,1941,6120,0.0008454895568655,-0.0907449753279576,-0.0345210037432413,0.1278024477417957,50,74.86023279199992
36,1259335069,49510,14853,24755,16489,17660,15361,4864,5718,4271,5745,8459,10551,11,0.3882931882298386,0.4136134114320339,0.4106939099579172,0.4039131888479182,0.437597911227154,0.3143397564723962,0.4801440621742015,2514,1692,1539,2705,2659,3095,2317,3168,5066,39,0.3590738354682457,0.4332862048071096,0.3972550784173171,0.3783718531947795,0.3155787641427328,0.1585293769949166,0.717657094114302,1813,1111,2821,1538,1341,5580,1164,1815,7572,-0.0134388315406001,-0.1220191470844211,-0.1558103794774796,0.2375130319401004,50,74.714038792
37,3143487523,49510,14853,24755,19351,19384,10775,3984,4064,6805,4497,8459,11799,11,0.3801481605684358,0.4256917794384973,0.3934670435907509,0.3927287354759077,0.2859684233933733,0.3896441659770658,0.5047885414018137,1286,1875,1336,1864,3296,3299,1689,4154,5956,39,0.3939675572411778,0.4681074530397899,0.3959740536076268,0.3938547073722072,0.1741160773849233,0.3463766402648067,0.6674294431731502,783,1613,2101,1049,2930,4480,991,2933,7875,0.0025070100168758,-0.11185234600845,-0.0432675257122591,0.1626409017713365,50,74.79059304200007
38,1836839349,49510,14853,24755,16145,15343,18022,5929,4896,4028,8616,8202,7937,11,0.3926832706317631,0.3717632801454251,0.3765453193792039,0.3472482563671541,0.2787836583101207,0.1803218727139722,0.670530427113519,2402,1668,4546,2318,1479,4405,1144,1471,5322,39,0.396786511817169,0.3549585942233892,0.3607573458787104,0.316937043211635,0.2411792014856081,0.1254572055596196,0.7156356305909034,2078,864,5674,1654,1029,5519,962,1295,5680,-0.0157879735004935,-0.0376044568245125,-0.0548646671543525,0.0451052034773844,50,74.809921583
39,2191034984,49510,14853,24755,11861,15470,22179,5795,4331,4727,6747,8383,9625,11,0.371973775224179,0.3888911331044233,0.3920009652474543,0.3802129313761551,0.4873277012005336,0.2330907789574138,0.4555844155844156,3288,1948,1511,3423,1954,3006,3267,1973,4385,39,0.3610825648495102,0.3856190668551807,0.3757263816559046,0.3587357213373474,0.3795761078998073,0.1696290110938804,0.577974025974026,2561,1467,2719,2728,1422,4233,2542,1520,5563,-0.0162745835915497,-0.1077515933007262,-0.0634617678635333,0.1223896103896104,50,74.52262458300004
40,954646438,49510,14853,24755,18739,11838,18933,6260,5866,2727,8809,7211,8735,11,0.4047097008715632,0.4085235305998788,0.3988603084889447,0.3875125821387439,0.3322738108752412,0.2386631535154625,0.6256439610761305,2927,2040,3842,1889,1721,3601,1424,1846,5465,39,0.403198679364205,0.4138153908301353,0.4054457787053409,0.385081886670699,0.2531501873084346,0.2620995701012342,0.7010875787063537,2230,2433,4146,1219,1890,4102,726,1885,6124,0.0065854702163961,-0.0791236235668066,0.0234364165857717,0.0754436176302232,50,75.06545108300008
41,1086479476,49510,14853,24755,20372,15041,14097,5637,4501,4715,4886,10453,9416,11,0.3960688083414758,0.3959604120379721,0.4083475105667026,0.3748566515442066,0.4291854277527629,0.2036735865301827,0.5921835174171622,2097,1138,1651,3482,2129,4842,2623,1217,5576,39,0.4045998661753485,0.407675217127853,0.3967912938421842,0.3796660059631934,0.3055669259107654,0.2581077202716923,0.6266992353440951,1493,1349,2044,1925,2698,5830,1612,1903,5901,-0.0115562167245183,-0.1236185018419975,0.0544341337415096,0.0345157179269328,50,75.11234808299992
42,1373004360,49510,14853,24755,19698,13411,16401,4335,7524,2994,5305,10735,8715,11,0.3983211721073348,0.3936982427792365,0.4227976312869574,0.3747802373410431,0.4827521206409048,0.167396367023754,0.6182444061962135,2561,621,2123,3799,1797,5139,2332,995,5388,39,0.4087877902015739,0.4202383356897596,0.4324447666808884,0.3758192805682128,0.3494816211121583,0.1428039124359571,0.8050487664945496,1854,577,2874,2548,1533,6654,1049,650,7016,0.0096471353939309,-0.1332704995287464,-0.0245924545877969,0.1868043602983361,50,75.87672337499998
43,1584559146,49510,14853,24755,16065,17285,16160,6047,6118,2688,7206,6624,10925,11,0.3567133329806032,0.4145425166633003,0.3968617282868565,0.3980412327321915,0.3065500971412712,0.3731884057971014,0.5108466819221968,2209,2658,2339,1464,2472,2688,1295,4049,5581,39,0.3678303259277631,0.3939810139365785,0.3820476762309059,0.3837490032255812,0.3510963086316958,0.3401268115942029,0.4549199084668192,2530,2701,1975,2267,2253,2104,1729,4226,4970,-0.0148140520559505,0.0445462114904246,-0.0330615942028985,-0.0559267734553776,50,75.60221816700005
44,3323231533,49510,14853,24755,18588,13804,17118,2438,6010,6405,8055,7402,9298,11,0.3613458379999994,0.4013330640274692,0.3828725343871197,0.3646353299753508,0.3803848541278709,0.1434747365576871,0.6247580124758012,3064,1324,3667,2645,1062,3695,2031,1458,5809,39,0.3507232771904931,0.4193092304584932,0.3967024797950167,0.3577256842356539,0.4400993171942892,0.0730883544987841,0.6769197676919768,3545,529,3981,3059,541,3802,2416,588,6294,0.0138299454078969,0.0597144630664183,-0.070386382058903,0.0521617552161756,50,76.43625904099997
45,320324471,49510,14853,24755,19554,15102,14854,4407,4575,5871,4692,13738,6325,11,0.4020119850002824,0.3435669561704706,0.4197006086915979,0.3466993659700999,0.5829070758738278,0.2014121415053137,0.4747826086956522,2735,819,1138,6006,2767,4965,2050,1272,3003,39,0.3475653934951908,0.357826701676429,0.4041069614093605,0.3519176075937233,0.3653026427962489,0.2410103362934925,0.6060079051383399,1714,1039,1939,3213,3311,7214,1180,1312,3833,-0.0155936472822374,-0.2176044330775789,0.0395981947881787,0.1312252964426877,50,76.88074520800001
46,1965164083,49510,14853,24755,18954,16977,13579,4376,4641,5836,8522,7258,8975,11,0.3823049063369479,0.4186628963845688,0.4049054025002069,0.3946748466292473,0.3987326918563717,0.2081840727473133,0.6077994428969359,3398,1950,3174,2425,1511,3322,2007,1513,5455,39,0.374709450598351,0.4080791759240557,0.3894845105025792,0.3649057021824999,0.332081670969256,0.1365389914577018,0.6998328690807799,2830,906,4786,1526,991,4741,1230,1464,6281,-0.0154208919976276,-0.0666510208871156,-0.0716450812896114,0.092033426183844,50,76.84923112499996
47,3754333007,49510,14853,24755,11315,16346,21849,3992,4827,6034,8083,7450,9222,11,0.4024464288552873,0.4138557867097556,0.4072330624797595,0.4000535325655041,0.2532475566002721,0.4136912751677852,0.554760355671221,2047,3474,2562,1430,3082,2938,1616,2490,5116,39,0.4258806959779748,0.417249040597859,0.3979737671374859,0.3783235652554143,0.2951874304095014,0.1947651006711409,0.7039687703318153,2386,1246,4451,1471,1451,4528,1920,810,6492,-0.0092592953422735,0.0419398738092292,-0.2189261744966443,0.1492084146605943,50,77.27590783300002
48,3015000268,49510,14853,24755,16758,16454,16298,2822,5989,6042,8424,7621,8710,11,0.4262995946063915,0.4103817410624116,0.4074370615005313,0.4062634026100795,0.3619420702754036,0.352447185408739,0.5079219288174512,3049,2765,2610,1950,2686,2985,1688,2598,4424,39,0.4101163121789582,0.406382548980004,0.4043027684583388,0.3984404223618547,0.2813390313390313,0.3893189870095788,0.5422502870264064,2370,2774,3280,1562,2967,3092,891,3096,4723,-0.0031342930421924,-0.0806030389363722,0.0368718016008398,0.0343283582089551,50,77.84470854100005
49,3650631629,49510,14853,24755,17101,13792,18617,5167,5020,4666,8049,7878,8828,11,0.4181844594509901,0.3980206018986063,0.3933368954755176,0.3899861441363863,0.3737110200024848,0.2873825844122873,0.5189170820117807,3008,2194,2847,2401,2264,3213,2088,2159,4581,39,0.4142190840081047,0.4077560088870935,0.3952025939910428,0.3638793473454964,0.2785439184991924,0.1637471439451637,0.7433167195287721,2242,1334,4473,1868,1290,4720,1374,892,6562,0.0018656985155252,-0.0951671015032923,-0.1236354404671236,0.2243996375169914,50,78.06771466700002
50,185234551,49510,14853,24755,16109,13367,20034,7625,2762,4466,9068,7810,7877,11,0.3824633355400723,0.4027065239345587,0.401037171683993,0.3869197092351936,0.4249007498897221,0.2084507042253521,0.5697600609369049,3853,1622,3593,2557,1628,3625,2010,1379,4488,39,0.3886177261043427,0.4200767521712785,0.4243978245142343,0.3939067076280833,0.3223423026025585,0.2067861715749039,0.7440649993652406,2923,1335,4810,1519,1615,4676,1046,970,5861,0.0233606528302413,-0.1025584472871636,-0.0016645326504481,0.1743049384283357,50,78.25617024999997
1,144269559,49010,14703,24505,14093,15289,19628,5318,4291,5094,7542,9127,7836,11,0.3954799288612589,0.460844725566211,0.4731429376877663,0.4540508072282041,0.564173959162026,0.2604360688068368,0.594818785094436,4255,1806,1481,3032,2377,3718,1814,1361,4661,39,0.3825368155640317,0.4726382370944705,0.484078816386948,0.460658996095026,0.483028374436489,0.2666812753369124,0.7025267993874426,3643,1423,2476,2697,2434,3996,1456,875,5505,0.0109358786991817,-0.0811455847255369,0.0062452065300755,0.1077080142930065,100,81.25002904100006
2,74865246,49010,14703,24505,16534,15085,17391,6950,5738,2015,6361,8803,9341,11,0.4289890088159535,0.4348908386043664,0.4211095455864449,0.4193022705726197,0.3174029240685427,0.3678291491536976,0.5780965635370945,2019,2573,1769,1948,3238,3617,1469,2472,5400,39,0.3823948157914409,0.4117118955315241,0.3960496822600521,0.350560259572362,0.3219619556673479,0.0930364648415313,0.7731506262712772,2048,927,3386,1620,819,6364,1455,664,7222,-0.0250598633263928,0.0045590315988052,-0.2747926843121663,0.1950540627341827,100,81.70404733399994
3,1276543517,49010,14703,24505,16386,14287,18337,5532,5179,3992,9099,8185,7221,11,0.3969221962623015,0.3854315445827382,0.3848044775580441,0.3816580705930048,0.4492801406747994,0.2751374465485644,0.4299958454507686,4088,2170,2841,2667,2252,3266,1490,2626,3105,39,0.3618104695556972,0.3700469291981228,0.3800894735563329,0.3681975629631688,0.292449719749423,0.2955406230910201,0.5522780778285556,2661,2376,4062,1100,2419,4666,679,2554,3988,-0.0047150040017112,-0.1568304209253764,0.0204031765424557,0.122282232377787,100,80.87915724999993
4,2351855581,49010,14703,24505,19872,14154,14984,4855,4647,5201,10692,7115,6698,11,0.444458816988101,0.4109365435625383,0.4130522752441341,0.4077997402253439,0.4033857089412645,0.3813070976809557,0.4544640191101821,4313,3718,2661,2113,2713,2289,1465,2189,3044,39,0.3754817129247552,0.3965721281371149,0.4099198930868304,0.3958156041086298,0.3175271230826786,0.5104708362614195,0.401761719916393,3395,4361,2936,1808,3632,1675,929,3078,2691,-0.0031323821573037,-0.0858585858585858,0.1291637385804638,-0.0527022991937891,100,81.54169174999993
5,181029087,49010,14703,24505,15286,17614,16110,5600,3862,5241,9178,7764,7563,11,0.3560262697891119,0.4191797592328096,0.42252964051741,0.4039423163673405,0.3964916103726302,0.223338485316847,0.6477588258627529,3639,1907,3632,1776,1734,4254,1202,1462,4899,39,0.338351690126728,0.430361150785554,0.4375561198399794,0.4226017994012216,0.3436478535628677,0.3149149922720247,0.6541055136850457,3154,2366,3658,1170,2445,4149,804,1812,4947,0.0150264793225693,-0.0528437568097625,0.0915765069551777,0.0063466878222927,100,81.91993999999988
6,723582294,49010,14703,24505,19137,17515,12358,5096,4577,5030,8159,10155,6191,11,0.467929060901795,0.3918792083248316,0.4183189354566631,0.3920438529665889,0.3640151979409241,0.2818316100443131,0.6091099983847521,2970,2300,2889,2561,2862,4732,887,1533,3771,39,0.4485088631945017,0.3738012650479494,0.4114003814305328,0.367305646276041,0.2785880622625322,0.244903988183161,0.7107090938459053,2273,1360,4526,1708,2487,5960,572,1219,4400,-0.0069185540261302,-0.0854271356783919,-0.0369276218611521,0.1015990954611532,100,81.90262799999994
7,3503254173,49010,14703,24505,16032,16227,16751,6897,5202,2604,8939,9687,5879,11,0.4042318959753834,0.4343195266272189,0.4516919009597596,0.4340558433552712,0.483499272849312,0.3143388045834623,0.5572376254465045,4322,2500,2117,2466,3045,4176,1052,1551,3276,39,0.4114721118839028,0.3966537441338502,0.4162435678371154,0.398293215533378,0.3246448148562479,0.363786518013833,0.5602993706412656,2902,3164,2873,1512,3524,4651,548,2037,3294,-0.0354483331226441,-0.158854457993064,0.0494477134303706,0.0030617451947611,100,82.28970395800002
8,2754094657,49010,14703,24505,17945,19010,12055,4969,5325,4409,9596,9731,5178,11,0.4209766654642672,0.4134666394613344,0.4069056129099352,0.4024014827293167,0.4922884535223009,0.3593669715342719,0.3690614136732329,4724,2731,2141,2603,3497,3631,1106,2161,1911,39,0.399369948288202,0.3618445215262191,0.3754743947495189,0.3628936729456244,0.3302417674030846,0.3460076045627376,0.4501738122827346,3169,2954,3473,1570,3367,4794,507,2340,2331,-0.0314312181604163,-0.1620466861192163,-0.0133593669715342,0.0811123986095017,100,82.66243258400004
9,3296097850,49010,14703,24505,15149,16487,17374,5351,5251,4101,5854,11707,6944,11,0.4393723944357582,0.4459498061620077,0.4493268539108954,0.4394025932032251,0.4057055005124701,0.4219697616810455,0.5203052995391705,2375,1964,1515,2469,4940,4298,1088,2243,3613,39,0.3783544139868691,0.3823709447051622,0.4026193085481555,0.352229304765905,0.1925179364537068,0.2503630306654139,0.7649769585253456,1127,827,3900,1737,2931,7039,341,1291,5312,-0.0467075453627399,-0.2131875640587632,-0.1716067310156316,0.2446716589861751,100,82.64333762499996
10,1583734078,49010,14703,24505,19502,15653,13855,5332,4446,4925,8739,4847,10919,11,0.418547151344924,0.4300754947969802,0.3875191794672592,0.3919120734971755,0.366746767364687,0.2232308644522385,0.5725799065848521,3205,3399,2135,1321,1082,2444,1959,2708,6252,39,0.3778975806721842,0.4369720465211181,0.3756848989043598,0.3703904824915677,0.3079299691040165,0.1526717557251908,0.6664529718838722,2691,2429,3619,1672,740,2435,1832,1810,7277,-0.0118342805628994,-0.0588167982606705,-0.0705591087270476,0.09387306529902,100,82.402696042
11,3586357180,49010,14703,24505,16795,18003,14212,2598,4326,7779,7329,9955,7221,11,0.3591413370197414,0.4676188532952459,0.465800742821754,0.4668347023451451,0.4588620548505935,0.4823706680060271,0.4561695056086414,3363,2547,1419,2491,4802,2662,980,2947,3294,39,0.4193938254778233,0.4764333809426647,0.4807768300013983,0.4690364692762779,0.316960021831082,0.4483174284279256,0.6770530397451876,2323,2005,3001,928,4463,4564,343,1989,4889,0.0149760871796443,-0.1419020330195115,-0.0340532395781014,0.2208835341365461,100,80.83039370799997
12,1435443221,49010,14703,24505,18781,12928,17301,5818,3700,5185,6945,10159,7401,11,0.4270792631781588,0.396939400122424,0.4066216207414894,0.3966247590103195,0.3566594672426206,0.3123338911310168,0.550871503850831,2477,2308,2160,2024,3173,4962,985,2339,4077,39,0.3781488625124659,0.3693940012242399,0.3801249185209978,0.3548866395717204,0.2270698344132469,0.2594743577123732,0.6538305634373733,1577,1861,3507,1022,2636,6501,477,2085,4839,-0.0264967022204916,-0.1295896328293736,-0.0528595334186435,0.1029590595865423,100,80.83797425000012
13,2834433515,49010,14703,24505,12921,15798,20291,4492,6271,3940,7615,6152,10738,11,0.3863145278539002,0.4430932462762701,0.42939169640327,0.4314297962014364,0.3943532501641497,0.380039011703511,0.5137828273421494,3003,2332,2280,1549,2338,2265,1244,3977,5517,39,0.3802385490568385,0.4099163436033463,0.3959838753203812,0.3893455776464319,0.2449113591595535,0.4244148244473342,0.5186254423542559,1865,2555,3195,1023,2611,2518,887,4282,5569,-0.0334078210828888,-0.1494418910045961,0.0443758127438231,0.0048426150121064,100,80.38962333400013
14,619375084,49010,14703,24505,14067,14952,19991,4382,6621,3700,10008,9489,5008,11,0.4361600619243234,0.3957967761681289,0.4175122575046909,0.3980482804309666,0.3233413269384492,0.4038360206554958,0.5253594249201278,3236,4824,1948,2632,3832,3025,741,1636,2631,39,0.4056934535285729,0.2959804121607835,0.3934342172588582,0.2720915452438904,0.1377897681854516,0.1457477078722731,0.8967651757188498,1379,1028,7601,1137,1383,6969,153,364,4491,-0.0240780402458327,-0.1855515587529976,-0.2580883127832227,0.371405750798722,100,81.70729800000004
15,1188669195,49010,14703,24505,21176,15195,12639,5887,3533,5283,8698,8165,7642,11,0.3771592563586255,0.4091001836359926,0.4144947931229981,0.3988123941111055,0.3704299839043458,0.2507042253521127,0.622350170112536,3222,2000,3476,1757,2047,4361,1388,1498,4756,39,0.3707641167683417,0.379840848806366,0.3876980982034601,0.369213728554487,0.2481030121867095,0.3014084507042253,0.6135828317194452,2158,1842,4698,1272,2461,4432,742,2211,4689,-0.026796694919538,-0.1223269717176362,0.0507042253521126,-0.0087673383930908,100,81.32807854199996
16,3952083430,49010,14703,24505,19426,11990,17594,6943,5565,2195,11473,7349,5683,11,0.4539128240203413,0.4470516221179351,0.440918355609587,0.4217611857460995,0.524012899851826,0.2423458974010069,0.5563962695759282,6012,2143,3318,2863,1781,2705,1611,910,3162,39,0.4683021839450513,0.348214650071414,0.398570977911024,0.3446937451441614,0.2145036171881809,0.2975915090488502,0.6836178074960408,2461,2002,7010,972,2187,4190,447,1351,3885,-0.042347377698563,-0.309509282663645,0.0552456116478432,0.1272215379201126,100,81.45188658300003
17,1028844094,49010,14703,24505,17850,16613,14547,4512,4292,5899,7216,9805,7484,11,0.4109896487389923,0.429463374821465,0.4408734909080576,0.4326535123179193,0.4483093126385809,0.3212646608873024,0.5530464991982896,3235,2592,1389,2771,3150,3884,922,2423,4139,39,0.4648051604099785,0.4102428075902877,0.4330814174372624,0.3761382253997665,0.2757760532150776,0.1737888832228455,0.8496793158738642,1990,1117,4109,1698,1704,6403,497,628,6359,-0.0077920734707951,-0.1725332594235033,-0.1474757776644568,0.2966328166755746,100,81.70695662499998
18,2564267586,49010,14703,24505,18438,15071,15501,6386,3767,4550,9036,7018,8451,11,0.4046582095250193,0.4124464395021424,0.4056373397752028,0.4031061257660435,0.3953076582558654,0.2849814762040467,0.5366228848656963,3572,2611,2853,2119,2000,2899,1468,2448,4535,39,0.4152928729961031,0.4495001020199959,0.434530055138251,0.4108934923532832,0.4083665338645418,0.1678540894841835,0.7273695420660277,3690,1294,4052,1859,1178,3981,1257,1047,6147,0.0288927153630481,0.0130588756086764,-0.1171273867198632,0.1907466572003313,100,81.34157362500014
19,2488441197,49010,14703,24505,17286,11959,19765,3529,2829,8345,7844,9045,7616,11,0.3673596409478353,0.4319934707202612,0.4379878506146444,0.4328413448566097,0.4877613462519123,0.3272526257600884,0.4989495798319328,3826,2408,1610,2794,2960,3291,1552,2264,3800,39,0.3980035049374204,0.426402774943889,0.4267694147134693,0.4175746587602058,0.2661907190209077,0.4461028192371476,0.5680147058823529,2088,3081,2675,1320,4035,3690,647,2643,4326,-0.0112184359011751,-0.2215706272310046,0.1188501934770591,0.0690651260504201,100,81.71406391699998
20,3516199087,49010,14703,24505,14927,17834,16249,4457,4597,5649,6335,7837,10333,11,0.4069097451531629,0.4800652927973883,0.4732355996891783,0.4590316417882001,0.557379636937648,0.2714048743141508,0.590922287815736,3531,1122,1682,2931,2127,2779,2778,1449,6106,39,0.4228207133047553,0.4779432768822689,0.4421478082806379,0.4393539771009789,0.2457774269928966,0.4052571136914635,0.6754088841575535,1557,1817,2961,1072,3176,3589,610,2744,6979,-0.0310877914085404,-0.3116022099447514,0.1338522393773127,0.0844865963418175,100,81.19156245900012
21,477080894,49010,14703,24505,15372,18996,14642,5740,6759,2204,11103,7501,5901,11,0.4389818660957327,0.4701081411956743,0.4633346030236469,0.4500750434633517,0.5474196163199135,0.2936941741101186,0.5488900186409084,6078,2219,2806,2469,2203,2829,1342,1320,3239,39,0.435051419577471,0.3599673536013058,0.4158846548773209,0.3521236765652756,0.1829235341799513,0.3168910811891747,0.7478393492628368,2031,1951,7121,675,2377,4449,293,1195,4413,-0.0474499481463259,-0.3644960821399622,0.023196907079056,0.1989493306219284,100,86.92359937499987
22,2790236236,49010,14703,24505,17095,19014,12901,6085,3301,5317,10190,6830,7485,11,0.4583863222656636,0.4194246072230157,0.4130481087584806,0.4063956286828268,0.4341511285574092,0.2616398243045388,0.5433533734134937,4424,2870,2896,2227,1787,2816,1669,1749,4067,39,0.4300854588123092,0.3709447051622118,0.3832876496707327,0.3565601541899307,0.2439646712463199,0.2696925329428989,0.6362057448229793,2486,2889,4815,882,1842,4106,737,1986,4762,-0.0297604590877478,-0.1901864573110893,0.0080527086383601,0.0928523714094856,100,86.90968820800003
23,3947746016,49010,14703,24505,15819,20239,12952,3095,4884,6724,6189,8190,10126,11,0.4348013987890052,0.423464599061416,0.4031601264252505,0.3918069191734782,0.3662950395863629,0.2211233211233211,0.6220620185660676,2267,1298,2624,2224,1811,4155,2154,1673,6299,39,0.4018270876978239,0.3607427055702917,0.346770758978349,0.3393908939465185,0.3252544837615123,0.2136752136752136,0.5013825794983211,2013,1646,2530,2230,1750,4210,3528,1521,5077,-0.0563893674469014,-0.0410405558248505,-0.0074481074481074,-0.1206794390677464,100,86.7568432500002
24,3343472307,49010,14703,24505,18552,16218,14240,3203,6480,5020,4678,6564,13263,11,0.4311791875755036,0.4299938788002448,0.4126155073505959,0.4038774577459467,0.3982471141513467,0.3674588665447897,0.472140541355651,1863,1756,1059,1728,2412,2424,2142,4859,6262,39,0.3857881250188146,0.5358906345643746,0.4221245162876488,0.4225752031183535,0.2764001710132535,0.1927178549664838,0.7972555228832089,1293,585,2800,806,1265,4493,730,1959,10574,0.0095090089370529,-0.1218469431380931,-0.1747410115783059,0.3251149815275578,100,88.16946891700013
25,3930994991,49010,14703,24505,18820,16422,13768,4926,4004,5773,11359,6593,6553,11,0.4110683413923242,0.4184452152621914,0.4141199323955915,0.40252082121053,0.4374504797957567,0.2607310784165023,0.5441782389745154,4969,3103,3287,1757,1719,3117,1174,1813,3566,39,0.4518469971327819,0.3711487451540502,0.3899301679277294,0.3557422495319565,0.2956246148428559,0.2147732443500682,0.659392644590264,3358,2887,5114,1006,1416,4171,463,1769,4321,-0.024189764467862,-0.1418258649529007,-0.045957834066434,0.1152144056157485,100,87.7422986659999
26,3385255092,49010,14703,24505,17043,17567,14400,5795,5236,3672,9025,7556,7924,11,0.427644265132634,0.4418690063252397,0.4382064550962263,0.420200683039613,0.4442105263157895,0.2122816304923239,0.6581272084805654,4009,1775,3241,2813,1604,3139,1526,1183,5215,39,0.4243463859021557,0.3853907365843705,0.3930358700406726,0.3585775911444203,0.1864819944598338,0.2841450502911593,0.7084805653710248,1683,2397,4945,1496,2147,3913,814,1496,5614,-0.0451705850555536,-0.2577285318559557,0.0718634197988353,0.0503533568904593,100,86.96603875000005
27,689021210,49010,14703,24505,16849,12165,19996,6483,3451,4769,9336,7628,7541,11,0.4340951830001727,0.4659049173638033,0.4581283180957832,0.422251235089557,0.5803341902313625,0.127163083377032,0.6668876806789551,5418,785,3133,3023,970,3635,1700,812,5029,39,0.4332601408825379,0.4052642317894307,0.413236723824068,0.3649420019068888,0.3181233933161954,0.1300471945464079,0.7915395836096009,2970,869,5497,1412,992,5224,838,734,5969,-0.0448915942717151,-0.2622107969151671,0.0028841111693759,0.1246519029306457,100,87.7623424169999
28,2556523997,49010,14703,24505,14059,15259,19692,5018,3512,6173,5373,11801,7331,11,0.4510132526799171,0.3967761681289533,0.4266352166692465,0.3974685885311675,0.5134933928903778,0.3009914414032709,0.4654208157140908,2759,1571,1043,4002,3552,4247,2086,1833,3412,39,0.4137693741977941,0.3847786166088553,0.3880648268182525,0.364083474974241,0.2402754513307277,0.3053131090585543,0.6186059200654753,1291,2020,2062,2442,3603,5756,834,1962,4535,-0.0385703898509939,-0.27321794155965,0.0043216676552834,0.1531851043513845,100,87.36612904100002
29,1164312638,49010,14703,24505,15055,18754,15201,5132,6324,3247,8680,9015,6810,11,0.442615749263633,0.4082432156702714,0.4193426705798795,0.398823794166006,0.5138248847926268,0.2158624514697726,0.5283406754772394,4460,1773,2447,2711,1946,4358,2045,1167,3598,39,0.4394756270734891,0.397959600081616,0.4279147268490559,0.3726152379994669,0.3816820276497696,0.1342207432057681,0.76784140969163,3313,927,4440,1925,1210,5880,1025,556,5229,0.0085720562691763,-0.1321428571428571,-0.0816417082640044,0.2395007342143905,100,87.2459530000001
30,3560492814,49010,14703,24505,18699,13983,16328,4567,2684,7452,6264,9832,8409,11,0.4090453494130788,0.4222811671087533,0.4335005077446134,0.4236332564006517,0.4960089399744572,0.334519934906428,0.4699726483529551,3107,1764,1393,3052,3289,3491,1729,2728,3952,39,0.4233648234543132,0.4148949194042032,0.4258636951377446,0.3942819340171336,0.3989463601532567,0.1963995117982099,0.6822452134617671,2499,975,2790,2581,1931,5320,1450,1222,5737,-0.0076368126068688,-0.0970625798212005,-0.1381204231082181,0.2122725651088119,100,87.7315209169999
31,523232252,49010,14703,24505,20362,12441,16207,4233,6391,4079,10387,8749,5369,11,0.4803954637118537,0.454845949806162,0.45572033615289,0.4255729607017296,0.6195244055068836,0.2061949937135672,0.5414416092382194,6435,1428,2524,3687,1804,3258,1578,884,2907,39,0.4473028773425492,0.3659661293613548,0.4081703336032284,0.3476308171564302,0.3869259651487436,0.1337295690936107,0.703855466567331,4019,1552,4816,2127,1170,5452,888,702,3779,-0.0475500025496615,-0.2325984403581399,-0.0724654246199565,0.1624138573291116,100,83.00942399999985
32,848187189,49010,14703,24505,22568,14050,12392,6639,4925,3139,7781,8631,8093,11,0.4298443393807641,0.4443174862273005,0.4464923712163418,0.4432558988425101,0.4477573576661097,0.3481635963387788,0.543556159644137,3484,2262,2035,2459,3005,3167,1318,2376,4399,39,0.4175372319279133,0.4095490716180371,0.4108529652117778,0.4065628568814874,0.3664053463565094,0.3256864789711505,0.5404670703076733,2851,2113,2817,2175,2811,3645,1108,2611,4374,-0.035639406004564,-0.0813520113096002,-0.0224771173676283,-0.0030890893364636,100,82.65612550000014
33,1462329290,49010,14703,24505,18126,13437,17447,3519,3152,8032,9726,6886,7893,11,0.4117293175062368,0.4020812079167516,0.3925295505698725,0.3935391463592992,0.4549660703269587,0.2737438280569271,0.4488787533257317,4425,3461,1840,2446,1885,2555,2191,2159,3543,39,0.363119242530352,0.412242399510304,0.4144033873415113,0.3898259699669313,0.2907670162451162,0.2419401684577403,0.7105029773216774,2828,3342,3556,1078,1666,4142,867,1418,5608,0.0218738367716388,-0.1641990540818425,-0.0318036595991867,0.2616242239959457,100,83.50697383400006
34,3713455433,49010,14703,24505,16318,10184,22508,3833,5847,5023,9141,10014,5350,11,0.4461031119844127,0.3864109365435625,0.4202953024260116,0.383100821014686,0.4722678043977683,0.2000199720391452,0.5885981308411214,4317,2664,2160,4284,2003,3727,1168,1033,3149,39,0.4074631385727793,0.4159151193633952,0.415439883979929,0.4092739391975543,0.4875834153812493,0.359296984222089,0.3994392523364486,4457,2875,1809,3149,3598,3267,934,2279,2137,-0.0048554184460826,0.015315610983481,0.1592770121829438,-0.1891588785046728,100,83.78758291700001
35,4116307193,49010,14703,24505,15221,16387,17402,4087,3905,6711,8209,7166,9130,11,0.4438203041256175,0.429463374821465,0.4103283380266088,0.3953956103380815,0.4765501279083932,0.1405246999720904,0.6139101861993428,3912,1570,2727,1901,1007,4258,1803,1722,5605,39,0.4367324970987777,0.4333401346663946,0.4088630390427012,0.3825524695145101,0.3039347058106956,0.1526653642199274,0.7699890470974808,2495,1574,4140,1104,1094,4968,880,1220,7030,-0.0014652989839075,-0.1726154220976976,0.0121406642478369,0.156078860898138,100,83.867441375
36,1259335069,49010,14703,24505,16288,17510,15212,4814,5668,4221,5645,8359,10501,11,0.4275271929742598,0.4145684554172618,0.4131633053834324,0.3955845883555776,0.4901682905225863,0.2225146548630218,0.5268069707646891,2767,1405,1473,3729,1860,2770,2628,2341,5532,39,0.3958284570394936,0.4807182207712712,0.4524049759049968,0.4539090519639941,0.3688219663418954,0.3179806196913506,0.6704123416817446,2082,1452,2111,1258,2658,4443,777,2684,7040,0.0392416705215644,-0.1213463241806909,0.0954659648283287,0.1436053709170555,100,83.66496737500006
37,3143487523,49010,14703,24505,19138,19216,10656,3934,4049,6720,4397,8359,11749,11,0.4425285819291407,0.4200775351968986,0.4058130605442059,0.396571119825043,0.3775301341823971,0.3640387606172987,0.4758702868329219,1660,1665,1072,2578,3043,2738,2752,3406,5591,39,0.4061461893410673,0.4783921648643134,0.3863805177295294,0.3750505064635043,0.1341823970889242,0.2682139011843522,0.756745254915312,590,1028,2779,788,2242,5329,1041,1817,8891,-0.0194325428146764,-0.2433477370934728,-0.0958248594329465,0.28087496808239,100,84.09593458300014
38,1836839349,49010,14703,24505,15991,15193,17826,5870,4846,3987,8516,8102,7887,11,0.4072276618202211,0.3850642725974291,0.3881375334083638,0.361420453025371,0.345937059652419,0.1613181930387558,0.6571573475339165,2946,1902,3668,2876,1307,3919,1289,1415,5183,39,0.4363189770588998,0.3502142419914303,0.3543706946443025,0.3286900362379717,0.2501174260216064,0.1856331769933349,0.6273614809179663,2130,1617,4769,1764,1504,4834,1207,1732,4948,-0.0337668387640612,-0.0958196336308125,0.0243149839545791,-0.0297958666159502,100,84.08882391700013
39,2191034984,49010,14703,24505,11661,15320,22029,5745,4281,4677,6692,8238,9575,11,0.3997044367421127,0.4268924709243011,0.4242282453408737,0.4122651015136514,0.4893903167961745,0.2348871085214858,0.5484073107049608,3275,2026,1391,3292,1935,3011,2661,1663,5251,39,0.3555459401889596,0.4099571516017139,0.3909348866498621,0.3806284711387485,0.3002092050209205,0.237921825685846,0.6346736292428199,2009,1976,2707,2170,1960,4108,1574,1924,6077,-0.0332933586910115,-0.189181111775254,0.0030347171643602,0.086266318537859,100,84.24562262500012
40,954646438,49010,14703,24505,18523,11699,18788,6210,5816,2677,8709,7111,8685,11,0.4230563750253698,0.4431748622730055,0.4242477661440262,0.397014733831575,0.4294408083591687,0.1296582759105611,0.7136442141623489,3740,1169,3800,2268,922,3921,1461,1026,6198,39,0.4204740465878135,0.4352989185880432,0.4246014182924018,0.4091070560915762,0.3135836490986336,0.2563633806778231,0.7038572251007484,2731,2248,3730,1491,1823,3797,741,1831,6113,0.0003536521483755,-0.115857159260535,0.126705104767262,-0.0097869890616004,100,84.50782345800008
41,1086479476,49010,14703,24505,20236,14869,13905,5636,4402,4665,4786,10353,9366,11,0.4402009610931864,0.4047745358090185,0.4207303444598227,0.3820887539200326,0.4573756790639365,0.1946295759683183,0.6101857783472133,2189,958,1639,3164,2015,5174,2570,1081,5715,39,0.4296978933773688,0.416200775351969,0.405194815456589,0.3923957556013002,0.3205181780192227,0.2855211049937216,0.6095451633568225,1534,1440,1812,1856,2956,5541,1395,2262,5709,-0.0155355290032337,-0.1368575010447137,0.0908915290254032,-0.0006406149903908,100,83.80620133299999
42,1373004360,49010,14703,24505,19498,13261,16251,4285,7474,2944,5205,10635,8665,11,0.4253553421847014,0.4310548867578045,0.4612348925100186,0.4126633994443389,0.5204610951008646,0.1898448519040902,0.673398730525101,2709,509,1987,3310,2019,5306,1641,1189,5835,39,0.4383091410925561,0.430483574780657,0.4347876464654699,0.3902185702304924,0.3256484149855908,0.1895627644569816,0.7891517599538372,1695,644,2866,2353,2016,6266,1054,773,6838,-0.0264472460445487,-0.1948126801152738,-0.0002820874471085,0.1157530294287362,100,85.19072200000005
43,1584559146,49010,14703,24505,15865,17135,16010,5997,6020,2686,7106,6524,10875,11,0.4001368601136619,0.4561109977555601,0.4414633865042867,0.4477961471215601,0.4195046439628483,0.3779889638258737,0.526896551724138,2981,2955,1170,1518,2466,2540,1013,4132,5730,39,0.3913663892495911,0.4264435829422567,0.4204203444384704,0.4222341912403332,0.3990993526597242,0.4049662783568363,0.4571954022988506,2836,2437,1833,1957,2642,1925,1025,4878,4972,-0.0210430420658163,-0.0204052913031241,0.0269773145309625,-0.0697011494252873,100,84.56164920800006
44,3323231533,49010,14703,24505,18388,13654,16968,2414,5934,6355,7920,7337,9248,11,0.4128715454488929,0.4528871658845134,0.4358696806091728,0.4221660872823141,0.4911616161616162,0.1792285675344146,0.6372188581314879,3890,1361,2669,2461,1315,3561,1493,1862,5893,39,0.3860651502034116,0.4302387267904509,0.4076673064895324,0.3817556782744553,0.3877525252525252,0.1320703284721275,0.7031790657439446,3071,793,4056,2496,969,3872,1634,1111,6503,-0.0282023741196404,-0.1034090909090909,-0.047158239062287,0.0659602076124566,100,85.02006966700014
45,320324471,49010,14703,24505,19354,14952,14704,4357,4525,5821,4527,13703,6275,11,0.4424320660686409,0.3875127524994899,0.4596806711622533,0.3915217900534238,0.6052573448199691,0.2558563818142013,0.5179282868525896,2740,959,828,4887,3506,5310,1318,1707,3250,39,0.3769490772970299,0.3510304019587839,0.4282270452014652,0.349998174422703,0.43870112657389,0.1760198496679559,0.6699601593625498,1986,523,2018,3213,2412,8078,1073,998,4204,-0.0314536259607881,-0.166556218246079,-0.0798365321462453,0.1520318725099602,100,85.03110645900006
46,1965164083,49010,14703,24505,18751,16802,13457,4326,4591,5786,8422,7158,8925,11,0.4344933262738499,0.4612119975515201,0.4462646960896929,0.437368560636289,0.4804084540489195,0.2292539815590947,0.6291316526610644,4046,1839,2537,2486,1641,3031,1732,1578,5615,39,0.3756291133529834,0.4228932870842685,0.4055587215704956,0.3884051082511246,0.3374495369270957,0.1845487566359318,0.6946778711484594,2842,1591,3989,1536,1321,4301,1022,1703,6200,-0.0407059745191973,-0.1429589171218238,-0.0447052249231628,0.0655462184873949,100,84.81453262500008
47,3754333007,49010,14703,24505,11153,16198,21659,3942,4777,5984,7983,7350,9172,11,0.4153903795727656,0.468108549275658,0.4548744666156099,0.4482606161335975,0.3414756357259175,0.3508843537414966,0.6722634103794156,2726,2495,2762,1614,2579,3157,1528,1478,6166,39,0.4283055576266159,0.4112630075494797,0.3938499417159034,0.3795111596138933,0.2603031441813854,0.2468027210884353,0.6744439598778892,2078,1722,4183,1004,1814,4532,1322,1664,6186,-0.0610245248997065,-0.0811724915445321,-0.1040816326530612,0.0021805494984735,100,85.16920129200003
48,3015000268,49010,14703,24505,16558,16304,16148,2758,5909,6036,8325,7521,8659,11,0.4555784037279457,0.4264843909406243,0.4219655389135315,0.4168321936347379,0.3167567567567567,0.3555378274165669,0.5936020325672711,2637,2870,2818,1352,2674,3495,992,2527,5140,39,0.3993934969716322,0.4298306468067741,0.4264506152047294,0.4114511042375695,0.232072072072072,0.4107166600186145,0.6365631135235016,1932,2706,3687,892,3089,3540,404,2743,5512,0.0044850762911978,-0.0846846846846846,0.0551788326020476,0.0429610809562305,100,85.52389687499999
49,3650631629,49010,14703,24505,16901,13642,18467,5117,4970,4616,7949,7778,8778,11,0.4167661170160621,0.4333401346663946,0.428304161585648,0.4234345120520868,0.4662221663102277,0.2734636153252764,0.54522670312144,3706,2059,2184,2528,2127,3123,1963,2029,4786,39,0.4252510853278147,0.4279942868802285,0.4168262182130166,0.3988447910819618,0.3010441564976727,0.239136024685009,0.7102984734563682,2393,1709,3847,1754,1860,4164,856,1687,6235,-0.0114779433726314,-0.165178009812555,-0.0343275906402674,0.1650717703349282,100,85.29310600000008
50,185234551,49010,14703,24505,15909,13260,19841,7575,2712,4416,8933,7745,7827,11,0.3915533561820976,0.4203223831871047,0.4196756176486942,0.410982207828119,0.422926228590619,0.2702388637830858,0.5658617605723777,3778,1723,3432,2316,2093,3336,1736,1662,4429,39,0.4035266385670886,0.4384003264639869,0.4417230984426081,0.422082041595463,0.3553117653643792,0.2692059393156875,0.7006515906477577,3174,1997,3762,1617,2085,4043,1210,1133,5484,0.0220474807939139,-0.0676144632262398,-0.0010329244673983,0.13478983007538,100,85.14678033399991
1,144269559,48010,14403,24005,13693,15137,19180,5262,4147,4994,7342,9015,7648,11,0.3755778328820811,0.4537388044157467,0.4680844615773753,0.4426638896215616,0.5469899210024517,0.2338325013865779,0.6234309623430963,4016,1021,2305,2953,2108,3954,1799,1081,4768,39,0.3993406790562694,0.43315975838367,0.4397025882290757,0.43014002920631,0.429719422500681,0.322573488630061,0.5668148535564853,3155,1549,2638,2920,2908,3187,1486,1827,4335,-0.0283818733482995,-0.1172704985017706,0.088740987243483,-0.0566161087866109,200,82.37755979200006
2,74865246,48010,14403,24005,16134,14885,16991,6823,5565,2015,6042,8702,9261,11,0.4002386374085014,0.4360341595500937,0.4265013166314991,0.4289847804569036,0.343925852366766,0.4926453688807171,0.4429327286470144,2078,2684,1280,1609,4287,2806,1218,3941,4102,39,0.3593893488352895,0.4071235159341804,0.3867240473003813,0.3522790793949499,0.279046673286991,0.1307745345897494,0.7503509340244034,1686,749,3607,1204,1138,6360,1289,1023,6949,-0.0397772693311178,-0.0648791790797749,-0.3618708342909676,0.307418205377389,200,83.04233654199993
3,1276543517,48010,14403,24005,16034,14041,17935,5432,5079,3892,8816,8085,7104,11,0.3906845885054459,0.3631743386794417,0.3647815738835313,0.3609136858735804,0.4016560798548094,0.2611008039579468,0.4315878378378378,3541,1923,3352,2465,2111,3509,1397,2641,3066,39,0.3643297558583632,0.3687148510726932,0.3725691345271005,0.3721563758762521,0.323502722323049,0.3638837353123067,0.4303209459459459,2852,2765,3199,1002,2942,4141,957,3090,3057,0.0077875606435691,-0.0781533575317604,0.1027829313543599,-0.0012668918918918,200,81.76818083400008
4,2351855581,48010,14403,24005,19296,14027,14687,4755,4547,5101,10492,6915,6598,11,0.4853030314673923,0.4649031451780879,0.4638692131996718,0.4582902665800863,0.4761723217689668,0.3910339840925524,0.5244013337374962,4996,3027,2469,2088,2704,2123,1411,1727,3460,39,0.367924544983585,0.3908352426577796,0.4061269921951093,0.389412666907354,0.3025162028211971,0.5208966015907448,0.3949681721733858,3174,3968,3350,1779,3602,1534,1134,2858,2606,-0.0577422210045625,-0.1736561189477697,0.1298626174981924,-0.1294331615641103,200,83.88746020899998
5,181029087,48010,14403,24005,14934,17267,15809,5500,3862,5041,9065,7564,7376,11,0.3764620776985871,0.413622162049573,0.4206801700003907,0.4081587878770345,0.3348041919470491,0.290983606557377,0.6362527114967462,3035,2865,3165,891,2201,4472,421,2262,4693,39,0.3613744218582085,0.4431160174963549,0.453331256416496,0.4357279005559176,0.3200220628792057,0.3466419883659439,0.6933297180043384,2901,2690,3474,509,2622,4433,468,1794,5114,0.0326510864161052,-0.0147821290678433,0.0556583818085669,0.0570770065075921,200,84.12505191700006
6,723582294,48010,14403,24005,18755,17289,11966,4996,4577,4830,7959,9955,6091,11,0.4627264733364907,0.4223286815246823,0.4442217587960264,0.4236166162518282,0.465259454705365,0.298041185334003,0.5693646363487113,3703,1974,2282,3051,2967,3937,918,1705,3468,39,0.4438986151171805,0.3832951468444074,0.4010691741655964,0.3837526852532466,0.3169996230682246,0.3312908086388749,0.5549170907896898,2523,2324,3112,2015,3298,4642,528,2183,3380,-0.0431525846304299,-0.1482598316371403,0.0332496233048719,-0.0144475455590215,200,83.66012054099997
7,3503254173,48010,14403,24005,15532,16027,16451,6897,5045,2461,8739,9487,5779,11,0.4177258364110615,0.45357217246407,0.4553434017896542,0.4489661437915647,0.5623069001029866,0.3584905660377358,0.4452327392282402,4914,2484,1341,2693,3401,3393,990,2216,2573,39,0.3696002896631136,0.4022495313476359,0.3927126207023333,0.391517513339051,0.2946561391463554,0.5327289975756299,0.3507527253850147,2575,4333,1831,847,5054,3586,156,3596,2027,-0.0626307810873209,-0.2676507609566311,0.174238431537894,-0.0944800138432254,200,84.31032012500009
8,2754094657,48010,14403,24005,17569,18652,11789,4869,5225,4309,9296,9631,5078,11,0.4205132483795376,0.4310352009997917,0.4214699332585565,0.4201569219371832,0.5181798623063684,0.3823071332156578,0.3639228042536431,4817,2449,2030,2105,3682,3844,727,2503,1848,39,0.4011719465887405,0.3932097479691731,0.3512811144421681,0.3558802879917802,0.4135111876075731,0.5146921399646973,0.1256400157542339,3844,3473,1979,1819,4957,2855,609,3831,638,-0.0701888188163883,-0.1046686746987952,0.1323850067490395,-0.2382827884994092,200,85.05959629100016
9,3296097850,48010,14403,24005,14849,16187,16974,5156,5246,4001,5722,11439,6844,11,0.4792752843944636,0.441782961882941,0.4343202702166129,0.4309848500446797,0.4131422579517651,0.4681353265145554,0.4216832261835184,2364,2175,1183,2482,5355,3602,1149,2809,2886,39,0.3971063791779095,0.3889189752134971,0.3521284877070909,0.3391966037219582,0.11814051031108,0.4871929364454935,0.451052016364699,676,2948,2098,1518,5573,4348,113,3644,3087,-0.082191782509522,-0.2950017476406851,0.019057609930938,0.0293687901811806,200,84.90683150000018
10,1583734078,48010,14403,24005,19202,15257,13551,5232,4346,4825,8639,4647,10719,11,0.463876759124626,0.5119350135388461,0.4461936079913504,0.4460013736086956,0.4591966662808195,0.1818377447815795,0.6975464129116522,3967,1899,2773,858,845,2944,1681,1561,7477,39,0.3825754229535934,0.4144553218079567,0.3894381364457993,0.3754588989604685,0.2173862715592082,0.3494727781364321,0.6014553596417577,1878,3580,3181,986,1624,2037,623,3649,6447,-0.0567554715455511,-0.2418103947216113,0.1676350333548526,-0.0960910532698945,200,84.77283820799994
11,3586357180,48010,14403,24005,16347,17651,14012,2559,4119,7725,7129,9755,7121,11,0.3481282161672923,0.4589877108935638,0.457610886933147,0.4548004332106308,0.3697573292186842,0.4704254228600718,0.5326499087206853,2636,2441,2052,1967,4589,3199,892,2436,3793,39,0.4195309591110529,0.4451989168923141,0.4592711251002925,0.4414648857717754,0.3964090335250386,0.3312147616606868,0.6501895801151524,2826,1548,2755,2016,3231,4508,1212,1279,4630,0.0016602381671455,0.0266517043063543,-0.1392106611993849,0.117539671394467,200,80.00503412500007
12,1435443221,48010,14403,24005,18315,12728,16967,5718,3600,5085,6563,10041,7401,11,0.4561889656187587,0.3535930014580296,0.3790521875830776,0.3508836634862107,0.4613743714764589,0.1736878796932576,0.5020943115795162,3028,1157,2378,2999,1744,5298,1720,1965,3716,39,0.3835856390985976,0.3444699021037284,0.3543922905287228,0.3272633194901306,0.2174310528721621,0.2206951498854695,0.6250506688285367,1427,1810,3326,1196,2216,6629,907,1868,4626,-0.0246598970543547,-0.2439433186042968,0.0470072701922119,0.1229563572490204,200,79.84536233400013
13,2834433515,48010,14403,24005,12593,15472,19945,4392,6171,3840,7515,5952,10538,11,0.4125150824915087,0.452447406790252,0.4514049060341845,0.4531062670027854,0.4208915502328676,0.4660618279569892,0.4672613399126969,3163,1908,2444,1033,2774,2145,612,5002,4924,39,0.3783549025529689,0.4368256613205582,0.4312879706426427,0.4231274707353247,0.2960745176314038,0.4914314516129032,0.5063579426836212,2225,2891,2399,899,2925,2128,1271,3931,5336,-0.0201169353915418,-0.1248170326014637,0.0253696236559139,0.0390966027709243,200,79.44363658299994
14,619375084,48010,14403,24005,13646,14673,19691,4282,6521,3600,9905,9192,4908,11,0.4523951044527079,0.4329514684440742,0.4732438679369334,0.4207126992010888,0.501665825340737,0.2143167972149695,0.7037489812550938,4969,1960,2976,2457,1970,4765,907,547,3454,39,0.402924197453526,0.3142678608623203,0.3995293119598446,0.2938174694050111,0.2358404846037355,0.1127067014795474,0.850040749796251,2336,1257,6312,1715,1036,6441,598,138,4172,-0.0737145559770888,-0.2658253407370015,-0.1016100957354221,0.1462917685411572,200,79.94513283300012
15,1188669195,48010,14403,24005,20682,14972,12356,5746,3433,5224,8454,8063,7488,11,0.4232333428135406,0.4005415538429493,0.4033782830790646,0.3902955696620604,0.4453513129879347,0.214436314027037,0.5503472222222222,3765,2276,2413,2587,1729,3747,1802,1565,4121,39,0.3891486106427244,0.360966465319725,0.3692060604084306,0.3468044513173818,0.2243908209131772,0.2685104799702344,0.6147168803418803,1897,2020,4537,1241,2165,4657,912,1973,4603,-0.034172222670634,-0.2209604920747575,0.0540741659431973,0.0643696581196581,200,79.41520683399995
16,3952083430,48010,14403,24005,19059,11657,17294,6743,5565,2095,11343,7149,5513,11,0.4585123082356477,0.4497396375755051,0.4416071646069929,0.430685035086169,0.5134444150577449,0.3049377535319625,0.5064393252312716,5824,2940,2579,2323,2180,2646,1156,1565,2792,39,0.471332792604255,0.3867944178296188,0.4295808804291283,0.3846526956503631,0.2755884686590849,0.3505385368583019,0.6626156357699982,3126,3106,5111,1098,2506,3545,450,1410,3653,-0.0120262841778646,-0.2378559463986599,0.0456007833263393,0.1561763105387266,200,79.49083270899996
17,1028844094,48010,14403,24005,17417,16408,14185,4440,4155,5808,6916,9705,7384,11,0.4450156518215264,0.4133305561341387,0.432165804381585,0.4096605831722105,0.4206188548293811,0.2350334878928387,0.6408450704225352,2909,2227,1780,2723,2281,4701,784,1868,4732,39,0.4611089988756546,0.3947510935221829,0.4140722744441166,0.3756315385069925,0.3327067669172932,0.1978361669242658,0.7116738894907909,2301,875,3740,2641,1920,5144,1165,964,5255,-0.0180935299374684,-0.0879120879120879,-0.0371973209685728,0.0708288190682556,200,79.79490616600015
18,2564267586,48010,14403,24005,17962,14930,15118,6086,3767,4550,8836,6888,8281,11,0.4219297180351395,0.4380337429702145,0.4297359825086757,0.428471863859489,0.4399049343594386,0.2907955865272938,0.5585074266392948,3887,2567,2382,2511,2003,2374,1112,2544,4625,39,0.3878303757929747,0.4707769214746928,0.4680370550965965,0.4604605420540233,0.3723404255319149,0.3826945412311266,0.649076198526748,3290,2120,3426,1527,2636,2725,812,2094,5375,0.0383010725879207,-0.0675645088275238,0.0918989547038327,0.0905687718874532,200,79.25566641699993
19,2488441197,48010,14403,24005,17014,11659,19337,3429,2811,8163,7570,8915,7520,11,0.3971528450066204,0.3997500520724849,0.4086891852028135,0.4001974922215804,0.4372523117569353,0.2538418395961862,0.5349734042553191,3310,2407,1853,2314,2263,4338,1062,2435,4023,39,0.4215380022714609,0.4466986044574047,0.4420247529582608,0.4415835898137463,0.3501981505944518,0.5257431295569265,0.4501329787234042,2651,2921,1998,1824,4687,2404,1128,3007,3385,0.0333355677554472,-0.0870541611624834,0.2719012899607402,-0.0848404255319149,200,79.46317983299991
20,3516199087,48010,14403,24005,14604,17554,15852,4406,4448,5549,6081,7637,10287,11,0.3985363401249198,0.502603624244949,0.4966718385414984,0.4792446313264162,0.6132215096201282,0.2579546942516695,0.6188393117526976,3729,904,1448,2457,1970,3210,1945,1976,6366,39,0.4410215850791348,0.461070610289523,0.4289213499912238,0.4286571398919315,0.2539056076303239,0.4154772816551002,0.6173811606882473,1544,2267,2270,1420,3173,3044,546,3390,6351,-0.0677504885502745,-0.3593159019898043,0.1575225874034306,-0.0014581510644502,200,78.72207616599985
21,477080894,48010,14403,24005,15072,18596,14342,5713,6586,2104,10903,7301,5801,11,0.4509569805746901,0.4832326598625286,0.4766584569952147,0.4671832513303117,0.545446207465835,0.3478975482810574,0.5366316152387519,5947,2247,2709,1813,2540,2948,863,1825,3113,39,0.4316145134007831,0.3917517183920017,0.4347537121662119,0.3905380890889502,0.2557094377694212,0.3555677304478838,0.6929839682813308,2788,1865,6250,735,2596,3970,225,1556,4020,-0.0419047448290028,-0.2897367696964138,0.0076701821668264,0.1563523530425788,200,75.75583262500004
22,2790236236,48010,14403,24005,16595,18714,12701,6059,3201,5143,10055,6565,7385,11,0.4802850511157991,0.3893772130806082,0.3945596720419564,0.3894044467289905,0.3387369467926405,0.3645087585681645,0.4804333107650643,3406,4170,2479,1964,2393,2208,1095,2742,3548,39,0.4205896146829707,0.3420120808164966,0.3598490463907713,0.3325581573300594,0.191745400298359,0.3346534653465347,0.5531482735274205,1928,3098,5029,371,2197,3997,920,2380,4085,-0.034710625651185,-0.1469915464942814,-0.0298552932216298,0.0727149627623561,200,76.35077654199995
23,3947746016,48010,14403,24005,15366,19841,12803,3007,4772,6624,5895,8084,10026,11,0.3746920665812603,0.4006248698187877,0.3894125341785009,0.3744609417354493,0.4173027989821883,0.1914893617021276,0.5594454418511869,2460,1133,2302,2805,1548,3731,2324,2093,5609,39,0.4009153129067933,0.3710476983961674,0.3567209565670106,0.3567067610194525,0.2836301950805767,0.3351063829787234,0.4514262916417315,1672,1986,2237,1685,2709,3690,2429,3071,4526,-0.0326915776114903,-0.1336726039016115,0.1436170212765957,-0.1080191502094554,200,76.15763320799988
24,3343472307,48010,14403,24005,18250,15883,13877,3203,6361,4839,4478,6464,13063,11,0.474246480025728,0.4297021453863778,0.3900993286585892,0.3756207009304431,0.4191603394372488,0.2082301980198019,0.542907448518717,1877,1075,1526,1702,1346,3416,3526,2445,7092,39,0.3795602934002089,0.4675275984169965,0.3962373084437661,0.4002417303784606,0.2340330504689593,0.3479269801980198,0.6067518946643191,1048,1405,2025,671,2249,3544,1171,3966,7926,0.0061379797851768,-0.1851272889682894,0.1396967821782178,0.0638444461456021,200,76.62571820799985
25,3930994991,48010,14403,24005,18480,16078,13452,4826,3904,5673,11119,6433,6453,11,0.3873949538145697,0.4744428244115809,0.4656080427701437,0.460870139550183,0.5108373055130857,0.4136483755635007,0.4723384472338447,5680,2854,2585,1445,2661,2327,1429,1976,3048,39,0.3870354777906373,0.3789627161008123,0.3832611069444768,0.3707534684580151,0.3607338789459484,0.2868024249961138,0.5022470168913683,4011,2784,4324,1383,1845,3205,1028,2184,3241,-0.0823469358256668,-0.1501034265671373,-0.1268459505673869,0.0299085696575235,200,76.76484758299989
26,3385255092,48010,14403,24005,16684,17326,14000,5695,5098,3610,8925,7329,7751,11,0.4236979974250197,0.4064986461153926,0.4017685849936234,0.3864548889951273,0.4226330532212885,0.190749079001228,0.5919236227583538,3772,2076,3077,2601,1398,3330,1984,1179,4588,39,0.4151678033856905,0.3937929598000416,0.4032575827803598,0.3786523466788958,0.2031372549019607,0.384909264565425,0.6217262288736937,1813,2969,4143,1072,2821,3436,875,2057,4819,0.0014889977867363,-0.2194957983193277,0.194160185564197,0.0298026061153399,200,76.05403558399985
27,689021210,48010,14403,24005,16492,11841,19677,6383,3351,4669,9084,7528,7393,11,0.4237070881695308,0.4539887523432618,0.4519857672124885,0.4207068715260929,0.5044033465433729,0.151567481402763,0.6999864736913296,4582,1682,2820,2963,1141,3424,1469,749,5175,39,0.4098358832467818,0.374588627369298,0.3876978929732408,0.3498791370683922,0.2146631439894319,0.224096705632306,0.7243338292979846,1950,2909,4225,950,1687,4891,440,1598,5355,-0.0642878742392476,-0.2897402025539409,0.072529224229543,0.024347355606655,200,77.05861662499979
28,2556523997,48010,14403,24005,13570,14907,19533,4918,3412,6073,5186,11588,7231,11,0.440948408323695,0.3813372214122058,0.4161790985875858,0.3833527307154182,0.5113767836482839,0.2688988608905764,0.4682616512238971,2652,1404,1130,3248,3116,5224,2127,1718,3386,39,0.295265831238385,0.3757550510310352,0.3776302609948264,0.3541532948189922,0.2279213266486695,0.2970314118053158,0.6079380445304937,1182,1952,2052,3303,3442,4843,1665,1170,4396,-0.0385488375927594,-0.2834554569996144,0.0281325509147393,0.1396763933065966,200,77.03904820799994
29,1164312638,48010,14403,24005,14646,18463,14901,5032,6224,3147,8480,8815,6710,11,0.4572599602882525,0.4267027702561966,0.4281510699069794,0.4279044111885204,0.4512971698113207,0.3921724333522405,0.440983606557377,3827,2812,1841,2036,3457,3322,1178,2573,2959,39,0.4670252673435354,0.4127890022911893,0.438694939239457,0.4031889622426481,0.3234669811320754,0.2401588201928531,0.7524590163934426,2743,1547,4190,927,2117,5771,452,1209,5049,0.0105438693324776,-0.1278301886792452,-0.1520136131593874,0.3114754098360655,200,77.25920074999999
30,3560492814,48010,14403,24005,18383,13701,15926,4367,2600,7436,6043,9752,8210,11,0.3923235319224469,0.418162882732764,0.4215849102097789,0.4179464640855385,0.4299189144464669,0.3800246103363413,0.4548112058465286,2598,1730,1715,2119,3706,3927,1742,2734,3734,39,0.4106435436293991,0.407498437825453,0.4237804465534922,0.4094152765293253,0.5225881184841966,0.3091673502871206,0.4395858708891595,3158,1711,1174,3611,3015,3126,1885,2716,3609,0.0021955363437133,0.0926692040377296,-0.0708572600492206,-0.015225334957369,200,77.36977879200003
31,523232252,48010,14403,24005,19989,12170,15851,4133,6291,3979,10087,8649,5269,11,0.5291117485875176,0.4352843157675484,0.4352752201823976,0.4183405123202677,0.5583424209378408,0.2599144409758354,0.4875687986335168,5632,2565,1890,2846,2248,3555,1473,1227,2569,39,0.4164644481950398,0.3585503020204124,0.3950787356659941,0.3486693531524572,0.3711708139189055,0.1697306046941843,0.6443347883848928,3744,1815,4528,2039,1468,5142,726,1148,3395,-0.0401964845164035,-0.1871716070189353,-0.090183836281651,0.1567659897513759,200,77.32018187500012
32,848187189,48010,14403,24005,22268,13714,12028,6539,4825,3039,7748,8334,7923,11,0.4011515491093182,0.4684440741512184,0.4710294418097363,0.4666431487481257,0.5304594734124936,0.3453323734101272,0.5372964786065885,4110,1946,1692,2738,2878,2718,1443,2223,4257,39,0.4427670266037461,0.4102895230160383,0.4111504673579687,0.4082962028353914,0.3701600413009809,0.3434125269978402,0.5198788337750851,2868,2011,2869,2188,2862,3284,1124,2680,4119,-0.0598789744517676,-0.1602994321115126,-0.0019198464122869,-0.0174176448315033,200,77.41205095800001
33,1462329290,48010,14403,24005,17673,13137,17200,3419,3052,7932,9464,6726,7815,11,0.3297585972474344,0.4172047490106227,0.4098948368690496,0.4087417177798517,0.4391377852916314,0.2930419268510258,0.4975047984644913,4156,3077,2231,2110,1971,2645,1884,2043,3888,39,0.3380958903189444,0.4247031868360758,0.4262725596570309,0.4107827543719614,0.3186813186813186,0.2979482604817127,0.6621880998080614,3016,3283,3165,924,2004,3798,841,1799,5175,0.0163777227879813,-0.1204564666103127,0.0049063336306868,0.16468330134357,200,78.00945475000003
34,3713455433,48010,14403,24005,15729,10076,22205,3733,5647,5023,8941,9814,5250,11,0.4996294016097153,0.4011664236617371,0.413108087685546,0.3962038586608978,0.5232076948887149,0.2612594253107805,0.4548571428571428,4678,2654,1609,3410,2564,3840,893,1969,2388,39,0.4542713501474532,0.4368256613205582,0.467292619536816,0.4371812009488504,0.4180740409350184,0.3468514367230487,0.6369523809523809,3738,2069,3134,2436,3404,3974,677,1229,3344,0.05418453185127,-0.1051336539536964,0.0855920114122681,0.1820952380952381,200,77.85531741699992
35,4116307193,48010,14403,24005,14821,16130,17059,3918,3805,6680,8009,7166,8830,11,0.4798011118966214,0.406581962091231,0.3991355625517066,0.4014125297257851,0.4295167936071919,0.2767234161317332,0.4911664779161948,3440,2430,2139,1601,1983,3582,1501,2992,4337,39,0.4054709906936414,0.4408248281607998,0.4268122371657938,0.4186690950289695,0.3806967161942814,0.2474183644990231,0.652321630804077,3049,2148,2812,1633,1773,3760,1302,1768,5760,0.0276766746140872,-0.0488200774129105,-0.02930505163271,0.1611551528878822,200,78.31117799999993
36,1259335069,48010,14403,24005,15702,17299,15009,4694,5588,4121,5518,8086,10401,11,0.4386042868019835,0.3971255988335763,0.4025355563480933,0.376285375563101,0.5362450163102573,0.1766015335147168,0.4947601192193058,2959,1025,1534,3739,1428,2919,2763,2492,5146,39,0.3600304640635605,0.4478650281191418,0.4299016658283123,0.4317099909660926,0.3513954331279449,0.4092258224091021,0.5290837419478897,1939,1723,1856,1570,3309,3207,1400,3498,5503,0.027366109480219,-0.1848495831823124,0.2326242888943853,0.0343236227285838,200,78.05117591700014
37,3143487523,48010,14403,24005,18700,18916,10394,3834,4049,6520,4197,8193,11615,11,0.4179653064987933,0.3953759633409706,0.3684940890027355,0.3616515622432437,0.3164164879675959,0.2928109361650189,0.4962548428755919,1328,1373,1496,2303,2399,3491,2759,3092,5764,39,0.4161388623163728,0.3792543220162466,0.3337551057320287,0.3331522306592739,0.2006194901119847,0.3031856462834126,0.4974601808006887,842,1384,1971,1175,2484,4534,2492,3345,5778,-0.0347389832707068,-0.1157969978556111,0.0103747101183937,0.0012053379250968,200,78.19745812500014
38,1836839349,48010,14403,24005,15667,14875,17468,5735,4784,3884,8409,7902,7694,11,0.4157828274255505,0.4233701312226619,0.4246261961955467,0.3928008516711077,0.4674753240575574,0.1323715515059478,0.6740317130231349,3931,1205,3273,2529,1046,4327,1189,1319,5186,39,0.4052686150240868,0.3590085398875234,0.3648039340176676,0.3235824186026722,0.2348674039719348,0.1426221209820298,0.7169222770990382,1975,1109,5325,1494,1127,5281,769,1409,5516,-0.059822262177879,-0.2326079200856225,0.0102505694760819,0.0428905640759033,200,78.19761179200009
39,2191034984,48010,14403,24005,11331,14983,21696,5645,4181,4577,6592,7938,9475,11,0.4399216751280059,0.4696104978129556,0.4637814091095609,0.4630474097531977,0.4487257281553398,0.4009826152683295,0.5416358839050132,2958,2150,1484,2442,3183,2313,1811,2532,5132,39,0.3655587944474817,0.4423661737138096,0.4137131681476507,0.3974113600049287,0.2695691747572815,0.236583522297808,0.7349868073878628,1777,1817,2998,1535,1878,4525,1092,1419,6964,-0.0500682409619101,-0.1791565533980582,-0.1643990929705215,0.1933509234828496,200,78.50299641700008
40,954646438,48010,14403,24005,17974,11423,18613,6110,5716,2577,8462,6980,8563,11,0.4574658365878055,0.4287440116642366,0.411472984871213,0.3957131940824872,0.4608839517844481,0.1464183381088825,0.6271166647203082,3900,1580,2982,2358,1022,3600,1396,1797,5370,39,0.4458825367783934,0.4007498437825453,0.391377156731605,0.3838214772634755,0.3301819900732687,0.2531518624641833,0.590797617657363,2794,2362,3306,2249,1767,2964,1314,2190,5059,-0.0200958281396079,-0.1307019617111794,0.1067335243553008,-0.0363190470629452,200,78.13156433299991
41,1086479476,48010,14403,24005,19968,14537,13505,5609,4202,4592,4631,10081,9293,11,0.410748484894156,0.4156217454696938,0.4084826891158366,0.3753050049470814,0.3362124811055927,0.1983930165658168,0.6908425696761002,1557,670,2404,2582,2000,5499,2107,766,6420,39,0.4197874514262138,0.4373672151635076,0.4140419903902887,0.4039410659508202,0.2796372273806953,0.3294316040075389,0.6330571397826321,1295,1366,1970,1784,3321,4976,1430,1980,5883,0.0055593012744521,-0.0565752537248974,0.1310385874417221,-0.0577854298934681,200,80.28357645900019
42,1373004360,48010,14403,24005,19153,12940,15917,4185,7374,2844,5005,10435,8565,11,0.4281303888786693,0.4345344719850031,0.4752309365903485,0.4304169055150022,0.6273726273726273,0.242453282223287,0.5558669001751313,3140,633,1232,3234,2530,4671,2141,1663,4761,39,0.4163415579190692,0.4069985419704228,0.4296912427202766,0.386290147901279,0.4533466533466533,0.1834211787254432,0.6523058960887332,2269,711,2025,3632,1914,4889,1559,1419,5587,-0.0455396938700718,-0.1740259740259739,-0.0590321034978437,0.0964389959136019,200,80.888033167
43,1584559146,48010,14403,24005,15440,16870,15700,5897,5820,2686,6906,6417,10682,11,0.4319338209538473,0.4913143095188502,0.4725275298873035,0.4724007194062626,0.5754416449464234,0.2756739909615085,0.5664669537539787,3974,1737,1195,2159,1769,2489,1132,3499,6051,39,0.368699373637289,0.4279108519058529,0.4356165945314539,0.430439423377518,0.4609035621198957,0.4565996571606669,0.3893465643137989,3183,2291,1432,2224,2930,1263,1174,5349,4159,-0.0369109353558496,-0.1145380828265276,0.1809256661991584,-0.1771203894401797,200,81.01270966699985
44,3323231533,48010,14403,24005,17966,13438,16606,2414,5756,6233,7741,7237,9027,11,0.4337551126415256,0.4898146219537596,0.472140690173807,0.4517818902774734,0.5534168712052706,0.1767306895122288,0.6862745098039216,4284,1092,2365,2861,1279,3097,1536,1296,6195,39,0.3890968078760482,0.4389502187044365,0.421757820814552,0.4090361211967277,0.3936183955561297,0.211413569158491,0.6602414977290351,3047,1292,3402,2712,1530,2995,1454,1613,5960,-0.050382869359255,-0.1597984756491409,0.0346828796462622,-0.0260330120748865,200,80.33466112499991
45,320324471,48010,14403,24005,19005,14584,14421,4257,4425,5721,4227,13642,6136,11,0.4703181271551521,0.4006665278067069,0.4746004086606548,0.4021211305988386,0.6273953158268275,0.2770121683037678,0.519393741851369,2652,749,826,5412,3779,4451,1506,1443,3187,39,0.4409593959914037,0.3647156842324516,0.4016993499447691,0.3566474350044024,0.3692926425360776,0.2751795924351268,0.560625814863103,1561,608,2058,2928,3754,6960,1195,1501,3440,-0.0729010587158856,-0.2581026732907499,-0.0018325758686409,0.041232073011734,200,80.50879200000008
46,1965164083,48010,14403,24005,18201,16519,13290,4226,4491,5686,8174,6958,8873,11,0.4260337994126315,0.4380337429702145,0.4277300374981119,0.4265564747693052,0.3995595791534133,0.3088531187122736,0.5747774146286487,3266,2597,2311,2367,2149,2442,1383,2390,5100,39,0.3668791790714647,0.4364923974172047,0.4140682247706428,0.39125683166985,0.3846342060190849,0.1437194596148318,0.713851008678012,3144,1421,3609,1648,1000,4310,1558,981,6334,-0.013661812727469,-0.0149253731343284,-0.1651336590974418,0.1390735940493632,200,80.54165487500018
47,3754333007,48010,14403,24005,10922,15977,21111,3874,4645,5884,7783,7150,9072,11,0.4402622327091374,0.4320349927098521,0.4150794738023313,0.4047206733185902,0.2700758062443787,0.3005594405594405,0.6746031746031746,2102,3306,2375,1893,2149,3108,1989,963,6120,39,0.4230911285477501,0.4172880649864611,0.3989869175756508,0.3866998783385074,0.2956443530772196,0.2397202797202797,0.6615961199294532,2301,1714,3768,1550,1714,3886,1763,1307,6002,-0.0160925562266804,0.0255685468328408,-0.0608391608391608,-0.0130070546737214,200,79.67826441600005
48,3015000268,48010,14403,24005,16171,16044,15795,2591,5776,6036,8225,7296,8484,11,0.4632914045262377,0.4411580920641533,0.434739507135404,0.4301970907040569,0.3841945288753799,0.316063596491228,0.6039603960396039,3160,2537,2528,1846,2306,3144,1403,1957,5124,39,0.4499992330198756,0.4051239325140596,0.3993261039729792,0.3889763862061423,0.2589665653495441,0.3127741228070175,0.6262376237623762,2130,2180,3915,762,2282,4252,487,2684,5313,-0.0354134031624248,-0.1252279635258358,-0.0032894736842105,0.0222772277227722,200,80.0947182079999
49,3650631629,48010,14403,24005,16501,13342,18167,4929,4910,4564,7749,7629,8627,11,0.449728213665834,0.4424911476775672,0.4385658582994381,0.4354102566428454,0.4925796877016389,0.2966312753965133,0.5264866118001623,3817,2118,1814,2713,2263,2653,1834,2251,4542,39,0.453031058738691,0.4334097063111852,0.4238305199864901,0.4138699002148898,0.3333333333333333,0.2730370952942718,0.6651211313318651,2583,1600,3566,1892,2083,3654,513,2376,5738,-0.014735338312948,-0.1592463543683056,-0.0235941801022414,0.1386345195317028,200,79.62684829099999
50,185234551,48010,14403,24005,15531,13060,19419,7475,2612,4316,8701,7645,7659,11,0.4398439490804182,0.4203290981045615,0.4239894013204722,0.414549863959136,0.3383519135731525,0.3262262916939176,0.6073899986943465,2944,2554,3203,1123,2494,4028,931,2076,4652,39,0.4128859179772761,0.4155800874817746,0.4175936887356055,0.4054581388005912,0.3692679002413516,0.2733812949640288,0.6101318710014362,3213,2661,2827,2041,2090,3514,1732,1254,4673,-0.0063957125848666,0.030915986668199,-0.0528449967298887,0.0027418723070896,200,79.74853808300008
