scenario,replication,seed,model_family,representation,placebo_repeat,n_features,n_train_windows,n_validation_windows,n_test_windows,selected_setting,validation_ba,test_ba,test_macro_f1,test_roc_auc_ovr,test_log_loss,test_brier
a_scale,1,2904004909,logistic,b1,0,14,29510,14755,14755,C=1.0,0.7084136979094446,0.7678284112516343,0.7703863087458553,0.9048881865288502,0.6069049082248625,0.3211625680192198
a_scale,1,2904004909,logistic,b2,0,29,29510,14755,14755,C=1.0,0.7085195907406346,0.7616487474538914,0.7637121740161907,0.9014684903033897,0.6143953799153684,0.32484657006922
a_scale,1,2904004909,logistic,b3,0,40,29510,14755,14755,C=0.1,0.711509603462483,0.7491010170108995,0.7515998383294157,0.8989577202481565,0.6109676922376425,0.3277872801489326
a_scale,1,2904004909,logistic,b3_signature,0,79,29510,14755,14755,C=1.0,0.7272266805693315,0.7629014133527551,0.7639840356942239,0.9007921646548902,0.6064760093064092,0.3157514016904881
a_scale,1,2904004909,logistic,block_shuffled_signature,1,39,29510,14755,14755,C=1.0,0.7230658333118368,0.7877880559408891,0.7870933010757538,0.8994212649944681,0.6195814952615034,0.3212724330376047
a_scale,1,2904004909,logistic,block_shuffled_signature,2,39,29510,14755,14755,C=0.1,0.7239178012772413,0.7839128532052494,0.784308784489299,0.8979473465698723,0.6401027841368593,0.32514587748948065
a_scale,1,2904004909,logistic,block_shuffled_signature,3,39,29510,14755,14755,C=1.0,0.7222592126013225,0.7908325956380562,0.7902754396609065,0.899336315384244,0.6208710656767465,0.3211058875456447
a_scale,1,2904004909,logistic,shuffled_signature,1,39,29510,14755,14755,C=1.0,0.7235333874159277,0.7897304232134518,0.7890679545365037,0.8988814233739711,0.6208766718405548,0.32134305654482304
a_scale,1,2904004909,logistic,shuffled_signature,2,39,29510,14755,14755,C=1.0,0.7247589418345685,0.7885116464537832,0.7877097453762124,0.898865411213211,0.6205423658956888,0.3213675581846943
a_scale,1,2904004909,logistic,shuffled_signature,3,39,29510,14755,14755,C=1.0,0.7219813882175551,0.7904392321620831,0.7894650367515729,0.8986322838196553,0.6211876104972884,0.321725462133023
a_scale,1,2904004909,logistic,signature,0,39,29510,14755,14755,C=1.0,0.7359806073852296,0.7750100960010208,0.7752490649382505,0.906963529571409,0.5971335646588541,0.31081064914531853
a_scale,1,2904004909,random_forest,b1,0,14,29510,14755,14755,max_depth=4,0.7254133965064012,0.8053981753701329,0.8034230160527346,0.9084446428765945,0.5710529446210763,0.3066989631517102
a_scale,1,2904004909,random_forest,b2,0,29,29510,14755,14755,max_depth=4,0.7248154480117343,0.805737263725479,0.8033595839516249,0.9094079935795912,0.5751741262621755,0.30808344871113225
a_scale,1,2904004909,random_forest,b3,0,40,29510,14755,14755,max_depth=4,0.7254765651329388,0.8114359746602972,0.8084598205303762,0.9099297913751722,0.5674013558805783,0.30272339113744645
a_scale,1,2904004909,random_forest,b3_signature,0,79,29510,14755,14755,max_depth=4,0.725674499211102,0.8112636404794475,0.8095858512194788,0.9098533093751201,0.5625335344693718,0.2999348938231058
a_scale,1,2904004909,random_forest,block_shuffled_signature,1,39,29510,14755,14755,max_depth=4,0.721455121091421,0.7998753943366065,0.7987550713538317,0.9037153282484761,0.5782392252203594,0.3093255755057941
a_scale,1,2904004909,random_forest,block_shuffled_signature,2,39,29510,14755,14755,max_depth=4,0.7209869604976702,0.7971127534298862,0.7971603669821512,0.9041449180347473,0.5780189848769928,0.3090562905910801
a_scale,1,2904004909,random_forest,block_shuffled_signature,3,39,29510,14755,14755,max_depth=4,0.7182993851592498,0.7994990340565064,0.7990531117168439,0.9040385141253756,0.5774017791628369,0.3086575276969685
a_scale,1,2904004909,random_forest,shuffled_signature,1,39,29510,14755,14755,max_depth=4,0.7219065135983027,0.799938883284693,0.798948040342891,0.9037454869732482,0.5785280384642727,0.3093167467099662
a_scale,1,2904004909,random_forest,shuffled_signature,2,39,29510,14755,14755,max_depth=4,0.7198761998405568,0.7998707942357298,0.7995240276823791,0.9044059327877308,0.5770548652482224,0.3082254551460974
a_scale,1,2904004909,random_forest,shuffled_signature,3,39,29510,14755,14755,max_depth=4,0.7217382583807416,0.7992327707873538,0.7985832091498425,0.9041531799914599,0.5776669407820765,0.3089278976394569
a_scale,1,2904004909,random_forest,signature,0,39,29510,14755,14755,max_depth=4,0.7288470460188745,0.8032452710364058,0.8019951629631215,0.9088917552492531,0.5657793049586577,0.3025323827925919
a_scale,2,3100065019,logistic,b1,0,14,29510,14755,14755,C=0.01,0.70041185052483,0.7871446292388855,0.7829941379045634,0.9112092250265652,0.6293646810472506,0.33765319834011837
a_scale,2,3100065019,logistic,b2,0,29,29510,14755,14755,C=1.0,0.6830646278597303,0.7838718790335321,0.7795797826251376,0.908693964719055,0.5884441730011897,0.31768910675751955
a_scale,2,3100065019,logistic,b3,0,40,29510,14755,14755,C=0.01,0.6825816079877912,0.7731702326746213,0.7729121160387097,0.9023706836974457,0.6325382606952163,0.33586173273678244
a_scale,2,3100065019,logistic,b3_signature,0,79,29510,14755,14755,C=0.1,0.688322136287661,0.7809278782185339,0.7785415781187798,0.9081315106594384,0.6022493498109028,0.3155213175438681
a_scale,2,3100065019,logistic,block_shuffled_signature,1,39,29510,14755,14755,C=0.01,0.6959268984397858,0.7807115022529834,0.7788485559799736,0.9093182769240881,0.6087897386691989,0.3265695493924076
a_scale,2,3100065019,logistic,block_shuffled_signature,2,39,29510,14755,14755,C=0.01,0.6966875452848408,0.7856749868621793,0.7828843244324434,0.9101477274165831,0.6083701147746745,0.3253220531878841
a_scale,2,3100065019,logistic,block_shuffled_signature,3,39,29510,14755,14755,C=0.01,0.6953178868879087,0.7819331029096769,0.7801957544162222,0.9099382082196238,0.6053072351310539,0.3258425054171636
a_scale,2,3100065019,logistic,shuffled_signature,1,39,29510,14755,14755,C=0.01,0.6972180558672186,0.7833724625036663,0.7810130160500534,0.9104340996617224,0.6060989436320764,0.3251324405670643
a_scale,2,3100065019,logistic,shuffled_signature,2,39,29510,14755,14755,C=0.01,0.6957973999147296,0.7834982678984629,0.7809736546277651,0.9102166465634296,0.6072397815389795,0.32578680619007594
a_scale,2,3100065019,logistic,shuffled_signature,3,39,29510,14755,14755,C=0.01,0.6968788771563846,0.7847747254497196,0.7823061046038958,0.9101902871369552,0.6053644045063472,0.32545032509842886
a_scale,2,3100065019,logistic,signature,0,39,29510,14755,14755,C=0.01,0.7098960162350959,0.7923598616222015,0.7899766690840927,0.9158079695249711,0.5950249737251582,0.3158499473752796
a_scale,2,3100065019,random_forest,b1,0,14,29510,14755,14755,max_depth=4,0.7043074498583817,0.8030912374390154,0.791888572612469,0.9124335538034357,0.5557516771311273,0.3003143153704901
a_scale,2,3100065019,random_forest,b2,0,29,29510,14755,14755,max_depth=6,0.7046488007163525,0.8026222586900036,0.7925645508447836,0.9123637838501581,0.5564705128292774,0.3005065265787429
a_scale,2,3100065019,random_forest,b3,0,40,29510,14755,14755,max_depth=4,0.7032064469123495,0.8039514547410702,0.7960915656734441,0.9125783936387489,0.5589439164119064,0.3020017805982565
a_scale,2,3100065019,random_forest,b3_signature,0,79,29510,14755,14755,max_depth=6,0.7053514933229327,0.8060904681128438,0.7977722341687211,0.914930973082784,0.5478068244829791,0.29517498367669226
a_scale,2,3100065019,random_forest,block_shuffled_signature,1,39,29510,14755,14755,max_depth=6,0.6967606164784744,0.7944619117539089,0.7870744053760305,0.9077460409543735,0.5689753218321695,0.30816490762177556
a_scale,2,3100065019,random_forest,block_shuffled_signature,2,39,29510,14755,14755,max_depth=4,0.6965152095469417,0.7952502843641484,0.7869789685414134,0.9075733463195199,0.568378630918858,0.30888676601797027
a_scale,2,3100065019,random_forest,block_shuffled_signature,3,39,29510,14755,14755,max_depth=6,0.6967100841091787,0.7934451454358028,0.7858603756785897,0.9080116435650654,0.569493105095899,0.30849986376256505
a_scale,2,3100065019,random_forest,shuffled_signature,1,39,29510,14755,14755,max_depth=6,0.6975313362881467,0.7940305629657421,0.785808330867607,0.9081406003582909,0.5687577593422628,0.30791421795905616
a_scale,2,3100065019,random_forest,shuffled_signature,2,39,29510,14755,14755,max_depth=6,0.6969347124494792,0.7949022753620137,0.7862097383820501,0.9077129704239021,0.5699387864582625,0.30915488710371436
a_scale,2,3100065019,random_forest,shuffled_signature,3,39,29510,14755,14755,max_depth=6,0.6953465420143168,0.792299253296164,0.7845902869724641,0.9069296683352421,0.5716813312276737,0.3094303169765862
a_scale,2,3100065019,random_forest,signature,0,39,29510,14755,14755,max_depth=6,0.7019817917683059,0.796881925083921,0.7894621395599973,0.9144525905778953,0.5482099375004407,0.29711919021107036
a_scale,3,1465283379,logistic,b1,0,14,29510,14755,14755,C=1.0,0.7311892692964367,0.6654466592471923,0.6501246490089068,0.8374808371021016,0.6702127362498719,0.39184939219076376
a_scale,3,1465283379,logistic,b2,0,29,29510,14755,14755,C=1.0,0.7235724605863109,0.6686636648769199,0.6538722427299223,0.8357779217461854,0.6828069911209607,0.39704116122332694
a_scale,3,1465283379,logistic,b3,0,40,29510,14755,14755,C=1.0,0.7301375562992686,0.6672493062513322,0.6541644992656742,0.8351883830586709,0.6862879970807043,0.3983531947048657
a_scale,3,1465283379,logistic,b3_signature,0,79,29510,14755,14755,C=1.0,0.7407301155819073,0.6726295203111095,0.6611353386551143,0.8423717033188497,0.6777203339248797,0.39137065546842786
a_scale,3,1465283379,logistic,block_shuffled_signature,1,39,29510,14755,14755,C=1.0,0.7580741017559952,0.6922051391178362,0.6765745546353436,0.8405798119202935,0.6676127857151901,0.3861400558490436
a_scale,3,1465283379,logistic,block_shuffled_signature,2,39,29510,14755,14755,C=1.0,0.7578298177894758,0.6915368590984287,0.6765143882176151,0.8408773871641572,0.6675080866488602,0.38639547300181437
a_scale,3,1465283379,logistic,block_shuffled_signature,3,39,29510,14755,14755,C=1.0,0.7591578945401668,0.6939380237278355,0.6787454789812589,0.8399636545925548,0.6680825347193914,0.38656697494149145
a_scale,3,1465283379,logistic,shuffled_signature,1,39,29510,14755,14755,C=1.0,0.7586603035261893,0.6904306404402273,0.6756180740287231,0.8404695954062055,0.6683321126518431,0.3866854886039853
a_scale,3,1465283379,logistic,shuffled_signature,2,39,29510,14755,14755,C=1.0,0.7573572521537679,0.6914677025131142,0.6763633320365169,0.8398364916928928,0.6685323506692538,0.38713484272326537
a_scale,3,1465283379,logistic,shuffled_signature,3,39,29510,14755,14755,C=1.0,0.7577506539255752,0.6917490467966894,0.6769808300200849,0.8406059439202817,0.6676148247089239,0.3862238467158694
a_scale,3,1465283379,logistic,signature,0,39,29510,14755,14755,C=1.0,0.7567005108533479,0.7004271559345016,0.6840666597850369,0.849473221680229,0.6545076987633917,0.3806477106124582
a_scale,3,1465283379,random_forest,b1,0,14,29510,14755,14755,max_depth=6,0.7637026153388707,0.6838517858768425,0.6708124166523338,0.8438150219248866,0.679758562898224,0.4012701465369405
a_scale,3,1465283379,random_forest,b2,0,29,29510,14755,14755,max_depth=6,0.7632276070913533,0.6811486576623884,0.6703676507948866,0.8403390465227002,0.68088576351694,0.39872268777259146
a_scale,3,1465283379,random_forest,b3,0,40,29510,14755,14755,max_depth=6,0.7592461065491197,0.6761852852033726,0.6702114029068902,0.8413765137050673,0.6790956995522621,0.396742091618492
a_scale,3,1465283379,random_forest,b3_signature,0,79,29510,14755,14755,max_depth=6,0.7607909491480235,0.6911861073205015,0.6811490840000857,0.8485917052379853,0.6689578255866993,0.3905262712943092
a_scale,3,1465283379,random_forest,block_shuffled_signature,1,39,29510,14755,14755,max_depth=6,0.7575895463597068,0.6888364186739216,0.6747525683737999,0.8434282872325358,0.6926738857180337,0.40691084121444454
a_scale,3,1465283379,random_forest,block_shuffled_signature,2,39,29510,14755,14755,max_depth=6,0.758823491413496,0.6869268328015288,0.6729551591297939,0.842677946062619,0.6944807650898495,0.40841182548238103
a_scale,3,1465283379,random_forest,block_shuffled_signature,3,39,29510,14755,14755,max_depth=6,0.7599037820574145,0.6892326292657013,0.6743577041066237,0.8436441648912224,0.6929964141465852,0.40715814209017215
a_scale,3,1465283379,random_forest,shuffled_signature,1,39,29510,14755,14755,max_depth=6,0.7566013435481446,0.686038087409586,0.6724890901032029,0.8440150871840603,0.6931051625679612,0.4069691646124433
a_scale,3,1465283379,random_forest,shuffled_signature,2,39,29510,14755,14755,max_depth=10,0.754989463559268,0.6847625790092375,0.6729974168300302,0.8377852781478544,0.6965147816089183,0.40507075000823733
a_scale,3,1465283379,random_forest,shuffled_signature,3,39,29510,14755,14755,max_depth=6,0.756503285899612,0.6872071346782413,0.6728902677887455,0.8425558877594068,0.6939684563451526,0.40752142222710364
a_scale,3,1465283379,random_forest,signature,0,39,29510,14755,14755,max_depth=6,0.765813357775857,0.69819552900967,0.6843521821845143,0.8497429187885084,0.6728071459472433,0.395041161640528
a_scale,4,83492943,logistic,b1,0,14,29510,14755,14755,C=0.1,0.7692542365364302,0.8080822318663848,0.8036302530949131,0.9259936692440117,0.5300943993392931,0.2768642066658603
a_scale,4,83492943,logistic,b2,0,29,29510,14755,14755,C=0.1,0.7637752861438476,0.803878714672011,0.8001839877020528,0.923543297369628,0.5377006293285915,0.2811427747787926
a_scale,4,83492943,logistic,b3,0,40,29510,14755,14755,C=1.0,0.7547662443161262,0.8043019387959047,0.8001443274172907,0.9255003673597274,0.5320654678883034,0.27768232243910707
a_scale,4,83492943,logistic,b3_signature,0,79,29510,14755,14755,C=1.0,0.7518188903359059,0.8115034913652991,0.8057045072175404,0.928474103790994,0.5296112194588172,0.26896294491669365
a_scale,4,83492943,logistic,block_shuffled_signature,1,39,29510,14755,14755,C=1.0,0.7528576159910009,0.8036828145929612,0.798418434316004,0.9233388292622284,0.5397870348297742,0.27877560902649856
a_scale,4,83492943,logistic,block_shuffled_signature,2,39,29510,14755,14755,C=1.0,0.7526166835958259,0.802680254807549,0.7973642432546,0.923816312290465,0.5392314445947741,0.2785691087468741
a_scale,4,83492943,logistic,block_shuffled_signature,3,39,29510,14755,14755,C=0.1,0.7538310007447847,0.7938199302444634,0.7897233293847927,0.9210668056877944,0.5574791960930956,0.28589391889885685
a_scale,4,83492943,logistic,shuffled_signature,1,39,29510,14755,14755,C=1.0,0.750947914639358,0.803293794364575,0.7979672304387351,0.9227814186926538,0.5421249755713977,0.27969256559314787
a_scale,4,83492943,logistic,shuffled_signature,2,39,29510,14755,14755,C=0.1,0.7529833573364183,0.7929985264580203,0.7891609710325596,0.9213337888137637,0.555891698392114,0.2855956274983678
a_scale,4,83492943,logistic,shuffled_signature,3,39,29510,14755,14755,C=0.1,0.7510938128157273,0.7915515395705598,0.7877762250524736,0.92114691503787,0.5561423877986877,0.2860556356505975
a_scale,4,83492943,logistic,signature,0,39,29510,14755,14755,C=1.0,0.7553180066298625,0.8142613627942344,0.808818287797155,0.9295440967454565,0.5195135203857216,0.2682640171356021
a_scale,4,83492943,random_forest,b1,0,14,29510,14755,14755,max_depth=6,0.7440086519764169,0.8188472645854844,0.8119265038581527,0.9285957843178861,0.49700371500345275,0.2612055713278657
a_scale,4,83492943,random_forest,b2,0,29,29510,14755,14755,max_depth=6,0.738458332068478,0.8205023412786326,0.8139239378952942,0.9280078591174377,0.49771227409014135,0.26161617372110046
a_scale,4,83492943,random_forest,b3,0,40,29510,14755,14755,max_depth=10,0.7318382313684874,0.8174305124887414,0.8109449930059222,0.9252939581899694,0.5048736908630879,0.26437490911203637
a_scale,4,83492943,random_forest,b3_signature,0,79,29510,14755,14755,max_depth=6,0.7382168678592231,0.8230739868915227,0.8167560293057284,0.9289884156093069,0.4933623512115439,0.2589334510191281
a_scale,4,83492943,random_forest,block_shuffled_signature,1,39,29510,14755,14755,max_depth=10,0.722340559991923,0.8027397972974123,0.7983648016586731,0.9198655334246558,0.5272973255099063,0.27685568681127193
a_scale,4,83492943,random_forest,block_shuffled_signature,2,39,29510,14755,14755,max_depth=10,0.7262173011853298,0.8022767472410011,0.7978793912952579,0.9189351207151977,0.5300972855906285,0.2776848564962554
a_scale,4,83492943,random_forest,block_shuffled_signature,3,39,29510,14755,14755,max_depth=10,0.7240531519157836,0.8031927265497171,0.7986874597840998,0.9194164665408331,0.5281809379676206,0.2768456232478396
a_scale,4,83492943,random_forest,shuffled_signature,1,39,29510,14755,14755,max_depth=10,0.7214430928615365,0.8011250761990878,0.7968541515873464,0.9194865160670904,0.5298857650260599,0.27721860019668676
a_scale,4,83492943,random_forest,shuffled_signature,2,39,29510,14755,14755,max_depth=10,0.7208544905344288,0.8028827911329675,0.7986747212789993,0.919675023658424,0.5280378583865465,0.2765440759057022
a_scale,4,83492943,random_forest,shuffled_signature,3,39,29510,14755,14755,max_depth=10,0.7225129194253981,0.804104578850254,0.7996725860586337,0.9199489346855129,0.5283231467024242,0.2767810359760847
a_scale,4,83492943,random_forest,signature,0,39,29510,14755,14755,max_depth=6,0.7317571630577239,0.81189462651533,0.8065959403448151,0.9289578989702987,0.4981114001096758,0.26418632718672314
a_scale,5,3833324148,logistic,b1,0,14,29510,14755,14755,C=0.01,0.6751099253828885,0.7356879716416188,0.7328146642539103,0.8816352812897418,0.6551008732167645,0.3780909425747521
a_scale,5,3833324148,logistic,b2,0,29,29510,14755,14755,C=1.0,0.6602307933571298,0.7375478874355362,0.7377513199205752,0.880210672859974,0.6418730602876405,0.3647207360326859
a_scale,5,3833324148,logistic,b3,0,40,29510,14755,14755,C=0.1,0.6580043836158965,0.7276811617181845,0.7264302561813056,0.8801353241908002,0.643332960500531,0.3671879456651564
a_scale,5,3833324148,logistic,b3_signature,0,79,29510,14755,14755,C=1.0,0.6648918454265497,0.7481020596786295,0.74861572975394,0.8867857125957584,0.6390530388538745,0.3520404091656261
a_scale,5,3833324148,logistic,block_shuffled_signature,1,39,29510,14755,14755,C=0.01,0.6731735087549957,0.7223740235441252,0.7208392703908254,0.875094113566758,0.6497485443774402,0.37433378048139726
a_scale,5,3833324148,logistic,block_shuffled_signature,2,39,29510,14755,14755,C=1.0,0.6744786282076062,0.7400327822852777,0.7426461079819616,0.883331173042646,0.627826026873479,0.35449702130331256
a_scale,5,3833324148,logistic,block_shuffled_signature,3,39,29510,14755,14755,C=1.0,0.6734795691356661,0.7418204369538667,0.7444706197947526,0.8832090535326061,0.6285434664293018,0.35466306377845125
a_scale,5,3833324148,logistic,shuffled_signature,1,39,29510,14755,14755,C=0.01,0.6747695440354252,0.7246791973563402,0.7234775926519689,0.8749057966585418,0.651180083184688,0.3750590912864056
a_scale,5,3833324148,logistic,shuffled_signature,2,39,29510,14755,14755,C=0.01,0.6742897926837087,0.7241187600198374,0.7227193440935458,0.8753214190987921,0.6493211775090766,0.374166849362077
a_scale,5,3833324148,logistic,shuffled_signature,3,39,29510,14755,14755,C=0.01,0.674386798057999,0.725193816981451,0.7240144999123689,0.8749174196476837,0.6507754473262553,0.37478143007262943
a_scale,5,3833324148,logistic,signature,0,39,29510,14755,14755,C=1.0,0.678497330587014,0.7478717605726034,0.74985525967745,0.8884786481579087,0.6197780154068662,0.34755577688375294
a_scale,5,3833324148,random_forest,b1,0,14,29510,14755,14755,max_depth=10,0.6807757332832018,0.7555808253309917,0.759091698904505,0.8866156422492404,0.6107146897213421,0.3476595169290767
a_scale,5,3833324148,random_forest,b2,0,29,29510,14755,14755,max_depth=6,0.675300666512774,0.762713119343479,0.767308446074364,0.894652079009758,0.5884509814630697,0.33562024032600885
a_scale,5,3833324148,random_forest,b3,0,40,29510,14755,14755,max_depth=6,0.6775310479380661,0.7620478950349483,0.7667687411369096,0.8939264072299867,0.5882400227528168,0.33469417367282595
a_scale,5,3833324148,random_forest,b3_signature,0,79,29510,14755,14755,max_depth=6,0.6844604330804535,0.7640519402653877,0.7679736951985009,0.8972192980639287,0.5821982412938379,0.3310953815729255
a_scale,5,3833324148,random_forest,block_shuffled_signature,1,39,29510,14755,14755,max_depth=6,0.6775798715693776,0.7513106638018779,0.7542780939791992,0.8898933034871491,0.6066609932201966,0.3454515677221821
a_scale,5,3833324148,random_forest,block_shuffled_signature,2,39,29510,14755,14755,max_depth=6,0.6799696619503118,0.7519775191046936,0.7553261683758499,0.8897285516808888,0.6078713731836756,0.3462220822272814
a_scale,5,3833324148,random_forest,block_shuffled_signature,3,39,29510,14755,14755,max_depth=6,0.6789152199506597,0.7518640970301164,0.7551771245688993,0.8897314406245441,0.6069835407934288,0.34565715625257054
a_scale,5,3833324148,random_forest,shuffled_signature,1,39,29510,14755,14755,max_depth=6,0.6802413411871578,0.754512173786876,0.7578810509753658,0.8903222478247814,0.6073429767919781,0.3458793588076458
a_scale,5,3833324148,random_forest,shuffled_signature,2,39,29510,14755,14755,max_depth=6,0.6794006881203399,0.7542930397988067,0.7575441948802412,0.8899017678493565,0.607300523322341,0.3451377581618728
a_scale,5,3833324148,random_forest,shuffled_signature,3,39,29510,14755,14755,max_depth=6,0.6772081179296502,0.7520415374404804,0.7551507081719514,0.8892202503876177,0.6088690610612851,0.346581172648998
a_scale,5,3833324148,random_forest,signature,0,39,29510,14755,14755,max_depth=6,0.6843622843425704,0.7545359468699564,0.7576528072942855,0.8959791372498976,0.5914157150757949,0.33683145373559703
a_scale,6,3269823904,logistic,b1,0,14,29510,14755,14755,C=1.0,0.7326533980186941,0.7069030381253681,0.7047296762551761,0.854169532464156,0.7308654474050474,0.4238942155237465
a_scale,6,3269823904,logistic,b2,0,29,29510,14755,14755,C=1.0,0.7188517565401463,0.700463614280547,0.6978847515631394,0.8495950533208093,0.7430113270171138,0.42777820879868356
a_scale,6,3269823904,logistic,b3,0,40,29510,14755,14755,C=0.1,0.7030777002974493,0.7003630129901045,0.6977278980397843,0.8522011117438492,0.7359153274204269,0.4242648823669152
a_scale,6,3269823904,logistic,b3_signature,0,79,29510,14755,14755,C=0.01,0.7161040105618947,0.7192236505839832,0.7152286338998209,0.8625082884472152,0.7213658614740726,0.41204626509315007
a_scale,6,3269823904,logistic,block_shuffled_signature,1,39,29510,14755,14755,C=0.1,0.7343637516757573,0.7055491881332435,0.7049547233433328,0.8451882235581927,0.7584876092814128,0.4339883710790043
a_scale,6,3269823904,logistic,block_shuffled_signature,2,39,29510,14755,14755,C=0.1,0.7331082828694161,0.7049175315698607,0.7042249591970838,0.8449812359819031,0.7587436467024437,0.43409573036857074
a_scale,6,3269823904,logistic,block_shuffled_signature,3,39,29510,14755,14755,C=0.1,0.7330803862301377,0.7057509957503195,0.7047369615000741,0.8447265731451307,0.7616055891747524,0.43447266523679773
a_scale,6,3269823904,logistic,shuffled_signature,1,39,29510,14755,14755,C=0.1,0.7337594520173273,0.7069172487187552,0.7065504233834249,0.845719405806281,0.7554140947186283,0.43276610995770987
a_scale,6,3269823904,logistic,shuffled_signature,2,39,29510,14755,14755,C=0.1,0.7330930033906898,0.7074924531684043,0.7066646944236151,0.8448624003493657,0.7572949839428934,0.4342929491864558
a_scale,6,3269823904,logistic,shuffled_signature,3,39,29510,14755,14755,C=0.1,0.734894799020488,0.7062082792101779,0.7058431957468209,0.8452416280141869,0.7574141106757106,0.43413023963849756
a_scale,6,3269823904,logistic,signature,0,39,29510,14755,14755,C=0.1,0.7444296166804212,0.7100266496793758,0.7097172874467929,0.8559032032718726,0.7359577749603304,0.42026324787050146
a_scale,6,3269823904,random_forest,b1,0,14,29510,14755,14755,max_depth=10,0.7088602731446859,0.6888634195459166,0.6904833294951481,0.8426461031653951,0.7588164365424552,0.43511739149796136
a_scale,6,3269823904,random_forest,b2,0,29,29510,14755,14755,max_depth=10,0.7033158598606454,0.6917616304488833,0.6932327840968876,0.8424090408660553,0.7595066988606464,0.43877657635823164
a_scale,6,3269823904,random_forest,b3,0,40,29510,14755,14755,max_depth=10,0.7040158950748557,0.6933071159207116,0.6950933371209732,0.8452795188692495,0.755830989680567,0.4352913136239074
a_scale,6,3269823904,random_forest,b3_signature,0,79,29510,14755,14755,max_depth=10,0.7172555417082123,0.6954412141073858,0.6965984389563039,0.8500567311863744,0.745284326450324,0.4300663727914297
a_scale,6,3269823904,random_forest,block_shuffled_signature,1,39,29510,14755,14755,max_depth=10,0.7025545995502682,0.6773134394035231,0.6785796264341459,0.8308185673256284,0.7854281018332412,0.4508697353436846
a_scale,6,3269823904,random_forest,block_shuffled_signature,2,39,29510,14755,14755,max_depth=10,0.7014915393372919,0.6753785476021946,0.6758981678948195,0.8297690009817522,0.786612623191966,0.4518445964973345
a_scale,6,3269823904,random_forest,block_shuffled_signature,3,39,29510,14755,14755,max_depth=4,0.7065955320279925,0.6781759643236646,0.6831230575038768,0.8370687204744893,0.762650407279594,0.4493369962772176
a_scale,6,3269823904,random_forest,shuffled_signature,1,39,29510,14755,14755,max_depth=6,0.70345991864908,0.6766056412287719,0.6799724498478662,0.8369936646639178,0.7623089133109925,0.44472312023090566
a_scale,6,3269823904,random_forest,shuffled_signature,2,39,29510,14755,14755,max_depth=10,0.7035866180440347,0.6753450032372114,0.6764773012570432,0.8288723704112345,0.7890881226721855,0.4533964447015466
a_scale,6,3269823904,random_forest,shuffled_signature,3,39,29510,14755,14755,max_depth=4,0.7068071900226575,0.6751902384782277,0.6802955153490879,0.83647391113178,0.7634690627619486,0.4497640446608924
a_scale,6,3269823904,random_forest,signature,0,39,29510,14755,14755,max_depth=10,0.7180030200162099,0.6918921255711727,0.6928415465273204,0.8392228013488715,0.7782032330166331,0.44453592909323353
a_scale,7,2398383747,logistic,b1,0,14,29510,14755,14755,C=0.1,0.6707105262874865,0.7175849166898088,0.7120814772645617,0.8870530733554377,0.6215160304818379,0.35058822930418887
a_scale,7,2398383747,logistic,b2,0,29,29510,14755,14755,C=1.0,0.6402985588232676,0.7143387962581654,0.7051264431884775,0.8856185588013857,0.6234214641951524,0.35290937862786065
a_scale,7,2398383747,logistic,b3,0,40,29510,14755,14755,C=1.0,0.6372771817753313,0.7152011469983249,0.7036121478691605,0.8854019381172842,0.6293580504970283,0.3553823240782868
a_scale,7,2398383747,logistic,b3_signature,0,79,29510,14755,14755,C=1.0,0.6542153236110657,0.7260409496008445,0.7138657958310285,0.8937665695421328,0.5957147792370133,0.3416749353847685
a_scale,7,2398383747,logistic,block_shuffled_signature,1,39,29510,14755,14755,C=1.0,0.6653683747912185,0.7061532048876975,0.6996824058158948,0.8823138907602327,0.6045723780710363,0.34981490734944437
a_scale,7,2398383747,logistic,block_shuffled_signature,2,39,29510,14755,14755,C=1.0,0.6651571504689614,0.7052880930167715,0.69919168930354,0.8824477342666587,0.6041935752814535,0.34957727123888666
a_scale,7,2398383747,logistic,block_shuffled_signature,3,39,29510,14755,14755,C=1.0,0.6646249101296889,0.7054724927954918,0.6992982533253053,0.8819063387096842,0.60529059017368,0.3502432216748258
a_scale,7,2398383747,logistic,shuffled_signature,1,39,29510,14755,14755,C=1.0,0.6651189582917967,0.7071120101979398,0.7003285033943789,0.8824552877595394,0.605004007543127,0.35011917722663055
a_scale,7,2398383747,logistic,shuffled_signature,2,39,29510,14755,14755,C=1.0,0.6671043063291121,0.7058641337873891,0.6990779821689662,0.8825864868127993,0.604615210123072,0.3498519142416053
a_scale,7,2398383747,logistic,shuffled_signature,3,39,29510,14755,14755,C=1.0,0.6669664729453637,0.7063708586067655,0.6996882351433236,0.8823834493926155,0.6041705614172311,0.3497436600372709
a_scale,7,2398383747,logistic,signature,0,39,29510,14755,14755,C=1.0,0.6706678028137798,0.7123745039631094,0.7055314687026506,0.8915900009232115,0.5790631195143523,0.33814912323568014
a_scale,7,2398383747,random_forest,b1,0,14,29510,14755,14755,max_depth=6,0.6727728846583441,0.7170510251057941,0.7073651941346261,0.8864988420973909,0.5968899817903394,0.34449932239639314
a_scale,7,2398383747,random_forest,b2,0,29,29510,14755,14755,max_depth=6,0.6679771707206559,0.717699340799145,0.7084132695278905,0.8868949862617277,0.5999246298592648,0.34471291959896494
a_scale,7,2398383747,random_forest,b3,0,40,29510,14755,14755,max_depth=6,0.6719913182832215,0.7186935578964349,0.7089092580302596,0.8860397831297981,0.6007706171676288,0.34570852337062963
a_scale,7,2398383747,random_forest,b3_signature,0,79,29510,14755,14755,max_depth=6,0.672749579681443,0.7182606627049091,0.7080012240695391,0.8878899606716765,0.5922668732250486,0.34332686801486473
a_scale,7,2398383747,random_forest,block_shuffled_signature,1,39,29510,14755,14755,max_depth=10,0.6696194040646142,0.705482273569176,0.6936919449003237,0.8769611461799767,0.6200804671314099,0.35982260074317407
a_scale,7,2398383747,random_forest,block_shuffled_signature,2,39,29510,14755,14755,max_depth=6,0.6680396451234905,0.7075087959765893,0.6961686010958213,0.8804565560680597,0.6126783614904396,0.3547900301527629
a_scale,7,2398383747,random_forest,block_shuffled_signature,3,39,29510,14755,14755,max_depth=6,0.6682040583820514,0.7081175630763755,0.6970928159694715,0.880708187748725,0.6109891611693408,0.3536395312170266
a_scale,7,2398383747,random_forest,shuffled_signature,1,39,29510,14755,14755,max_depth=10,0.6660083203773756,0.7032029778207587,0.6920735666198063,0.8770377058841697,0.6206703273722712,0.3599828451299611
a_scale,7,2398383747,random_forest,shuffled_signature,2,39,29510,14755,14755,max_depth=10,0.6689723639277787,0.7058397466625324,0.6945144039155199,0.8769063678140468,0.6204643322750294,0.3594739160409066
a_scale,7,2398383747,random_forest,shuffled_signature,3,39,29510,14755,14755,max_depth=10,0.6681228670348114,0.7040198436752144,0.6929101851768537,0.877099995183058,0.6195394559392942,0.35963800012537905
a_scale,7,2398383747,random_forest,signature,0,39,29510,14755,14755,max_depth=6,0.6731061664054646,0.7128480312414626,0.7016754720482217,0.8859328904651109,0.5957223791418834,0.34859465417269486
a_scale,8,2454110949,logistic,b1,0,14,29510,14755,14755,C=0.1,0.7438140752803047,0.7062611853030472,0.6998685900215719,0.8591008064913144,0.7201380360880949,0.4028389196596709
a_scale,8,2454110949,logistic,b2,0,29,29510,14755,14755,C=0.1,0.7448933087713655,0.6947732613083427,0.6906765892752079,0.8522249880739929,0.7290633617767696,0.41298161652528503
a_scale,8,2454110949,logistic,b3,0,40,29510,14755,14755,C=1.0,0.7468953036503222,0.6905612407273484,0.6845535031689781,0.8516863009436374,0.738528859021644,0.4155365491547538
a_scale,8,2454110949,logistic,b3_signature,0,79,29510,14755,14755,C=1.0,0.7580708121343264,0.6898204259915043,0.6837270852716313,0.8568208674256287,0.730681379551287,0.4157107907182321
a_scale,8,2454110949,logistic,block_shuffled_signature,1,39,29510,14755,14755,C=0.01,0.74634974133314,0.7199155825996145,0.7085987408291595,0.8517897584662371,0.7457083007728043,0.4103656753406437
a_scale,8,2454110949,logistic,block_shuffled_signature,2,39,29510,14755,14755,C=0.01,0.7489394701523319,0.7194210169004629,0.708110549244374,0.852143598025774,0.7444970850707818,0.4102313856647162
a_scale,8,2454110949,logistic,block_shuffled_signature,3,39,29510,14755,14755,C=0.01,0.7470139505590216,0.7193558461464195,0.7079584034922523,0.8525365101174281,0.7450402072667558,0.4097994998363877
a_scale,8,2454110949,logistic,shuffled_signature,1,39,29510,14755,14755,C=0.01,0.7478148781930761,0.720187435729243,0.7088199713302159,0.8524542492125966,0.7443908017983226,0.40985236975010275
a_scale,8,2454110949,logistic,shuffled_signature,2,39,29510,14755,14755,C=0.01,0.7489459858860704,0.7196864702956715,0.7082586554833522,0.852314783841804,0.7457319189618358,0.41044400224349636
a_scale,8,2454110949,logistic,shuffled_signature,3,39,29510,14755,14755,C=0.01,0.7460514090172724,0.7193887572987778,0.7078878915344338,0.8518217143511047,0.7460055624098436,0.410503710887692
a_scale,8,2454110949,logistic,signature,0,39,29510,14755,14755,C=0.01,0.7570969490216184,0.7275470085010077,0.7176307114896603,0.8617327569100398,0.7218992704742748,0.39805085731558354
a_scale,8,2454110949,random_forest,b1,0,14,29510,14755,14755,max_depth=6,0.748744924826276,0.7115697225841138,0.7037336439771916,0.8574299680255173,0.714913787834744,0.40531481865928015
a_scale,8,2454110949,random_forest,b2,0,29,29510,14755,14755,max_depth=6,0.7478040046571633,0.7083376499762201,0.7008944816434098,0.8555327842119015,0.7152551298272807,0.4069368132445892
a_scale,8,2454110949,random_forest,b3,0,40,29510,14755,14755,max_depth=6,0.749264671057448,0.7076916403189649,0.6995078457108898,0.8557163673364426,0.7185007251411936,0.4087136155604145
a_scale,8,2454110949,random_forest,b3_signature,0,79,29510,14755,14755,max_depth=10,0.7518838940793154,0.7143959739055569,0.7087268684575253,0.8574561367837283,0.7122445644945917,0.4013931849956443
a_scale,8,2454110949,random_forest,block_shuffled_signature,1,39,29510,14755,14755,max_depth=6,0.7393884239861744,0.7095156164021842,0.7010363066492461,0.8495064787782933,0.7332021195024447,0.41265336609915393
a_scale,8,2454110949,random_forest,block_shuffled_signature,2,39,29510,14755,14755,max_depth=10,0.7385589227359328,0.7071912994077976,0.6992619915987768,0.845471199313614,0.7493527507096794,0.4193780041190806
a_scale,8,2454110949,random_forest,block_shuffled_signature,3,39,29510,14755,14755,max_depth=6,0.7383195842341884,0.7113883668014154,0.7033356483506603,0.850057500377524,0.7318772140709325,0.41170905036306327
a_scale,8,2454110949,random_forest,shuffled_signature,1,39,29510,14755,14755,max_depth=6,0.7371377167990562,0.7124006362392694,0.7039806160906528,0.8497897619323904,0.7324567178400819,0.4120111795143915
a_scale,8,2454110949,random_forest,shuffled_signature,2,39,29510,14755,14755,max_depth=10,0.7386639920933716,0.7139566041298506,0.7051595592028009,0.8439178447268048,0.7520938839767813,0.41997895043502215
a_scale,8,2454110949,random_forest,shuffled_signature,3,39,29510,14755,14755,max_depth=10,0.7376240631212156,0.7103952104740513,0.7019151347811902,0.8439202660831827,0.7520163595974121,0.41994443067666426
a_scale,8,2454110949,random_forest,signature,0,39,29510,14755,14755,max_depth=6,0.7418281753400446,0.7202104185955976,0.712397518467033,0.8623939158612717,0.6990082789348623,0.3949107188774343
a_scale,9,3644979573,logistic,b1,0,14,29510,14755,14755,C=0.1,0.7257956974216319,0.7137227368691139,0.7232548463550753,0.8592843272852497,0.6977581289527518,0.3952868329182763
a_scale,9,3644979573,logistic,b2,0,29,29510,14755,14755,C=0.1,0.7229902671977282,0.7160268997128024,0.7250559989391642,0.8593568438794134,0.699165238638789,0.39617669040969683
a_scale,9,3644979573,logistic,b3,0,40,29510,14755,14755,C=1.0,0.7213352531011474,0.7078986121836296,0.7186853188741464,0.8564652031319017,0.7052703281557875,0.39891884378808046
a_scale,9,3644979573,logistic,b3_signature,0,79,29510,14755,14755,C=1.0,0.7239655894937457,0.7115831577461428,0.7230505595865938,0.8505544429445079,0.7437885827523758,0.39970423420076395
a_scale,9,3644979573,logistic,block_shuffled_signature,1,39,29510,14755,14755,C=1.0,0.7140545568773481,0.7125520999463131,0.724912969367025,0.8530409093736214,0.7305429275965125,0.3926880025815317
a_scale,9,3644979573,logistic,block_shuffled_signature,2,39,29510,14755,14755,C=1.0,0.7117249477346744,0.7147319253440019,0.7269993048575366,0.8530991984959977,0.72896668302076,0.3927872915086591
a_scale,9,3644979573,logistic,block_shuffled_signature,3,39,29510,14755,14755,C=1.0,0.7135044832508376,0.7127240082259109,0.7250150737421787,0.8537584443207294,0.7285026565800581,0.3916334431858587
a_scale,9,3644979573,logistic,shuffled_signature,1,39,29510,14755,14755,C=1.0,0.7129214352208894,0.7119396045883132,0.7239981789090537,0.85388315938234,0.7268629673365506,0.3917481138389416
a_scale,9,3644979573,logistic,shuffled_signature,2,39,29510,14755,14755,C=1.0,0.7132955047946258,0.7123306974373035,0.7243429385119117,0.8540493806381858,0.7245207717932988,0.39159697520661796
a_scale,9,3644979573,logistic,shuffled_signature,3,39,29510,14755,14755,C=1.0,0.7131580522550598,0.7125831320273844,0.7248687950469545,0.8536259612375824,0.7284725297407815,0.39180027006709706
a_scale,9,3644979573,logistic,signature,0,39,29510,14755,14755,C=1.0,0.7220337397807377,0.7108391897794211,0.7228972846903559,0.8579468920959133,0.7192347931468113,0.38914346380160736
a_scale,9,3644979573,random_forest,b1,0,14,29510,14755,14755,max_depth=10,0.7288583787123061,0.7114410584801655,0.7212976776738649,0.8477779067433827,0.7329330890820166,0.4075628350891816
a_scale,9,3644979573,random_forest,b2,0,29,29510,14755,14755,max_depth=10,0.730213256571072,0.7174036504517788,0.7277122762465659,0.8512725733445877,0.7082953984060243,0.3975603407142711
a_scale,9,3644979573,random_forest,b3,0,40,29510,14755,14755,max_depth=10,0.7270417510248501,0.7151809062391865,0.7253489245695445,0.8468786216192902,0.7188055266578728,0.40210400644122957
a_scale,9,3644979573,random_forest,b3_signature,0,79,29510,14755,14755,max_depth=10,0.7293941619859398,0.7152197496641328,0.7251834330648229,0.8537880436108871,0.7011822569644617,0.39430652668099936
a_scale,9,3644979573,random_forest,block_shuffled_signature,1,39,29510,14755,14755,max_depth=6,0.7149905289209143,0.7179203152536194,0.7275054734770596,0.8544529010239973,0.6902333192071998,0.38965290836857247
a_scale,9,3644979573,random_forest,block_shuffled_signature,2,39,29510,14755,14755,max_depth=4,0.7144709451789134,0.722839692841982,0.7322287063831875,0.8585424473091311,0.6835155007354481,0.38702564442542375
a_scale,9,3644979573,random_forest,block_shuffled_signature,3,39,29510,14755,14755,max_depth=10,0.7159585594598483,0.7141667331732041,0.7231546862852446,0.8476341994946144,0.7147901659051411,0.39841599007483747
a_scale,9,3644979573,random_forest,shuffled_signature,1,39,29510,14755,14755,max_depth=4,0.717170028420072,0.7229825485190177,0.7322613314490841,0.8586127983692765,0.6820673304535978,0.3862462057558589
a_scale,9,3644979573,random_forest,shuffled_signature,2,39,29510,14755,14755,max_depth=4,0.7156594375882944,0.7231045262716753,0.7321506160077954,0.8585206860600295,0.6828137896286345,0.3865840071241998
a_scale,9,3644979573,random_forest,shuffled_signature,3,39,29510,14755,14755,max_depth=6,0.7169396796168037,0.7201674938111268,0.7294160641192461,0.8547798907107192,0.688567990168096,0.3886144450536691
a_scale,9,3644979573,random_forest,signature,0,39,29510,14755,14755,max_depth=6,0.7198948091541068,0.713831171119052,0.7244859340435387,0.8611205696345196,0.6740635597173869,0.3826109612597889
a_scale,10,3847927903,logistic,b1,0,14,29510,14755,14755,C=0.1,0.7118886396018472,0.7262326315188492,0.7099807153700591,0.8761593580582868,0.6703879901245908,0.40055376235079937
a_scale,10,3847927903,logistic,b2,0,29,29510,14755,14755,C=1.0,0.6903614437670438,0.7004177198959644,0.6793759446124321,0.8630921445391285,0.693869879701075,0.4160477913737642
a_scale,10,3847927903,logistic,b3,0,40,29510,14755,14755,C=1.0,0.6787867056466772,0.6860903130570986,0.6641978883618743,0.8547670355087744,0.7079434922828454,0.42760040265050725
a_scale,10,3847927903,logistic,b3_signature,0,79,29510,14755,14755,C=0.01,0.6824290230668663,0.7054201388209208,0.679339849712005,0.8657574740610703,0.692501360820503,0.41650375366304226
a_scale,10,3847927903,logistic,block_shuffled_signature,1,39,29510,14755,14755,C=0.1,0.7197477769527096,0.74472585012446,0.7301816328204446,0.8752396032639794,0.6802206722058536,0.4037173798266558
a_scale,10,3847927903,logistic,block_shuffled_signature,2,39,29510,14755,14755,C=0.1,0.7215433823212795,0.7449167259418136,0.7307582766467201,0.8751506313412277,0.6804990835059769,0.40369709032079387
a_scale,10,3847927903,logistic,block_shuffled_signature,3,39,29510,14755,14755,C=0.1,0.7185311414301084,0.7434748735698715,0.7291495637782877,0.8747092775958216,0.6807703464977377,0.40411561420078607
a_scale,10,3847927903,logistic,shuffled_signature,1,39,29510,14755,14755,C=0.1,0.7201087706958038,0.7399323554713452,0.7255872148531083,0.8746195916227233,0.6802522894751194,0.40376949469389206
a_scale,10,3847927903,logistic,shuffled_signature,2,39,29510,14755,14755,C=0.1,0.7194618480164537,0.7423901716460967,0.7278637148567332,0.8751463982986359,0.6801740402129198,0.4034608697831052
a_scale,10,3847927903,logistic,shuffled_signature,3,39,29510,14755,14755,C=0.1,0.718929804768316,0.7420520291569531,0.7276346450801592,0.8739260831614034,0.6819962464955539,0.40434822882610105
a_scale,10,3847927903,logistic,signature,0,39,29510,14755,14755,C=0.01,0.7152036859322379,0.744680623638073,0.7223348689686645,0.8829084173475968,0.6726830022363606,0.40053764058604285
a_scale,10,3847927903,random_forest,b1,0,14,29510,14755,14755,max_depth=6,0.6873639962645447,0.7394974778047478,0.7115891501121078,0.8745635449061641,0.660084800695268,0.39385565053725613
a_scale,10,3847927903,random_forest,b2,0,29,29510,14755,14755,max_depth=10,0.6862788835327184,0.7419484214561258,0.7163045579619162,0.8722167665404691,0.6631789772939871,0.39613891412090135
a_scale,10,3847927903,random_forest,b3,0,40,29510,14755,14755,max_depth=10,0.6863530653639128,0.7445823379323135,0.717391643254233,0.8718493613525341,0.6643012178743651,0.39627620825543153
a_scale,10,3847927903,random_forest,b3_signature,0,79,29510,14755,14755,max_depth=10,0.6931589899387331,0.7465945025334753,0.7178212577784375,0.8778768337832487,0.6493695538637532,0.38847980215726347
a_scale,10,3847927903,random_forest,block_shuffled_signature,1,39,29510,14755,14755,max_depth=10,0.6805284898611784,0.7339385094286847,0.7015472181169932,0.8704263725302862,0.6751556315627829,0.4013290998408245
a_scale,10,3847927903,random_forest,block_shuffled_signature,2,39,29510,14755,14755,max_depth=10,0.6789673378953593,0.7330827458798087,0.7011215389266874,0.8700722207539869,0.6760327477011865,0.4016374509565573
a_scale,10,3847927903,random_forest,block_shuffled_signature,3,39,29510,14755,14755,max_depth=10,0.6802803368642193,0.7332030247858743,0.7005117032943641,0.8694297216348369,0.677423276924431,0.40212973769359345
a_scale,10,3847927903,random_forest,shuffled_signature,1,39,29510,14755,14755,max_depth=10,0.6838919616155361,0.7363053520884185,0.7035166447686901,0.8692313994037205,0.6785648014605008,0.4024428029305991
a_scale,10,3847927903,random_forest,shuffled_signature,2,39,29510,14755,14755,max_depth=10,0.6822334327994785,0.7354314268941771,0.7039796626741275,0.8712643956544218,0.6731798646550395,0.39929853387048087
a_scale,10,3847927903,random_forest,shuffled_signature,3,39,29510,14755,14755,max_depth=10,0.6809211847283262,0.7327110734168071,0.6996050124518822,0.8684794936840047,0.679755645647207,0.4023569862373189
a_scale,10,3847927903,random_forest,signature,0,39,29510,14755,14755,max_depth=10,0.6910907659226254,0.7394196600623409,0.7091589562383871,0.8798471206986825,0.6490441404537735,0.3902196925051622
a_scale,11,1553864795,logistic,b1,0,14,29510,14755,14755,C=1.0,0.7365345483387106,0.7787033634355801,0.7795456942396696,0.9012951491018869,0.6231490525428107,0.3276275061544444
a_scale,11,1553864795,logistic,b2,0,29,29510,14755,14755,C=1.0,0.729263761310749,0.7747484770550993,0.7754462633371295,0.8991264747603774,0.6320790999847897,0.3318321565787816
a_scale,11,1553864795,logistic,b3,0,40,29510,14755,14755,C=0.1,0.7337759016241572,0.7624773773351118,0.7628639963943412,0.8916207929905572,0.6693444777281767,0.34492116085097096
a_scale,11,1553864795,logistic,b3_signature,0,79,29510,14755,14755,C=1.0,0.7302279569520129,0.7764778977885635,0.7774409225065987,0.903010767673701,0.6335422563989481,0.3242212476198831
a_scale,11,1553864795,logistic,block_shuffled_signature,1,39,29510,14755,14755,C=1.0,0.7247231973509022,0.7722122567631043,0.773524702983661,0.8995816939696963,0.6155167103671366,0.3290526265788459
a_scale,11,1553864795,logistic,block_shuffled_signature,2,39,29510,14755,14755,C=1.0,0.7263627761786151,0.7729835750479039,0.7742807885406974,0.8998053197915253,0.6147007026208164,0.32839430952781495
a_scale,11,1553864795,logistic,block_shuffled_signature,3,39,29510,14755,14755,C=1.0,0.7255634854492891,0.7714784579955031,0.7728192810623566,0.8998697578344284,0.6131675473953772,0.3288285490775239
a_scale,11,1553864795,logistic,shuffled_signature,1,39,29510,14755,14755,C=1.0,0.7237078624977702,0.7697639940287936,0.771122015768413,0.8984597265250613,0.6157763456496523,0.33043860166382877
a_scale,11,1553864795,logistic,shuffled_signature,2,39,29510,14755,14755,C=1.0,0.7243903019222836,0.7698618184557876,0.7711928288381188,0.8988699132532715,0.6146639450769833,0.3298862271562238
a_scale,11,1553864795,logistic,shuffled_signature,3,39,29510,14755,14755,C=1.0,0.7242137829723241,0.7689498419895703,0.7703009156875703,0.8986930050594073,0.614880441173179,0.33020894552314545
a_scale,11,1553864795,logistic,signature,0,39,29510,14755,14755,C=1.0,0.7255447649392615,0.7778226980662367,0.779239494728186,0.9086352312105577,0.6011520188209672,0.315185551747678
a_scale,11,1553864795,random_forest,b1,0,14,29510,14755,14755,max_depth=4,0.7526874650789708,0.7791577034438854,0.7802735686307987,0.9067828259715295,0.5707120306126425,0.3175513928458744
a_scale,11,1553864795,random_forest,b2,0,29,29510,14755,14755,max_depth=6,0.7554713305604309,0.7778009595869957,0.7787564714593632,0.906133518964143,0.5695305653791063,0.31675083997523124
a_scale,11,1553864795,random_forest,b3,0,40,29510,14755,14755,max_depth=6,0.756432094742652,0.7780822776474589,0.7789105705613227,0.9052130425716802,0.5732171729590668,0.31766975811108716
a_scale,11,1553864795,random_forest,b3_signature,0,79,29510,14755,14755,max_depth=6,0.752405595572465,0.7788981086514714,0.7797056841494453,0.9075684583415091,0.5686697944313519,0.3155067556796026
a_scale,11,1553864795,random_forest,block_shuffled_signature,1,39,29510,14755,14755,max_depth=4,0.7376484719090186,0.7713035776177927,0.7726886097159977,0.9017478284375983,0.5829414160460427,0.32537469523759543
a_scale,11,1553864795,random_forest,block_shuffled_signature,2,39,29510,14755,14755,max_depth=6,0.7376451173475828,0.7744720880334479,0.7757564535466535,0.8995525199858275,0.5952018056767239,0.3279630348307521
a_scale,11,1553864795,random_forest,block_shuffled_signature,3,39,29510,14755,14755,max_depth=4,0.7403460732660591,0.7710712175758506,0.7724424385664402,0.9014168106229127,0.5848417085645577,0.32671419967535903
a_scale,11,1553864795,random_forest,shuffled_signature,1,39,29510,14755,14755,max_depth=6,0.7403868525232006,0.7698446908563653,0.7711954517586616,0.8990364493611956,0.5971681357839035,0.32975969150665707
a_scale,11,1553864795,random_forest,shuffled_signature,2,39,29510,14755,14755,max_depth=4,0.739983121974568,0.7712041624408026,0.7725575795801293,0.9009289800406618,0.5859830243098717,0.32721490704501727
a_scale,11,1553864795,random_forest,shuffled_signature,3,39,29510,14755,14755,max_depth=6,0.7381846742151236,0.7696290322475218,0.770944453507377,0.8983002014625051,0.6007319215600586,0.3305726654266658
a_scale,11,1553864795,random_forest,signature,0,39,29510,14755,14755,max_depth=6,0.7452284913266084,0.7751940844397028,0.7764663195986752,0.9060522016227779,0.5763413355700138,0.319107587241374
a_scale,12,2263030422,logistic,b1,0,14,29510,14755,14755,C=0.01,0.7166670041460032,0.7321377326506627,0.7305510034236905,0.8691291451766308,0.7170027460606884,0.39541278696655396
a_scale,12,2263030422,logistic,b2,0,29,29510,14755,14755,C=0.01,0.703551180587929,0.7143252175861297,0.7125044677321256,0.8621966751687569,0.7265555858293322,0.4002896056240222
a_scale,12,2263030422,logistic,b3,0,40,29510,14755,14755,C=1.0,0.6990621951679481,0.720313000724878,0.7188382453646455,0.866661977950589,0.7002121039481395,0.39043061012760644
a_scale,12,2263030422,logistic,b3_signature,0,79,29510,14755,14755,C=1.0,0.7240884254976229,0.7356658204276837,0.7348014694875941,0.8744718869099608,0.6880502973807794,0.3767806938770901
a_scale,12,2263030422,logistic,block_shuffled_signature,1,39,29510,14755,14755,C=1.0,0.7235757990832044,0.7360226515507152,0.7351709310598995,0.8696868234657061,0.6968254741615001,0.3842794304293521
a_scale,12,2263030422,logistic,block_shuffled_signature,2,39,29510,14755,14755,C=1.0,0.7231179602181705,0.7361696817704056,0.7353659284672357,0.8698635807736809,0.6968386161154964,0.3839822006884264
a_scale,12,2263030422,logistic,block_shuffled_signature,3,39,29510,14755,14755,C=1.0,0.7228102990673771,0.7356862997180954,0.7348456360923038,0.8689743072780601,0.6990826492885216,0.38499117142438743
a_scale,12,2263030422,logistic,shuffled_signature,1,39,29510,14755,14755,C=1.0,0.7206716756058706,0.7349949800963834,0.7342332266945911,0.8689899192373624,0.698588945933272,0.38496931467224166
a_scale,12,2263030422,logistic,shuffled_signature,2,39,29510,14755,14755,C=1.0,0.7230763497592384,0.7357539594255441,0.7348991883112852,0.8692048674420038,0.6975427133293035,0.384621458679507
a_scale,12,2263030422,logistic,shuffled_signature,3,39,29510,14755,14755,C=1.0,0.7233187924591546,0.7354637759598187,0.7346383996576143,0.8686642898844378,0.6984810191990861,0.3850274768760959
a_scale,12,2263030422,logistic,signature,0,39,29510,14755,14755,C=1.0,0.7321391891395356,0.7439493373945226,0.7430748488631523,0.8811261390216855,0.665015952463867,0.36821925783585174
a_scale,12,2263030422,random_forest,b1,0,14,29510,14755,14755,max_depth=6,0.7295800889504639,0.7485035119836585,0.7469197909142835,0.8713078505501265,0.6773735231284032,0.3740792430882003
a_scale,12,2263030422,random_forest,b2,0,29,29510,14755,14755,max_depth=6,0.7290879984587612,0.750347228468318,0.748862883153189,0.8742281031288807,0.6709900856923244,0.37172168972367325
a_scale,12,2263030422,random_forest,b3,0,40,29510,14755,14755,max_depth=10,0.732661504455169,0.7438623129695201,0.7428531974794725,0.8718720433874759,0.6842013303821685,0.37375970394356595
a_scale,12,2263030422,random_forest,b3_signature,0,79,29510,14755,14755,max_depth=10,0.7357919071413731,0.749960738462585,0.7492004438477761,0.880019960851563,0.6633504664152028,0.3624015499731808
a_scale,12,2263030422,random_forest,block_shuffled_signature,1,39,29510,14755,14755,max_depth=6,0.7261321175961338,0.740613439675041,0.7393354313396361,0.8683442694892247,0.6883941241896059,0.3813833144309308
a_scale,12,2263030422,random_forest,block_shuffled_signature,2,39,29510,14755,14755,max_depth=10,0.7245702598886723,0.7426040723974153,0.7418697679294498,0.8670445946184668,0.6956646892366194,0.38269926000032173
a_scale,12,2263030422,random_forest,block_shuffled_signature,3,39,29510,14755,14755,max_depth=6,0.7265870413283645,0.7404579114607784,0.7391396191911911,0.8683371305365816,0.6880917806473658,0.3812752242019773
a_scale,12,2263030422,random_forest,shuffled_signature,1,39,29510,14755,14755,max_depth=10,0.7250336186100282,0.7429981329452251,0.7423700841829861,0.8659407333292682,0.69883881241316,0.38316477135487503
a_scale,12,2263030422,random_forest,shuffled_signature,2,39,29510,14755,14755,max_depth=10,0.7245764301937495,0.7408655919330003,0.7399490371644594,0.8667478053632135,0.6978852852702108,0.3830974253983619
a_scale,12,2263030422,random_forest,shuffled_signature,3,39,29510,14755,14755,max_depth=10,0.7244121556335509,0.7406861872141818,0.7399962998729414,0.8661816346314826,0.6990845517663608,0.3833477271279774
a_scale,12,2263030422,random_forest,signature,0,39,29510,14755,14755,max_depth=6,0.7315633930290243,0.748732430751085,0.7477545741719105,0.8795906913939358,0.6588935146654195,0.36662647750499644
a_scale,13,506008917,logistic,b1,0,14,29510,14755,14755,C=0.1,0.7606047946319973,0.7215082552305082,0.7162837660177797,0.8603878709206504,0.6653303630027423,0.4025600867742252
a_scale,13,506008917,logistic,b2,0,29,29510,14755,14755,C=0.1,0.745572444681132,0.707924301052019,0.7032704480709908,0.8529152271264159,0.6798249968476561,0.4113295656322388
a_scale,13,506008917,logistic,b3,0,40,29510,14755,14755,C=0.1,0.746893381708951,0.7082547563236647,0.7042614205784202,0.8554749448394028,0.6751811142846175,0.40769042011825657
a_scale,13,506008917,logistic,b3_signature,0,79,29510,14755,14755,C=0.01,0.7616306935160178,0.7204940272734568,0.713430532513026,0.8619080402898497,0.6656345937192812,0.39889583555116725
a_scale,13,506008917,logistic,block_shuffled_signature,1,39,29510,14755,14755,C=0.1,0.7760423544472949,0.721462662325965,0.7173393711123506,0.8657386377333872,0.6644029592182578,0.39792173147752086
a_scale,13,506008917,logistic,block_shuffled_signature,2,39,29510,14755,14755,C=0.1,0.7744023306884608,0.7243679598672172,0.7203562342813532,0.8656527147927475,0.6645746665812968,0.3983047807161072
a_scale,13,506008917,logistic,block_shuffled_signature,3,39,29510,14755,14755,C=0.1,0.7744449094539974,0.72400180772103,0.7200361620279575,0.8655371629666484,0.6648687847970377,0.3985709346340492
a_scale,13,506008917,logistic,shuffled_signature,1,39,29510,14755,14755,C=0.1,0.7755008059761382,0.7254034721913284,0.7213308170104415,0.8663055016810358,0.6637720561784705,0.3980442971718782
a_scale,13,506008917,logistic,shuffled_signature,2,39,29510,14755,14755,C=0.1,0.7752575739540383,0.7225283286165346,0.7184842377784747,0.866336675026485,0.6640553746414459,0.3978406316727041
a_scale,13,506008917,logistic,shuffled_signature,3,39,29510,14755,14755,C=0.1,0.7745039889504861,0.7260362331618494,0.7218120450317844,0.8669746411944459,0.6630059334086762,0.39695167471359016
a_scale,13,506008917,logistic,signature,0,39,29510,14755,14755,C=1.0,0.7831455948461327,0.7340176857198593,0.7320641219530416,0.8727822099792814,0.6437392149198736,0.383980973413874
a_scale,13,506008917,random_forest,b1,0,14,29510,14755,14755,max_depth=6,0.761354328392882,0.728577511780674,0.7341309635765146,0.868856661457567,0.6605865690895102,0.39016713590219
a_scale,13,506008917,random_forest,b2,0,29,29510,14755,14755,max_depth=6,0.7610822449047369,0.7296676717914611,0.7364471239143832,0.8695176229607621,0.6618943170374829,0.3911133648822859
a_scale,13,506008917,random_forest,b3,0,40,29510,14755,14755,max_depth=6,0.7657081497280415,0.7282854424478046,0.7347175926372339,0.8690411513715232,0.6612673143073421,0.39047631029151275
a_scale,13,506008917,random_forest,b3_signature,0,79,29510,14755,14755,max_depth=6,0.7769244061272502,0.7329418739725284,0.7381257561904669,0.8731736743065083,0.6507580157062753,0.3842738144485604
a_scale,13,506008917,random_forest,block_shuffled_signature,1,39,29510,14755,14755,max_depth=6,0.7687783482903305,0.7230836299856388,0.728959726547143,0.8709980945916275,0.6629423370761258,0.3909474906737963
a_scale,13,506008917,random_forest,block_shuffled_signature,2,39,29510,14755,14755,max_depth=6,0.7673136017858345,0.7250621544185097,0.7313952420921118,0.8717965605227086,0.661457717519245,0.38978800260989077
a_scale,13,506008917,random_forest,block_shuffled_signature,3,39,29510,14755,14755,max_depth=6,0.766884493592975,0.7219560790131618,0.7275797163912684,0.8715018335362329,0.6621485777008379,0.39061062163260524
a_scale,13,506008917,random_forest,shuffled_signature,1,39,29510,14755,14755,max_depth=10,0.7703874961398901,0.7237235503747562,0.72846159847068,0.8669493006484853,0.6669819166795262,0.3930548342856302
a_scale,13,506008917,random_forest,shuffled_signature,2,39,29510,14755,14755,max_depth=6,0.7698320560517405,0.7241669616854787,0.729377655117999,0.8706145554203699,0.6638776167428729,0.39137581849098835
a_scale,13,506008917,random_forest,shuffled_signature,3,39,29510,14755,14755,max_depth=6,0.7692946760221903,0.72452289540001,0.7302224578622689,0.8710579325881076,0.6621112840404059,0.3901878061392315
a_scale,13,506008917,random_forest,signature,0,39,29510,14755,14755,max_depth=10,0.7733139521474369,0.7317569406483818,0.7358748424517892,0.8706881101854872,0.6485506266742141,0.3836629577357667
a_scale,14,3170054313,logistic,b1,0,14,29510,14755,14755,C=0.01,0.7000760424875997,0.7117137247827467,0.7117964281976262,0.8629027658028242,0.6863451760591746,0.3965455605884534
a_scale,14,3170054313,logistic,b2,0,29,29510,14755,14755,C=0.01,0.651404500747332,0.6877433088542856,0.6878440856783188,0.844417928319149,0.7110001934991217,0.4141919491171621
a_scale,14,3170054313,logistic,b3,0,40,29510,14755,14755,C=1.0,0.6496436214690023,0.6934811511642222,0.6937228527507063,0.8536273580539354,0.7169805431915183,0.40682575373136065
a_scale,14,3170054313,logistic,b3_signature,0,79,29510,14755,14755,C=1.0,0.6599142575726216,0.7174793863959051,0.7167866510360251,0.8667664201713486,0.6919255601833594,0.38794185062306574
a_scale,14,3170054313,logistic,block_shuffled_signature,1,39,29510,14755,14755,C=1.0,0.694627681320083,0.7069474988736467,0.7060094225950616,0.868675503002891,0.678284785695376,0.3861248659005252
a_scale,14,3170054313,logistic,block_shuffled_signature,2,39,29510,14755,14755,C=1.0,0.6905799563860034,0.7064561496453217,0.705569635325935,0.8685827267992128,0.6781859271504541,0.3864676857336554
a_scale,14,3170054313,logistic,block_shuffled_signature,3,39,29510,14755,14755,C=1.0,0.6916296907318779,0.7076460642208957,0.7066676186960237,0.8683543050853548,0.6788286286276914,0.38655194600862675
a_scale,14,3170054313,logistic,shuffled_signature,1,39,29510,14755,14755,C=1.0,0.692714332551113,0.7065864110957513,0.7058205104265837,0.8683942035262303,0.678735828267414,0.38645446987540055
a_scale,14,3170054313,logistic,shuffled_signature,2,39,29510,14755,14755,C=1.0,0.6905327027465201,0.7077330762843316,0.7068600224498857,0.8684784544987757,0.6789387010694523,0.38629763475017215
a_scale,14,3170054313,logistic,shuffled_signature,3,39,29510,14755,14755,C=0.1,0.6912701330561108,0.7100611616382136,0.7094169854965259,0.8680915798155584,0.6848700392399816,0.38714642479523237
a_scale,14,3170054313,logistic,signature,0,39,29510,14755,14755,C=0.01,0.6950395453504367,0.7254518394984449,0.7250354905311799,0.875538591952603,0.66540732542964,0.3792088877042157
a_scale,14,3170054313,random_forest,b1,0,14,29510,14755,14755,max_depth=4,0.6884805040870542,0.7093268147353458,0.7083067103574695,0.8705166422281572,0.678124369137778,0.39309757404520607
a_scale,14,3170054313,random_forest,b2,0,29,29510,14755,14755,max_depth=6,0.6902701036775626,0.712278668246348,0.7113021810899544,0.8708208735034578,0.6747981392098207,0.3910891782763602
a_scale,14,3170054313,random_forest,b3,0,40,29510,14755,14755,max_depth=6,0.6852545818491173,0.7134749009148198,0.7123448140336812,0.8688584087505244,0.6812365905306785,0.39328095543330366
a_scale,14,3170054313,random_forest,b3_signature,0,79,29510,14755,14755,max_depth=6,0.6873135630734118,0.724146461602189,0.7226511837551773,0.8754996149642548,0.6629689295237323,0.3822197888932925
a_scale,14,3170054313,random_forest,block_shuffled_signature,1,39,29510,14755,14755,max_depth=10,0.6914110086756504,0.708886110264042,0.707772028339788,0.865629643004441,0.6907687678308779,0.39763468521987566
a_scale,14,3170054313,random_forest,block_shuffled_signature,2,39,29510,14755,14755,max_depth=10,0.689641413768574,0.707739815013114,0.7069386316422203,0.8661154780809338,0.6889962516121864,0.3968162371385409
a_scale,14,3170054313,random_forest,block_shuffled_signature,3,39,29510,14755,14755,max_depth=10,0.6905380808031497,0.7087870433000201,0.7078788333752929,0.8654203610408607,0.6896513462507102,0.3975336544867465
a_scale,14,3170054313,random_forest,shuffled_signature,1,39,29510,14755,14755,max_depth=10,0.6889473986395723,0.7087090678714225,0.7076495633112949,0.8659772479530986,0.6893243283761716,0.39660358811782187
a_scale,14,3170054313,random_forest,shuffled_signature,2,39,29510,14755,14755,max_depth=10,0.6911454985787385,0.7083461216623647,0.7072758375965105,0.8653404792779841,0.6911271766985622,0.3973292786427442
a_scale,14,3170054313,random_forest,shuffled_signature,3,39,29510,14755,14755,max_depth=10,0.6893946666443566,0.70608954736828,0.7052957929969228,0.8653865146283642,0.6918786442250119,0.3977248791990734
a_scale,14,3170054313,random_forest,signature,0,39,29510,14755,14755,max_depth=6,0.6911978407109522,0.7243818359676403,0.7218472671324966,0.8785601831540562,0.6560596006598031,0.3780367886271926
a_scale,15,4130364326,logistic,b1,0,14,29510,14755,14755,C=0.01,0.7329112725076934,0.7458006597014938,0.7437622020112253,0.8884535217219584,0.6393872359250415,0.35980630892290116
a_scale,15,4130364326,logistic,b2,0,29,29510,14755,14755,C=1.0,0.7241058114859591,0.745282365650894,0.7409783344318713,0.8801832179056914,0.6498976699051091,0.3565385536345177
a_scale,15,4130364326,logistic,b3,0,40,29510,14755,14755,C=1.0,0.7172051580371277,0.7397224083547468,0.7354074407494512,0.8788069990068671,0.6534917052214722,0.3602630969226984
a_scale,15,4130364326,logistic,b3_signature,0,79,29510,14755,14755,C=1.0,0.7299845529427055,0.7423000734802567,0.736997364879039,0.8835876782891304,0.6403263288049014,0.35557169863211896
a_scale,15,4130364326,logistic,block_shuffled_signature,1,39,29510,14755,14755,C=1.0,0.7355492400128719,0.740926289568154,0.7329017191444992,0.8955314269937217,0.6071624304182862,0.3458560930585381
a_scale,15,4130364326,logistic,block_shuffled_signature,2,39,29510,14755,14755,C=0.1,0.7363906398227185,0.7488363933460658,0.7420167500826395,0.8978301951224185,0.606929663458714,0.3417048155136496
a_scale,15,4130364326,logistic,block_shuffled_signature,3,39,29510,14755,14755,C=1.0,0.7374319630610499,0.7413381063542008,0.7332595207758673,0.8952151784889469,0.6075048896938108,0.3460335969011565
a_scale,15,4130364326,logistic,shuffled_signature,1,39,29510,14755,14755,C=1.0,0.737779549254185,0.7422827732271055,0.7342534311641843,0.8957424588732414,0.6070988722884411,0.3453983167090408
a_scale,15,4130364326,logistic,shuffled_signature,2,39,29510,14755,14755,C=0.1,0.7354794467778155,0.7480466861161287,0.741279719219517,0.8978472791432308,0.607536511303366,0.34139040316120833
a_scale,15,4130364326,logistic,shuffled_signature,3,39,29510,14755,14755,C=0.1,0.7353359192384374,0.7482174554301583,0.7416858638617034,0.8984035116701428,0.6060960338788615,0.340963758178243
a_scale,15,4130364326,logistic,signature,0,39,29510,14755,14755,C=0.1,0.7443898499290676,0.7559573594292183,0.7497189161404639,0.9010154608919291,0.5934715333679176,0.3354180828527352
a_scale,15,4130364326,random_forest,b1,0,14,29510,14755,14755,max_depth=6,0.7318686899297653,0.730920495278025,0.7186664963545288,0.8947184707293939,0.6183335300806082,0.3598338971889998
a_scale,15,4130364326,random_forest,b2,0,29,29510,14755,14755,max_depth=6,0.7314735857364143,0.7268667455640677,0.7144660215339659,0.8931798753193627,0.621970912098755,0.3623910501562144
a_scale,15,4130364326,random_forest,b3,0,40,29510,14755,14755,max_depth=6,0.728998082630239,0.7245692420871581,0.7126006650289947,0.8933179742461669,0.6228376415022148,0.3636767607659108
a_scale,15,4130364326,random_forest,b3_signature,0,79,29510,14755,14755,max_depth=6,0.7251619572718687,0.7279496575837276,0.7159366924962504,0.897052262055027,0.6188754282602127,0.3623419697284546
a_scale,15,4130364326,random_forest,block_shuffled_signature,1,39,29510,14755,14755,max_depth=10,0.724892805754383,0.7277215935749508,0.7153271660897939,0.889844272835797,0.6312549065292272,0.36697968738686676
a_scale,15,4130364326,random_forest,block_shuffled_signature,2,39,29510,14755,14755,max_depth=10,0.7230146588205956,0.7289403034096343,0.716636554106783,0.8902321392199345,0.6302326649672193,0.36609215625908154
a_scale,15,4130364326,random_forest,block_shuffled_signature,3,39,29510,14755,14755,max_depth=10,0.7256650509655583,0.7254167498299475,0.7136415314275172,0.8895645775663814,0.632163063823542,0.3667350130550342
a_scale,15,4130364326,random_forest,shuffled_signature,1,39,29510,14755,14755,max_depth=10,0.7255062126159068,0.7268264501981196,0.7147873351085644,0.8895835840976547,0.6316785838037368,0.3668253557777903
a_scale,15,4130364326,random_forest,shuffled_signature,2,39,29510,14755,14755,max_depth=10,0.7233212156142956,0.7284617311506141,0.7165705206437787,0.8910044785278277,0.6287933388051297,0.3656306185100117
a_scale,15,4130364326,random_forest,shuffled_signature,3,39,29510,14755,14755,max_depth=10,0.7239873650226584,0.7244672101516363,0.7125885520619829,0.8909184137537713,0.628598165272158,0.36497910208026324
a_scale,15,4130364326,random_forest,signature,0,39,29510,14755,14755,max_depth=10,0.731020262000869,0.7294876290089296,0.7173869668290801,0.891952630498734,0.6253381895735339,0.36314089122176607
a_scale,16,9342621,logistic,b1,0,14,29510,14755,14755,C=1.0,0.7636785830562903,0.7229373501252415,0.7161525656820302,0.8755078018242272,0.6850910140651676,0.36584272415620617
a_scale,16,9342621,logistic,b2,0,29,29510,14755,14755,C=1.0,0.7458255099007499,0.720890546222685,0.7145813408960667,0.8746417294401132,0.6959506650423155,0.3668379264344241
a_scale,16,9342621,logistic,b3,0,40,29510,14755,14755,C=1.0,0.7373432246461803,0.7115593890958616,0.7047397657698901,0.8710021971156513,0.7096546944785584,0.3711009143015153
a_scale,16,9342621,logistic,b3_signature,0,79,29510,14755,14755,C=1.0,0.7520297379752535,0.7163617726662938,0.7077396177834766,0.8770558013026047,0.70323947369331,0.36174669082474453
a_scale,16,9342621,logistic,block_shuffled_signature,1,39,29510,14755,14755,C=1.0,0.7672173208859445,0.7108372982608847,0.7034310567862533,0.8653181962902895,0.7233601525788804,0.3782515510525878
a_scale,16,9342621,logistic,block_shuffled_signature,2,39,29510,14755,14755,C=1.0,0.7680986497353599,0.7111982709108647,0.7036012032935598,0.8650907129424542,0.7213255035951638,0.37832919451762365
a_scale,16,9342621,logistic,block_shuffled_signature,3,39,29510,14755,14755,C=1.0,0.768544275320116,0.7120101901562507,0.704531515526165,0.86477408060528,0.7200139485914343,0.3786747990325494
a_scale,16,9342621,logistic,shuffled_signature,1,39,29510,14755,14755,C=1.0,0.7671878420908592,0.714210628895556,0.7070720019771911,0.8652192351721005,0.7207541640872829,0.37803522048540716
a_scale,16,9342621,logistic,shuffled_signature,2,39,29510,14755,14755,C=1.0,0.7666558116012953,0.7118345626307191,0.7044971190303003,0.8651390990042785,0.7205877062053256,0.3783868747364529
a_scale,16,9342621,logistic,shuffled_signature,3,39,29510,14755,14755,C=1.0,0.7658091569465677,0.7108459031125016,0.7036466434370405,0.8647992302124538,0.721752320935781,0.37834328918792426
a_scale,16,9342621,logistic,signature,0,39,29510,14755,14755,C=1.0,0.7745119214451535,0.7212326620438524,0.7143686877748708,0.875620843952544,0.6986270945527457,0.3629078787816343
a_scale,16,9342621,random_forest,b1,0,14,29510,14755,14755,max_depth=4,0.7739449285956951,0.7161105861561236,0.7092367274784489,0.8704154940069047,0.6552851780680431,0.36980543643518504
a_scale,16,9342621,random_forest,b2,0,29,29510,14755,14755,max_depth=6,0.773124966296467,0.7172177382100426,0.7090821983288191,0.8724347800865838,0.6515610554949623,0.3662735672580554
a_scale,16,9342621,random_forest,b3,0,40,29510,14755,14755,max_depth=4,0.7728650446504405,0.7189615938499334,0.7122688397592868,0.8714199105060579,0.6558205601871242,0.3685819757893191
a_scale,16,9342621,random_forest,b3_signature,0,79,29510,14755,14755,max_depth=6,0.7792711889056059,0.7254698310581342,0.7154220914944164,0.875783846225017,0.6431717647576161,0.36053582674124124
a_scale,16,9342621,random_forest,block_shuffled_signature,1,39,29510,14755,14755,max_depth=6,0.7708229635988363,0.7101629307619417,0.699466965277833,0.8629722046102177,0.6799072911595149,0.3782832672856208
a_scale,16,9342621,random_forest,block_shuffled_signature,2,39,29510,14755,14755,max_depth=4,0.7701106495412274,0.7061926874690219,0.6993470950396374,0.8614671514435311,0.6726168352755132,0.3780810926955813
a_scale,16,9342621,random_forest,block_shuffled_signature,3,39,29510,14755,14755,max_depth=4,0.7715999715879217,0.7074945144125021,0.7011353598472163,0.8611446912112638,0.6728232262871708,0.37837495315945785
a_scale,16,9342621,random_forest,shuffled_signature,1,39,29510,14755,14755,max_depth=4,0.7690583055953257,0.7108877587858315,0.703861482272352,0.8610193061739752,0.6742172568483462,0.37910527111098236
a_scale,16,9342621,random_forest,shuffled_signature,2,39,29510,14755,14755,max_depth=6,0.7700341273548658,0.7107783624987419,0.701094274434363,0.861952183246431,0.6822444665106152,0.3795266967846386
a_scale,16,9342621,random_forest,shuffled_signature,3,39,29510,14755,14755,max_depth=4,0.7689505511875776,0.7076556552191957,0.6999025472108616,0.8611524586644372,0.6731872543584666,0.3782474619617787
a_scale,16,9342621,random_forest,signature,0,39,29510,14755,14755,max_depth=6,0.7820392845009585,0.7205397158939087,0.7109101276874167,0.8728280468564696,0.650038671951135,0.36367970331665045
a_scale,17,2461129504,logistic,b1,0,14,29510,14755,14755,C=1.0,0.7746262486968378,0.7114507501381233,0.7087982741549942,0.8789742764690721,0.6313216626528647,0.3463350545357211
a_scale,17,2461129504,logistic,b2,0,29,29510,14755,14755,C=1.0,0.7690689614278207,0.7093225820040634,0.7043143074476234,0.8737927098413879,0.6502472513695445,0.35421370061684043
a_scale,17,2461129504,logistic,b3,0,40,29510,14755,14755,C=1.0,0.763686497023914,0.7216351403536564,0.7154310290741419,0.8773564960282444,0.6461299471106356,0.3512010170836032
a_scale,17,2461129504,logistic,b3_signature,0,79,29510,14755,14755,C=1.0,0.7773283573067351,0.7356989496409869,0.7290925638824671,0.8867972815847859,0.6369857370902682,0.336440888952344
a_scale,17,2461129504,logistic,block_shuffled_signature,1,39,29510,14755,14755,C=1.0,0.7848712419665094,0.7165357356721879,0.7108799894301976,0.8753162551484327,0.6423530470638502,0.3492810991708092
a_scale,17,2461129504,logistic,block_shuffled_signature,2,39,29510,14755,14755,C=1.0,0.7884322750622555,0.719327641267672,0.7136702427131524,0.8753649458005824,0.6429115130358208,0.3493118813990986
a_scale,17,2461129504,logistic,block_shuffled_signature,3,39,29510,14755,14755,C=1.0,0.7879596591799496,0.7176268573737655,0.7119935207150426,0.8750790509499041,0.642374665535773,0.34986911375739
a_scale,17,2461129504,logistic,shuffled_signature,1,39,29510,14755,14755,C=1.0,0.7863654055970096,0.7191008975357717,0.7133312934187911,0.8752730424782321,0.6421084225168184,0.34936039175864075
a_scale,17,2461129504,logistic,shuffled_signature,2,39,29510,14755,14755,C=1.0,0.7886743530561823,0.7169850015871342,0.7112699989650203,0.8754341143070955,0.6423292644313813,0.3495859665209994
a_scale,17,2461129504,logistic,shuffled_signature,3,39,29510,14755,14755,C=1.0,0.7895529518605421,0.7185039300321518,0.7129541566443655,0.8756215323763682,0.6414143895663461,0.3491445576124978
a_scale,17,2461129504,logistic,signature,0,39,29510,14755,14755,C=1.0,0.7960162470999427,0.7313632394483521,0.7259260037594809,0.8882293218349009,0.6232689019029922,0.3324841721973575
a_scale,17,2461129504,random_forest,b1,0,14,29510,14755,14755,max_depth=6,0.7965895802167671,0.7276144871745261,0.721117045652564,0.8857618285183263,0.6038221524679693,0.3393937860377906
a_scale,17,2461129504,random_forest,b2,0,29,29510,14755,14755,max_depth=6,0.7959372888175295,0.727100230719249,0.7202115971146109,0.8809231701227181,0.6100678205780969,0.3433060629454417
a_scale,17,2461129504,random_forest,b3,0,40,29510,14755,14755,max_depth=6,0.7952428770374825,0.7248502225653158,0.7178654773953291,0.881589494784353,0.6095475165928302,0.34344096088130005
a_scale,17,2461129504,random_forest,b3_signature,0,79,29510,14755,14755,max_depth=6,0.798270893057242,0.7314333078336442,0.7241929703377626,0.8826589202483412,0.606275971176056,0.3400687220340883
a_scale,17,2461129504,random_forest,block_shuffled_signature,1,39,29510,14755,14755,max_depth=6,0.7912046716992259,0.7132389017397179,0.7064719053840901,0.8763398463160593,0.6319934211776203,0.3531408166831284
a_scale,17,2461129504,random_forest,block_shuffled_signature,2,39,29510,14755,14755,max_depth=6,0.7937809682120079,0.7144935660222025,0.707025754411255,0.876704139889663,0.6305333908573671,0.35244579967115497
a_scale,17,2461129504,random_forest,block_shuffled_signature,3,39,29510,14755,14755,max_depth=6,0.7919083875181595,0.7158531036767881,0.708595162324666,0.8763795767709682,0.6308595589763,0.3526680983858662
a_scale,17,2461129504,random_forest,shuffled_signature,1,39,29510,14755,14755,max_depth=6,0.7907232158659623,0.7151990758030392,0.7078825700035098,0.8755209358493947,0.6321954756072661,0.35296408618844155
a_scale,17,2461129504,random_forest,shuffled_signature,2,39,29510,14755,14755,max_depth=6,0.7945071300932399,0.7150645915046661,0.708232652790925,0.8765958380670197,0.6307891650024556,0.35245015596020585
a_scale,17,2461129504,random_forest,shuffled_signature,3,39,29510,14755,14755,max_depth=6,0.793006990737124,0.7164578001341081,0.709233915464178,0.8766621431791733,0.6297861502924048,0.35166949826319216
a_scale,17,2461129504,random_forest,signature,0,39,29510,14755,14755,max_depth=6,0.7958564746947525,0.7237720458614869,0.7170739344790072,0.8872140972521693,0.6043815227553933,0.33936358249538984
a_scale,18,2391405650,logistic,b1,0,14,29510,14755,14755,C=0.01,0.6750461061693898,0.7308040241581528,0.730838770000496,0.8767178559991576,0.6601733342172214,0.36913594829625895
a_scale,18,2391405650,logistic,b2,0,29,29510,14755,14755,C=0.01,0.6584288865966538,0.7280276492618762,0.727913812097197,0.87786749913847,0.6648666806960116,0.3680660732869897
a_scale,18,2391405650,logistic,b3,0,40,29510,14755,14755,C=0.01,0.6590718096214573,0.7227896082315614,0.7230140080799242,0.8765423143854859,0.6631036911649245,0.3671586718305374
a_scale,18,2391405650,logistic,b3_signature,0,79,29510,14755,14755,C=0.01,0.6597854024144819,0.7375279562026987,0.7380304378320329,0.8871547186750078,0.6413993655547079,0.3491059083094381
a_scale,18,2391405650,logistic,block_shuffled_signature,1,39,29510,14755,14755,C=0.01,0.6662986460486625,0.7326120145407047,0.7329951819487276,0.881452700781249,0.6551037210295932,0.3593602023347161
a_scale,18,2391405650,logistic,block_shuffled_signature,2,39,29510,14755,14755,C=0.01,0.6662589543372333,0.73180829124711,0.7321590987853378,0.8813351205691623,0.6557873234338845,0.3593764836653609
a_scale,18,2391405650,logistic,block_shuffled_signature,3,39,29510,14755,14755,C=0.01,0.6631256210470444,0.7297843892196649,0.7301754412215812,0.8813960606755821,0.6556301269849321,0.35940538266624
a_scale,18,2391405650,logistic,shuffled_signature,1,39,29510,14755,14755,C=0.01,0.6669812478431725,0.7317678572896522,0.7321318677877429,0.881171324495981,0.6570670715594354,0.35949289090905184
a_scale,18,2391405650,logistic,shuffled_signature,2,39,29510,14755,14755,C=0.01,0.6660431610250245,0.7314606680155596,0.731829040246221,0.8813073591203263,0.6553853836855177,0.3594972027065473
a_scale,18,2391405650,logistic,shuffled_signature,3,39,29510,14755,14755,C=0.01,0.6636898201218232,0.7312139378050097,0.7315910194644872,0.8812633715378072,0.6562624790581137,0.3594904740453144
a_scale,18,2391405650,logistic,signature,0,39,29510,14755,14755,C=0.01,0.6726239665693848,0.7461012487290196,0.7464173697469771,0.8893260159435082,0.6314764015856738,0.3473079584041502
a_scale,18,2391405650,random_forest,b1,0,14,29510,14755,14755,max_depth=10,0.638886200286559,0.7249266188192678,0.7261073936692931,0.8784272514559591,0.6548304498472186,0.3763556143337783
a_scale,18,2391405650,random_forest,b2,0,29,29510,14755,14755,max_depth=10,0.6369107477089718,0.7284143707713046,0.7296025188426833,0.8803186025537113,0.6395750208426025,0.36885660557256145
a_scale,18,2391405650,random_forest,b3,0,40,29510,14755,14755,max_depth=6,0.6428396587841806,0.7310790507578688,0.732440179425455,0.880195798677906,0.6337561384466901,0.36684272811960067
a_scale,18,2391405650,random_forest,b3_signature,0,79,29510,14755,14755,max_depth=10,0.6435223816739056,0.7306300608663018,0.7320265370673168,0.88453734880287,0.6269278812540348,0.3632088321820977
a_scale,18,2391405650,random_forest,block_shuffled_signature,1,39,29510,14755,14755,max_depth=10,0.6356124819805297,0.7236657425962276,0.7249019760447383,0.8786982650670855,0.6514765270859023,0.37218257898898444
a_scale,18,2391405650,random_forest,block_shuffled_signature,2,39,29510,14755,14755,max_depth=10,0.6363478139618207,0.7214962329094444,0.7228598663417504,0.8784378875943122,0.6519842519025174,0.3719949208323045
a_scale,18,2391405650,random_forest,block_shuffled_signature,3,39,29510,14755,14755,max_depth=10,0.6346274141269127,0.7224435237084492,0.723792254814496,0.8789677394017913,0.6498730441082743,0.371614746059191
a_scale,18,2391405650,random_forest,shuffled_signature,1,39,29510,14755,14755,max_depth=10,0.6328227484475883,0.7226483371909048,0.7237820638182075,0.8785370938391387,0.6508383308825285,0.37107178594891344
a_scale,18,2391405650,random_forest,shuffled_signature,2,39,29510,14755,14755,max_depth=10,0.6392575013831138,0.7224271174276308,0.7235199704639829,0.878565206045972,0.6509086431489052,0.3717283571372573
a_scale,18,2391405650,random_forest,shuffled_signature,3,39,29510,14755,14755,max_depth=10,0.6343442673008647,0.7248967499538104,0.7261358005684017,0.879543308029362,0.6491789177685078,0.37063404299648534
a_scale,18,2391405650,random_forest,signature,0,39,29510,14755,14755,max_depth=10,0.6473736457415639,0.7316941870623695,0.7331424709970357,0.8864458380872206,0.6277515581045209,0.36078796139592545
a_scale,19,3389551597,logistic,b1,0,14,29510,14755,14755,C=1.0,0.7391057924333665,0.703156943148867,0.7016299990070682,0.8490038115971629,0.7275278879961313,0.41003093220929127
a_scale,19,3389551597,logistic,b2,0,29,29510,14755,14755,C=1.0,0.739896759669643,0.7069068869517787,0.7006510318922615,0.8432424240351793,0.7494691142362536,0.4194902279983702
a_scale,19,3389551597,logistic,b3,0,40,29510,14755,14755,C=0.01,0.7227585721103357,0.6950734364498338,0.6834999263707577,0.8414594192020018,0.7539234983847917,0.4305655236272234
a_scale,19,3389551597,logistic,b3_signature,0,79,29510,14755,14755,C=1.0,0.7474071508592363,0.7130844659726101,0.7073544055573731,0.8510852602930826,0.7370092389001017,0.40083545004114723
a_scale,19,3389551597,logistic,block_shuffled_signature,1,39,29510,14755,14755,C=1.0,0.7398614497932252,0.7139222635149279,0.7138723114100488,0.8506413079451761,0.7224345608725906,0.3998463345366046
a_scale,19,3389551597,logistic,block_shuffled_signature,2,39,29510,14755,14755,C=1.0,0.7388091123989788,0.7156908651044273,0.7160724625094366,0.8506087367817884,0.7211889011842967,0.3998093670588831
a_scale,19,3389551597,logistic,block_shuffled_signature,3,39,29510,14755,14755,C=1.0,0.7385518065845016,0.7156962152388813,0.7159411291196439,0.8510129040214686,0.7215571331389261,0.39991616861854024
a_scale,19,3389551597,logistic,shuffled_signature,1,39,29510,14755,14755,C=1.0,0.7401921545077301,0.7140708547590134,0.7145757713285934,0.8498286555490955,0.721234439960777,0.39989765364818725
a_scale,19,3389551597,logistic,shuffled_signature,2,39,29510,14755,14755,C=1.0,0.7396696564287873,0.7151397757715173,0.7157309566292464,0.8503956116914758,0.7208590428850458,0.3996712923961367
a_scale,19,3389551597,logistic,shuffled_signature,3,39,29510,14755,14755,C=1.0,0.7383799875326135,0.7159323269623061,0.7160990738502079,0.8502021586128313,0.7219831625396658,0.3997294442959742
a_scale,19,3389551597,logistic,signature,0,39,29510,14755,14755,C=1.0,0.7512010147762367,0.7241781282781079,0.7235219901431486,0.8590461390884417,0.7017676472422028,0.3882230528805262
a_scale,19,3389551597,random_forest,b1,0,14,29510,14755,14755,max_depth=10,0.7409338274285832,0.7053031913358979,0.6979893442260886,0.8492874769327523,0.7283403393982472,0.4139183355821104
a_scale,19,3389551597,random_forest,b2,0,29,29510,14755,14755,max_depth=10,0.7424710059562584,0.704199980891373,0.6958196389645998,0.8467406338001989,0.7282725479629056,0.4154149547289822
a_scale,19,3389551597,random_forest,b3,0,40,29510,14755,14755,max_depth=4,0.7424981792241317,0.704063232572393,0.6944627874610682,0.8515331120129775,0.7207350298876222,0.4171136689371037
a_scale,19,3389551597,random_forest,b3_signature,0,79,29510,14755,14755,max_depth=10,0.7466374303513866,0.7075174492653371,0.6983060155361951,0.8497066306769309,0.727785978735611,0.4133173792285061
a_scale,19,3389551597,random_forest,block_shuffled_signature,1,39,29510,14755,14755,max_depth=6,0.7365019920894218,0.707834056877496,0.7017928537528881,0.8464953522819799,0.7295959328768651,0.4169504433170785
a_scale,19,3389551597,random_forest,block_shuffled_signature,2,39,29510,14755,14755,max_depth=6,0.7364761174584026,0.7105125838210783,0.702214015469974,0.8462983498292097,0.7281193101165276,0.415673049266959
a_scale,19,3389551597,random_forest,block_shuffled_signature,3,39,29510,14755,14755,max_depth=10,0.7375958085126496,0.7052636041494439,0.6975688809236091,0.8422086306070661,0.7468686250409738,0.4189875847553854
a_scale,19,3389551597,random_forest,shuffled_signature,1,39,29510,14755,14755,max_depth=6,0.7345712726408773,0.7064609312122819,0.6985520182688219,0.8460297622762377,0.7285449875509544,0.41671909638358806
a_scale,19,3389551597,random_forest,shuffled_signature,2,39,29510,14755,14755,max_depth=6,0.735456311054364,0.7090025569319796,0.70202775656317,0.8469921695512044,0.7268299690096934,0.41564445120286897
a_scale,19,3389551597,random_forest,shuffled_signature,3,39,29510,14755,14755,max_depth=6,0.7336273833715238,0.7081330860202225,0.7000063948279639,0.8469666922162501,0.726862935594167,0.4156054730097057
a_scale,19,3389551597,random_forest,signature,0,39,29510,14755,14755,max_depth=6,0.7376339290382758,0.7106605169320034,0.7017682580716529,0.852208763758218,0.7156563575629744,0.4101160632725449
a_scale,20,4178412467,logistic,b1,0,14,29510,14755,14755,C=0.1,0.7555637095902222,0.7119329981968919,0.7178287606215937,0.8492467702044232,0.7601590308804648,0.4162104987265111
a_scale,20,4178412467,logistic,b2,0,29,29510,14755,14755,C=0.01,0.7550634008989183,0.700584342045901,0.7038778813611364,0.8412634945149926,0.785853509639864,0.4361039170055272
a_scale,20,4178412467,logistic,b3,0,40,29510,14755,14755,C=0.01,0.7452358839161732,0.6976752792888581,0.7019742593431978,0.8414544052455185,0.7733100916426121,0.43240199832471915
a_scale,20,4178412467,logistic,b3_signature,0,79,29510,14755,14755,C=0.01,0.7592258111685516,0.6979628145822411,0.7037275133068377,0.8462096372321044,0.7591028567859351,0.4236474458855952
a_scale,20,4178412467,logistic,block_shuffled_signature,1,39,29510,14755,14755,C=1.0,0.7543054075608623,0.6922408634611,0.6986446503223972,0.8426654422153069,0.7674666823959548,0.4263052695399805
a_scale,20,4178412467,logistic,block_shuffled_signature,2,39,29510,14755,14755,C=1.0,0.7549592438062809,0.6903054864321004,0.6967221913404616,0.8427015827816394,0.7680516796558416,0.42635080073480874
a_scale,20,4178412467,logistic,block_shuffled_signature,3,39,29510,14755,14755,C=1.0,0.7559421961346099,0.6930437376275975,0.6993780517693032,0.842176031990284,0.7685865180325563,0.42666284095774765
a_scale,20,4178412467,logistic,shuffled_signature,1,39,29510,14755,14755,C=1.0,0.7569922156376493,0.6914554212648548,0.6978918010440985,0.8433321736826049,0.7656288513207281,0.4251418790995925
a_scale,20,4178412467,logistic,shuffled_signature,2,39,29510,14755,14755,C=1.0,0.7550973288887457,0.6926043158155113,0.6989696731131713,0.843229386343031,0.7666608685330323,0.42516032970467643
a_scale,20,4178412467,logistic,shuffled_signature,3,39,29510,14755,14755,C=1.0,0.7545239135344834,0.6916223703125266,0.6980038935698817,0.8431701748799653,0.7668560537670636,0.4252290595468664
a_scale,20,4178412467,logistic,signature,0,39,29510,14755,14755,C=1.0,0.7598219349443806,0.6976616997472843,0.704449072082869,0.8491746695544006,0.75539815721373,0.4205353737712086
a_scale,20,4178412467,random_forest,b1,0,14,29510,14755,14755,max_depth=6,0.7609725309260797,0.7020174608159975,0.7049507657298898,0.846509570143399,0.7548422220849355,0.42760239692566654
a_scale,20,4178412467,random_forest,b2,0,29,29510,14755,14755,max_depth=6,0.7614263984927626,0.6999881605951165,0.7028328435994101,0.847376920194027,0.7487725510401002,0.42581544869035637
a_scale,20,4178412467,random_forest,b3,0,40,29510,14755,14755,max_depth=6,0.7659047980504892,0.6996848767476419,0.7020656203063099,0.847609082322239,0.7503034998283303,0.42600245046515073
a_scale,20,4178412467,random_forest,b3_signature,0,79,29510,14755,14755,max_depth=10,0.7661724354889783,0.6913281307986341,0.6945165243711665,0.8447876513143964,0.7731701831124018,0.43644501833921967
a_scale,20,4178412467,random_forest,block_shuffled_signature,1,39,29510,14755,14755,max_depth=10,0.756900666065181,0.683443521180481,0.6858140111104533,0.836696319559095,0.810350408804031,0.44521342656132107
a_scale,20,4178412467,random_forest,block_shuffled_signature,2,39,29510,14755,14755,max_depth=6,0.7553677013030717,0.6862200622689146,0.6890975967979126,0.8421950828306008,0.7715108361248408,0.4366072968478834
a_scale,20,4178412467,random_forest,block_shuffled_signature,3,39,29510,14755,14755,max_depth=6,0.7599124593337049,0.6854907554288648,0.6884958308145813,0.8431676495653201,0.7684860894741269,0.43541636039085757
a_scale,20,4178412467,random_forest,shuffled_signature,1,39,29510,14755,14755,max_depth=6,0.7579012273503447,0.6869281009390834,0.6899441081125683,0.8431235128787483,0.7707680877258936,0.43579961746511503
a_scale,20,4178412467,random_forest,shuffled_signature,2,39,29510,14755,14755,max_depth=6,0.7576382047111127,0.6860956791210598,0.6883769860717214,0.8423896190312422,0.7719586851606344,0.4368462366274453
a_scale,20,4178412467,random_forest,shuffled_signature,3,39,29510,14755,14755,max_depth=10,0.7569568733747644,0.6857976687874254,0.6884995216967501,0.8382015774957168,0.8111985321111103,0.44305389515473287
a_scale,20,4178412467,random_forest,signature,0,39,29510,14755,14755,max_depth=6,0.7619667057079692,0.6880204762005927,0.6910110895131606,0.8478622526817284,0.7539011665198886,0.4292250378776567
b_dynamics,1,1345868378,logistic,b1,0,14,29510,14755,14755,C=0.1,0.43184678191547005,0.37738304153040053,0.3286329527150327,0.5563885871147779,1.0927523346417531,0.6628543956267243
b_dynamics,1,1345868378,logistic,b2,0,29,29510,14755,14755,C=0.01,0.4069947951249009,0.39833431354013354,0.3824486168674088,0.5699964691361185,1.0952521458761284,0.663297624346307
b_dynamics,1,1345868378,logistic,b3,0,40,29510,14755,14755,C=0.01,0.399874387308169,0.39501910067044355,0.384790891518011,0.5703341387345041,1.0982583362562972,0.6648837196739816
b_dynamics,1,1345868378,logistic,b3_signature,0,79,29510,14755,14755,C=0.01,0.4129352574546543,0.4094643748577531,0.3977005014665124,0.5898126629984074,1.0894701007778698,0.656614355898267
b_dynamics,1,1345868378,logistic,block_shuffled_signature,1,39,29510,14755,14755,C=1.0,0.4140276293117882,0.39638090325828923,0.3529512864924122,0.5689041386764495,1.0963221868569724,0.6597862455719968
b_dynamics,1,1345868378,logistic,block_shuffled_signature,2,39,29510,14755,14755,C=1.0,0.4138223115283856,0.3987280727601312,0.3568826620379359,0.5700951122545516,1.0950879906497182,0.6591985850058527
b_dynamics,1,1345868378,logistic,block_shuffled_signature,3,39,29510,14755,14755,C=1.0,0.41474608525327555,0.39646814226501687,0.3605573258414217,0.5684254670482172,1.0963659677581685,0.6601823272518655
b_dynamics,1,1345868378,logistic,shuffled_signature,1,39,29510,14755,14755,C=1.0,0.42047845811678847,0.39252070846910536,0.34276889496921087,0.5607370819327632,1.0984209834024543,0.6613429757939715
b_dynamics,1,1345868378,logistic,shuffled_signature,2,39,29510,14755,14755,C=1.0,0.42173110199316727,0.3949784599405284,0.35041397901294125,0.560801734582161,1.0976587620832094,0.6609859640029497
b_dynamics,1,1345868378,logistic,shuffled_signature,3,39,29510,14755,14755,C=1.0,0.4164970722939347,0.3933808448772513,0.3450497106661812,0.562951687131306,1.0984895982856355,0.6610842225799325
b_dynamics,1,1345868378,logistic,signature,0,39,29510,14755,14755,C=1.0,0.4334201788035365,0.4360155519042057,0.400072792783539,0.6071770942590969,1.0801846015298087,0.6474561049769644
b_dynamics,1,1345868378,random_forest,b1,0,14,29510,14755,14755,max_depth=4,0.39844183751141365,0.39085168103962453,0.3472572338156703,0.5695020322880325,1.0800751016403742,0.654982914447853
b_dynamics,1,1345868378,random_forest,b2,0,29,29510,14755,14755,max_depth=4,0.41219145568765175,0.3962277789215099,0.38496914427719947,0.5804032257455959,1.0783329277842502,0.654094356793679
b_dynamics,1,1345868378,random_forest,b3,0,40,29510,14755,14755,max_depth=6,0.4082642571654496,0.40609171243442727,0.3971677368723536,0.5862185545997992,1.0737132510184624,0.6511767976306957
b_dynamics,1,1345868378,random_forest,b3_signature,0,79,29510,14755,14755,max_depth=6,0.41616223669575003,0.4001653376086745,0.39050575387822956,0.5855214314175229,1.0741940001731256,0.6505480389219179
b_dynamics,1,1345868378,random_forest,block_shuffled_signature,1,39,29510,14755,14755,max_depth=4,0.3952099315167954,0.38838286604356553,0.3136696795184594,0.5485395727222967,1.091920796429194,0.6593234027900322
b_dynamics,1,1345868378,random_forest,block_shuffled_signature,2,39,29510,14755,14755,max_depth=10,0.40290856505791,0.3938114355374778,0.38101928366043275,0.5597065910689303,1.1145018546704375,0.6613212473910184
b_dynamics,1,1345868378,random_forest,block_shuffled_signature,3,39,29510,14755,14755,max_depth=10,0.40017827213256374,0.39585849264765843,0.3854115132985285,0.5612323192176946,1.1297901193013618,0.6611773470741085
b_dynamics,1,1345868378,random_forest,shuffled_signature,1,39,29510,14755,14755,max_depth=10,0.3942436090492811,0.3908766884721648,0.3807890589066572,0.558382171808304,1.136734831048588,0.6627706758819943
b_dynamics,1,1345868378,random_forest,shuffled_signature,2,39,29510,14755,14755,max_depth=4,0.39582058494913497,0.39207216009720164,0.3184502486083639,0.5513758101766918,1.0907047912998749,0.6592220084129273
b_dynamics,1,1345868378,random_forest,shuffled_signature,3,39,29510,14755,14755,max_depth=10,0.39979803300880423,0.3938934989629332,0.3821745681459543,0.5576710264513144,1.1269828272813809,0.6628516819365854
b_dynamics,1,1345868378,random_forest,signature,0,39,29510,14755,14755,max_depth=10,0.40589124123625164,0.38977208039342176,0.3794057117244189,0.567282599953716,1.134904354853573,0.6616936897830145
b_dynamics,2,1169791464,logistic,b1,0,14,29510,14755,14755,C=1.0,0.4059634021076041,0.386909018837475,0.35442776500078504,0.5633596251969859,1.0958043219961175,0.665421535808603
b_dynamics,2,1169791464,logistic,b2,0,29,29510,14755,14755,C=1.0,0.4141043290595337,0.4009065066135126,0.3712054380473507,0.5699862493473705,1.1036765474919674,0.6675925146904116
b_dynamics,2,1169791464,logistic,b3,0,40,29510,14755,14755,C=0.1,0.40951400290490997,0.3972851422154688,0.3765297460820902,0.5717437633440773,1.1043616457420997,0.6671141056607361
b_dynamics,2,1169791464,logistic,b3_signature,0,79,29510,14755,14755,C=1.0,0.4513209290634171,0.4660770297247187,0.44318281997313624,0.6409723165881714,1.0498388240649439,0.6314533552882539
b_dynamics,2,1169791464,logistic,block_shuffled_signature,1,39,29510,14755,14755,C=1.0,0.3910389633852418,0.4091162396530823,0.3525592015520098,0.5842756929096558,1.0772607665510898,0.6539460514973251
b_dynamics,2,1169791464,logistic,block_shuffled_signature,2,39,29510,14755,14755,C=1.0,0.39125393838549566,0.41817905807518807,0.36173421702796077,0.584899885438262,1.0758928635590843,0.6529900675002298
b_dynamics,2,1169791464,logistic,block_shuffled_signature,3,39,29510,14755,14755,C=1.0,0.3915976838745325,0.41357980418614554,0.3586337959212557,0.5848020896032146,1.077347104348368,0.6540552882379219
b_dynamics,2,1169791464,logistic,shuffled_signature,1,39,29510,14755,14755,C=1.0,0.38415925914804294,0.406881445700439,0.3404072817643223,0.5691115648036644,1.0827629089997932,0.6576061520121715
b_dynamics,2,1169791464,logistic,shuffled_signature,2,39,29510,14755,14755,C=1.0,0.38439507568284587,0.4107561384005072,0.3443044510708799,0.5723617821437927,1.0814023569318436,0.6566038709752289
b_dynamics,2,1169791464,logistic,shuffled_signature,3,39,29510,14755,14755,C=1.0,0.384554214852966,0.4035808310954871,0.34291901557973214,0.5680051238004551,1.0840995603670005,0.6584340856763276
b_dynamics,2,1169791464,logistic,signature,0,39,29510,14755,14755,C=1.0,0.43787540184738766,0.453965965224379,0.4042655650752443,0.646296760846484,1.024698328616813,0.6237455276602824
b_dynamics,2,1169791464,random_forest,b1,0,14,29510,14755,14755,max_depth=10,0.390674381691551,0.3868604848401316,0.36956309165764284,0.5687510206447688,1.1099454042708237,0.6696144102093761
b_dynamics,2,1169791464,random_forest,b2,0,29,29510,14755,14755,max_depth=10,0.39522495176160305,0.3913718397967814,0.3651400361956905,0.5620840303198743,1.1042909433720174,0.668901093596418
b_dynamics,2,1169791464,random_forest,b3,0,40,29510,14755,14755,max_depth=10,0.39589048822504963,0.4049006113302722,0.36952295129135987,0.5623558555757331,1.107230660070684,0.6706777099901157
b_dynamics,2,1169791464,random_forest,b3_signature,0,79,29510,14755,14755,max_depth=10,0.3928991790205496,0.40389108719008476,0.37187156575593794,0.5691792387059196,1.097009392874089,0.6643211392049168
b_dynamics,2,1169791464,random_forest,block_shuffled_signature,1,39,29510,14755,14755,max_depth=6,0.36848879850991495,0.39634988905160173,0.34962337657343473,0.5605501987645564,1.0935164580954926,0.6611308675085096
b_dynamics,2,1169791464,random_forest,block_shuffled_signature,2,39,29510,14755,14755,max_depth=10,0.37000940049121783,0.39382019906618626,0.3583644973826439,0.5626772436842314,1.107390852223708,0.6648886318677306
b_dynamics,2,1169791464,random_forest,block_shuffled_signature,3,39,29510,14755,14755,max_depth=6,0.3672330847141804,0.391987206773252,0.349264322727382,0.5603916870843147,1.0944685567020844,0.6617282691528642
b_dynamics,2,1169791464,random_forest,shuffled_signature,1,39,29510,14755,14755,max_depth=6,0.3638572224538872,0.39322678690829815,0.3445186913392779,0.5599823684706019,1.0933961550744866,0.6608249121100734
b_dynamics,2,1169791464,random_forest,shuffled_signature,2,39,29510,14755,14755,max_depth=10,0.3717065769193307,0.3934782334663532,0.361043839925627,0.5610071578631883,1.1083897413335315,0.66572575012873
b_dynamics,2,1169791464,random_forest,shuffled_signature,3,39,29510,14755,14755,max_depth=6,0.3686809761140242,0.3859994878956193,0.345030512208995,0.5578453244905234,1.0942298398994825,0.6613384581097854
b_dynamics,2,1169791464,random_forest,signature,0,39,29510,14755,14755,max_depth=10,0.3710379575955369,0.4100227436993631,0.38185399715797885,0.5784666200282906,1.0940829673742798,0.6589944712125603
b_dynamics,3,2333265170,logistic,b1,0,14,29510,14755,14755,C=0.01,0.38572159491483454,0.38626195128876234,0.3652658607784409,0.575733057650322,1.0804970894358208,0.6571444840439656
b_dynamics,3,2333265170,logistic,b2,0,29,29510,14755,14755,C=0.1,0.4161783879258614,0.4069696762059114,0.389641690971624,0.5869025224678942,1.0910858955577094,0.6614615533918294
b_dynamics,3,2333265170,logistic,b3,0,40,29510,14755,14755,C=0.1,0.40989210060813974,0.40115230410799546,0.3855766564504591,0.5711394192555304,1.1129190222943404,0.6719941804878349
b_dynamics,3,2333265170,logistic,b3_signature,0,79,29510,14755,14755,C=0.1,0.4194586638528766,0.4193226143214488,0.4003249851003636,0.5975481010678504,1.1076774350143388,0.6698637480880036
b_dynamics,3,2333265170,logistic,block_shuffled_signature,1,39,29510,14755,14755,C=1.0,0.34938104386877106,0.3940641259664126,0.353887422243093,0.5755111387319682,1.0739142371335288,0.6518948424890258
b_dynamics,3,2333265170,logistic,block_shuffled_signature,2,39,29510,14755,14755,C=1.0,0.3446317851037099,0.39528362367800374,0.35332713728608534,0.572851506646307,1.0759275484150115,0.6530952308404907
b_dynamics,3,2333265170,logistic,block_shuffled_signature,3,39,29510,14755,14755,C=1.0,0.34716280231789937,0.40073966250726273,0.35758004371514723,0.5755837903258869,1.0740779362036417,0.6520134539371829
b_dynamics,3,2333265170,logistic,shuffled_signature,1,39,29510,14755,14755,C=1.0,0.33900014270119977,0.3842362862839414,0.3415625726518832,0.5553217163809192,1.0808400225023993,0.6562796479723186
b_dynamics,3,2333265170,logistic,shuffled_signature,2,39,29510,14755,14755,C=1.0,0.3403440620966592,0.3840869314796076,0.3402487761124096,0.5555428017143966,1.0798938795783533,0.6558257652726048
b_dynamics,3,2333265170,logistic,shuffled_signature,3,39,29510,14755,14755,C=1.0,0.34066646258287764,0.38648519146889493,0.34180114245539794,0.555474442572459,1.0797501662694433,0.6557827450809935
b_dynamics,3,2333265170,logistic,signature,0,39,29510,14755,14755,C=1.0,0.38542437819428327,0.42188035066819046,0.38727317685135093,0.6217921088150761,1.0559840558228497,0.6413854737692624
b_dynamics,3,2333265170,random_forest,b1,0,14,29510,14755,14755,max_depth=6,0.37646559970914334,0.39895150302642657,0.3548577895575927,0.5684303160277716,1.0933319159803911,0.6666091467441345
b_dynamics,3,2333265170,random_forest,b2,0,29,29510,14755,14755,max_depth=10,0.3887352239338207,0.4178213422316583,0.39747065052271296,0.5951970215756681,1.0785227626016909,0.6545879070229388
b_dynamics,3,2333265170,random_forest,b3,0,40,29510,14755,14755,max_depth=10,0.39528539457491085,0.4264085129375476,0.4031112176420811,0.5984102591444674,1.0745581752767484,0.6521638857742654
b_dynamics,3,2333265170,random_forest,b3_signature,0,79,29510,14755,14755,max_depth=10,0.3932921951652853,0.42259679649287224,0.3985000652770554,0.5990808173273336,1.0745769699690315,0.6522817994440985
b_dynamics,3,2333265170,random_forest,block_shuffled_signature,1,39,29510,14755,14755,max_depth=4,0.3473279741640431,0.38111969893980996,0.30565677309801154,0.5393998750908001,1.0935360168595656,0.6638327590167704
b_dynamics,3,2333265170,random_forest,block_shuffled_signature,2,39,29510,14755,14755,max_depth=4,0.3569623581378792,0.3768399858915396,0.287695448679354,0.5430198464091669,1.092539393855927,0.6630922667792837
b_dynamics,3,2333265170,random_forest,block_shuffled_signature,3,39,29510,14755,14755,max_depth=4,0.3529376381307965,0.38104496851746067,0.29634555607861474,0.541929795730204,1.092995436994388,0.6633665375669595
b_dynamics,3,2333265170,random_forest,shuffled_signature,1,39,29510,14755,14755,max_depth=4,0.3601933019840786,0.3791780194075482,0.28900024401293556,0.5363366917138431,1.0933422137671704,0.6636307944132374
b_dynamics,3,2333265170,random_forest,shuffled_signature,2,39,29510,14755,14755,max_depth=4,0.3591932264183518,0.3802751702728568,0.2943013089074234,0.5378421017574845,1.092760457339374,0.663160103345209
b_dynamics,3,2333265170,random_forest,shuffled_signature,3,39,29510,14755,14755,max_depth=4,0.35881678630121766,0.37883603077205324,0.29446242941170264,0.5363352619803609,1.0929340555274714,0.663419420190409
b_dynamics,3,2333265170,random_forest,signature,0,39,29510,14755,14755,max_depth=10,0.35481626100511643,0.4007570313507384,0.37934600951561603,0.5742671177559306,1.0960785279836303,0.6663233601844359
b_dynamics,4,1734783393,logistic,b1,0,14,29510,14755,14755,C=0.01,0.4172286987932344,0.3932086727065554,0.38358340452880846,0.5575991345858913,1.106599961014309,0.6726340967237054
b_dynamics,4,1734783393,logistic,b2,0,29,29510,14755,14755,C=0.1,0.42732521177496485,0.36971954009162294,0.36039043481454663,0.5534181978309666,1.1261435544472091,0.6877403561186696
b_dynamics,4,1734783393,logistic,b3,0,40,29510,14755,14755,C=0.01,0.41485454579565806,0.3671285044450305,0.35844506760341294,0.5573827918255336,1.1203046182330398,0.6832546240875682
b_dynamics,4,1734783393,logistic,b3_signature,0,79,29510,14755,14755,C=0.1,0.44875699110953393,0.38699820409911784,0.3778491913960722,0.5738984688857608,1.1285456896133181,0.6836593436450219
b_dynamics,4,1734783393,logistic,block_shuffled_signature,1,39,29510,14755,14755,C=0.01,0.42352828031233053,0.34463060542292867,0.3175164599635015,0.5153281258110592,1.1309775124972483,0.684549463852332
b_dynamics,4,1734783393,logistic,block_shuffled_signature,2,39,29510,14755,14755,C=0.01,0.42751193195139026,0.3433447189591643,0.3153738880051873,0.5174433045446423,1.129000791327419,0.6832411435343717
b_dynamics,4,1734783393,logistic,block_shuffled_signature,3,39,29510,14755,14755,C=0.01,0.4214258936225009,0.34235496411986865,0.3144472957529801,0.5175035035003753,1.1298484297999012,0.6837188277355316
b_dynamics,4,1734783393,logistic,shuffled_signature,1,39,29510,14755,14755,C=0.01,0.42379207647626904,0.3357758403042976,0.30427765025030373,0.5086376366054708,1.1335516044102827,0.6860397396761013
b_dynamics,4,1734783393,logistic,shuffled_signature,2,39,29510,14755,14755,C=0.01,0.41781990423837384,0.3449755579273989,0.3141953226941486,0.5109112882287971,1.1330318103586037,0.6854872312427397
b_dynamics,4,1734783393,logistic,shuffled_signature,3,39,29510,14755,14755,C=0.01,0.41801798385806155,0.34108121864546054,0.30640138556763813,0.5100090889804977,1.1326896790116099,0.6855622753269681
b_dynamics,4,1734783393,logistic,signature,0,39,29510,14755,14755,C=0.1,0.4757825690904969,0.3844395310430085,0.3681675566138749,0.568666294203073,1.1100345901254192,0.6682098175571911
b_dynamics,4,1734783393,random_forest,b1,0,14,29510,14755,14755,max_depth=4,0.409082068327411,0.3893029005533151,0.3583640698673409,0.5473160918254206,1.1048382885875276,0.6719547969989847
b_dynamics,4,1734783393,random_forest,b2,0,29,29510,14755,14755,max_depth=4,0.42296700633959156,0.36688622956940914,0.34009041041841925,0.5413929336336399,1.103447420994712,0.6709652235202275
b_dynamics,4,1734783393,random_forest,b3,0,40,29510,14755,14755,max_depth=4,0.4040239768843807,0.3617775342038421,0.32766427324304187,0.5405910760741509,1.105537186730641,0.6725554688094542
b_dynamics,4,1734783393,random_forest,b3_signature,0,79,29510,14755,14755,max_depth=4,0.40248445701435626,0.36108905773612315,0.32027893484051534,0.5358424362658308,1.1139926213291038,0.6783648871928838
b_dynamics,4,1734783393,random_forest,block_shuffled_signature,1,39,29510,14755,14755,max_depth=4,0.3801829694339232,0.3381001556435432,0.26830200646367236,0.48253770900564374,1.141352304105832,0.696562957765823
b_dynamics,4,1734783393,random_forest,block_shuffled_signature,2,39,29510,14755,14755,max_depth=4,0.3778534195322229,0.3377120522139177,0.26902647515476724,0.4800066726797976,1.1419320026650812,0.6969278676400512
b_dynamics,4,1734783393,random_forest,block_shuffled_signature,3,39,29510,14755,14755,max_depth=4,0.3867509917918343,0.3377650726389024,0.2580920257501991,0.48160281271937766,1.142725614746059,0.6970422840738861
b_dynamics,4,1734783393,random_forest,shuffled_signature,1,39,29510,14755,14755,max_depth=4,0.38344081039095124,0.33694415097506997,0.26284770600134594,0.48369008749336784,1.1429684650629155,0.6976003235846423
b_dynamics,4,1734783393,random_forest,shuffled_signature,2,39,29510,14755,14755,max_depth=4,0.3848703950941057,0.34142315857342415,0.26355661278344905,0.48436092520712365,1.1429933007872775,0.6975419796190477
b_dynamics,4,1734783393,random_forest,shuffled_signature,3,39,29510,14755,14755,max_depth=4,0.37880988670375926,0.33577321677854294,0.2599067633034293,0.4835990535754884,1.1418873013058466,0.6974203354351006
b_dynamics,4,1734783393,random_forest,signature,0,39,29510,14755,14755,max_depth=4,0.3872604535403971,0.350838778763178,0.2654030482464083,0.4928697952847226,1.1362403876958969,0.6932406673228831
b_dynamics,5,3885606559,logistic,b1,0,14,29510,14755,14755,C=0.01,0.38340115587522067,0.3085096978594963,0.30877755992498784,0.49828791724126137,1.1165534860138737,0.6790884791941606
b_dynamics,5,3885606559,logistic,b2,0,29,29510,14755,14755,C=0.01,0.39722712593685827,0.3463268456974545,0.3457242641693436,0.5210163161057978,1.1229910326383241,0.6816161333008061
b_dynamics,5,3885606559,logistic,b3,0,40,29510,14755,14755,C=0.01,0.38263007984439096,0.3417113202863895,0.341448579336787,0.5096543635498145,1.1406044629505323,0.6924099216998972
b_dynamics,5,3885606559,logistic,b3_signature,0,79,29510,14755,14755,C=0.1,0.4130677579088646,0.38851996436336617,0.38609900898130767,0.5696146496670564,1.1450572692738086,0.6834707616146749
b_dynamics,5,3885606559,logistic,block_shuffled_signature,1,39,29510,14755,14755,C=0.01,0.3724205749018985,0.3521891936619868,0.34323803145321996,0.5196355906698945,1.121871896760408,0.6741037274324976
b_dynamics,5,3885606559,logistic,block_shuffled_signature,2,39,29510,14755,14755,C=1.0,0.3753061254748027,0.3616054907211035,0.3540267485326023,0.5352334543568117,1.1149996273754212,0.6712432200416012
b_dynamics,5,3885606559,logistic,block_shuffled_signature,3,39,29510,14755,14755,C=0.01,0.3740327034767632,0.35311264733120024,0.3444257967418068,0.5222412352322353,1.1218010120659159,0.673620261139209
b_dynamics,5,3885606559,logistic,shuffled_signature,1,39,29510,14755,14755,C=0.1,0.36636191468512963,0.35721312575709563,0.3452927193193056,0.5221202640098075,1.1194113311172034,0.6742303392591601
b_dynamics,5,3885606559,logistic,shuffled_signature,2,39,29510,14755,14755,C=0.01,0.36402643819577385,0.35174245932960396,0.34103785586996943,0.5163632303588712,1.1225291890722007,0.6745577202938327
b_dynamics,5,3885606559,logistic,shuffled_signature,3,39,29510,14755,14755,C=1.0,0.36901274227463365,0.3606758470521629,0.3496297796329391,0.5255622969789642,1.1155295995080865,0.6729239881196849
b_dynamics,5,3885606559,logistic,signature,0,39,29510,14755,14755,C=1.0,0.41118410578807296,0.3984146773619291,0.3932439279106246,0.5726633283039061,1.112450230396018,0.6667987559435142
b_dynamics,5,3885606559,random_forest,b1,0,14,29510,14755,14755,max_depth=10,0.3700877969903717,0.36500823768010493,0.3648040048927021,0.5356258565044354,1.1328707125404114,0.6875931874091875
b_dynamics,5,3885606559,random_forest,b2,0,29,29510,14755,14755,max_depth=10,0.3720579784741879,0.3634001920146352,0.36297582922115396,0.5342688079987029,1.1155562883775954,0.6770939884520661
b_dynamics,5,3885606559,random_forest,b3,0,40,29510,14755,14755,max_depth=10,0.3771174484939097,0.3627066963199003,0.3619383062739301,0.5371488247036337,1.1145112060154876,0.6751245528446915
b_dynamics,5,3885606559,random_forest,b3_signature,0,79,29510,14755,14755,max_depth=6,0.3746906770961022,0.3490846755712968,0.34759472103377415,0.527217939492617,1.1078829399097045,0.6723722267058346
b_dynamics,5,3885606559,random_forest,block_shuffled_signature,1,39,29510,14755,14755,max_depth=6,0.35988412126796304,0.34570164710583695,0.34272113259271136,0.5070041048886623,1.1280433104714487,0.6840802200407172
b_dynamics,5,3885606559,random_forest,block_shuffled_signature,2,39,29510,14755,14755,max_depth=6,0.3593382485555745,0.3491924843491628,0.3473883336615992,0.5090770210998041,1.1282913411617201,0.6837934035685398
b_dynamics,5,3885606559,random_forest,block_shuffled_signature,3,39,29510,14755,14755,max_depth=6,0.36151467897033623,0.3481962963625758,0.34756624261380525,0.5090242979532248,1.1287038281730197,0.6834417519989812
b_dynamics,5,3885606559,random_forest,shuffled_signature,1,39,29510,14755,14755,max_depth=6,0.35650591277407084,0.3507177899423475,0.34952620070246737,0.5080817593524954,1.1315625952909754,0.6852284539620609
b_dynamics,5,3885606559,random_forest,shuffled_signature,2,39,29510,14755,14755,max_depth=6,0.35990803180468617,0.3493743434319205,0.34609932212065136,0.5077016377639695,1.1283797101997133,0.6838465351661283
b_dynamics,5,3885606559,random_forest,shuffled_signature,3,39,29510,14755,14755,max_depth=6,0.36044829582007737,0.3415593976945182,0.33925113073209606,0.5093145251604568,1.1309578241392921,0.6847642708355441
b_dynamics,5,3885606559,random_forest,signature,0,39,29510,14755,14755,max_depth=6,0.36849329418005494,0.360166278968378,0.35845223610174437,0.5224978778305589,1.1191601810017393,0.6784862700388348
b_dynamics,6,841720889,logistic,b1,0,14,29510,14755,14755,C=0.01,0.36704044376243194,0.347759736494259,0.34759364497837836,0.5673412097192391,1.0562790221049505,0.6423645222099434
b_dynamics,6,841720889,logistic,b2,0,29,29510,14755,14755,C=1.0,0.36209224862549033,0.3624437561953268,0.36239954220908926,0.5624274321908821,1.07690664280941,0.6536208112501135
b_dynamics,6,841720889,logistic,b3,0,40,29510,14755,14755,C=0.01,0.3639919854693918,0.36818712484257343,0.36777332503651256,0.5690119800879586,1.0663980889712166,0.6476663752953103
b_dynamics,6,841720889,logistic,b3_signature,0,79,29510,14755,14755,C=1.0,0.40552892198622,0.3922616208642049,0.39084960725817536,0.5939239534308361,1.0520449375188383,0.6409029953108234
b_dynamics,6,841720889,logistic,block_shuffled_signature,1,39,29510,14755,14755,C=1.0,0.35745060522186084,0.35480568050784084,0.34049292464997577,0.5437667749609922,1.0700540297632248,0.6460374199316016
b_dynamics,6,841720889,logistic,block_shuffled_signature,2,39,29510,14755,14755,C=1.0,0.36210458439072934,0.3560772841798139,0.3432045650100595,0.5452369238293119,1.069573664937763,0.6457453231045166
b_dynamics,6,841720889,logistic,block_shuffled_signature,3,39,29510,14755,14755,C=1.0,0.35921707793478275,0.3560370627313247,0.34360310326695553,0.542139945775331,1.0709914424785327,0.6466863470183132
b_dynamics,6,841720889,logistic,shuffled_signature,1,39,29510,14755,14755,C=1.0,0.3639769190029953,0.352184523724774,0.33246358670753823,0.5247749593838072,1.0758600743572972,0.6495883055122914
b_dynamics,6,841720889,logistic,shuffled_signature,2,39,29510,14755,14755,C=1.0,0.362870379681457,0.35295740289450833,0.3329263109324585,0.5247308088483954,1.0746908796804315,0.649014812926936
b_dynamics,6,841720889,logistic,shuffled_signature,3,39,29510,14755,14755,C=1.0,0.3627948542699329,0.35226017822378713,0.3331305957757808,0.5250249083584573,1.0752931721078849,0.6492789428556867
b_dynamics,6,841720889,logistic,signature,0,39,29510,14755,14755,C=1.0,0.3941162141813975,0.3880301562821984,0.38563964809185425,0.5924198274981474,1.0480631716253799,0.632510576772023
b_dynamics,6,841720889,random_forest,b1,0,14,29510,14755,14755,max_depth=6,0.3876040302224997,0.3778422659708422,0.35000851098820673,0.5737089379474686,1.0633357822326646,0.6447884800265365
b_dynamics,6,841720889,random_forest,b2,0,29,29510,14755,14755,max_depth=4,0.3700273834728452,0.3738184566722805,0.34278788189635884,0.5694505753427017,1.0705170418557532,0.6486335100924497
b_dynamics,6,841720889,random_forest,b3,0,40,29510,14755,14755,max_depth=4,0.3643212128077076,0.36577459498339954,0.3406503364387892,0.5659546393408613,1.0710653402170145,0.6487636281023874
b_dynamics,6,841720889,random_forest,b3_signature,0,79,29510,14755,14755,max_depth=4,0.3637907572484516,0.3537099475874767,0.33021204195888215,0.5615462423770857,1.0737923653493173,0.650469602470466
b_dynamics,6,841720889,random_forest,block_shuffled_signature,1,39,29510,14755,14755,max_depth=10,0.3637603117102517,0.3449225261384656,0.32593706198029765,0.5158111438689968,1.093967822542068,0.662348511532656
b_dynamics,6,841720889,random_forest,block_shuffled_signature,2,39,29510,14755,14755,max_depth=10,0.3653619037950564,0.35238128028065213,0.3361024159541082,0.5236124052258947,1.091547649155837,0.6606094262375829
b_dynamics,6,841720889,random_forest,block_shuffled_signature,3,39,29510,14755,14755,max_depth=10,0.36769978037994094,0.34745638918032173,0.32928034166369663,0.5159438603978793,1.0932658731745448,0.6621962831106728
b_dynamics,6,841720889,random_forest,shuffled_signature,1,39,29510,14755,14755,max_depth=10,0.3610818008481733,0.346516401140846,0.327369999185809,0.5133344184272505,1.0946844563229108,0.6624924479693807
b_dynamics,6,841720889,random_forest,shuffled_signature,2,39,29510,14755,14755,max_depth=10,0.36062110352720506,0.3495940723274939,0.3291029834950548,0.5178815351452796,1.0925082443871406,0.6617136731710666
b_dynamics,6,841720889,random_forest,shuffled_signature,3,39,29510,14755,14755,max_depth=10,0.3579997123506817,0.3449092195281735,0.3250738025472673,0.50907387594758,1.0946523758853053,0.6632024445507818
b_dynamics,6,841720889,random_forest,signature,0,39,29510,14755,14755,max_depth=10,0.377294691277734,0.3674923319984966,0.3570006621917685,0.5395037344115673,1.081573189102778,0.6541141347145327
b_dynamics,7,2947375315,logistic,b1,0,14,29510,14755,14755,C=0.1,0.40519523466284185,0.40126283880880687,0.35937897008663655,0.6059526170137123,1.0359452651946892,0.6273223611931869
b_dynamics,7,2947375315,logistic,b2,0,29,29510,14755,14755,C=0.1,0.399337089731316,0.4051363317458001,0.3784544745027197,0.6009871095983672,1.0487895435567107,0.6363500766676831
b_dynamics,7,2947375315,logistic,b3,0,40,29510,14755,14755,C=1.0,0.4042492087676072,0.402459021155887,0.3831797380343874,0.5984339204774284,1.0622409500915642,0.6449359569153627
b_dynamics,7,2947375315,logistic,b3_signature,0,79,29510,14755,14755,C=0.1,0.4331811510804395,0.42572250404542183,0.4087624887244378,0.6379898874423423,1.034175134747797,0.6229863945930273
b_dynamics,7,2947375315,logistic,block_shuffled_signature,1,39,29510,14755,14755,C=0.1,0.4157318588996688,0.4087798531605764,0.36438805014013037,0.6144899971857056,1.0390197458110335,0.6245987324481929
b_dynamics,7,2947375315,logistic,block_shuffled_signature,2,39,29510,14755,14755,C=0.1,0.4169919165414546,0.408461887690766,0.36459943223169516,0.6120438884931372,1.041030228653494,0.6254101500665931
b_dynamics,7,2947375315,logistic,block_shuffled_signature,3,39,29510,14755,14755,C=0.01,0.41679323772104704,0.40043891957051897,0.35358579886252234,0.6115392573022546,1.039650299405304,0.6262938781519688
b_dynamics,7,2947375315,logistic,shuffled_signature,1,39,29510,14755,14755,C=0.1,0.4051258679846921,0.40620788464636454,0.36191229989646745,0.6075093295450331,1.0414302444816539,0.6261503222720681
b_dynamics,7,2947375315,logistic,shuffled_signature,2,39,29510,14755,14755,C=0.1,0.4065917934855545,0.4055352870807014,0.36167141114582213,0.6092624465463798,1.0415352948990284,0.6262377754236422
b_dynamics,7,2947375315,logistic,shuffled_signature,3,39,29510,14755,14755,C=0.01,0.4070479933281032,0.39774244848528467,0.350478243473303,0.6077540693247685,1.0391274442353338,0.6261095102824864
b_dynamics,7,2947375315,logistic,signature,0,39,29510,14755,14755,C=0.1,0.45994357206931946,0.4453206521186252,0.40896407751990277,0.6661535554742665,1.0029486865843027,0.600622841583768
b_dynamics,7,2947375315,random_forest,b1,0,14,29510,14755,14755,max_depth=4,0.39054154058629753,0.42929043694238295,0.41170703735248537,0.6114404969853515,1.035622026510577,0.6244225274077361
b_dynamics,7,2947375315,random_forest,b2,0,29,29510,14755,14755,max_depth=10,0.3938180112818987,0.400249671593437,0.39124623625287525,0.5995665977210344,1.0424509794194399,0.6284983638022703
b_dynamics,7,2947375315,random_forest,b3,0,40,29510,14755,14755,max_depth=6,0.3933323839600887,0.41506712489765185,0.4000790012642678,0.6084452581935209,1.0353117775661762,0.6246151505842654
b_dynamics,7,2947375315,random_forest,b3_signature,0,79,29510,14755,14755,max_depth=6,0.3900100181641497,0.42906804783708163,0.4103702707760541,0.6062807556698039,1.0328720745762188,0.6236715841416008
b_dynamics,7,2947375315,random_forest,block_shuffled_signature,1,39,29510,14755,14755,max_depth=10,0.38095850193832675,0.4222862809024385,0.41154612369720556,0.5970290238827557,1.0463410743201798,0.6316108698837355
b_dynamics,7,2947375315,random_forest,block_shuffled_signature,2,39,29510,14755,14755,max_depth=10,0.3816865911728611,0.4226539003396989,0.4134661787731959,0.5937012552764714,1.0488306474376128,0.6339528880700801
b_dynamics,7,2947375315,random_forest,block_shuffled_signature,3,39,29510,14755,14755,max_depth=10,0.38461467116730486,0.41871222776232847,0.40785694955120766,0.5969824695260024,1.0478705340224197,0.6332662069002004
b_dynamics,7,2947375315,random_forest,shuffled_signature,1,39,29510,14755,14755,max_depth=10,0.3861463046490285,0.4201661939179358,0.40875232441471726,0.5945629759126926,1.047901124242699,0.6325035334330696
b_dynamics,7,2947375315,random_forest,shuffled_signature,2,39,29510,14755,14755,max_depth=10,0.37963757818514704,0.41792411562156184,0.40747546914378646,0.5920842273662704,1.0497729460073912,0.6341460835259093
b_dynamics,7,2947375315,random_forest,shuffled_signature,3,39,29510,14755,14755,max_depth=10,0.3850142586308533,0.42191253958469654,0.4125034299836529,0.5947090894063738,1.0493143649595797,0.6340159986900947
b_dynamics,7,2947375315,random_forest,signature,0,39,29510,14755,14755,max_depth=10,0.38079744591465087,0.4163290117896558,0.406613606647745,0.6033890146244226,1.04925345808785,0.6347388656214792
b_dynamics,8,1832015632,logistic,b1,0,14,29510,14755,14755,C=1.0,0.3944396493775515,0.41074428924938333,0.36415737408290944,0.5865833267005516,1.078843285682151,0.6520456352534332
b_dynamics,8,1832015632,logistic,b2,0,29,29510,14755,14755,C=1.0,0.37658669578811893,0.3661370882315677,0.3577192609744437,0.54843753706798,1.1248261221215687,0.6815798744389687
b_dynamics,8,1832015632,logistic,b3,0,40,29510,14755,14755,C=1.0,0.3712448176284495,0.3612132265999723,0.3522099592364863,0.5483745362682295,1.1401602510220514,0.6876017580265023
b_dynamics,8,1832015632,logistic,b3_signature,0,79,29510,14755,14755,C=0.1,0.38042773750353315,0.39091433313276863,0.3858607008643164,0.580565106452097,1.109938398186772,0.6731083330255447
b_dynamics,8,1832015632,logistic,block_shuffled_signature,1,39,29510,14755,14755,C=0.1,0.37076656526344404,0.4063591212852673,0.360126085192171,0.5731116140561859,1.0779501712884438,0.6525162564225812
b_dynamics,8,1832015632,logistic,block_shuffled_signature,2,39,29510,14755,14755,C=0.1,0.3727823438966878,0.3995116893372515,0.3513726734094548,0.5687462028447549,1.079081358700999,0.6531705916991056
b_dynamics,8,1832015632,logistic,block_shuffled_signature,3,39,29510,14755,14755,C=0.1,0.36759710318001043,0.4054660132055004,0.3596568010388607,0.5730460303236918,1.0774312275127735,0.6523760238293103
b_dynamics,8,1832015632,logistic,shuffled_signature,1,39,29510,14755,14755,C=0.1,0.36681457238693466,0.40617070220956747,0.3574898183999548,0.5688755469539929,1.0788207104587848,0.6529331811914036
b_dynamics,8,1832015632,logistic,shuffled_signature,2,39,29510,14755,14755,C=0.1,0.3699532707891057,0.4056415303657294,0.35729387601491025,0.5702721620906975,1.0784209793428396,0.6527254970776596
b_dynamics,8,1832015632,logistic,shuffled_signature,3,39,29510,14755,14755,C=0.1,0.3665300741258453,0.4101816811246795,0.36166895589119896,0.5721966791421499,1.0773524155473302,0.6520351572756328
b_dynamics,8,1832015632,logistic,signature,0,39,29510,14755,14755,C=0.1,0.423128058914865,0.42586894309954526,0.3949484411341895,0.6200202855223242,1.0516075471580018,0.6384635879584998
b_dynamics,8,1832015632,random_forest,b1,0,14,29510,14755,14755,max_depth=10,0.37619840670519283,0.39607356802858296,0.38040978759634464,0.5736306938416594,1.0758350437359525,0.6541433135338258
b_dynamics,8,1832015632,random_forest,b2,0,29,29510,14755,14755,max_depth=10,0.3619071772321787,0.3727753766337112,0.36395013021577555,0.547454988023049,1.0970039514486043,0.667392597778697
b_dynamics,8,1832015632,random_forest,b3,0,40,29510,14755,14755,max_depth=10,0.35741992591783506,0.3839652446068169,0.3732193274747953,0.5618249349499015,1.0874038606499354,0.6607858632260387
b_dynamics,8,1832015632,random_forest,b3_signature,0,79,29510,14755,14755,max_depth=10,0.36696852528404333,0.3866858683711613,0.37546775491794465,0.5706653638636231,1.0788645084748432,0.6550505648319606
b_dynamics,8,1832015632,random_forest,block_shuffled_signature,1,39,29510,14755,14755,max_depth=10,0.3585058330708482,0.3880137471389413,0.3694173123411539,0.5655796088263542,1.078377734696081,0.6541591205762893
b_dynamics,8,1832015632,random_forest,block_shuffled_signature,2,39,29510,14755,14755,max_depth=10,0.3583281194905336,0.38792344904961196,0.36846008612308623,0.5625993417154883,1.080078996460126,0.6552581157141053
b_dynamics,8,1832015632,random_forest,block_shuffled_signature,3,39,29510,14755,14755,max_depth=10,0.35764971039738347,0.38410320728771014,0.3662867772444536,0.5623790699898524,1.0794964051634064,0.6549766858280476
b_dynamics,8,1832015632,random_forest,shuffled_signature,1,39,29510,14755,14755,max_depth=10,0.35553060157283883,0.3832687349584754,0.36390450362923593,0.5651898585106628,1.0786453160755858,0.6542867741908406
b_dynamics,8,1832015632,random_forest,shuffled_signature,2,39,29510,14755,14755,max_depth=10,0.35624977527069523,0.3830341303467722,0.3597853245484606,0.5660527834893748,1.0795352555841151,0.655017573937531
b_dynamics,8,1832015632,random_forest,shuffled_signature,3,39,29510,14755,14755,max_depth=10,0.35381836732100574,0.38593647509603435,0.36650860451023476,0.566237681650323,1.077569206605811,0.6537019012489957
b_dynamics,8,1832015632,random_forest,signature,0,39,29510,14755,14755,max_depth=10,0.37652112906855045,0.39978300987238224,0.3813192033104927,0.581042518475531,1.0737550274337149,0.6507253993259222
b_dynamics,9,3498407678,logistic,b1,0,14,29510,14755,14755,C=1.0,0.4267068219366095,0.3375097734886208,0.32470543229999,0.5121644592818181,1.1474202960685356,0.6903128793369404
b_dynamics,9,3498407678,logistic,b2,0,29,29510,14755,14755,C=1.0,0.42869633694572146,0.34088871025934536,0.32372520729885457,0.5053221747672537,1.1807878783216432,0.7127658450012432
b_dynamics,9,3498407678,logistic,b3,0,40,29510,14755,14755,C=0.01,0.43324014315371556,0.3458329417355385,0.3239564325572419,0.5053290450813267,1.1683584618999645,0.7090636386391869
b_dynamics,9,3498407678,logistic,b3_signature,0,79,29510,14755,14755,C=0.01,0.4624991249414811,0.38512803974055104,0.3705463363427514,0.5558509542282394,1.1360497346233045,0.6848064245134734
b_dynamics,9,3498407678,logistic,block_shuffled_signature,1,39,29510,14755,14755,C=1.0,0.4420970864561113,0.3512923678034717,0.3450204854925705,0.5163562757216855,1.1388019057907977,0.6809864212951479
b_dynamics,9,3498407678,logistic,block_shuffled_signature,2,39,29510,14755,14755,C=1.0,0.44451482917315427,0.34863768947817375,0.3411832616472193,0.5136731464697978,1.1377131816166504,0.681521031447592
b_dynamics,9,3498407678,logistic,block_shuffled_signature,3,39,29510,14755,14755,C=0.1,0.4384216076388052,0.3498458381571477,0.34436752695054085,0.50656239533058,1.1383574845158564,0.6818480460876265
b_dynamics,9,3498407678,logistic,shuffled_signature,1,39,29510,14755,14755,C=1.0,0.4255269457773078,0.3236915648018712,0.3189072022701123,0.4942896002803388,1.1451866635677428,0.685283134576429
b_dynamics,9,3498407678,logistic,shuffled_signature,2,39,29510,14755,14755,C=1.0,0.42397685892703296,0.3284209376912506,0.3217675174088245,0.4979052818668541,1.1432664949116926,0.6846583496076178
b_dynamics,9,3498407678,logistic,shuffled_signature,3,39,29510,14755,14755,C=1.0,0.4225079826807967,0.33195228523795656,0.3276404251159407,0.49883149958831163,1.1436121955425118,0.6848974552840393
b_dynamics,9,3498407678,logistic,signature,0,39,29510,14755,14755,C=1.0,0.47558294792783634,0.42085918122575466,0.40939316775396506,0.5831989776014025,1.1015957901702014,0.6582721580765423
b_dynamics,9,3498407678,random_forest,b1,0,14,29510,14755,14755,max_depth=6,0.4512306843591222,0.3429876595070766,0.3407880090882538,0.5084064799507867,1.1137369615209833,0.6735946774163231
b_dynamics,9,3498407678,random_forest,b2,0,29,29510,14755,14755,max_depth=4,0.45099301126445007,0.3248867026822054,0.31638345630966247,0.4960219910641172,1.1118147032426637,0.6742036165442651
b_dynamics,9,3498407678,random_forest,b3,0,40,29510,14755,14755,max_depth=6,0.4636515172926101,0.33533065396331957,0.3331256001697516,0.5119675953106974,1.1181858037489865,0.6771044411678442
b_dynamics,9,3498407678,random_forest,b3_signature,0,79,29510,14755,14755,max_depth=4,0.4638103102642977,0.33195580687540166,0.31743251950329743,0.5019883450992865,1.1042234879601085,0.6694696692718363
b_dynamics,9,3498407678,random_forest,block_shuffled_signature,1,39,29510,14755,14755,max_depth=10,0.43206846402477445,0.3316569973400118,0.3313721961085145,0.506642414636226,1.1404532720070402,0.6831735420535487
b_dynamics,9,3498407678,random_forest,block_shuffled_signature,2,39,29510,14755,14755,max_depth=6,0.43304075022740146,0.33232860005269416,0.30962244035880987,0.4967099355237505,1.1215266465450067,0.6765859373820033
b_dynamics,9,3498407678,random_forest,block_shuffled_signature,3,39,29510,14755,14755,max_depth=6,0.4295820778164791,0.3297831979300914,0.3093091484079972,0.49536142406865613,1.1204402455292608,0.6761683472412662
b_dynamics,9,3498407678,random_forest,shuffled_signature,1,39,29510,14755,14755,max_depth=6,0.43753051626670797,0.33309772707253726,0.31046672828095523,0.4963674132252458,1.121596109141089,0.676540814889869
b_dynamics,9,3498407678,random_forest,shuffled_signature,2,39,29510,14755,14755,max_depth=6,0.44079449967745826,0.3351072024714313,0.31472934933971985,0.4979781206232458,1.1233655325067964,0.6768245785249586
b_dynamics,9,3498407678,random_forest,shuffled_signature,3,39,29510,14755,14755,max_depth=6,0.43578023298295215,0.32773676697494464,0.3067030307615192,0.49398958888750205,1.1242413899740058,0.6780765264343865
b_dynamics,9,3498407678,random_forest,signature,0,39,29510,14755,14755,max_depth=10,0.45064079061863155,0.36559033224339327,0.3654252276782131,0.5417847444186165,1.13008693278463,0.6777817613729047
b_dynamics,10,1055092756,logistic,b1,0,14,29510,14755,14755,C=1.0,0.4108577131262658,0.44243825564407907,0.43020315296894146,0.6234236900889197,1.0602458421849974,0.6374777311865849
b_dynamics,10,1055092756,logistic,b2,0,29,29510,14755,14755,C=0.01,0.42205684735765664,0.4162604058681875,0.3980148747843715,0.5962156618891393,1.075945628166133,0.6483139734692999
b_dynamics,10,1055092756,logistic,b3,0,40,29510,14755,14755,C=0.01,0.41066797930380544,0.4206976789762414,0.403985816348436,0.5948317220182305,1.0798563198786577,0.6497798351406684
b_dynamics,10,1055092756,logistic,b3_signature,0,79,29510,14755,14755,C=1.0,0.4450884748063782,0.4259522726443974,0.4133399219121234,0.603725127350659,1.089111027872783,0.6505196632647691
b_dynamics,10,1055092756,logistic,block_shuffled_signature,1,39,29510,14755,14755,C=0.01,0.427800068940628,0.4105198721186493,0.39495731431427933,0.5863158987642562,1.068358422015973,0.6467541088661736
b_dynamics,10,1055092756,logistic,block_shuffled_signature,2,39,29510,14755,14755,C=0.01,0.42472251767799146,0.4106087440999699,0.3957077240942914,0.5865238220012999,1.0681315981314439,0.646639418535989
b_dynamics,10,1055092756,logistic,block_shuffled_signature,3,39,29510,14755,14755,C=0.01,0.4307343542121795,0.4131322017035186,0.39812964555350505,0.5870345428422261,1.0678055679936558,0.6465221347307434
b_dynamics,10,1055092756,logistic,shuffled_signature,1,39,29510,14755,14755,C=0.01,0.4247830742013106,0.4057953295451843,0.39112482918196,0.5800620669115233,1.0702369925017157,0.648293437974807
b_dynamics,10,1055092756,logistic,shuffled_signature,2,39,29510,14755,14755,C=0.01,0.4261849236552308,0.4093206452220783,0.3950107067528322,0.5803696479306444,1.0695767084885508,0.6477613225355576
b_dynamics,10,1055092756,logistic,shuffled_signature,3,39,29510,14755,14755,C=0.01,0.4276152165316671,0.40515932839590246,0.3920142931398174,0.5792094575725318,1.070252099389161,0.6481298846657149
b_dynamics,10,1055092756,logistic,signature,0,39,29510,14755,14755,C=1.0,0.4655451883203665,0.4260134335643258,0.40130387044689675,0.5980677630966328,1.0781989907479543,0.6472802292612589
b_dynamics,10,1055092756,random_forest,b1,0,14,29510,14755,14755,max_depth=10,0.4046923670057782,0.41184635305851786,0.4059144767949885,0.6061488985187814,1.0549700174796353,0.635891811204916
b_dynamics,10,1055092756,random_forest,b2,0,29,29510,14755,14755,max_depth=10,0.4077049438962688,0.42680640834008243,0.4226177584549853,0.6241291802235484,1.039337787594425,0.6268642347006985
b_dynamics,10,1055092756,random_forest,b3,0,40,29510,14755,14755,max_depth=10,0.40979381704412593,0.4251402165064082,0.4193332914727892,0.6176911418780585,1.0429299607250868,0.6290847837307463
b_dynamics,10,1055092756,random_forest,b3_signature,0,79,29510,14755,14755,max_depth=10,0.4198200384533748,0.4306670994875082,0.4238348303533375,0.6223356644953558,1.0425447911246515,0.6284797124602097
b_dynamics,10,1055092756,random_forest,block_shuffled_signature,1,39,29510,14755,14755,max_depth=6,0.40220189388133526,0.4069901548393682,0.3892961713127108,0.5846783959256431,1.067339254240533,0.6451493315042021
b_dynamics,10,1055092756,random_forest,block_shuffled_signature,2,39,29510,14755,14755,max_depth=10,0.4034707157861897,0.4031193492896459,0.39601132925607757,0.5710838155302129,1.0866511777712757,0.6553668711275648
b_dynamics,10,1055092756,random_forest,block_shuffled_signature,3,39,29510,14755,14755,max_depth=6,0.40112957735992527,0.4091581451747677,0.3937265450874876,0.5841315573245016,1.0677957873677653,0.6454948360198566
b_dynamics,10,1055092756,random_forest,shuffled_signature,1,39,29510,14755,14755,max_depth=6,0.40138278029698093,0.4091728254590874,0.39321432568208486,0.5817387466414207,1.0684550700535151,0.6458109187458609
b_dynamics,10,1055092756,random_forest,shuffled_signature,2,39,29510,14755,14755,max_depth=6,0.4015244581729031,0.41318808817672426,0.3980139426308768,0.5806688190614538,1.068958223775703,0.6465009269723457
b_dynamics,10,1055092756,random_forest,shuffled_signature,3,39,29510,14755,14755,max_depth=6,0.3999238256756285,0.4063728979465006,0.38993361731992754,0.58212019288522,1.068374409704244,0.6461978010143019
b_dynamics,10,1055092756,random_forest,signature,0,39,29510,14755,14755,max_depth=10,0.40293024217673007,0.39564369193775467,0.389394309457561,0.5777831013736884,1.0855869831884186,0.6560248901039132
b_dynamics,11,1648916370,logistic,b1,0,14,29510,14755,14755,C=0.01,0.3684918847931633,0.3516361817946751,0.346563238723804,0.520240709337762,1.1148085819841185,0.6767897226493849
b_dynamics,11,1648916370,logistic,b2,0,29,29510,14755,14755,C=0.01,0.3623559933430662,0.38535803047443756,0.37992095988125424,0.5521169294278144,1.1047945416517226,0.6702171081850875
b_dynamics,11,1648916370,logistic,b3,0,40,29510,14755,14755,C=1.0,0.3715503355663645,0.36218541636155327,0.3550868828840394,0.5360342887751414,1.1302845871556615,0.6869104612868789
b_dynamics,11,1648916370,logistic,b3_signature,0,79,29510,14755,14755,C=1.0,0.4115199117518355,0.3821628617605611,0.37507430751055687,0.5707810190141892,1.1112447319971877,0.6774518813014839
b_dynamics,11,1648916370,logistic,block_shuffled_signature,1,39,29510,14755,14755,C=1.0,0.38593814511231567,0.3606885214310554,0.33179670057452254,0.5427376080825044,1.0921734960603977,0.6635057445404049
b_dynamics,11,1648916370,logistic,block_shuffled_signature,2,39,29510,14755,14755,C=1.0,0.38917489794157784,0.35886587016063,0.32876141184819035,0.5446497154431658,1.0909195527536004,0.6626538808038721
b_dynamics,11,1648916370,logistic,block_shuffled_signature,3,39,29510,14755,14755,C=1.0,0.3871836618624624,0.36167116976577063,0.33136872506354975,0.5441264392668365,1.0915397051490074,0.6629702763533911
b_dynamics,11,1648916370,logistic,shuffled_signature,1,39,29510,14755,14755,C=0.1,0.38699334748496056,0.35137433424668135,0.31855441764787756,0.5273036103457712,1.093895189984846,0.6642823872974353
b_dynamics,11,1648916370,logistic,shuffled_signature,2,39,29510,14755,14755,C=0.1,0.38666613210989254,0.35303673273464015,0.3184930195077227,0.5247652155346852,1.0951250830735542,0.6648645537014222
b_dynamics,11,1648916370,logistic,shuffled_signature,3,39,29510,14755,14755,C=1.0,0.38571810763371445,0.35093971397288765,0.3184216469201681,0.5280650950100404,1.0962044140180525,0.6659426961020296
b_dynamics,11,1648916370,logistic,signature,0,39,29510,14755,14755,C=1.0,0.4324813578219504,0.40315439400513053,0.3886311605842534,0.6032331754571638,1.063070830979197,0.6472285645075624
b_dynamics,11,1648916370,random_forest,b1,0,14,29510,14755,14755,max_depth=10,0.3994434492762015,0.368073753570128,0.3636943529001822,0.5477534295329919,1.1090242768570329,0.6734214920004644
b_dynamics,11,1648916370,random_forest,b2,0,29,29510,14755,14755,max_depth=10,0.3863162996295723,0.4025511688243637,0.39604610343186225,0.5797822884788512,1.085806695300606,0.6572636870714668
b_dynamics,11,1648916370,random_forest,b3,0,40,29510,14755,14755,max_depth=6,0.38060396248437295,0.39925468686755394,0.3917494922710884,0.5703333175737564,1.0830175465397744,0.658007226656821
b_dynamics,11,1648916370,random_forest,b3_signature,0,79,29510,14755,14755,max_depth=10,0.3901750299567713,0.3893712272582821,0.3806148033354591,0.5743763646051349,1.085600285707946,0.6592105555458976
b_dynamics,11,1648916370,random_forest,block_shuffled_signature,1,39,29510,14755,14755,max_depth=6,0.37371801582804154,0.35481383466546307,0.3342860694469549,0.5411081999299445,1.0962298625181726,0.6680388191061148
b_dynamics,11,1648916370,random_forest,block_shuffled_signature,2,39,29510,14755,14755,max_depth=6,0.3768811188269809,0.363720268819443,0.3413847483749118,0.540580382034932,1.09693751029472,0.6684650296713189
b_dynamics,11,1648916370,random_forest,block_shuffled_signature,3,39,29510,14755,14755,max_depth=6,0.37303505087246996,0.3656309762737909,0.3424218896981423,0.5433384584096684,1.0952796170957584,0.667254125008936
b_dynamics,11,1648916370,random_forest,shuffled_signature,1,39,29510,14755,14755,max_depth=6,0.3733494481540694,0.356514359671053,0.3392533802419648,0.537997053039953,1.098325988329731,0.6694463292931772
b_dynamics,11,1648916370,random_forest,shuffled_signature,2,39,29510,14755,14755,max_depth=6,0.37468605112549797,0.3556867227374823,0.3270924238970567,0.5407364972065155,1.0971961593959234,0.6685664696690933
b_dynamics,11,1648916370,random_forest,shuffled_signature,3,39,29510,14755,14755,max_depth=6,0.371375815683411,0.3644342436657699,0.344636809080684,0.5423467312219065,1.096757727219439,0.6682202639922673
b_dynamics,11,1648916370,random_forest,signature,0,39,29510,14755,14755,max_depth=10,0.40709754967934586,0.37199304603421046,0.36566005985996014,0.5640114783624214,1.0932235371453152,0.6663869574512467
b_dynamics,12,1027663854,logistic,b1,0,14,29510,14755,14755,C=1.0,0.38342921853227113,0.4098450650988516,0.40103571940777877,0.5849384567632773,1.0791082795528142,0.6511384139192605
b_dynamics,12,1027663854,logistic,b2,0,29,29510,14755,14755,C=1.0,0.37829483822008503,0.42325439716885516,0.4146872845366063,0.6050667526422492,1.069686666168146,0.6458271476860837
b_dynamics,12,1027663854,logistic,b3,0,40,29510,14755,14755,C=1.0,0.39732585833887085,0.4318045593472582,0.4229479241618528,0.6002026544055505,1.081915625106638,0.6544375594902435
b_dynamics,12,1027663854,logistic,b3_signature,0,79,29510,14755,14755,C=1.0,0.4396437358105428,0.45891118700607825,0.4497447907145193,0.6362479464361085,1.0566027931519102,0.6387278367775274
b_dynamics,12,1027663854,logistic,block_shuffled_signature,1,39,29510,14755,14755,C=1.0,0.41350112922486226,0.4093056852866557,0.38816719727710297,0.6012344691877813,1.0766304358675551,0.649607570828169
b_dynamics,12,1027663854,logistic,block_shuffled_signature,2,39,29510,14755,14755,C=0.1,0.41684271312177706,0.40383273346629683,0.3847380336456026,0.59187115294682,1.0850445979270114,0.6519141695566789
b_dynamics,12,1027663854,logistic,block_shuffled_signature,3,39,29510,14755,14755,C=1.0,0.4131911698186823,0.4081790138613545,0.38399105259070215,0.6003324318985378,1.0773366113591138,0.6502081122404972
b_dynamics,12,1027663854,logistic,shuffled_signature,1,39,29510,14755,14755,C=1.0,0.4104948371001654,0.3994305077612645,0.3735870958461293,0.5872020653407061,1.0861049651802228,0.6550103020496737
b_dynamics,12,1027663854,logistic,shuffled_signature,2,39,29510,14755,14755,C=0.1,0.41161935550430667,0.3958745527545601,0.37580424809212937,0.5795179464001644,1.0924919834355984,0.6561290048315443
b_dynamics,12,1027663854,logistic,shuffled_signature,3,39,29510,14755,14755,C=0.1,0.4118720867092576,0.3935943283179781,0.37218481679293886,0.5788657246349515,1.092110157206896,0.6560301427123357
b_dynamics,12,1027663854,logistic,signature,0,39,29510,14755,14755,C=1.0,0.4571765107845209,0.4717962783234568,0.45041089173732757,0.6488205895332878,1.0321306650663222,0.6221340139686874
b_dynamics,12,1027663854,random_forest,b1,0,14,29510,14755,14755,max_depth=10,0.38458519849949685,0.4301709248615253,0.4247347230411482,0.6071705943315261,1.0764586799420348,0.6483836164982842
b_dynamics,12,1027663854,random_forest,b2,0,29,29510,14755,14755,max_depth=4,0.3892207778652095,0.44757197793589243,0.43171629006365686,0.603336024814919,1.073151964860402,0.6501296673958333
b_dynamics,12,1027663854,random_forest,b3,0,40,29510,14755,14755,max_depth=4,0.3809562340924872,0.43954281042006205,0.42585820241983036,0.6011324888339409,1.075641272275247,0.6514936014276698
b_dynamics,12,1027663854,random_forest,b3_signature,0,79,29510,14755,14755,max_depth=6,0.38271769622010704,0.44110038619358444,0.43296531174860364,0.6074579261742742,1.0700132413616898,0.6475884605819618
b_dynamics,12,1027663854,random_forest,block_shuffled_signature,1,39,29510,14755,14755,max_depth=6,0.3885096231942506,0.3973869674608544,0.3701097513576916,0.5835558717234947,1.0947116432356911,0.6630922656825676
b_dynamics,12,1027663854,random_forest,block_shuffled_signature,2,39,29510,14755,14755,max_depth=6,0.38639153491260886,0.3968655501247818,0.3620427602188718,0.5832651025073605,1.0949220511354627,0.6640757458655626
b_dynamics,12,1027663854,random_forest,block_shuffled_signature,3,39,29510,14755,14755,max_depth=10,0.3865956290080664,0.39487888526643716,0.3741703521417327,0.5841832361393611,1.1079393824549013,0.6652934721924408
b_dynamics,12,1027663854,random_forest,shuffled_signature,1,39,29510,14755,14755,max_depth=6,0.38916265366054786,0.3949621250636968,0.3668687695486989,0.5828157083816795,1.096023871526822,0.6639964253955991
b_dynamics,12,1027663854,random_forest,shuffled_signature,2,39,29510,14755,14755,max_depth=4,0.3901618715480661,0.38999646035113456,0.34939828557017893,0.5793981608927519,1.0924474184373774,0.6633581948991084
b_dynamics,12,1027663854,random_forest,shuffled_signature,3,39,29510,14755,14755,max_depth=4,0.3869922359153983,0.3946737620499167,0.35630051418967773,0.5762284611957776,1.0926504079121737,0.6634808242703781
b_dynamics,12,1027663854,random_forest,signature,0,39,29510,14755,14755,max_depth=6,0.3894363609760681,0.4062450462406722,0.3760968217472256,0.5957119629848092,1.0841457768265137,0.6571592327149521
b_dynamics,13,3522538668,logistic,b1,0,14,29510,14755,14755,C=1.0,0.39272012871253875,0.3852310944095123,0.37336103327370895,0.5652636128564671,1.0891623402510693,0.6612882730984178
b_dynamics,13,3522538668,logistic,b2,0,29,29510,14755,14755,C=0.01,0.42650610163096303,0.3865704541999446,0.37427060570931947,0.5631433610860457,1.1032406990891264,0.6704094968591816
b_dynamics,13,3522538668,logistic,b3,0,40,29510,14755,14755,C=0.1,0.41365726849090617,0.385030298959319,0.3718427877327271,0.5604940572062507,1.1158567903112857,0.6777503424219131
b_dynamics,13,3522538668,logistic,b3_signature,0,79,29510,14755,14755,C=0.1,0.44400712265970466,0.3965042480113681,0.3819585273992891,0.5790865220502934,1.110531448256385,0.6730178624450764
b_dynamics,13,3522538668,logistic,block_shuffled_signature,1,39,29510,14755,14755,C=1.0,0.3725371825692991,0.3864766527465017,0.3464738164701389,0.557139854277291,1.0898147334938966,0.6620630125839676
b_dynamics,13,3522538668,logistic,block_shuffled_signature,2,39,29510,14755,14755,C=1.0,0.3792401403633092,0.3890313097390829,0.34769284701691555,0.5592719911804217,1.090787076877417,0.6619557451828898
b_dynamics,13,3522538668,logistic,block_shuffled_signature,3,39,29510,14755,14755,C=1.0,0.37717415760812195,0.38851714313016855,0.3483807480401073,0.5572714429634602,1.0908763627262361,0.6620171718362579
b_dynamics,13,3522538668,logistic,shuffled_signature,1,39,29510,14755,14755,C=1.0,0.36455894391355853,0.3939085729218053,0.3483270633042704,0.5575786299252465,1.090027068665094,0.6618442102638862
b_dynamics,13,3522538668,logistic,shuffled_signature,2,39,29510,14755,14755,C=1.0,0.3634989584876891,0.39535313430109564,0.34720740805390765,0.5554221390966311,1.089826373461114,0.6618362718402164
b_dynamics,13,3522538668,logistic,shuffled_signature,3,39,29510,14755,14755,C=1.0,0.36292427532848714,0.39298195340987,0.34440392474115367,0.5552190084979491,1.0897328020473651,0.6617458158166066
b_dynamics,13,3522538668,logistic,signature,0,39,29510,14755,14755,C=1.0,0.4149937025350228,0.40493665618662983,0.38622902256246827,0.5861259614876295,1.0746213015367883,0.6545256007506315
b_dynamics,13,3522538668,random_forest,b1,0,14,29510,14755,14755,max_depth=6,0.4317793911877443,0.3837438270513876,0.37258176229267687,0.5722560155898724,1.0822737779607905,0.6562367369587138
b_dynamics,13,3522538668,random_forest,b2,0,29,29510,14755,14755,max_depth=10,0.4452705072150727,0.40428479233509246,0.3955656047765416,0.5666982502284021,1.091253758941785,0.6623881046456032
b_dynamics,13,3522538668,random_forest,b3,0,40,29510,14755,14755,max_depth=10,0.4352656726002069,0.396137422326867,0.38508623592756347,0.5690696957996951,1.0888912031561815,0.6613387544921889
b_dynamics,13,3522538668,random_forest,b3_signature,0,79,29510,14755,14755,max_depth=10,0.43679782689447855,0.3919902211218868,0.38062676193232653,0.5727530170660532,1.0846954757978586,0.6583900103374597
b_dynamics,13,3522538668,random_forest,block_shuffled_signature,1,39,29510,14755,14755,max_depth=10,0.3593325808827366,0.3716945664250198,0.33586958312800524,0.537537798120325,1.0957344599543242,0.665414118828888
b_dynamics,13,3522538668,random_forest,block_shuffled_signature,2,39,29510,14755,14755,max_depth=10,0.35538959766362205,0.3801137267920173,0.34142186032215033,0.546339480404239,1.0941869578579677,0.663965677795964
b_dynamics,13,3522538668,random_forest,block_shuffled_signature,3,39,29510,14755,14755,max_depth=10,0.35775600260236584,0.3755906786031988,0.34061662242619234,0.5432034944597941,1.0954609567235807,0.6649642443497641
b_dynamics,13,3522538668,random_forest,shuffled_signature,1,39,29510,14755,14755,max_depth=10,0.3579216570926671,0.3739717089899954,0.3384915864814771,0.5386127410542246,1.0989576071113574,0.6670367001176882
b_dynamics,13,3522538668,random_forest,shuffled_signature,2,39,29510,14755,14755,max_depth=10,0.3536508946216487,0.3753488873902055,0.34019949748566103,0.5403284898286821,1.0966393828933485,0.6659651788927455
b_dynamics,13,3522538668,random_forest,shuffled_signature,3,39,29510,14755,14755,max_depth=10,0.35898893880729593,0.37608105231322203,0.3390057419850705,0.5434724448037173,1.0950547318883195,0.6648065917892811
b_dynamics,13,3522538668,random_forest,signature,0,39,29510,14755,14755,max_depth=10,0.38275571309110007,0.36879231096356363,0.34885339997041753,0.5507152305730403,1.0917764080970946,0.6646981360128411
b_dynamics,14,529636522,logistic,b1,0,14,29510,14755,14755,C=0.01,0.377647474487878,0.36128899117136354,0.3592665387545295,0.526395975788486,1.0941445195701045,0.6612296946532843
b_dynamics,14,529636522,logistic,b2,0,29,29510,14755,14755,C=1.0,0.3600898650866004,0.3416985136721748,0.3420657599679489,0.5263269298809415,1.1212701517951822,0.6749747286013091
b_dynamics,14,529636522,logistic,b3,0,40,29510,14755,14755,C=1.0,0.38092210506399904,0.3536040638267839,0.35323867428102734,0.5332850606963001,1.131086918442207,0.6771136497408253
b_dynamics,14,529636522,logistic,b3_signature,0,79,29510,14755,14755,C=1.0,0.40657961338729504,0.36572291921172023,0.36544025973846034,0.5567521110485442,1.1334482763696132,0.6754730932033552
b_dynamics,14,529636522,logistic,block_shuffled_signature,1,39,29510,14755,14755,C=0.1,0.37220792772178485,0.3573496727386957,0.35647230886891784,0.5229101427329014,1.1137050462148825,0.6717467900987488
b_dynamics,14,529636522,logistic,block_shuffled_signature,2,39,29510,14755,14755,C=0.1,0.37127412952560324,0.3501609363102447,0.3493848258076609,0.5195158097816077,1.1178882096833327,0.6744983896768746
b_dynamics,14,529636522,logistic,block_shuffled_signature,3,39,29510,14755,14755,C=1.0,0.36825257689782415,0.356358009199424,0.3555447588104559,0.5282347410935898,1.1143350066552486,0.6722187408482819
b_dynamics,14,529636522,logistic,shuffled_signature,1,39,29510,14755,14755,C=0.1,0.37093508596632496,0.350692327656347,0.34992718884733093,0.512248085445353,1.1153690700054624,0.6739393854894274
b_dynamics,14,529636522,logistic,shuffled_signature,2,39,29510,14755,14755,C=0.1,0.37373678778091607,0.3515694350346041,0.351063073050085,0.5127086851735121,1.1151375939092139,0.6735275858027666
b_dynamics,14,529636522,logistic,shuffled_signature,3,39,29510,14755,14755,C=1.0,0.36774436652481174,0.34999635945837726,0.3494906931660912,0.5156763433403287,1.1156298783253855,0.6744723869250532
b_dynamics,14,529636522,logistic,signature,0,39,29510,14755,14755,C=1.0,0.40894942921713867,0.3963542699757289,0.3942520142623831,0.5752810533869912,1.09779048984024,0.6561675074491873
b_dynamics,14,529636522,random_forest,b1,0,14,29510,14755,14755,max_depth=10,0.3699174463273483,0.3753561769228424,0.36849384236855093,0.5558262625060745,1.1127836146867718,0.6684641209890637
b_dynamics,14,529636522,random_forest,b2,0,29,29510,14755,14755,max_depth=6,0.3621004620792972,0.3651068757927309,0.3628394372612794,0.5610683293405608,1.085259644340959,0.6558825729188309
b_dynamics,14,529636522,random_forest,b3,0,40,29510,14755,14755,max_depth=6,0.36609625410348023,0.3669194508274754,0.364740835692809,0.5613493096613653,1.084974246278489,0.6554941305073761
b_dynamics,14,529636522,random_forest,b3_signature,0,79,29510,14755,14755,max_depth=6,0.3623890367286678,0.3722161807061124,0.36781120244270066,0.562184351692144,1.0880500643400934,0.6573421433738291
b_dynamics,14,529636522,random_forest,block_shuffled_signature,1,39,29510,14755,14755,max_depth=6,0.3462352024449447,0.35830686400535966,0.35124805406152965,0.5229744142764577,1.109098530658984,0.6713646372233101
b_dynamics,14,529636522,random_forest,block_shuffled_signature,2,39,29510,14755,14755,max_depth=6,0.35198369497899423,0.35981049677854715,0.35266717066970554,0.527100917239998,1.1091321080719987,0.6712309786380235
b_dynamics,14,529636522,random_forest,block_shuffled_signature,3,39,29510,14755,14755,max_depth=6,0.35291617205160114,0.36035225877561455,0.35410639243476805,0.5255411671393183,1.1072604219180158,0.6699229497698586
b_dynamics,14,529636522,random_forest,shuffled_signature,1,39,29510,14755,14755,max_depth=6,0.3425447989314451,0.3549251388903551,0.3462971516188777,0.5241659013488875,1.1096960511619092,0.6718389124967281
b_dynamics,14,529636522,random_forest,shuffled_signature,2,39,29510,14755,14755,max_depth=6,0.3491953446034631,0.35973859416487314,0.35253405599169013,0.5248856795779284,1.1081052652541243,0.67047878626102
b_dynamics,14,529636522,random_forest,shuffled_signature,3,39,29510,14755,14755,max_depth=6,0.34413538459724413,0.3576793127373083,0.34940139139124954,0.5216141256740235,1.1096257953059834,0.6715142614023565
b_dynamics,14,529636522,random_forest,signature,0,39,29510,14755,14755,max_depth=6,0.3544611859398308,0.3709376112915091,0.362210774336069,0.5368363047620789,1.1064662868075184,0.6693057813207545
b_dynamics,15,1846086036,logistic,b1,0,14,29510,14755,14755,C=0.01,0.4005209721345044,0.38101814434626874,0.36460032520191715,0.5537043714617719,1.0974421309727318,0.6637078150606642
b_dynamics,15,1846086036,logistic,b2,0,29,29510,14755,14755,C=1.0,0.4235158737572684,0.3918268159330813,0.37140447940732685,0.5721800567906247,1.1120848007733564,0.6715676496749137
b_dynamics,15,1846086036,logistic,b3,0,40,29510,14755,14755,C=0.01,0.41926643408227066,0.3910831574501281,0.3666996868928138,0.5686069971937404,1.10678197895692,0.6705607728033542
b_dynamics,15,1846086036,logistic,b3_signature,0,79,29510,14755,14755,C=1.0,0.4590687581583153,0.4337865676588375,0.40525589028921266,0.6208169796751558,1.085601935512993,0.6590471845752224
b_dynamics,15,1846086036,logistic,block_shuffled_signature,1,39,29510,14755,14755,C=0.01,0.421303136130508,0.4143186164860034,0.3612062109858578,0.5803869999443269,1.0801424851911698,0.6534436292095307
b_dynamics,15,1846086036,logistic,block_shuffled_signature,2,39,29510,14755,14755,C=0.01,0.42538307671618614,0.41408299046813263,0.36456263710285314,0.5769933849221047,1.0815158039896002,0.6545318515565044
b_dynamics,15,1846086036,logistic,block_shuffled_signature,3,39,29510,14755,14755,C=0.1,0.4243581374084169,0.4181699055454906,0.3646230170827211,0.585245846078564,1.0817516052316278,0.6550425000497835
b_dynamics,15,1846086036,logistic,shuffled_signature,1,39,29510,14755,14755,C=0.01,0.42507215958821504,0.41045627104415816,0.3567876758217758,0.5721359628822263,1.0828634626028337,0.6552469700017982
b_dynamics,15,1846086036,logistic,shuffled_signature,2,39,29510,14755,14755,C=0.01,0.42356188743566353,0.4081077215728633,0.35601817926948015,0.569431523315999,1.0833661472035296,0.6557268976421764
b_dynamics,15,1846086036,logistic,shuffled_signature,3,39,29510,14755,14755,C=0.01,0.4244227151813394,0.40652330347600635,0.3538828430994329,0.5705014174396243,1.0832995353009776,0.6555522303635286
b_dynamics,15,1846086036,logistic,signature,0,39,29510,14755,14755,C=1.0,0.4500697674972279,0.45932824408787276,0.41280475272820855,0.6425303232587437,1.0452693199915664,0.6310193658313487
b_dynamics,15,1846086036,random_forest,b1,0,14,29510,14755,14755,max_depth=6,0.4162439019444244,0.39781169649825915,0.38930674222689615,0.5664059958826907,1.0918910916632045,0.6608065335770835
b_dynamics,15,1846086036,random_forest,b2,0,29,29510,14755,14755,max_depth=6,0.41905489927848577,0.4158069637446033,0.4067821417534881,0.5883766434120723,1.076868793727265,0.6511938554305615
b_dynamics,15,1846086036,random_forest,b3,0,40,29510,14755,14755,max_depth=6,0.42582452842556684,0.4063184750675363,0.3953114318896953,0.5847098784229109,1.0774377211958424,0.6517437469361708
b_dynamics,15,1846086036,random_forest,b3_signature,0,79,29510,14755,14755,max_depth=4,0.4340231772975478,0.4026522026749106,0.389785730462705,0.5777792881985869,1.076942603456052,0.6521238406169326
b_dynamics,15,1846086036,random_forest,block_shuffled_signature,1,39,29510,14755,14755,max_depth=4,0.4282901652997469,0.40661210317920155,0.36571155713231224,0.5543620857374615,1.0873539383960025,0.6589950831469452
b_dynamics,15,1846086036,random_forest,block_shuffled_signature,2,39,29510,14755,14755,max_depth=4,0.4388713092059661,0.4150491234100157,0.3762545095790011,0.5577764607502537,1.0863592363609573,0.6580803337137412
b_dynamics,15,1846086036,random_forest,block_shuffled_signature,3,39,29510,14755,14755,max_depth=4,0.43420296395428065,0.4127217778257261,0.3720267371174637,0.5578918652234953,1.0862460410117902,0.65807683705312
b_dynamics,15,1846086036,random_forest,shuffled_signature,1,39,29510,14755,14755,max_depth=6,0.43274882168817896,0.4145538338549864,0.37631887933915786,0.558542519595844,1.100946954483357,0.6657357191686417
b_dynamics,15,1846086036,random_forest,shuffled_signature,2,39,29510,14755,14755,max_depth=4,0.43141168850678113,0.40944680388852106,0.36888658280591774,0.5545467359633091,1.0869848950827514,0.6586321489676569
b_dynamics,15,1846086036,random_forest,shuffled_signature,3,39,29510,14755,14755,max_depth=4,0.434110761848539,0.4104603947035487,0.365633972526855,0.5544966325359568,1.08620963368259,0.6581747733339925
b_dynamics,15,1846086036,random_forest,signature,0,39,29510,14755,14755,max_depth=4,0.4335624655451058,0.40144887275221297,0.3726449250000013,0.55516021394143,1.0845333548476725,0.6576819738122232
b_dynamics,16,599751085,logistic,b1,0,14,29510,14755,14755,C=1.0,0.36524747737346375,0.41215997290270434,0.41260473037988005,0.5686743625330738,1.1081443285776569,0.6694568141268583
b_dynamics,16,599751085,logistic,b2,0,29,29510,14755,14755,C=0.1,0.3938582494716793,0.3869961063608211,0.3873175152502064,0.5669078088819596,1.1159555807547286,0.6770319660794432
b_dynamics,16,599751085,logistic,b3,0,40,29510,14755,14755,C=1.0,0.39974481718678817,0.3827089382181483,0.383405714903257,0.5648204979098094,1.134002943394519,0.6864468892277722
b_dynamics,16,599751085,logistic,b3_signature,0,79,29510,14755,14755,C=1.0,0.4309794430368405,0.42940010313209037,0.4296501822879119,0.6085095155359929,1.1111166549099638,0.6691979403553708
b_dynamics,16,599751085,logistic,block_shuffled_signature,1,39,29510,14755,14755,C=1.0,0.3931431326850127,0.39500938617468223,0.3949015438085417,0.5683591537883281,1.1117529317492891,0.668090792388316
b_dynamics,16,599751085,logistic,block_shuffled_signature,2,39,29510,14755,14755,C=1.0,0.39207077058340856,0.3911291049627299,0.3908826876333425,0.5651618569687195,1.111471011101729,0.6691215187056219
b_dynamics,16,599751085,logistic,block_shuffled_signature,3,39,29510,14755,14755,C=1.0,0.3913831827097341,0.390675871673426,0.39031565619863934,0.5670895524649912,1.1120838338483343,0.6688013979070379
b_dynamics,16,599751085,logistic,shuffled_signature,1,39,29510,14755,14755,C=1.0,0.38751426454646737,0.3787944070575769,0.37859356977736125,0.5550557273024587,1.1154101234998959,0.6719386512434719
b_dynamics,16,599751085,logistic,shuffled_signature,2,39,29510,14755,14755,C=1.0,0.3797381702158482,0.38260260857599465,0.38221279785024237,0.5563488007369396,1.1147997025035976,0.6714114630053398
b_dynamics,16,599751085,logistic,shuffled_signature,3,39,29510,14755,14755,C=1.0,0.3832360341962797,0.3829358141580816,0.38274918854260404,0.555638493404445,1.1152892558480283,0.6717552226865046
b_dynamics,16,599751085,logistic,signature,0,39,29510,14755,14755,C=1.0,0.41635703125374035,0.43360804126285074,0.43281537637032663,0.6196496935073714,1.0682205013184773,0.6441539607618069
b_dynamics,16,599751085,random_forest,b1,0,14,29510,14755,14755,max_depth=4,0.395046942183183,0.38650028036604617,0.3786212703768679,0.5487995454370128,1.1123464443132798,0.6753572415291683
b_dynamics,16,599751085,random_forest,b2,0,29,29510,14755,14755,max_depth=6,0.4258902209178603,0.39000882179335195,0.38524010685618015,0.5703620172324533,1.1011061505785027,0.668018862592409
b_dynamics,16,599751085,random_forest,b3,0,40,29510,14755,14755,max_depth=6,0.4300857607558954,0.3970287614948906,0.39007158055642366,0.5691922699542102,1.1046290845490296,0.669838069919856
b_dynamics,16,599751085,random_forest,b3_signature,0,79,29510,14755,14755,max_depth=6,0.41817975696512105,0.39689023779732535,0.38956849912283703,0.5741037157514934,1.102118791670715,0.6681418370866371
b_dynamics,16,599751085,random_forest,block_shuffled_signature,1,39,29510,14755,14755,max_depth=10,0.3801013086159839,0.3906842290008056,0.3784179890655864,0.5490454836564059,1.15416513184111,0.6862731933167249
b_dynamics,16,599751085,random_forest,block_shuffled_signature,2,39,29510,14755,14755,max_depth=4,0.38116306562664554,0.39155260330132124,0.3797032105297807,0.5462866987982491,1.1176057319527064,0.6773431516527265
b_dynamics,16,599751085,random_forest,block_shuffled_signature,3,39,29510,14755,14755,max_depth=10,0.38072671349186754,0.3888189765497418,0.37638110770793337,0.5472463280528314,1.1913334486456617,0.6875984385459125
b_dynamics,16,599751085,random_forest,shuffled_signature,1,39,29510,14755,14755,max_depth=4,0.3824406339074871,0.3916531445653897,0.37897602783589696,0.5461243795170869,1.1202495543959325,0.678830815374551
b_dynamics,16,599751085,random_forest,shuffled_signature,2,39,29510,14755,14755,max_depth=6,0.3756853906085846,0.3876431930956783,0.37583751138712024,0.5483861645825073,1.1276277506930108,0.6814567130273522
b_dynamics,16,599751085,random_forest,shuffled_signature,3,39,29510,14755,14755,max_depth=6,0.3782535559804769,0.3887647053977836,0.37770313868451216,0.5466069056538019,1.1282767278917518,0.6818918879285392
b_dynamics,16,599751085,random_forest,signature,0,39,29510,14755,14755,max_depth=6,0.3847382942687654,0.4063659923208239,0.3922689883808081,0.5661130866016187,1.117307758543816,0.6744397025101926
b_dynamics,17,1268203315,logistic,b1,0,14,29510,14755,14755,C=1.0,0.3938000653911334,0.35146403183191355,0.34454374881719474,0.526465102096362,1.1355947690176293,0.6866895318120021
b_dynamics,17,1268203315,logistic,b2,0,29,29510,14755,14755,C=0.1,0.3908548210255218,0.37712754966362816,0.3730844155822492,0.5512599545442428,1.1351480813537358,0.685203510480163
b_dynamics,17,1268203315,logistic,b3,0,40,29510,14755,14755,C=0.1,0.3720536165915642,0.3586414565537135,0.35387463886013054,0.5385585852265103,1.1630536107389124,0.7028879449156104
b_dynamics,17,1268203315,logistic,b3_signature,0,79,29510,14755,14755,C=1.0,0.3994724883378901,0.388536391421249,0.3832055666047063,0.5670279978997983,1.1585665329067192,0.6910334438594629
b_dynamics,17,1268203315,logistic,block_shuffled_signature,1,39,29510,14755,14755,C=0.1,0.3977080833661379,0.36523736535156653,0.35134995038250105,0.5236731123783457,1.1193719004314457,0.6785375690028161
b_dynamics,17,1268203315,logistic,block_shuffled_signature,2,39,29510,14755,14755,C=1.0,0.4003137458200137,0.37241640283446814,0.35745567182923305,0.5286133088916185,1.118834658550059,0.6777926147760118
b_dynamics,17,1268203315,logistic,block_shuffled_signature,3,39,29510,14755,14755,C=0.1,0.4003478607177724,0.3668471297629375,0.35262825425987243,0.5256158660332223,1.1190289043304098,0.678129565413217
b_dynamics,17,1268203315,logistic,shuffled_signature,1,39,29510,14755,14755,C=1.0,0.3918461992106108,0.3687728431612216,0.3510778450049763,0.5189237763475091,1.1221178804648435,0.6800907717986224
b_dynamics,17,1268203315,logistic,shuffled_signature,2,39,29510,14755,14755,C=0.1,0.3954170220305612,0.3689421462153168,0.35157042692778817,0.5174520949171993,1.1213019128311583,0.6798001817142881
b_dynamics,17,1268203315,logistic,shuffled_signature,3,39,29510,14755,14755,C=1.0,0.3945657835482106,0.37398644959857535,0.3562932008719221,0.5220868505408299,1.1205541075636694,0.6791774361215679
b_dynamics,17,1268203315,logistic,signature,0,39,29510,14755,14755,C=1.0,0.4416935688439379,0.39986039594310885,0.3913766169124915,0.5757779482951596,1.093529605740937,0.660982319190282
b_dynamics,17,1268203315,random_forest,b1,0,14,29510,14755,14755,max_depth=4,0.407095107713004,0.35686815618516715,0.3523730035344395,0.5190847031757994,1.1074908472375569,0.6728927022391215
b_dynamics,17,1268203315,random_forest,b2,0,29,29510,14755,14755,max_depth=4,0.4100811988414996,0.3629955380682388,0.3598191722410438,0.5272405822536945,1.1027322406012914,0.6699529512609936
b_dynamics,17,1268203315,random_forest,b3,0,40,29510,14755,14755,max_depth=4,0.4067246763948574,0.36078805857603274,0.3568094308672835,0.5266996126897697,1.105590757387855,0.6723514215284548
b_dynamics,17,1268203315,random_forest,b3_signature,0,79,29510,14755,14755,max_depth=4,0.41522005585113825,0.3695751134277783,0.36357198698938653,0.5245939744742656,1.1042685150978184,0.6706387627151953
b_dynamics,17,1268203315,random_forest,block_shuffled_signature,1,39,29510,14755,14755,max_depth=6,0.3904279563418256,0.3733826700134553,0.3487079968018553,0.5140862712888238,1.1173829456820148,0.6774788669191413
b_dynamics,17,1268203315,random_forest,block_shuffled_signature,2,39,29510,14755,14755,max_depth=4,0.3933639413304626,0.3821835313620299,0.35298574064483756,0.5090663773682316,1.1105134096778668,0.6741902869537391
b_dynamics,17,1268203315,random_forest,block_shuffled_signature,3,39,29510,14755,14755,max_depth=4,0.3965567765785494,0.38113171137040974,0.3508552696479516,0.5108599236095482,1.1102778813822884,0.6740788497152264
b_dynamics,17,1268203315,random_forest,shuffled_signature,1,39,29510,14755,14755,max_depth=4,0.39410375228575595,0.3835100630481639,0.34707299750673953,0.507630989032749,1.111214949640893,0.6744701608386108
b_dynamics,17,1268203315,random_forest,shuffled_signature,2,39,29510,14755,14755,max_depth=4,0.39108683558332147,0.38207549358379334,0.3465915270037401,0.5076672639034432,1.110457500179376,0.6743481012129643
b_dynamics,17,1268203315,random_forest,shuffled_signature,3,39,29510,14755,14755,max_depth=6,0.3898434384523708,0.3801186418318497,0.35184831106368075,0.5133869342292453,1.1172928076759328,0.6775243724636159
b_dynamics,17,1268203315,random_forest,signature,0,39,29510,14755,14755,max_depth=4,0.40097951521176073,0.3811402147467375,0.351204170400003,0.5157034471878602,1.1063121369818913,0.6710729773251568
b_dynamics,18,1531533396,logistic,b1,0,14,29510,14755,14755,C=0.01,0.4292081333585511,0.3944797579897113,0.3778999950991105,0.5888292072475333,1.0632950243084618,0.6423421855016702
b_dynamics,18,1531533396,logistic,b2,0,29,29510,14755,14755,C=0.01,0.42692617292867086,0.3814351512922351,0.3780280263334295,0.5744242923717162,1.0778145012947815,0.6491198331804657
b_dynamics,18,1531533396,logistic,b3,0,40,29510,14755,14755,C=1.0,0.4312925355737905,0.3788700020977036,0.37515252803236554,0.5747690923212252,1.0849969033254951,0.6534286682569233
b_dynamics,18,1531533396,logistic,b3_signature,0,79,29510,14755,14755,C=1.0,0.4485140001115658,0.4250698918647943,0.4181434254206402,0.6202177486898938,1.0530888068613955,0.6298421594669276
b_dynamics,18,1531533396,logistic,block_shuffled_signature,1,39,29510,14755,14755,C=0.1,0.39495010983783585,0.40328518358834015,0.3649881561126927,0.5941407128578072,1.0522982109047745,0.633193021587415
b_dynamics,18,1531533396,logistic,block_shuffled_signature,2,39,29510,14755,14755,C=0.1,0.3926725443629757,0.4040984668425665,0.3609984409317602,0.5952571758355005,1.0516836442235407,0.6324734857673315
b_dynamics,18,1531533396,logistic,block_shuffled_signature,3,39,29510,14755,14755,C=0.1,0.394102706927064,0.40129906603054605,0.3539573891672258,0.5915123049858931,1.0536308555009772,0.6337227442995422
b_dynamics,18,1531533396,logistic,shuffled_signature,1,39,29510,14755,14755,C=0.01,0.38928685204582375,0.3966118331930448,0.3429438641609403,0.5786248038560811,1.0549989147186278,0.6357787132016822
b_dynamics,18,1531533396,logistic,shuffled_signature,2,39,29510,14755,14755,C=0.01,0.39183911791385667,0.3998026701445904,0.3450419414749135,0.580400912244707,1.0537987059118565,0.6349397359447675
b_dynamics,18,1531533396,logistic,shuffled_signature,3,39,29510,14755,14755,C=0.01,0.38998746710986626,0.3996229156969724,0.345697076958742,0.5796832531382803,1.055014978229957,0.6357507629585426
b_dynamics,18,1531533396,logistic,signature,0,39,29510,14755,14755,C=0.1,0.43356871711364975,0.4261499390597551,0.38218193182099053,0.6357389739902716,1.0193584983014146,0.6104833680725316
b_dynamics,18,1531533396,random_forest,b1,0,14,29510,14755,14755,max_depth=10,0.42252647712081887,0.4150830614883542,0.41366572336900104,0.601620727964035,1.065597353742813,0.6450176524257181
b_dynamics,18,1531533396,random_forest,b2,0,29,29510,14755,14755,max_depth=10,0.4260064682897821,0.43191164381522573,0.4281521312108167,0.617053320605114,1.049641441843423,0.6316115588843233
b_dynamics,18,1531533396,random_forest,b3,0,40,29510,14755,14755,max_depth=10,0.4273847271505066,0.42005902795004174,0.4151573489381446,0.609002271355387,1.0552788228390746,0.6364371657244897
b_dynamics,18,1531533396,random_forest,b3_signature,0,79,29510,14755,14755,max_depth=10,0.42298668077626694,0.425464016397612,0.4204176618731348,0.6194036851918063,1.0482585505546873,0.6308904954421921
b_dynamics,18,1531533396,random_forest,block_shuffled_signature,1,39,29510,14755,14755,max_depth=6,0.38356097450033083,0.4216927285145622,0.4190963900935065,0.592650903010862,1.0781000419839515,0.6523771794908834
b_dynamics,18,1531533396,random_forest,block_shuffled_signature,2,39,29510,14755,14755,max_depth=10,0.38679521254407434,0.40852010531219135,0.40813708944217003,0.5864821877982221,1.0815036970337635,0.6538026090557486
b_dynamics,18,1531533396,random_forest,block_shuffled_signature,3,39,29510,14755,14755,max_depth=10,0.38305673357812875,0.4114279905494642,0.41065976075046456,0.5831684746535606,1.0828142763646778,0.6544181269376776
b_dynamics,18,1531533396,random_forest,shuffled_signature,1,39,29510,14755,14755,max_depth=6,0.3869028651841018,0.4197291130763046,0.4181257681659547,0.5920419314732215,1.0790626607516225,0.6530332368868126
b_dynamics,18,1531533396,random_forest,shuffled_signature,2,39,29510,14755,14755,max_depth=6,0.38189075313879656,0.41689139194491753,0.4119478758173563,0.5926895902892168,1.0789994266679503,0.6527499767274105
b_dynamics,18,1531533396,random_forest,shuffled_signature,3,39,29510,14755,14755,max_depth=10,0.3803945394060361,0.4067751819280481,0.4064351672157118,0.5796765381216634,1.0868048682681344,0.6567852683216373
b_dynamics,18,1531533396,random_forest,signature,0,39,29510,14755,14755,max_depth=10,0.40587433180539684,0.432992158137264,0.4322045064140266,0.6161982625043816,1.0643544241456964,0.6404386815883816
b_dynamics,19,2102694575,logistic,b1,0,14,29510,14755,14755,C=1.0,0.3042686357401378,0.38096160318045363,0.37443914080185997,0.5529530117588718,1.115790393077928,0.670924225376122
b_dynamics,19,2102694575,logistic,b2,0,29,29510,14755,14755,C=1.0,0.3199808658386611,0.38024175899012663,0.3722643553833842,0.5527315803539342,1.1353869590284518,0.6821865039533636
b_dynamics,19,2102694575,logistic,b3,0,40,29510,14755,14755,C=0.1,0.3173605446690651,0.3822533632168293,0.3747261213430715,0.5535001899255909,1.1357376883637325,0.6821468086121596
b_dynamics,19,2102694575,logistic,b3_signature,0,79,29510,14755,14755,C=1.0,0.3853953809114656,0.446220122437115,0.4318022568608326,0.6307228451710188,1.1089536331527499,0.6510026545792085
b_dynamics,19,2102694575,logistic,block_shuffled_signature,1,39,29510,14755,14755,C=1.0,0.33857980759048495,0.40154635580540293,0.35405910472900026,0.5754885017825316,1.104226563975851,0.6598972410410157
b_dynamics,19,2102694575,logistic,block_shuffled_signature,2,39,29510,14755,14755,C=1.0,0.34006214259556816,0.406372209139771,0.36239889625662774,0.5763567732247702,1.1027828624682916,0.6595549802287634
b_dynamics,19,2102694575,logistic,block_shuffled_signature,3,39,29510,14755,14755,C=1.0,0.33729072989510894,0.4007849800794901,0.35517960579323526,0.5757898779488313,1.1039126701257231,0.6599684802574974
b_dynamics,19,2102694575,logistic,shuffled_signature,1,39,29510,14755,14755,C=1.0,0.33186800739789424,0.393468139616371,0.34611204948992697,0.5654026472738934,1.1053129815241862,0.6623751162942536
b_dynamics,19,2102694575,logistic,shuffled_signature,2,39,29510,14755,14755,C=1.0,0.3347757857524023,0.3973196221862745,0.3526286518507216,0.5650091820261238,1.1047700746642701,0.6620501421470355
b_dynamics,19,2102694575,logistic,shuffled_signature,3,39,29510,14755,14755,C=1.0,0.33047008848815945,0.3977352688022509,0.3507881048525377,0.5642094396213798,1.1058125107452277,0.6621761288614655
b_dynamics,19,2102694575,logistic,signature,0,39,29510,14755,14755,C=1.0,0.4157622009208894,0.4496923200541239,0.41826099044489523,0.634433310046055,1.077131378649999,0.6345522003132231
b_dynamics,19,2102694575,random_forest,b1,0,14,29510,14755,14755,max_depth=4,0.34996820324531486,0.4077174600465794,0.38846660077534745,0.5722265611460139,1.0944692448077638,0.6587578236741282
b_dynamics,19,2102694575,random_forest,b2,0,29,29510,14755,14755,max_depth=4,0.342914689132684,0.4060851328525577,0.3793227273559945,0.5611057954250546,1.0930888187655416,0.6592435100670856
b_dynamics,19,2102694575,random_forest,b3,0,40,29510,14755,14755,max_depth=6,0.3427379512187671,0.41062909872817804,0.3913540358836613,0.5672064141967361,1.0957017695396016,0.6587744827374976
b_dynamics,19,2102694575,random_forest,b3_signature,0,79,29510,14755,14755,max_depth=6,0.3477226305076147,0.4137472837803895,0.38848533790489065,0.5743446675610003,1.0938722588480352,0.6567363831270058
b_dynamics,19,2102694575,random_forest,block_shuffled_signature,1,39,29510,14755,14755,max_depth=4,0.3380486097357267,0.3926775399914347,0.33948709729262033,0.5466701545161873,1.1068308619183216,0.6649197393481087
b_dynamics,19,2102694575,random_forest,block_shuffled_signature,2,39,29510,14755,14755,max_depth=4,0.3399015746300394,0.39492303728454164,0.3403305214443803,0.5470310724194692,1.1045381223461643,0.6633782530927012
b_dynamics,19,2102694575,random_forest,block_shuffled_signature,3,39,29510,14755,14755,max_depth=4,0.3371851964083284,0.3929230481824553,0.33878729689861764,0.547886725874904,1.106362076524006,0.6643068103473805
b_dynamics,19,2102694575,random_forest,shuffled_signature,1,39,29510,14755,14755,max_depth=4,0.3309417898152544,0.3951037532861326,0.3400093836419125,0.5497768029115309,1.106529762641782,0.6641390210183935
b_dynamics,19,2102694575,random_forest,shuffled_signature,2,39,29510,14755,14755,max_depth=4,0.33499028307551804,0.39478055718387645,0.3432695921260532,0.5518933564750671,1.1061987258618868,0.6642025637318533
b_dynamics,19,2102694575,random_forest,shuffled_signature,3,39,29510,14755,14755,max_depth=4,0.33470051181139593,0.39529427980480986,0.3401357923627623,0.5474758897363358,1.1074455708295856,0.6646851202071565
b_dynamics,19,2102694575,random_forest,signature,0,39,29510,14755,14755,max_depth=10,0.34713680022071136,0.3893345737219634,0.3690452170076896,0.572891358448053,1.137190089786799,0.6708179338818943
b_dynamics,20,3276909422,logistic,b1,0,14,29510,14755,14755,C=0.01,0.39473319205461843,0.365453748181459,0.3493644101290794,0.5607215025106856,1.089527830622859,0.6613881299807199
b_dynamics,20,3276909422,logistic,b2,0,29,29510,14755,14755,C=0.01,0.37771958050652965,0.364672922496834,0.35430529922352694,0.5552574534271049,1.113150990734244,0.676167978625876
b_dynamics,20,3276909422,logistic,b3,0,40,29510,14755,14755,C=0.01,0.3841946053656613,0.35877563341925867,0.35092348382388283,0.5506388697171499,1.1218473497244663,0.6818399402743246
b_dynamics,20,3276909422,logistic,b3_signature,0,79,29510,14755,14755,C=0.1,0.40696772927669445,0.38008054331572966,0.3769705630826024,0.577963958975601,1.1212876987947717,0.6795884621271255
b_dynamics,20,3276909422,logistic,block_shuffled_signature,1,39,29510,14755,14755,C=0.1,0.38769687546663073,0.3258195571335568,0.2576301311054107,0.5229900796111258,1.1095805345232592,0.6765570285413164
b_dynamics,20,3276909422,logistic,block_shuffled_signature,2,39,29510,14755,14755,C=0.1,0.3864073067899368,0.32508342093823844,0.26207932700016584,0.5231017173629315,1.1098428038332873,0.6769020192555963
b_dynamics,20,3276909422,logistic,block_shuffled_signature,3,39,29510,14755,14755,C=0.1,0.38715731303746076,0.3267324631700015,0.2641186388145434,0.5255643683364818,1.1088835669323935,0.6763169019925536
b_dynamics,20,3276909422,logistic,shuffled_signature,1,39,29510,14755,14755,C=0.01,0.3797227694592358,0.31612894308441436,0.22203852041942665,0.5195407328730463,1.1091569220156174,0.6759889639589449
b_dynamics,20,3276909422,logistic,shuffled_signature,2,39,29510,14755,14755,C=0.1,0.376464689016681,0.3222876076634658,0.23120253240632307,0.5251873141004597,1.1073568611706772,0.6755428204668805
b_dynamics,20,3276909422,logistic,shuffled_signature,3,39,29510,14755,14755,C=0.01,0.3769691339185,0.31720854227338635,0.22413968913583734,0.5215802810241978,1.1079918332651386,0.6754029029867535
b_dynamics,20,3276909422,logistic,signature,0,39,29510,14755,14755,C=0.1,0.4259689684504604,0.3766335388985082,0.35943114648641655,0.5761956451742155,1.0879307706372416,0.6611149210977175
b_dynamics,20,3276909422,random_forest,b1,0,14,29510,14755,14755,max_depth=4,0.4132349449670912,0.35277674019850175,0.3504205572665316,0.5449734845827763,1.0916814957223167,0.6629384288014969
b_dynamics,20,3276909422,random_forest,b2,0,29,29510,14755,14755,max_depth=6,0.40056498326038853,0.3848497248067159,0.385730063314834,0.5622423566443366,1.0848553722879006,0.6586011560873735
b_dynamics,20,3276909422,random_forest,b3,0,40,29510,14755,14755,max_depth=4,0.40573707445412954,0.37105868001915066,0.36815948446214897,0.5458122646358797,1.091988756795935,0.663493314991141
b_dynamics,20,3276909422,random_forest,b3_signature,0,79,29510,14755,14755,max_depth=4,0.41243897367603904,0.3856892584175215,0.3848142643343783,0.5590215968023674,1.08808140224676,0.6609913814216302
b_dynamics,20,3276909422,random_forest,block_shuffled_signature,1,39,29510,14755,14755,max_depth=4,0.40795758248945363,0.3481631982050601,0.34821250439600027,0.515624251925641,1.1028793419847478,0.6713665373811352
b_dynamics,20,3276909422,random_forest,block_shuffled_signature,2,39,29510,14755,14755,max_depth=6,0.4045990297010584,0.3525155872193399,0.353303121791481,0.5234484230093005,1.1013891902414248,0.6704889535071319
b_dynamics,20,3276909422,random_forest,block_shuffled_signature,3,39,29510,14755,14755,max_depth=4,0.39931035138704396,0.3400384575575332,0.33449475125256334,0.5137527518279491,1.102371765333279,0.6710670612727727
b_dynamics,20,3276909422,random_forest,shuffled_signature,1,39,29510,14755,14755,max_depth=4,0.40294778402534553,0.3428321900436638,0.338315152457308,0.5160564697155073,1.101828583238394,0.6706115871679997
b_dynamics,20,3276909422,random_forest,shuffled_signature,2,39,29510,14755,14755,max_depth=4,0.3995811968710756,0.34756394635224214,0.34520653114083144,0.5118365758483678,1.1024781609804581,0.6710602946264538
b_dynamics,20,3276909422,random_forest,shuffled_signature,3,39,29510,14755,14755,max_depth=6,0.40047954419175963,0.3541402634801307,0.3544573166939086,0.5240406991027248,1.1027801858913286,0.6712853449828772
b_dynamics,20,3276909422,random_forest,signature,0,39,29510,14755,14755,max_depth=6,0.4037847740476401,0.35340076598587983,0.3530472202576851,0.5434875341916868,1.0925028533822019,0.6643629248693698
