scenario,replication,seed,model_family,representation,placebo_repeat,n_features,n_train_windows,n_validation_windows,n_test_windows,selected_setting,validation_ba,test_ba,test_macro_f1,test_roc_auc_ovr,test_log_loss,test_brier
a_scale,1,2904004909,logistic,b1,0,14,29510,14755,14755,C=1.0,0.7084136979094446,0.7678284112516343,0.7703863087458553,0.9048881865288502,0.6069049082248625,0.3211625680192198
a_scale,1,2904004909,logistic,b2,0,29,29510,14755,14755,C=1.0,0.7085195907406346,0.7616487474538914,0.7637121740161907,0.9014684903033897,0.6143953799153684,0.32484657006922
a_scale,1,2904004909,logistic,b3,0,40,29510,14755,14755,C=0.1,0.711509603462483,0.7491010170108995,0.7515998383294157,0.8989577202481565,0.6109676922376425,0.3277872801489326
a_scale,1,2904004909,logistic,b3_signature,0,79,29510,14755,14755,C=1.0,0.7272613583380799,0.7623492994258809,0.7634133261058272,0.9006211787127917,0.6072122872922369,0.3155775866312772
a_scale,1,2904004909,logistic,block_shuffled_signature,1,39,29510,14755,14755,C=1.0,0.7238332027092795,0.790275616151851,0.7894275848465595,0.8993358011567255,0.6214079427406594,0.3207623030043897
a_scale,1,2904004909,logistic,block_shuffled_signature,2,39,29510,14755,14755,C=1.0,0.7246311249727303,0.7902984417578726,0.789574355696872,0.8992189373511964,0.6219373803273799,0.3206181813675041
a_scale,1,2904004909,logistic,block_shuffled_signature,3,39,29510,14755,14755,C=1.0,0.7226994647367398,0.7913323049871774,0.7905663947959027,0.8993445076127484,0.6214792814261619,0.32073638233468826
a_scale,1,2904004909,logistic,shuffled_signature,1,39,29510,14755,14755,C=1.0,0.7239582841943024,0.7916796050070475,0.790788770988422,0.8992449802546147,0.6212897288295582,0.3205861041627213
a_scale,1,2904004909,logistic,shuffled_signature,2,39,29510,14755,14755,C=0.1,0.7236028107925224,0.7872859695428002,0.787422452668988,0.8979625183506812,0.6406877793732664,0.32487326532910765
a_scale,1,2904004909,logistic,shuffled_signature,3,39,29510,14755,14755,C=1.0,0.7249276224898112,0.7915848866906922,0.7907793465574495,0.8992686122200165,0.621662899412221,0.3206329361304901
a_scale,1,2904004909,logistic,signature,0,39,29510,14755,14755,C=1.0,0.7350895460286889,0.7739229497619734,0.7741205702500121,0.9069613594865498,0.59726942638964,0.31058348238318917
a_scale,1,2904004909,random_forest,b1,0,14,29510,14755,14755,max_depth=4,0.7254133965064012,0.8053981753701329,0.8034230160527346,0.9084446428765945,0.5710529446210763,0.3066989631517102
a_scale,1,2904004909,random_forest,b2,0,29,29510,14755,14755,max_depth=4,0.7248154480117343,0.805737263725479,0.8033595839516249,0.9094079935795912,0.5751741262621755,0.3080834487111322
a_scale,1,2904004909,random_forest,b3,0,40,29510,14755,14755,max_depth=4,0.7254765651329388,0.8114359746602972,0.8084598205303762,0.9099297913751722,0.5674013558805782,0.30272339113744645
a_scale,1,2904004909,random_forest,b3_signature,0,79,29510,14755,14755,max_depth=4,0.7264163592858798,0.8107070120819784,0.8088972099132472,0.9096703441501357,0.5624773161151294,0.2998149937338252
a_scale,1,2904004909,random_forest,block_shuffled_signature,1,39,29510,14755,14755,max_depth=4,0.7232054806919411,0.8037289606687864,0.8028142997785839,0.9041352201223637,0.5764361732216619,0.30774304783074974
a_scale,1,2904004909,random_forest,block_shuffled_signature,2,39,29510,14755,14755,max_depth=4,0.7234171781179479,0.8036503232244954,0.8025609451292034,0.9041268018878941,0.576595476371741,0.30770426668992634
a_scale,1,2904004909,random_forest,block_shuffled_signature,3,39,29510,14755,14755,max_depth=4,0.723951151745911,0.803712994895916,0.8026579472111033,0.90421159567807,0.5760820290010457,0.30740174970199335
a_scale,1,2904004909,random_forest,shuffled_signature,1,39,29510,14755,14755,max_depth=4,0.7237102241008849,0.803415579257024,0.8020704903299413,0.9043098820439127,0.5759839617329194,0.3076647301809531
a_scale,1,2904004909,random_forest,shuffled_signature,2,39,29510,14755,14755,max_depth=4,0.7232302506533762,0.8033742051057345,0.802345539529237,0.9045811119099557,0.5756140322407992,0.30722790956221213
a_scale,1,2904004909,random_forest,shuffled_signature,3,39,29510,14755,14755,max_depth=4,0.7242454971719354,0.8032005594116759,0.8018893281636644,0.9040476715322541,0.5765590836704088,0.30780182862603717
a_scale,1,2904004909,random_forest,signature,0,39,29510,14755,14755,max_depth=4,0.7309421872912933,0.8050698044531791,0.8035818751596554,0.9090002694895593,0.564710308618753,0.3018073755085938
a_scale,2,3100065019,logistic,b1,0,14,29510,14755,14755,C=0.01,0.70041185052483,0.7871446292388855,0.7829941379045634,0.9112092250265652,0.6293646810472506,0.33765319834011837
a_scale,2,3100065019,logistic,b2,0,29,29510,14755,14755,C=1.0,0.6830646278597303,0.7838718790335321,0.7795797826251376,0.908693964719055,0.5884441730011897,0.31768910675751955
a_scale,2,3100065019,logistic,b3,0,40,29510,14755,14755,C=0.01,0.6825816079877912,0.7731702326746213,0.7729121160387097,0.9023706836974457,0.6325382606952163,0.33586173273678244
a_scale,2,3100065019,logistic,b3_signature,0,79,29510,14755,14755,C=0.1,0.6883772199371573,0.7818862587555894,0.779416415294135,0.9084245478272316,0.6013406712110015,0.3148309030714566
a_scale,2,3100065019,logistic,block_shuffled_signature,1,39,29510,14755,14755,C=0.01,0.6984946278271008,0.7823740479418002,0.7803628082101013,0.9098904557164804,0.6076698974995692,0.3255215433273475
a_scale,2,3100065019,logistic,block_shuffled_signature,2,39,29510,14755,14755,C=0.01,0.6975529934455175,0.7842350553505503,0.7818316570791936,0.9103923969493938,0.6058739783973726,0.32475847603515917
a_scale,2,3100065019,logistic,block_shuffled_signature,3,39,29510,14755,14755,C=0.01,0.6981156749833666,0.784553428119558,0.7824737986614356,0.9101507283175527,0.6061957629238839,0.32511607184747404
a_scale,2,3100065019,logistic,shuffled_signature,1,39,29510,14755,14755,C=0.01,0.6975934916274632,0.7838041070466392,0.7817219288811509,0.9105199533721411,0.6056369178742096,0.3248804198809411
a_scale,2,3100065019,logistic,shuffled_signature,2,39,29510,14755,14755,C=0.01,0.6972784798928818,0.7827312622100143,0.7807155032322979,0.9104784983339939,0.6064012048443415,0.3249493272640175
a_scale,2,3100065019,logistic,shuffled_signature,3,39,29510,14755,14755,C=0.01,0.6979287524530178,0.7843384452113473,0.7819958102909665,0.9102910356605997,0.605942081942919,0.3251186108620032
a_scale,2,3100065019,logistic,signature,0,39,29510,14755,14755,C=0.01,0.7108620245788587,0.7929320587986264,0.7905798146247903,0.9162050638061322,0.5940238417293409,0.3150504459194414
a_scale,2,3100065019,random_forest,b1,0,14,29510,14755,14755,max_depth=4,0.7043074498583817,0.8030912374390154,0.791888572612469,0.9124335538034357,0.5557516771311273,0.3003143153704901
a_scale,2,3100065019,random_forest,b2,0,29,29510,14755,14755,max_depth=6,0.7046488007163525,0.8026222586900036,0.7925645508447836,0.9123637838501581,0.5564705128292773,0.3005065265787428
a_scale,2,3100065019,random_forest,b3,0,40,29510,14755,14755,max_depth=4,0.7032064469123495,0.8039514547410702,0.7960915656734441,0.9125783936387489,0.5589439164119064,0.3020017805982565
a_scale,2,3100065019,random_forest,b3_signature,0,79,29510,14755,14755,max_depth=6,0.707649519300597,0.8050503312932372,0.7964672515788261,0.9151838313680157,0.5464267512786208,0.29513340530291077
a_scale,2,3100065019,random_forest,block_shuffled_signature,1,39,29510,14755,14755,max_depth=6,0.6980765098926094,0.7947511635890888,0.7872522701401209,0.9082049464132765,0.5687377140797479,0.30741995840816877
a_scale,2,3100065019,random_forest,block_shuffled_signature,2,39,29510,14755,14755,max_depth=6,0.6958982714999071,0.7948693668132599,0.7873100022787223,0.907885944468171,0.5689076370070312,0.3077485127770997
a_scale,2,3100065019,random_forest,block_shuffled_signature,3,39,29510,14755,14755,max_depth=6,0.6969673354211486,0.7948163986833626,0.7868866133367737,0.9082227613436954,0.5690375609646969,0.30766335331844497
a_scale,2,3100065019,random_forest,shuffled_signature,1,39,29510,14755,14755,max_depth=6,0.6979798419875989,0.7960921599955575,0.7879394574487705,0.9079968398943333,0.5693009364303037,0.3078591894693135
a_scale,2,3100065019,random_forest,shuffled_signature,2,39,29510,14755,14755,max_depth=6,0.6971721410794703,0.7979832142072846,0.7896405529321223,0.9081904954987173,0.568176715542203,0.3076614180591108
a_scale,2,3100065019,random_forest,shuffled_signature,3,39,29510,14755,14755,max_depth=6,0.6980846433032205,0.7959931100753534,0.7876172174680848,0.9076287526014148,0.5697572906484588,0.30833831189585087
a_scale,2,3100065019,random_forest,signature,0,39,29510,14755,14755,max_depth=6,0.701355453591292,0.798010514079528,0.7900981464408335,0.9147653096395801,0.547722736429155,0.2964731945039855
a_scale,3,1465283379,logistic,b1,0,14,29510,14755,14755,C=1.0,0.7311892692964367,0.6654466592471923,0.6501246490089068,0.8374808371021016,0.6702127362498719,0.39184939219076376
a_scale,3,1465283379,logistic,b2,0,29,29510,14755,14755,C=1.0,0.7235724605863109,0.6686636648769199,0.6538722427299223,0.8357779217461854,0.6828069911209607,0.39704116122332694
a_scale,3,1465283379,logistic,b3,0,40,29510,14755,14755,C=1.0,0.7301375562992686,0.6672493062513322,0.6541644992656742,0.8351883830586709,0.6862879970807043,0.3983531947048657
a_scale,3,1465283379,logistic,b3_signature,0,79,29510,14755,14755,C=1.0,0.7391380635855375,0.6721737511786229,0.6608831791026072,0.8425433633021878,0.6774824147666136,0.39086587944138984
a_scale,3,1465283379,logistic,block_shuffled_signature,1,39,29510,14755,14755,C=1.0,0.7578774008700916,0.6922460415793168,0.6770304984066248,0.8406378639310003,0.6675988961890951,0.38619993251505663
a_scale,3,1465283379,logistic,block_shuffled_signature,2,39,29510,14755,14755,C=1.0,0.7590889750631095,0.6935273179409185,0.678227672021432,0.8414100628609941,0.666466476893502,0.3856969385618501
a_scale,3,1465283379,logistic,block_shuffled_signature,3,39,29510,14755,14755,C=1.0,0.7584599136584576,0.6942644313569802,0.6788858593122066,0.8407840881427561,0.6666532834552671,0.3859160401978395
a_scale,3,1465283379,logistic,shuffled_signature,1,39,29510,14755,14755,C=1.0,0.7599161705652585,0.6919825900628633,0.677143317226296,0.8408145022574898,0.6675123209740752,0.38635206890843315
a_scale,3,1465283379,logistic,shuffled_signature,2,39,29510,14755,14755,C=1.0,0.7594587846682407,0.6944054199260122,0.67978871724616,0.8407689291395379,0.6669769520459565,0.3858833013363559
a_scale,3,1465283379,logistic,shuffled_signature,3,39,29510,14755,14755,C=1.0,0.7572829985776002,0.6935177956925713,0.6783432516702955,0.8408008854651955,0.6669095658467994,0.3857659361076265
a_scale,3,1465283379,logistic,signature,0,39,29510,14755,14755,C=1.0,0.7557808037074655,0.7012039578090424,0.6846750977883538,0.8498473683982214,0.6542043347772002,0.3803977704242731
a_scale,3,1465283379,random_forest,b1,0,14,29510,14755,14755,max_depth=6,0.7637026153388707,0.6838517858768425,0.6708124166523338,0.8438150219248866,0.679758562898224,0.4012701465369405
a_scale,3,1465283379,random_forest,b2,0,29,29510,14755,14755,max_depth=6,0.7632276070913533,0.6811486576623884,0.6703676507948866,0.8403390465227002,0.68088576351694,0.39872268777259146
a_scale,3,1465283379,random_forest,b3,0,40,29510,14755,14755,max_depth=6,0.7592461065491197,0.6761852852033726,0.6702114029068902,0.8413765137050673,0.6790956995522621,0.396742091618492
a_scale,3,1465283379,random_forest,b3_signature,0,79,29510,14755,14755,max_depth=6,0.7612674156712482,0.6893166394625793,0.6786506973555246,0.8484431351990045,0.6702457394323338,0.3916874711755955
a_scale,3,1465283379,random_forest,block_shuffled_signature,1,39,29510,14755,14755,max_depth=6,0.7586091431129791,0.6896767578096661,0.674946691510344,0.8434675003385617,0.6931145832418008,0.40683115270139586
a_scale,3,1465283379,random_forest,block_shuffled_signature,2,39,29510,14755,14755,max_depth=6,0.758098017477594,0.6896325335724619,0.6753730110541483,0.8436500687067027,0.6923815660150477,0.40674491429261456
a_scale,3,1465283379,random_forest,block_shuffled_signature,3,39,29510,14755,14755,max_depth=6,0.7571600522641457,0.690624662757395,0.6759457727610446,0.844225436837438,0.6909492115273083,0.4058561431406656
a_scale,3,1465283379,random_forest,shuffled_signature,1,39,29510,14755,14755,max_depth=6,0.7585069977353548,0.6876484056602115,0.6734354661325591,0.8435861754625407,0.6927324214139173,0.4065276204104053
a_scale,3,1465283379,random_forest,shuffled_signature,2,39,29510,14755,14755,max_depth=6,0.7584588040017864,0.6894522314395872,0.6750837740339476,0.8440551814934677,0.6922369748102687,0.40633353269611394
a_scale,3,1465283379,random_forest,shuffled_signature,3,39,29510,14755,14755,max_depth=6,0.7577197954444767,0.6891526059714224,0.6747872881282279,0.8432890116198447,0.6923522059636593,0.40639879456203243
a_scale,3,1465283379,random_forest,signature,0,39,29510,14755,14755,max_depth=6,0.7643669465086357,0.6992778988651468,0.68567479820377,0.8511287594019311,0.6714164533914063,0.39373196273030403
a_scale,4,83492943,logistic,b1,0,14,29510,14755,14755,C=0.1,0.7692542365364302,0.8080822318663848,0.8036302530949131,0.9259936692440117,0.5300943993392931,0.2768642066658603
a_scale,4,83492943,logistic,b2,0,29,29510,14755,14755,C=0.1,0.7637752861438476,0.803878714672011,0.8001839877020528,0.923543297369628,0.5377006293285915,0.2811427747787926
a_scale,4,83492943,logistic,b3,0,40,29510,14755,14755,C=1.0,0.7547662443161262,0.8043019387959047,0.8001443274172907,0.9255003673597274,0.5320654678883034,0.27768232243910707
a_scale,4,83492943,logistic,b3_signature,0,79,29510,14755,14755,C=1.0,0.7511601366329276,0.8117978683985307,0.8059870979902497,0.928371895140406,0.5310865632965693,0.2688228181022579
a_scale,4,83492943,logistic,block_shuffled_signature,1,39,29510,14755,14755,C=0.1,0.7553291781337351,0.7916112539134182,0.7877753522009531,0.9215159499281648,0.5549037344003962,0.2851241475261282
a_scale,4,83492943,logistic,block_shuffled_signature,2,39,29510,14755,14755,C=0.1,0.7541467126196464,0.7923872588421695,0.7884104194559804,0.9212507750979658,0.5561816730664384,0.2855559125255713
a_scale,4,83492943,logistic,block_shuffled_signature,3,39,29510,14755,14755,C=0.1,0.7555569824237892,0.7945620579213698,0.7906140071118232,0.9213448694747636,0.5593230367828906,0.2853217893398338
a_scale,4,83492943,logistic,shuffled_signature,1,39,29510,14755,14755,C=0.1,0.7522673909109038,0.7924078270940443,0.7883837789980589,0.9211619764078192,0.5572859972630386,0.28564642162360115
a_scale,4,83492943,logistic,shuffled_signature,2,39,29510,14755,14755,C=0.1,0.7539394712070395,0.7930624805971935,0.7890230801008622,0.9213352194245052,0.5581130621015832,0.28553393655577713
a_scale,4,83492943,logistic,shuffled_signature,3,39,29510,14755,14755,C=0.1,0.7544986418666756,0.7929688438872361,0.7891464587929958,0.9212267016392577,0.5578057749037078,0.28562237916048827
a_scale,4,83492943,logistic,signature,0,39,29510,14755,14755,C=1.0,0.7548742629600761,0.8131775590441461,0.8077875023890746,0.9296768371500912,0.5207385565201421,0.267891747206574
a_scale,4,83492943,random_forest,b1,0,14,29510,14755,14755,max_depth=6,0.7440086519764169,0.8188472645854844,0.8119265038581527,0.9285957843178861,0.4970037150034528,0.2612055713278657
a_scale,4,83492943,random_forest,b2,0,29,29510,14755,14755,max_depth=6,0.738458332068478,0.8205023412786326,0.8139239378952942,0.9280078591174377,0.4977122740901414,0.26161617372110046
a_scale,4,83492943,random_forest,b3,0,40,29510,14755,14755,max_depth=10,0.7318382313684874,0.8174305124887414,0.8109449930059222,0.9252939581899694,0.5048736908630879,0.26437490911203637
a_scale,4,83492943,random_forest,b3_signature,0,79,29510,14755,14755,max_depth=6,0.737087708229721,0.8248668670908527,0.8183117686372551,0.9293273350900247,0.4928496409400452,0.25844702871983777
a_scale,4,83492943,random_forest,block_shuffled_signature,1,39,29510,14755,14755,max_depth=10,0.7214213576164137,0.8032668691658776,0.7988867139333431,0.9188359589153956,0.5306820616911533,0.2774320058451555
a_scale,4,83492943,random_forest,block_shuffled_signature,2,39,29510,14755,14755,max_depth=10,0.7224030413718712,0.8029363429396259,0.7986598979544373,0.9183687191374577,0.5326523506870181,0.278272558054862
a_scale,4,83492943,random_forest,block_shuffled_signature,3,39,29510,14755,14755,max_depth=10,0.7238521085071294,0.8023096856805303,0.797859953394895,0.9190113764722225,0.5303068226182879,0.2775584891616308
a_scale,4,83492943,random_forest,shuffled_signature,1,39,29510,14755,14755,max_depth=10,0.7205274184204038,0.8047736380690779,0.8003531717077718,0.919535704469611,0.5304325666064694,0.2770803212822007
a_scale,4,83492943,random_forest,shuffled_signature,2,39,29510,14755,14755,max_depth=10,0.7219339708383834,0.8043814070872011,0.8000165370292173,0.919550761100402,0.5293282943070933,0.27683611119809315
a_scale,4,83492943,random_forest,shuffled_signature,3,39,29510,14755,14755,max_depth=10,0.7226199822963809,0.8021110034429039,0.7978820488162245,0.9194403094376783,0.5300196438551766,0.2765757129909037
a_scale,4,83492943,random_forest,signature,0,39,29510,14755,14755,max_depth=6,0.7311209295499368,0.8116642036212715,0.8061655633454702,0.9288588803569855,0.49814248704728387,0.26380610783709874
a_scale,5,3833324148,logistic,b1,0,14,29510,14755,14755,C=0.01,0.6751099253828885,0.7356879716416188,0.7328146642539103,0.8816352812897418,0.6551008732167645,0.3780909425747521
a_scale,5,3833324148,logistic,b2,0,29,29510,14755,14755,C=1.0,0.6602307933571298,0.7375478874355362,0.7377513199205752,0.880210672859974,0.6418730602876405,0.3647207360326859
a_scale,5,3833324148,logistic,b3,0,40,29510,14755,14755,C=0.1,0.6580043836158965,0.7276811617181845,0.7264302561813056,0.8801353241908002,0.643332960500531,0.3671879456651564
a_scale,5,3833324148,logistic,b3_signature,0,79,29510,14755,14755,C=0.1,0.66597282549696,0.7397671905953059,0.7389062621244764,0.8847468019637406,0.645693994585264,0.3579622581097823
a_scale,5,3833324148,logistic,block_shuffled_signature,1,39,29510,14755,14755,C=0.01,0.6763302553985416,0.7223952233593883,0.7209141644224529,0.8753933833679084,0.649093976872416,0.37365154900743625
a_scale,5,3833324148,logistic,block_shuffled_signature,2,39,29510,14755,14755,C=1.0,0.67541203413851,0.7411215603005972,0.7437842032274693,0.8833885208745261,0.6283195417970439,0.35400035158495385
a_scale,5,3833324148,logistic,block_shuffled_signature,3,39,29510,14755,14755,C=0.01,0.675067440398863,0.723598791645868,0.7222532916580112,0.874812415928746,0.6500769721281172,0.3743415172825474
a_scale,5,3833324148,logistic,shuffled_signature,1,39,29510,14755,14755,C=0.01,0.6752951502849142,0.7231421794639233,0.721805572210271,0.8749052386821514,0.6503391150834853,0.3744479949295633
a_scale,5,3833324148,logistic,shuffled_signature,2,39,29510,14755,14755,C=0.01,0.6760881832610446,0.7236278891126858,0.7222391127634725,0.8746713646232975,0.6503171312515024,0.37449899753899835
a_scale,5,3833324148,logistic,shuffled_signature,3,39,29510,14755,14755,C=0.01,0.6757644910102335,0.7239616697905041,0.7226331174220432,0.8751364070470221,0.6499746544089001,0.3741808379825528
a_scale,5,3833324148,logistic,signature,0,39,29510,14755,14755,C=1.0,0.6788931149211997,0.747332666632775,0.7492155036129278,0.8885883982060826,0.620353600503182,0.3471537286482934
a_scale,5,3833324148,random_forest,b1,0,14,29510,14755,14755,max_depth=10,0.6807757332832018,0.7555808253309917,0.759091698904505,0.8866156422492404,0.6107146897213421,0.3476595169290767
a_scale,5,3833324148,random_forest,b2,0,29,29510,14755,14755,max_depth=6,0.675300666512774,0.762713119343479,0.767308446074364,0.894652079009758,0.5884509814630697,0.33562024032600885
a_scale,5,3833324148,random_forest,b3,0,40,29510,14755,14755,max_depth=6,0.6775310479380661,0.7620478950349483,0.7667687411369096,0.8939264072299867,0.5882400227528168,0.33469417367282595
a_scale,5,3833324148,random_forest,b3_signature,0,79,29510,14755,14755,max_depth=6,0.6820070355775435,0.762699135492071,0.7666830513397102,0.8974967185260648,0.5828941440146657,0.3311543171506364
a_scale,5,3833324148,random_forest,block_shuffled_signature,1,39,29510,14755,14755,max_depth=10,0.678831112520056,0.7472895199088877,0.7497716283203745,0.8854780011710286,0.6212925382628772,0.3519333248114766
a_scale,5,3833324148,random_forest,block_shuffled_signature,2,39,29510,14755,14755,max_depth=6,0.6797226151782358,0.7519708899773687,0.7550358799621151,0.8898750301181476,0.6082009333312864,0.34582332661797893
a_scale,5,3833324148,random_forest,block_shuffled_signature,3,39,29510,14755,14755,max_depth=10,0.6780549291126609,0.7463714653584906,0.7488312683819257,0.8855269858970342,0.6214410524469091,0.35220512748163013
a_scale,5,3833324148,random_forest,shuffled_signature,1,39,29510,14755,14755,max_depth=10,0.6792787694551339,0.746526812410301,0.7490932462959797,0.8866593815691651,0.6188722343539994,0.35076492480706795
a_scale,5,3833324148,random_forest,shuffled_signature,2,39,29510,14755,14755,max_depth=6,0.6802775276419181,0.752112184903592,0.7553847956062892,0.8898042053844395,0.6084968652721308,0.34585327796339166
a_scale,5,3833324148,random_forest,shuffled_signature,3,39,29510,14755,14755,max_depth=6,0.6776674893268012,0.7528115801192126,0.7560248355085818,0.889729236933364,0.6078966727395424,0.345608791602199
a_scale,5,3833324148,random_forest,signature,0,39,29510,14755,14755,max_depth=6,0.6849711154262055,0.7586595720860424,0.7621325978855554,0.8969079077369607,0.5896688077029079,0.33496860039484605
a_scale,6,3269823904,logistic,b1,0,14,29510,14755,14755,C=1.0,0.7326533980186941,0.7069030381253681,0.7047296762551761,0.854169532464156,0.7308654474050474,0.4238942155237465
a_scale,6,3269823904,logistic,b2,0,29,29510,14755,14755,C=1.0,0.7188517565401463,0.700463614280547,0.6978847515631394,0.8495950533208093,0.7430113270171138,0.42777820879868356
a_scale,6,3269823904,logistic,b3,0,40,29510,14755,14755,C=0.1,0.7030777002974493,0.7003630129901045,0.6977278980397843,0.8522011117438492,0.7359153274204269,0.4242648823669152
a_scale,6,3269823904,logistic,b3_signature,0,79,29510,14755,14755,C=0.1,0.7173730231297788,0.7189609950591461,0.7188304910547428,0.8602629696075433,0.7435115253994644,0.4120069613652655
a_scale,6,3269823904,logistic,block_shuffled_signature,1,39,29510,14755,14755,C=0.1,0.7356727194833778,0.7071920722609325,0.7065033293033577,0.845575676011693,0.7571670957603639,0.43326494489090517
a_scale,6,3269823904,logistic,block_shuffled_signature,2,39,29510,14755,14755,C=0.1,0.7343202778572929,0.7072961566524157,0.7066700417176998,0.845423773958769,0.7585233683531151,0.4334652023542774
a_scale,6,3269823904,logistic,block_shuffled_signature,3,39,29510,14755,14755,C=0.1,0.734317868859154,0.7066016135541354,0.7060275228137621,0.845399890107811,0.759287782421418,0.43349620714282183
a_scale,6,3269823904,logistic,shuffled_signature,1,39,29510,14755,14755,C=0.1,0.7360223468593742,0.708571051285241,0.7079908814790411,0.8457981227040032,0.7563705182385575,0.43271925347475637
a_scale,6,3269823904,logistic,shuffled_signature,2,39,29510,14755,14755,C=0.1,0.7350058584354192,0.7098891469042393,0.7093907948947474,0.8456865352280895,0.7565367733038876,0.4331559383359211
a_scale,6,3269823904,logistic,shuffled_signature,3,39,29510,14755,14755,C=0.1,0.7346424210153321,0.7078460944976884,0.7071446769049494,0.845903962751517,0.7563544618534762,0.43289783571124335
a_scale,6,3269823904,logistic,signature,0,39,29510,14755,14755,C=0.1,0.745106388190333,0.7101351093356697,0.709653363245374,0.8564988784759603,0.7347185038663743,0.41937345173995494
a_scale,6,3269823904,random_forest,b1,0,14,29510,14755,14755,max_depth=10,0.7088602731446859,0.6888634195459166,0.6904833294951481,0.8426461031653951,0.7588164365424552,0.43511739149796136
a_scale,6,3269823904,random_forest,b2,0,29,29510,14755,14755,max_depth=10,0.7033158598606454,0.6917616304488833,0.6932327840968876,0.8424090408660553,0.7595066988606464,0.43877657635823164
a_scale,6,3269823904,random_forest,b3,0,40,29510,14755,14755,max_depth=10,0.7040158950748557,0.6933071159207116,0.6950933371209732,0.8452795188692495,0.755830989680567,0.43529131362390744
a_scale,6,3269823904,random_forest,b3_signature,0,79,29510,14755,14755,max_depth=10,0.7157790786968098,0.6951137932106587,0.6963163360420745,0.8500432936343021,0.7440689730598724,0.4289281967089784
a_scale,6,3269823904,random_forest,block_shuffled_signature,1,39,29510,14755,14755,max_depth=10,0.7031767706651619,0.6768603014637667,0.6782949647022339,0.8309272656014897,0.7852235713585203,0.45056307442010074
a_scale,6,3269823904,random_forest,block_shuffled_signature,2,39,29510,14755,14755,max_depth=10,0.7029365973992373,0.6769424624427858,0.6781869955148205,0.8303804319642,0.7876296754604681,0.4511070355520044
a_scale,6,3269823904,random_forest,block_shuffled_signature,3,39,29510,14755,14755,max_depth=10,0.7030841330799387,0.675460691352706,0.6768063328702754,0.8307951358142546,0.7852139476799292,0.45079557835808215
a_scale,6,3269823904,random_forest,shuffled_signature,1,39,29510,14755,14755,max_depth=10,0.7039262202372164,0.6774681352484762,0.6786334300488209,0.8297748812524346,0.7872632172115706,0.4513539958101988
a_scale,6,3269823904,random_forest,shuffled_signature,2,39,29510,14755,14755,max_depth=6,0.7024677720921005,0.6734476713907281,0.6767428553534499,0.8366662421220213,0.7653870928280497,0.4458624297126685
a_scale,6,3269823904,random_forest,shuffled_signature,3,39,29510,14755,14755,max_depth=6,0.702465477814823,0.6725957917693052,0.6759701540046247,0.8367379888488528,0.765180834191709,0.44562610660106455
a_scale,6,3269823904,random_forest,signature,0,39,29510,14755,14755,max_depth=10,0.7208033178926381,0.69338139366342,0.6943351656059313,0.8409306161662652,0.7749741681661463,0.44262829650274244
a_scale,7,2398383747,logistic,b1,0,14,29510,14755,14755,C=0.1,0.6707105262874865,0.7175849166898088,0.7120814772645617,0.8870530733554377,0.6215160304818379,0.35058822930418887
a_scale,7,2398383747,logistic,b2,0,29,29510,14755,14755,C=1.0,0.6402985588232676,0.7143387962581654,0.7051264431884775,0.8856185588013857,0.6234214641951524,0.35290937862786065
a_scale,7,2398383747,logistic,b3,0,40,29510,14755,14755,C=1.0,0.6372771817753313,0.7152011469983249,0.7036121478691605,0.8854019381172842,0.6293580504970283,0.3553823240782868
a_scale,7,2398383747,logistic,b3_signature,0,79,29510,14755,14755,C=1.0,0.6549739791111243,0.7253891945669455,0.7136528342740237,0.8937906619053191,0.5954211460861814,0.34145098595024115
a_scale,7,2398383747,logistic,block_shuffled_signature,1,39,29510,14755,14755,C=1.0,0.6656997164378303,0.7053900221614362,0.6986427008523616,0.8824301238981658,0.6040080399453606,0.34949892563878954
a_scale,7,2398383747,logistic,block_shuffled_signature,2,39,29510,14755,14755,C=1.0,0.6645624881571546,0.705827327370748,0.6996057669326898,0.882555010002848,0.6041147359695318,0.34926031884362735
a_scale,7,2398383747,logistic,block_shuffled_signature,3,39,29510,14755,14755,C=1.0,0.6650932608965275,0.7025854475643052,0.6962591376728838,0.8824231540944175,0.6043431661323951,0.34965043928720635
a_scale,7,2398383747,logistic,shuffled_signature,1,39,29510,14755,14755,C=1.0,0.6658395702942843,0.7058582349581076,0.6991608596533697,0.8825460667293242,0.6039792432575274,0.3494164375288122
a_scale,7,2398383747,logistic,shuffled_signature,2,39,29510,14755,14755,C=1.0,0.667089205954155,0.7044437589155045,0.6976649342180833,0.8825290626655797,0.604166405240181,0.3496256841087008
a_scale,7,2398383747,logistic,shuffled_signature,3,39,29510,14755,14755,C=1.0,0.6660741578094646,0.7057874960889929,0.6991859095317201,0.8824215360773987,0.6037762542634879,0.34926742816268785
a_scale,7,2398383747,logistic,signature,0,39,29510,14755,14755,C=1.0,0.6712973501572902,0.7136012067800658,0.7069409788933306,0.8917507470830287,0.578436936008307,0.3376983720360235
a_scale,7,2398383747,random_forest,b1,0,14,29510,14755,14755,max_depth=6,0.6727728846583441,0.7170510251057941,0.7073651941346261,0.8864988420973909,0.5968899817903394,0.34449932239639314
a_scale,7,2398383747,random_forest,b2,0,29,29510,14755,14755,max_depth=6,0.6679771707206559,0.717699340799145,0.7084132695278905,0.8868949862617277,0.5999246298592648,0.344712919598965
a_scale,7,2398383747,random_forest,b3,0,40,29510,14755,14755,max_depth=6,0.6719913182832215,0.7186935578964349,0.7089092580302596,0.8860397831297981,0.6007706171676289,0.34570852337062963
a_scale,7,2398383747,random_forest,b3_signature,0,79,29510,14755,14755,max_depth=10,0.6758542691042718,0.7216119724325384,0.7111087758029163,0.8860710461794058,0.5989052882838215,0.3464947600591718
a_scale,7,2398383747,random_forest,block_shuffled_signature,1,39,29510,14755,14755,max_depth=10,0.6693308383220091,0.7015002787424184,0.6900919286029117,0.8767123709352105,0.6219036409525291,0.3611530561206851
a_scale,7,2398383747,random_forest,block_shuffled_signature,2,39,29510,14755,14755,max_depth=10,0.6713357318729051,0.7034328155454036,0.6921213574206444,0.8763896466428981,0.6223637167929221,0.36104074266177044
a_scale,7,2398383747,random_forest,block_shuffled_signature,3,39,29510,14755,14755,max_depth=10,0.6693516705083455,0.7028631353216249,0.6918850535564323,0.8765587402568062,0.621760037636705,0.36048572969919995
a_scale,7,2398383747,random_forest,shuffled_signature,1,39,29510,14755,14755,max_depth=6,0.6671807474193953,0.708160268322298,0.6963218422119087,0.8800351668385763,0.6133520973960108,0.3548716829681564
a_scale,7,2398383747,random_forest,shuffled_signature,2,39,29510,14755,14755,max_depth=10,0.6697935318639435,0.7050349611548299,0.6935005228422568,0.8765196016744213,0.6213169199336395,0.3600904784985633
a_scale,7,2398383747,random_forest,shuffled_signature,3,39,29510,14755,14755,max_depth=10,0.6684734404653633,0.7030165143772407,0.691701760975437,0.8762484282439936,0.6224554314528298,0.36085393316743675
a_scale,7,2398383747,random_forest,signature,0,39,29510,14755,14755,max_depth=6,0.6736039841222681,0.7133613992958682,0.7018886915643904,0.8860671560940133,0.595732131271362,0.3484307500651981
a_scale,8,2454110949,logistic,b1,0,14,29510,14755,14755,C=0.1,0.7438140752803047,0.7062611853030472,0.6998685900215719,0.8591008064913144,0.7201380360880949,0.4028389196596709
a_scale,8,2454110949,logistic,b2,0,29,29510,14755,14755,C=0.1,0.7448933087713655,0.6947732613083427,0.6906765892752079,0.8522249880739929,0.7290633617767696,0.41298161652528503
a_scale,8,2454110949,logistic,b3,0,40,29510,14755,14755,C=1.0,0.7468953036503222,0.6905612407273484,0.6845535031689781,0.8516863009436374,0.738528859021644,0.4155365491547538
a_scale,8,2454110949,logistic,b3_signature,0,79,29510,14755,14755,C=1.0,0.7584791394466274,0.6906008908299516,0.6844938809500555,0.8573272567954633,0.7287095262394947,0.41519303825031145
a_scale,8,2454110949,logistic,block_shuffled_signature,1,39,29510,14755,14755,C=0.01,0.7471868878237492,0.72116835023914,0.7097149017444,0.8525888669118643,0.7447473007467835,0.40942721016229294
a_scale,8,2454110949,logistic,block_shuffled_signature,2,39,29510,14755,14755,C=0.01,0.7470791229432403,0.7220049259852722,0.7104524691356676,0.8526815493591645,0.744078082034956,0.40945365699059116
a_scale,8,2454110949,logistic,block_shuffled_signature,3,39,29510,14755,14755,C=0.01,0.7475652175974252,0.7209446764353696,0.7094558648673926,0.8526795595349738,0.744133708630614,0.40924067146539034
a_scale,8,2454110949,logistic,shuffled_signature,1,39,29510,14755,14755,C=0.01,0.748362718782789,0.7216920874681687,0.7101879807589883,0.8525415735137192,0.7442555090367019,0.4096706312387755
a_scale,8,2454110949,logistic,shuffled_signature,2,39,29510,14755,14755,C=0.01,0.7484927263875836,0.7220414341068224,0.7103049541464115,0.8528280813258887,0.7444682721824416,0.40955504696058237
a_scale,8,2454110949,logistic,shuffled_signature,3,39,29510,14755,14755,C=0.01,0.7472501570278839,0.7209788341285551,0.7093195114533609,0.8527969165102078,0.7441003407154843,0.40928947789924747
a_scale,8,2454110949,logistic,signature,0,39,29510,14755,14755,C=1.0,0.757906468397456,0.7232306784647315,0.7128050619651575,0.8645537020827424,0.7035382059638388,0.39439560795534695
a_scale,8,2454110949,random_forest,b1,0,14,29510,14755,14755,max_depth=6,0.748744924826276,0.7115697225841138,0.7037336439771916,0.8574299680255173,0.714913787834744,0.40531481865928015
a_scale,8,2454110949,random_forest,b2,0,29,29510,14755,14755,max_depth=6,0.7478040046571633,0.7083376499762201,0.7008944816434098,0.8555327842119015,0.7152551298272807,0.4069368132445892
a_scale,8,2454110949,random_forest,b3,0,40,29510,14755,14755,max_depth=6,0.749264671057448,0.7076916403189649,0.6995078457108898,0.8557163673364426,0.7185007251411935,0.4087136155604145
a_scale,8,2454110949,random_forest,b3_signature,0,79,29510,14755,14755,max_depth=6,0.7524866517854781,0.7138486116126069,0.7064918528384402,0.8602626460485793,0.7054633509776136,0.3996143273842556
a_scale,8,2454110949,random_forest,block_shuffled_signature,1,39,29510,14755,14755,max_depth=6,0.7386716800815735,0.7115339521060072,0.7033306015943849,0.8498866278641595,0.7324725749469534,0.4117100593217784
a_scale,8,2454110949,random_forest,block_shuffled_signature,2,39,29510,14755,14755,max_depth=4,0.7380208720068436,0.7055255680959949,0.6965293192164195,0.8526274955845442,0.7308921966925542,0.41215033620834896
a_scale,8,2454110949,random_forest,block_shuffled_signature,3,39,29510,14755,14755,max_depth=4,0.7382928180746143,0.7066637634917865,0.6976440144102319,0.8525576354478094,0.7304163878163916,0.41178511196389944
a_scale,8,2454110949,random_forest,shuffled_signature,1,39,29510,14755,14755,max_depth=4,0.7376180591651548,0.7068358602143169,0.6976636844450104,0.8515738307576175,0.7320890482276499,0.41292647896703677
a_scale,8,2454110949,random_forest,shuffled_signature,2,39,29510,14755,14755,max_depth=6,0.7380019563850798,0.7128297136942731,0.704628699364266,0.8493233401246796,0.7329075704620097,0.41186656104236957
a_scale,8,2454110949,random_forest,shuffled_signature,3,39,29510,14755,14755,max_depth=6,0.7380857602030563,0.7123990478313432,0.7042996120972215,0.8493254318354402,0.7327085371181885,0.41196177977275883
a_scale,8,2454110949,random_forest,signature,0,39,29510,14755,14755,max_depth=6,0.7441927266315984,0.7196907872331443,0.7115331476776858,0.8619665784075602,0.6994923011439307,0.39530368259400656
a_scale,9,3644979573,logistic,b1,0,14,29510,14755,14755,C=0.1,0.7257956974216319,0.7137227368691139,0.7232548463550753,0.8592843272852497,0.6977581289527518,0.3952868329182763
a_scale,9,3644979573,logistic,b2,0,29,29510,14755,14755,C=0.1,0.7229902671977282,0.7160268997128024,0.7250559989391642,0.8593568438794134,0.699165238638789,0.39617669040969683
a_scale,9,3644979573,logistic,b3,0,40,29510,14755,14755,C=1.0,0.7213352531011474,0.7078986121836296,0.7186853188741464,0.8564652031319017,0.7052703281557875,0.39891884378808046
a_scale,9,3644979573,logistic,b3_signature,0,79,29510,14755,14755,C=1.0,0.7256522779753022,0.7130703248096579,0.7245219078487706,0.8507409626507955,0.7446610307460882,0.3993161619332614
a_scale,9,3644979573,logistic,block_shuffled_signature,1,39,29510,14755,14755,C=1.0,0.7120838215952515,0.713866986955659,0.7259742980419691,0.8533271979864313,0.7297710868582165,0.3920929775837746
a_scale,9,3644979573,logistic,block_shuffled_signature,2,39,29510,14755,14755,C=1.0,0.7128954472146264,0.713151091003765,0.7253491702082524,0.8539708823759483,0.7277854196147033,0.39143266747556477
a_scale,9,3644979573,logistic,block_shuffled_signature,3,39,29510,14755,14755,C=1.0,0.712786494245392,0.7125540794248221,0.7248536142298176,0.8537563328600827,0.729227884465787,0.39168965089303487
a_scale,9,3644979573,logistic,shuffled_signature,1,39,29510,14755,14755,C=1.0,0.7138401711826073,0.7129347038477595,0.7251029470921978,0.854109557650502,0.7273811068853083,0.3911391841905401
a_scale,9,3644979573,logistic,shuffled_signature,2,39,29510,14755,14755,C=1.0,0.7149169848195345,0.714211051838741,0.7265088558246192,0.853955264933182,0.7265946438715375,0.39136017929811334
a_scale,9,3644979573,logistic,shuffled_signature,3,39,29510,14755,14755,C=1.0,0.7139696064613846,0.7133008265018908,0.7254706578225175,0.8539505948949359,0.7281037080658788,0.39127413261510235
a_scale,9,3644979573,logistic,signature,0,39,29510,14755,14755,C=1.0,0.722545382536186,0.7139045930287226,0.7258477005541969,0.8584241049530017,0.7187472142439715,0.3883573320196327
a_scale,9,3644979573,random_forest,b1,0,14,29510,14755,14755,max_depth=10,0.7288583787123061,0.7114410584801655,0.7212976776738649,0.8477779067433827,0.7329330890820166,0.4075628350891816
a_scale,9,3644979573,random_forest,b2,0,29,29510,14755,14755,max_depth=10,0.730213256571072,0.7174036504517788,0.7277122762465659,0.8512725733445877,0.7082953984060243,0.3975603407142711
a_scale,9,3644979573,random_forest,b3,0,40,29510,14755,14755,max_depth=10,0.7270417510248501,0.7151809062391865,0.7253489245695445,0.8468786216192902,0.7188055266578728,0.40210400644122957
a_scale,9,3644979573,random_forest,b3_signature,0,79,29510,14755,14755,max_depth=10,0.7290128647307371,0.7152072273738354,0.7253682618225638,0.8539644942030891,0.6999131703171702,0.3943705916931331
a_scale,9,3644979573,random_forest,block_shuffled_signature,1,39,29510,14755,14755,max_depth=4,0.7144737202112282,0.7228145501314881,0.731724432288248,0.8592956078200168,0.6818533240408907,0.3860205922323858
a_scale,9,3644979573,random_forest,block_shuffled_signature,2,39,29510,14755,14755,max_depth=4,0.7159612901242536,0.7219438458232531,0.731140044116349,0.8594276062050668,0.6810352663332181,0.3855971990382275
a_scale,9,3644979573,random_forest,block_shuffled_signature,3,39,29510,14755,14755,max_depth=6,0.7152496407627602,0.7177437788535963,0.7264212649597596,0.8544823208918926,0.6897784544165263,0.38960373090214995
a_scale,9,3644979573,random_forest,shuffled_signature,1,39,29510,14755,14755,max_depth=4,0.7158943818668143,0.7222911444172505,0.7309817757261934,0.8587107370991798,0.6816726850470327,0.3858905450592518
a_scale,9,3644979573,random_forest,shuffled_signature,2,39,29510,14755,14755,max_depth=4,0.7141808443866218,0.7235342240845036,0.7324109140829932,0.8588821475842524,0.6822395877784474,0.38596476085471465
a_scale,9,3644979573,random_forest,shuffled_signature,3,39,29510,14755,14755,max_depth=4,0.7142710592150142,0.7224937144258646,0.7313232563868518,0.8586813395760107,0.6819056750976704,0.3858497533672728
a_scale,9,3644979573,random_forest,signature,0,39,29510,14755,14755,max_depth=10,0.7217566185121097,0.7133554120466639,0.7238332747378439,0.8535783073988831,0.7089083601095153,0.3942583324377212
a_scale,10,3847927903,logistic,b1,0,14,29510,14755,14755,C=0.1,0.7118886396018472,0.7262326315188492,0.7099807153700591,0.8761593580582868,0.6703879901245908,0.40055376235079937
a_scale,10,3847927903,logistic,b2,0,29,29510,14755,14755,C=1.0,0.6903614437670438,0.7004177198959644,0.6793759446124321,0.8630921445391285,0.693869879701075,0.4160477913737642
a_scale,10,3847927903,logistic,b3,0,40,29510,14755,14755,C=1.0,0.6787867056466772,0.6860903130570986,0.6641978883618743,0.8547670355087744,0.7079434922828454,0.42760040265050725
a_scale,10,3847927903,logistic,b3_signature,0,79,29510,14755,14755,C=0.01,0.6825631779586573,0.706276070060469,0.6806894041163917,0.865701246275207,0.6928536514107668,0.416416709625478
a_scale,10,3847927903,logistic,block_shuffled_signature,1,39,29510,14755,14755,C=0.1,0.7202050159207624,0.7431949519816842,0.7289067330424346,0.8753207187662326,0.6791694852886061,0.40295705702482487
a_scale,10,3847927903,logistic,block_shuffled_signature,2,39,29510,14755,14755,C=0.1,0.7198728032906008,0.7441859247168142,0.7301180854499748,0.8753245634043999,0.6795498676340457,0.4031443423450828
a_scale,10,3847927903,logistic,block_shuffled_signature,3,39,29510,14755,14755,C=0.1,0.7205841449212377,0.7450431090077089,0.7303899883743918,0.8749252501206034,0.6799237487562204,0.4034868605277211
a_scale,10,3847927903,logistic,shuffled_signature,1,39,29510,14755,14755,C=0.1,0.7203069621617098,0.744063280018261,0.7292682057073748,0.8753539178250779,0.6792419766866616,0.40285542049865425
a_scale,10,3847927903,logistic,shuffled_signature,2,39,29510,14755,14755,C=0.1,0.7212560543046723,0.7436282275449423,0.729481397247914,0.8752140182603801,0.6797791524900242,0.4030942964021791
a_scale,10,3847927903,logistic,shuffled_signature,3,39,29510,14755,14755,C=0.1,0.721371700139828,0.7426725616937307,0.7285894276109945,0.8746120404711091,0.6801411086460033,0.40335012945193227
a_scale,10,3847927903,logistic,signature,0,39,29510,14755,14755,C=1.0,0.7154292376560113,0.7516569489218284,0.7350731519679675,0.8854885908252107,0.6495595308383281,0.383361862645345
a_scale,10,3847927903,random_forest,b1,0,14,29510,14755,14755,max_depth=6,0.6873639962645447,0.7394974778047478,0.7115891501121078,0.8745635449061641,0.660084800695268,0.39385565053725613
a_scale,10,3847927903,random_forest,b2,0,29,29510,14755,14755,max_depth=10,0.6862788835327184,0.7419484214561258,0.7163045579619162,0.8722167665404691,0.6631789772939871,0.3961389141209014
a_scale,10,3847927903,random_forest,b3,0,40,29510,14755,14755,max_depth=10,0.6863530653639128,0.7445823379323135,0.717391643254233,0.8718493613525341,0.6643012178743651,0.39627620825543153
a_scale,10,3847927903,random_forest,b3_signature,0,79,29510,14755,14755,max_depth=10,0.6960894413755802,0.7472661859742136,0.7192771541922208,0.8785270850468277,0.6474345746578606,0.3863015999634655
a_scale,10,3847927903,random_forest,block_shuffled_signature,1,39,29510,14755,14755,max_depth=10,0.6818646993553185,0.7356232854052455,0.7033322057989446,0.8701132161337749,0.6765586871706847,0.4013233869849611
a_scale,10,3847927903,random_forest,block_shuffled_signature,2,39,29510,14755,14755,max_depth=10,0.6797878595908191,0.7326506207009377,0.7002668638015906,0.8700119525005553,0.6755956213633114,0.40107896986257463
a_scale,10,3847927903,random_forest,block_shuffled_signature,3,39,29510,14755,14755,max_depth=10,0.6786725274052402,0.7344303620609408,0.7015010849786285,0.8690692719051706,0.6788324383076161,0.40262242986850916
a_scale,10,3847927903,random_forest,shuffled_signature,1,39,29510,14755,14755,max_depth=10,0.680402189592554,0.735202591186237,0.7021098793930903,0.8697651018801903,0.6784688026184934,0.40201370578875206
a_scale,10,3847927903,random_forest,shuffled_signature,2,39,29510,14755,14755,max_depth=10,0.6812263891251611,0.73461753322405,0.7024609327488575,0.8700671808629012,0.6776771694510643,0.4017565189856874
a_scale,10,3847927903,random_forest,shuffled_signature,3,39,29510,14755,14755,max_depth=10,0.680884288465474,0.7334039629183843,0.7013936916906166,0.8685837194061817,0.6801287487929608,0.40272669590278287
a_scale,10,3847927903,random_forest,signature,0,39,29510,14755,14755,max_depth=10,0.6915544723106103,0.7411854161926242,0.7108726378063315,0.8803009546706151,0.6477725875768782,0.38877287233394625
a_scale,11,1553864795,logistic,b1,0,14,29510,14755,14755,C=1.0,0.7365345483387106,0.7787033634355801,0.7795456942396696,0.9012951491018869,0.6231490525428107,0.3276275061544444
a_scale,11,1553864795,logistic,b2,0,29,29510,14755,14755,C=1.0,0.729263761310749,0.7747484770550993,0.7754462633371295,0.8991264747603774,0.6320790999847897,0.3318321565787816
a_scale,11,1553864795,logistic,b3,0,40,29510,14755,14755,C=0.1,0.7337759016241572,0.7624773773351118,0.7628639963943412,0.8916207929905572,0.6693444777281767,0.34492116085097096
a_scale,11,1553864795,logistic,b3_signature,0,79,29510,14755,14755,C=1.0,0.7306422818916413,0.7765742012256829,0.7775706873174354,0.9031288089545618,0.6343405209506201,0.3240861718558947
a_scale,11,1553864795,logistic,block_shuffled_signature,1,39,29510,14755,14755,C=1.0,0.7236304497407139,0.7723361252966304,0.7736424717355833,0.8999331501254982,0.614314772654185,0.3282602998693889
a_scale,11,1553864795,logistic,block_shuffled_signature,2,39,29510,14755,14755,C=1.0,0.7263702159240205,0.7716176649471677,0.7729129692413128,0.8998697970195272,0.6144675562044463,0.3282084674853486
a_scale,11,1553864795,logistic,block_shuffled_signature,3,39,29510,14755,14755,C=1.0,0.7233818494442037,0.7722614408190339,0.7735648365055953,0.9000423447429337,0.6134560861048584,0.3282418506027509
a_scale,11,1553864795,logistic,shuffled_signature,1,39,29510,14755,14755,C=1.0,0.7231585836869122,0.7710878216427076,0.7723921517394531,0.8991407256288454,0.614374142539085,0.32899961005919287
a_scale,11,1553864795,logistic,shuffled_signature,2,39,29510,14755,14755,C=1.0,0.7231779585326987,0.7696039193852074,0.7709461822962971,0.8993598310370187,0.6136312306513891,0.3288473817165871
a_scale,11,1553864795,logistic,shuffled_signature,3,39,29510,14755,14755,C=1.0,0.7260864464660516,0.7691959000918329,0.7705710348010318,0.8992180330539048,0.61396405337436,0.3291248831770996
a_scale,11,1553864795,logistic,signature,0,39,29510,14755,14755,C=0.01,0.7255616231508665,0.7738292300440096,0.7743739649222231,0.9043456797540351,0.6258262136987421,0.3353622072942279
a_scale,11,1553864795,random_forest,b1,0,14,29510,14755,14755,max_depth=4,0.7526874650789708,0.7791577034438854,0.7802735686307987,0.9067828259715295,0.5707120306126425,0.3175513928458744
a_scale,11,1553864795,random_forest,b2,0,29,29510,14755,14755,max_depth=6,0.7554713305604309,0.7778009595869957,0.7787564714593632,0.906133518964143,0.5695305653791063,0.31675083997523124
a_scale,11,1553864795,random_forest,b3,0,40,29510,14755,14755,max_depth=6,0.756432094742652,0.7780822776474589,0.7789105705613227,0.9052130425716802,0.5732171729590668,0.31766975811108716
a_scale,11,1553864795,random_forest,b3_signature,0,79,29510,14755,14755,max_depth=4,0.7509577205343644,0.776815395316135,0.7779775507184669,0.9073141091159288,0.5682841351528193,0.31657485376622885
a_scale,11,1553864795,random_forest,block_shuffled_signature,1,39,29510,14755,14755,max_depth=6,0.738932147215714,0.7710933600679392,0.7724572902861175,0.8998126605069249,0.595903251070366,0.32818922810738105
a_scale,11,1553864795,random_forest,block_shuffled_signature,2,39,29510,14755,14755,max_depth=6,0.7401046946030349,0.7715104060849178,0.772880047230843,0.8992075804388272,0.5969106567245901,0.3287274838863876
a_scale,11,1553864795,random_forest,block_shuffled_signature,3,39,29510,14755,14755,max_depth=6,0.7375812512287108,0.771677038612746,0.7730674542262809,0.8989084827214895,0.6002590303608234,0.32916927876778534
a_scale,11,1553864795,random_forest,shuffled_signature,1,39,29510,14755,14755,max_depth=6,0.7389896883298874,0.7707443708841936,0.7721817932223977,0.8987245064543327,0.5979753306793801,0.32926596864497176
a_scale,11,1553864795,random_forest,shuffled_signature,2,39,29510,14755,14755,max_depth=6,0.738676664544152,0.7719032449350681,0.773302262948325,0.8989291492117101,0.5976965662009736,0.3291220491962043
a_scale,11,1553864795,random_forest,shuffled_signature,3,39,29510,14755,14755,max_depth=6,0.7388355068122182,0.7707059622767786,0.7720775118023567,0.899011062929691,0.5976141755472324,0.32902348524005587
a_scale,11,1553864795,random_forest,signature,0,39,29510,14755,14755,max_depth=6,0.745363742079089,0.7770534737599246,0.7782814588262474,0.9064353457609707,0.573698820855576,0.3182119436778145
a_scale,12,2263030422,logistic,b1,0,14,29510,14755,14755,C=0.01,0.7166670041460032,0.7321377326506627,0.7305510034236905,0.8691291451766308,0.7170027460606884,0.39541278696655396
a_scale,12,2263030422,logistic,b2,0,29,29510,14755,14755,C=0.01,0.703551180587929,0.7143252175861297,0.7125044677321256,0.8621966751687569,0.7265555858293322,0.4002896056240222
a_scale,12,2263030422,logistic,b3,0,40,29510,14755,14755,C=1.0,0.6990621951679481,0.720313000724878,0.7188382453646455,0.866661977950589,0.7002121039481395,0.39043061012760644
a_scale,12,2263030422,logistic,b3_signature,0,79,29510,14755,14755,C=1.0,0.7260203568223523,0.7360502109348509,0.7351039260263653,0.8746260033455484,0.6884423473467902,0.37632934492287023
a_scale,12,2263030422,logistic,block_shuffled_signature,1,39,29510,14755,14755,C=1.0,0.7232072094406012,0.7363286731352137,0.7355086595127424,0.8697755247984832,0.6967870841811208,0.38398053105946345
a_scale,12,2263030422,logistic,block_shuffled_signature,2,39,29510,14755,14755,C=1.0,0.7233638561293209,0.7364494240237914,0.7357160733496625,0.8700097944730114,0.6962323731527558,0.383500553060547
a_scale,12,2263030422,logistic,block_shuffled_signature,3,39,29510,14755,14755,C=1.0,0.7238251778357753,0.7355595512078849,0.7348333174469217,0.8695109381294022,0.6974987972646216,0.38397255601577285
a_scale,12,2263030422,logistic,shuffled_signature,1,39,29510,14755,14755,C=1.0,0.7233693759856429,0.735423720423495,0.7346571202742611,0.8694427729614148,0.6975582834731845,0.3841742446333056
a_scale,12,2263030422,logistic,shuffled_signature,2,39,29510,14755,14755,C=1.0,0.7227912914437837,0.7362952970465125,0.735508003710681,0.8692827666940696,0.6979165121699766,0.3843540793029813
a_scale,12,2263030422,logistic,shuffled_signature,3,39,29510,14755,14755,C=1.0,0.7232391253829665,0.7357619637131793,0.7349453970156282,0.8691892338984353,0.6978120919664155,0.3843610864027759
a_scale,12,2263030422,logistic,signature,0,39,29510,14755,14755,C=1.0,0.7328086605491686,0.7452325125352779,0.7443662949967731,0.8817885071393166,0.6634066944903557,0.36706525227201553
a_scale,12,2263030422,random_forest,b1,0,14,29510,14755,14755,max_depth=6,0.7295800889504639,0.7485035119836585,0.7469197909142835,0.8713078505501265,0.6773735231284032,0.3740792430882003
a_scale,12,2263030422,random_forest,b2,0,29,29510,14755,14755,max_depth=6,0.7290879984587612,0.750347228468318,0.748862883153189,0.8742281031288807,0.6709900856923242,0.37172168972367325
a_scale,12,2263030422,random_forest,b3,0,40,29510,14755,14755,max_depth=10,0.732661504455169,0.7438623129695201,0.7428531974794725,0.8718720433874759,0.6842013303821685,0.373759703943566
a_scale,12,2263030422,random_forest,b3_signature,0,79,29510,14755,14755,max_depth=10,0.7356221540949215,0.7503656575327002,0.7495431921367168,0.8801593021564457,0.6618135630582312,0.3619215418141755
a_scale,12,2263030422,random_forest,block_shuffled_signature,1,39,29510,14755,14755,max_depth=6,0.7265468470657651,0.7411099337691276,0.7399187144060169,0.8688145797089643,0.6867087103780131,0.3804627572333969
a_scale,12,2263030422,random_forest,block_shuffled_signature,2,39,29510,14755,14755,max_depth=6,0.7241998758621198,0.7411152883767375,0.7398775705137313,0.8684827504763447,0.6866925342075197,0.3807688579082158
a_scale,12,2263030422,random_forest,block_shuffled_signature,3,39,29510,14755,14755,max_depth=6,0.7250139637596026,0.739700482675687,0.738414421712533,0.8687318476203384,0.6873788444488016,0.3810287251751464
a_scale,12,2263030422,random_forest,shuffled_signature,1,39,29510,14755,14755,max_depth=6,0.7268425490159437,0.7394721869998344,0.7382080290625531,0.8682434102388634,0.6875534505440248,0.3808395441610189
a_scale,12,2263030422,random_forest,shuffled_signature,2,39,29510,14755,14755,max_depth=10,0.7251572318294516,0.7420227767865062,0.7413024172876747,0.8668236260779817,0.6974957164099085,0.3832316374495754
a_scale,12,2263030422,random_forest,shuffled_signature,3,39,29510,14755,14755,max_depth=6,0.7269765928693249,0.7382276661584188,0.7370467019616228,0.8681017445105764,0.6883513827490234,0.381382299387453
a_scale,12,2263030422,random_forest,signature,0,39,29510,14755,14755,max_depth=6,0.7310148177449717,0.7481506414332384,0.7472055390878727,0.8799947283412712,0.6574737189386982,0.36580165980188933
a_scale,13,506008917,logistic,b1,0,14,29510,14755,14755,C=0.1,0.7606047946319973,0.7215082552305082,0.7162837660177797,0.8603878709206504,0.6653303630027423,0.4025600867742252
a_scale,13,506008917,logistic,b2,0,29,29510,14755,14755,C=0.1,0.745572444681132,0.707924301052019,0.7032704480709908,0.8529152271264159,0.6798249968476561,0.4113295656322388
a_scale,13,506008917,logistic,b3,0,40,29510,14755,14755,C=0.1,0.746893381708951,0.7082547563236647,0.7042614205784202,0.8554749448394028,0.6751811142846175,0.40769042011825657
a_scale,13,506008917,logistic,b3_signature,0,79,29510,14755,14755,C=0.01,0.7617960742228949,0.7214880718982108,0.7143719499369041,0.8618619982131234,0.6659423581239713,0.3988870358931482
a_scale,13,506008917,logistic,block_shuffled_signature,1,39,29510,14755,14755,C=0.1,0.7758759521276287,0.7240962318866747,0.7199760999014485,0.8665933477077195,0.6634118453165924,0.39688220838963806
a_scale,13,506008917,logistic,block_shuffled_signature,2,39,29510,14755,14755,C=0.1,0.7749858284920704,0.7244598055472018,0.7204017791128249,0.8666352210927041,0.6628220302781928,0.3968562908913029
a_scale,13,506008917,logistic,block_shuffled_signature,3,39,29510,14755,14755,C=0.1,0.7760804545819698,0.7251228736910392,0.7212013781470126,0.866668695533351,0.662961956493672,0.39691721386632917
a_scale,13,506008917,logistic,shuffled_signature,1,39,29510,14755,14755,C=0.1,0.7774524906949895,0.7241263659723716,0.7201612009220973,0.8670161052177928,0.6631668876982441,0.3968615762721318
a_scale,13,506008917,logistic,shuffled_signature,2,39,29510,14755,14755,C=0.1,0.7758401230807358,0.7262010285387972,0.722323923175986,0.8671559073447548,0.6627584355106945,0.39655312225369405
a_scale,13,506008917,logistic,shuffled_signature,3,39,29510,14755,14755,C=0.1,0.7768625624165647,0.7263293202193267,0.7223315034860532,0.8673622185464097,0.6622818052364712,0.39622164550063116
a_scale,13,506008917,logistic,signature,0,39,29510,14755,14755,C=1.0,0.7838065517852598,0.7362194273274133,0.7343780267453394,0.8733680328272845,0.6432826661691852,0.38312962744055096
a_scale,13,506008917,random_forest,b1,0,14,29510,14755,14755,max_depth=6,0.761354328392882,0.728577511780674,0.7341309635765146,0.868856661457567,0.66058656908951,0.39016713590219
a_scale,13,506008917,random_forest,b2,0,29,29510,14755,14755,max_depth=6,0.7610822449047369,0.7296676717914611,0.7364471239143832,0.8695176229607621,0.6618943170374829,0.3911133648822859
a_scale,13,506008917,random_forest,b3,0,40,29510,14755,14755,max_depth=6,0.7657081497280415,0.7282854424478046,0.7347175926372339,0.8690411513715232,0.6612673143073421,0.39047631029151275
a_scale,13,506008917,random_forest,b3_signature,0,79,29510,14755,14755,max_depth=6,0.7753223181855896,0.7333761650195979,0.7383232903439393,0.8740178530083478,0.6496227822956431,0.3832489212294202
a_scale,13,506008917,random_forest,block_shuffled_signature,1,39,29510,14755,14755,max_depth=6,0.7718311809555213,0.722417001500233,0.7276957832238226,0.8718038774736475,0.6615599446188718,0.3898744418163893
a_scale,13,506008917,random_forest,block_shuffled_signature,2,39,29510,14755,14755,max_depth=6,0.769928204678941,0.724296792299887,0.7296193400923613,0.8722972311257502,0.6604261188027206,0.389137518930104
a_scale,13,506008917,random_forest,block_shuffled_signature,3,39,29510,14755,14755,max_depth=6,0.7704809814996029,0.7244361291147109,0.7301788156861017,0.8723687285683756,0.6603047567583177,0.38888925606527996
a_scale,13,506008917,random_forest,shuffled_signature,1,39,29510,14755,14755,max_depth=10,0.7702489778270083,0.7244270088510579,0.7288077821284005,0.8657709607713935,0.6688062963245297,0.3943657664753067
a_scale,13,506008917,random_forest,shuffled_signature,2,39,29510,14755,14755,max_depth=6,0.7719057395701728,0.7245055383508676,0.7296239018027629,0.8720205946300705,0.6607092939268245,0.389126229345936
a_scale,13,506008917,random_forest,shuffled_signature,3,39,29510,14755,14755,max_depth=6,0.7713669457481281,0.7230079665305073,0.7289603121687689,0.8723373562400827,0.6604611187236084,0.38882488865473114
a_scale,13,506008917,random_forest,signature,0,39,29510,14755,14755,max_depth=6,0.7753543878960136,0.7314554616521453,0.7365788611304893,0.8770763941292165,0.6433252184126683,0.37937756001060297
a_scale,14,3170054313,logistic,b1,0,14,29510,14755,14755,C=0.01,0.7000760424875997,0.7117137247827467,0.7117964281976262,0.8629027658028242,0.6863451760591746,0.3965455605884534
a_scale,14,3170054313,logistic,b2,0,29,29510,14755,14755,C=0.01,0.651404500747332,0.6877433088542856,0.6878440856783188,0.844417928319149,0.7110001934991217,0.4141919491171621
a_scale,14,3170054313,logistic,b3,0,40,29510,14755,14755,C=1.0,0.6496436214690023,0.6934811511642222,0.6937228527507063,0.8536273580539354,0.7169805431915183,0.40682575373136065
a_scale,14,3170054313,logistic,b3_signature,0,79,29510,14755,14755,C=1.0,0.6598162281222375,0.716645692320821,0.7159916762255576,0.8671164451547843,0.6909476001953918,0.38740413733212975
a_scale,14,3170054313,logistic,block_shuffled_signature,1,39,29510,14755,14755,C=1.0,0.6935436412978812,0.7075999811986785,0.7066401915614849,0.8687439783665573,0.6782370881977308,0.3857016233389914
a_scale,14,3170054313,logistic,block_shuffled_signature,2,39,29510,14755,14755,C=1.0,0.6940856422506466,0.7071885259478502,0.7062545930917574,0.8687303968539829,0.6782786297276086,0.3858578452193189
a_scale,14,3170054313,logistic,block_shuffled_signature,3,39,29510,14755,14755,C=1.0,0.6950791732582106,0.7083968967509677,0.7073763139012108,0.8687340059914903,0.6779714134005078,0.3857186304762051
a_scale,14,3170054313,logistic,shuffled_signature,1,39,29510,14755,14755,C=1.0,0.694209203876765,0.7073173083242743,0.7064744702800213,0.8683479152344237,0.6786013797873992,0.3861840916476835
a_scale,14,3170054313,logistic,shuffled_signature,2,39,29510,14755,14755,C=1.0,0.6936574133816831,0.707604418420695,0.7066757668840099,0.8686480661152037,0.6784294272600312,0.3858172405684703
a_scale,14,3170054313,logistic,shuffled_signature,3,39,29510,14755,14755,C=1.0,0.6946985617793081,0.7076429533015838,0.7067253186877341,0.8684916216904011,0.6786375315527096,0.3859087250100665
a_scale,14,3170054313,logistic,signature,0,39,29510,14755,14755,C=0.01,0.6960785627230547,0.7285377727186658,0.7279942179626042,0.8757778189416617,0.6649342620189399,0.3789494731507835
a_scale,14,3170054313,random_forest,b1,0,14,29510,14755,14755,max_depth=4,0.6884805040870542,0.7093268147353458,0.7083067103574695,0.8705166422281572,0.678124369137778,0.39309757404520607
a_scale,14,3170054313,random_forest,b2,0,29,29510,14755,14755,max_depth=6,0.6902701036775626,0.712278668246348,0.7113021810899544,0.8708208735034578,0.6747981392098207,0.3910891782763602
a_scale,14,3170054313,random_forest,b3,0,40,29510,14755,14755,max_depth=6,0.6852545818491173,0.7134749009148198,0.7123448140336812,0.8688584087505244,0.6812365905306785,0.39328095543330366
a_scale,14,3170054313,random_forest,b3_signature,0,79,29510,14755,14755,max_depth=10,0.6874488195978389,0.7300502873181863,0.7284771217829954,0.8735060985629869,0.6652639129209067,0.38147250662398885
a_scale,14,3170054313,random_forest,block_shuffled_signature,1,39,29510,14755,14755,max_depth=10,0.6933542516352609,0.7106368355706535,0.709693435319358,0.865791556285652,0.6902123657472241,0.3966487444969394
a_scale,14,3170054313,random_forest,block_shuffled_signature,2,39,29510,14755,14755,max_depth=10,0.6938329925294399,0.7105956198258419,0.7096093934343374,0.8665062746961856,0.6887875925000441,0.3966348165489158
a_scale,14,3170054313,random_forest,block_shuffled_signature,3,39,29510,14755,14755,max_depth=10,0.693126041814723,0.7093845587392974,0.708457931346833,0.8653342388328572,0.6902892286282908,0.3974113167413135
a_scale,14,3170054313,random_forest,shuffled_signature,1,39,29510,14755,14755,max_depth=10,0.6930812829508245,0.7103377589498967,0.7092841445535533,0.8650664717594858,0.6911305999883293,0.39769936163788905
a_scale,14,3170054313,random_forest,shuffled_signature,2,39,29510,14755,14755,max_depth=10,0.6937557952285355,0.7116428575322523,0.7105383916352587,0.8649840795407652,0.6932126808899153,0.39798968787492794
a_scale,14,3170054313,random_forest,shuffled_signature,3,39,29510,14755,14755,max_depth=10,0.6932894623487007,0.7100348829093597,0.7090878006711053,0.8651815300834151,0.6917710507151995,0.3976146552646687
a_scale,14,3170054313,random_forest,signature,0,39,29510,14755,14755,max_depth=6,0.6941842250116315,0.7239838263151536,0.7216649531310223,0.8788893402447836,0.6552420748718084,0.3775308927694404
a_scale,15,4130364326,logistic,b1,0,14,29510,14755,14755,C=0.01,0.7329112725076934,0.7458006597014938,0.7437622020112253,0.8884535217219584,0.6393872359250415,0.35980630892290116
a_scale,15,4130364326,logistic,b2,0,29,29510,14755,14755,C=1.0,0.7241058114859591,0.745282365650894,0.7409783344318713,0.8801832179056914,0.6498976699051091,0.3565385536345177
a_scale,15,4130364326,logistic,b3,0,40,29510,14755,14755,C=1.0,0.7172051580371277,0.7397224083547468,0.7354074407494512,0.8788069990068671,0.6534917052214722,0.3602630969226984
a_scale,15,4130364326,logistic,b3_signature,0,79,29510,14755,14755,C=1.0,0.7300257800894073,0.7426176699213626,0.737478531095161,0.8838733143666097,0.6395742030867793,0.3550626063544367
a_scale,15,4130364326,logistic,block_shuffled_signature,1,39,29510,14755,14755,C=1.0,0.737160870327093,0.7418565489448787,0.7337265898820425,0.8963550587509476,0.6053559121422599,0.34446291164429477
a_scale,15,4130364326,logistic,block_shuffled_signature,2,39,29510,14755,14755,C=1.0,0.7364561502175082,0.7413129384167879,0.733237670506234,0.8961239139553925,0.606184452106512,0.3447322415837488
a_scale,15,4130364326,logistic,block_shuffled_signature,3,39,29510,14755,14755,C=1.0,0.737883373821238,0.7410961481607438,0.7329885962530066,0.8960159769137599,0.6056050201204426,0.3445626278309695
a_scale,15,4130364326,logistic,shuffled_signature,1,39,29510,14755,14755,C=1.0,0.7378363360686325,0.7407883552812309,0.7329016069414352,0.8963654631226246,0.6054192732468919,0.3444323852162925
a_scale,15,4130364326,logistic,shuffled_signature,2,39,29510,14755,14755,C=0.1,0.737637743147484,0.7479823981058425,0.7412125665183363,0.8984263336182773,0.6059753896797838,0.34044590616382436
a_scale,15,4130364326,logistic,shuffled_signature,3,39,29510,14755,14755,C=0.1,0.7368324445668666,0.7481795611077451,0.7413796282045743,0.8986341608080505,0.605570061789032,0.34028828760237984
a_scale,15,4130364326,logistic,signature,0,39,29510,14755,14755,C=0.1,0.7455526339929838,0.7581732185490098,0.7518450914364957,0.901541830436328,0.5922464479937032,0.3346183943898082
a_scale,15,4130364326,random_forest,b1,0,14,29510,14755,14755,max_depth=6,0.7318686899297653,0.730920495278025,0.7186664963545288,0.8947184707293939,0.6183335300806082,0.3598338971889998
a_scale,15,4130364326,random_forest,b2,0,29,29510,14755,14755,max_depth=6,0.7314735857364143,0.7268667455640677,0.7144660215339659,0.8931798753193627,0.621970912098755,0.3623910501562144
a_scale,15,4130364326,random_forest,b3,0,40,29510,14755,14755,max_depth=6,0.728998082630239,0.7245692420871581,0.7126006650289947,0.8933179742461669,0.6228376415022148,0.3636767607659108
a_scale,15,4130364326,random_forest,b3_signature,0,79,29510,14755,14755,max_depth=6,0.7267496528025575,0.7280351195239252,0.7157975269439572,0.8983457469018737,0.615542497517825,0.36048589239940465
a_scale,15,4130364326,random_forest,block_shuffled_signature,1,39,29510,14755,14755,max_depth=10,0.7245026148772311,0.7296692612760672,0.7172982622392032,0.8906562710512707,0.6293364340003762,0.3656042884016053
a_scale,15,4130364326,random_forest,block_shuffled_signature,2,39,29510,14755,14755,max_depth=10,0.7225851676481726,0.7251390497477445,0.7133491469615736,0.8908375708100676,0.6294930570577733,0.3656589816506138
a_scale,15,4130364326,random_forest,block_shuffled_signature,3,39,29510,14755,14755,max_depth=10,0.7244646410090697,0.7277797670676028,0.7153335889910135,0.8910018312927209,0.6293889748289087,0.365683507757183
a_scale,15,4130364326,random_forest,shuffled_signature,1,39,29510,14755,14755,max_depth=10,0.7248755169824735,0.7251741758131157,0.7132100869142529,0.8907195611066033,0.63035571382282,0.3659113524775523
a_scale,15,4130364326,random_forest,shuffled_signature,2,39,29510,14755,14755,max_depth=10,0.724465871909323,0.7262011028665132,0.714259474507242,0.8914656106051058,0.6282509236683994,0.36506605242298645
a_scale,15,4130364326,random_forest,shuffled_signature,3,39,29510,14755,14755,max_depth=10,0.7262983147001348,0.7277122353086,0.7154387641904321,0.8910818164441143,0.6289274344750876,0.36486648985283776
a_scale,15,4130364326,random_forest,signature,0,39,29510,14755,14755,max_depth=6,0.7309716050359963,0.7270487147182828,0.7146819125249553,0.8989896962276483,0.6187040618341872,0.36287862798001885
a_scale,16,9342621,logistic,b1,0,14,29510,14755,14755,C=1.0,0.7636785830562903,0.7229373501252415,0.7161525656820302,0.8755078018242272,0.6850910140651676,0.36584272415620617
a_scale,16,9342621,logistic,b2,0,29,29510,14755,14755,C=1.0,0.7458255099007499,0.720890546222685,0.7145813408960667,0.8746417294401132,0.6959506650423155,0.3668379264344241
a_scale,16,9342621,logistic,b3,0,40,29510,14755,14755,C=1.0,0.7373432246461803,0.7115593890958616,0.7047397657698901,0.8710021971156513,0.7096546944785584,0.3711009143015153
a_scale,16,9342621,logistic,b3_signature,0,79,29510,14755,14755,C=1.0,0.7535225104211324,0.7166273930862225,0.7079965713677588,0.8771542244067058,0.7030096998942601,0.36151647953547617
a_scale,16,9342621,logistic,block_shuffled_signature,1,39,29510,14755,14755,C=1.0,0.7689725166225824,0.7119311193245497,0.7042314630969111,0.8651493933270107,0.7245000561838124,0.3781454432312007
a_scale,16,9342621,logistic,block_shuffled_signature,2,39,29510,14755,14755,C=1.0,0.7696975276436376,0.7114996806944854,0.7038937185095087,0.8653197871129774,0.7225550126171698,0.3778676738207788
a_scale,16,9342621,logistic,block_shuffled_signature,3,39,29510,14755,14755,C=1.0,0.7688867739921968,0.7132014593301462,0.7058257093599659,0.8653633223529908,0.7217464795285203,0.37772935623074766
a_scale,16,9342621,logistic,shuffled_signature,1,39,29510,14755,14755,C=1.0,0.7683907439313419,0.7125261147911246,0.705304969712821,0.8654932163654226,0.7207735219386531,0.3775775254590752
a_scale,16,9342621,logistic,shuffled_signature,2,39,29510,14755,14755,C=1.0,0.7687573338887675,0.7120362070930302,0.7046297288117028,0.8652886515999176,0.7209988626613931,0.37778580376548937
a_scale,16,9342621,logistic,shuffled_signature,3,39,29510,14755,14755,C=1.0,0.769661199448071,0.711884389958649,0.7046378334227196,0.865208248160641,0.7219971842416996,0.3778029853366936
a_scale,16,9342621,logistic,signature,0,39,29510,14755,14755,C=1.0,0.773902559041849,0.7231675910286789,0.7164948393631905,0.875864635935819,0.699783169198118,0.36245249887717135
a_scale,16,9342621,random_forest,b1,0,14,29510,14755,14755,max_depth=4,0.7739449285956951,0.7161105861561236,0.7092367274784489,0.8704154940069047,0.6552851780680431,0.36980543643518504
a_scale,16,9342621,random_forest,b2,0,29,29510,14755,14755,max_depth=6,0.773124966296467,0.7172177382100426,0.7090821983288191,0.8724347800865838,0.6515610554949623,0.3662735672580554
a_scale,16,9342621,random_forest,b3,0,40,29510,14755,14755,max_depth=4,0.7728650446504405,0.7189615938499334,0.7122688397592868,0.8714199105060579,0.6558205601871242,0.3685819757893191
a_scale,16,9342621,random_forest,b3_signature,0,79,29510,14755,14755,max_depth=4,0.779315116405262,0.7217691356333176,0.7146671476048551,0.8724751350876786,0.6488481637525791,0.3647844001213297
a_scale,16,9342621,random_forest,block_shuffled_signature,1,39,29510,14755,14755,max_depth=4,0.7719820634853228,0.7075579309500694,0.6995716359701022,0.8616516279733695,0.6723645451354473,0.37774968508376155
a_scale,16,9342621,random_forest,block_shuffled_signature,2,39,29510,14755,14755,max_depth=4,0.7724398762675899,0.7064662057665836,0.6988944840942083,0.861783469086698,0.67195803992791,0.3775384303921797
a_scale,16,9342621,random_forest,block_shuffled_signature,3,39,29510,14755,14755,max_depth=6,0.7712717531027472,0.710420763969687,0.7002672843674899,0.8629168593555742,0.6806334341422584,0.378313433566723
a_scale,16,9342621,random_forest,shuffled_signature,1,39,29510,14755,14755,max_depth=4,0.7712598389038533,0.7080975553106433,0.7006685507928255,0.8614593619416496,0.6728393261238053,0.3780199429356163
a_scale,16,9342621,random_forest,shuffled_signature,2,39,29510,14755,14755,max_depth=4,0.7727993320296807,0.7067717335335962,0.699581412299411,0.8619927479888906,0.6719971018195723,0.3776978056081281
a_scale,16,9342621,random_forest,shuffled_signature,3,39,29510,14755,14755,max_depth=4,0.7715836784575106,0.7062776340751435,0.6985430857046184,0.8614124545918592,0.6725598565500694,0.37791380162700033
a_scale,16,9342621,random_forest,signature,0,39,29510,14755,14755,max_depth=6,0.7835998954179373,0.7201452710913158,0.7098611253953777,0.8729587784976122,0.6488891434968277,0.3636794281638996
a_scale,17,2461129504,logistic,b1,0,14,29510,14755,14755,C=1.0,0.7746262486968378,0.7114507501381233,0.7087982741549942,0.8789742764690721,0.6313216626528647,0.3463350545357211
a_scale,17,2461129504,logistic,b2,0,29,29510,14755,14755,C=1.0,0.7690689614278207,0.7093225820040634,0.7043143074476234,0.8737927098413879,0.6502472513695445,0.35421370061684043
a_scale,17,2461129504,logistic,b3,0,40,29510,14755,14755,C=1.0,0.763686497023914,0.7216351403536564,0.7154310290741419,0.8773564960282444,0.6461299471106356,0.3512010170836032
a_scale,17,2461129504,logistic,b3_signature,0,79,29510,14755,14755,C=1.0,0.779189024900708,0.7361918877591864,0.7295690804422263,0.8871087107521056,0.6372330843224877,0.33560907144042024
a_scale,17,2461129504,logistic,block_shuffled_signature,1,39,29510,14755,14755,C=1.0,0.7874509906126536,0.7185470495916667,0.712989582544331,0.8754233001473556,0.6426345358017921,0.34891300026492017
a_scale,17,2461129504,logistic,block_shuffled_signature,2,39,29510,14755,14755,C=1.0,0.7879690810488108,0.7176126853045025,0.7121478500598087,0.8755876498582662,0.6423652145594709,0.34875393191283416
a_scale,17,2461129504,logistic,block_shuffled_signature,3,39,29510,14755,14755,C=1.0,0.7868272657137787,0.7167377234205432,0.7112966162751692,0.8752407472127266,0.6423469476629209,0.34925529292768603
a_scale,17,2461129504,logistic,shuffled_signature,1,39,29510,14755,14755,C=1.0,0.7867401740950045,0.7185088150170259,0.7127822696426042,0.8757241524901719,0.6418726807777085,0.3485889809925336
a_scale,17,2461129504,logistic,shuffled_signature,2,39,29510,14755,14755,C=1.0,0.7882061442194698,0.717650397277552,0.7122172070347336,0.8756452767372885,0.6418988143861257,0.3487802601155728
a_scale,17,2461129504,logistic,shuffled_signature,3,39,29510,14755,14755,C=1.0,0.7884417491620105,0.7177212275817194,0.7122975427848228,0.8758011489677716,0.6413805644877122,0.3485993063184786
a_scale,17,2461129504,logistic,signature,0,39,29510,14755,14755,C=1.0,0.7966492695362363,0.7343507704267637,0.7291656026132883,0.8884579739993733,0.6240866588787152,0.3317836227684803
a_scale,17,2461129504,random_forest,b1,0,14,29510,14755,14755,max_depth=6,0.7965895802167671,0.7276144871745261,0.721117045652564,0.8857618285183263,0.6038221524679693,0.3393937860377906
a_scale,17,2461129504,random_forest,b2,0,29,29510,14755,14755,max_depth=6,0.7959372888175295,0.727100230719249,0.7202115971146109,0.8809231701227181,0.6100678205780969,0.3433060629454417
a_scale,17,2461129504,random_forest,b3,0,40,29510,14755,14755,max_depth=6,0.7952428770374825,0.7248502225653158,0.7178654773953291,0.881589494784353,0.6095475165928302,0.34344096088130005
a_scale,17,2461129504,random_forest,b3_signature,0,79,29510,14755,14755,max_depth=6,0.798941779531317,0.7295859783465287,0.7228173952894302,0.8820778043045946,0.6079996296974456,0.3412774551027705
a_scale,17,2461129504,random_forest,block_shuffled_signature,1,39,29510,14755,14755,max_depth=6,0.7937709644252432,0.7151538454690974,0.7079770672905038,0.8761389199050105,0.6315329328399829,0.3529138144241363
a_scale,17,2461129504,random_forest,block_shuffled_signature,2,39,29510,14755,14755,max_depth=6,0.7923108397048347,0.7150648828476086,0.7078337884580033,0.875666223308489,0.6329607424963614,0.35343948920907975
a_scale,17,2461129504,random_forest,block_shuffled_signature,3,39,29510,14755,14755,max_depth=6,0.7954255544793858,0.7165335154231497,0.7095083762332764,0.8759348587059953,0.6318722594737282,0.3529034870970053
a_scale,17,2461129504,random_forest,shuffled_signature,1,39,29510,14755,14755,max_depth=6,0.7946197349331136,0.7156625438293956,0.7080457937482943,0.8763218502627973,0.6307802689898739,0.3524195477476564
a_scale,17,2461129504,random_forest,shuffled_signature,2,39,29510,14755,14755,max_depth=6,0.7939235316699303,0.7164780432258563,0.7092687716412754,0.8765115672148575,0.6304524029334473,0.3522534039064995
a_scale,17,2461129504,random_forest,shuffled_signature,3,39,29510,14755,14755,max_depth=6,0.7939784280926432,0.7150311311226175,0.7078705458500688,0.8765522349216733,0.6302122711426694,0.3520788639718284
a_scale,17,2461129504,random_forest,signature,0,39,29510,14755,14755,max_depth=6,0.7960520973628253,0.7246238098925901,0.7179604978774655,0.8867572616722654,0.6052685505361952,0.3392648310787013
a_scale,18,2391405650,logistic,b1,0,14,29510,14755,14755,C=0.01,0.6750461061693898,0.7308040241581528,0.730838770000496,0.8767178559991576,0.6601733342172214,0.36913594829625895
a_scale,18,2391405650,logistic,b2,0,29,29510,14755,14755,C=0.01,0.6584288865966538,0.7280276492618762,0.727913812097197,0.87786749913847,0.6648666806960116,0.3680660732869897
a_scale,18,2391405650,logistic,b3,0,40,29510,14755,14755,C=0.01,0.6590718096214573,0.7227896082315614,0.7230140080799242,0.8765423143854859,0.6631036911649245,0.3671586718305374
a_scale,18,2391405650,logistic,b3_signature,0,79,29510,14755,14755,C=0.01,0.6593705108962438,0.7389799707941044,0.7394228223194926,0.8874275953304025,0.6408212251505524,0.3486816027706751
a_scale,18,2391405650,logistic,block_shuffled_signature,1,39,29510,14755,14755,C=0.01,0.6664261391401208,0.7328716305296753,0.7332461411527739,0.8816843693858276,0.653998542983856,0.35882780530701636
a_scale,18,2391405650,logistic,block_shuffled_signature,2,39,29510,14755,14755,C=0.01,0.6650680949518682,0.7323221920989367,0.7327135102165238,0.8816396040027182,0.6545687899475788,0.35885787448818723
a_scale,18,2391405650,logistic,block_shuffled_signature,3,39,29510,14755,14755,C=0.01,0.66700287784953,0.7319106354593932,0.7322925545966475,0.8816807000566819,0.6548850155565857,0.35886150359036934
a_scale,18,2391405650,logistic,shuffled_signature,1,39,29510,14755,14755,C=0.01,0.6670609456480276,0.7327163989069158,0.7330924566690635,0.8816692235924061,0.6553427786912643,0.35867078112292866
a_scale,18,2391405650,logistic,shuffled_signature,2,39,29510,14755,14755,C=0.01,0.6647777133372332,0.7326251006921494,0.732995024646323,0.8815927358803162,0.65531505013268,0.3589240525234678
a_scale,18,2391405650,logistic,shuffled_signature,3,39,29510,14755,14755,C=0.01,0.6658405807904186,0.7319120720720823,0.7322986429716365,0.8811833024782812,0.65594132604393,0.35932711229437836
a_scale,18,2391405650,logistic,signature,0,39,29510,14755,14755,C=0.01,0.6718485411935422,0.7477883585708133,0.7480930001018581,0.889774070388123,0.6306834774942345,0.346599368506326
a_scale,18,2391405650,random_forest,b1,0,14,29510,14755,14755,max_depth=10,0.638886200286559,0.7249266188192678,0.7261073936692931,0.8784272514559591,0.6548304498472186,0.3763556143337783
a_scale,18,2391405650,random_forest,b2,0,29,29510,14755,14755,max_depth=10,0.6369107477089718,0.7284143707713046,0.7296025188426833,0.8803186025537113,0.6395750208426025,0.36885660557256145
a_scale,18,2391405650,random_forest,b3,0,40,29510,14755,14755,max_depth=6,0.6428396587841806,0.7310790507578688,0.732440179425455,0.880195798677906,0.6337561384466901,0.36684272811960067
a_scale,18,2391405650,random_forest,b3_signature,0,79,29510,14755,14755,max_depth=10,0.6481195775584688,0.7316519303247682,0.7330627971664195,0.8844272232904626,0.6261724995533019,0.3635679875001237
a_scale,18,2391405650,random_forest,block_shuffled_signature,1,39,29510,14755,14755,max_depth=10,0.6349344570536378,0.7219116233258721,0.7231526577816366,0.878640847641516,0.6534428950483789,0.37207884820410436
a_scale,18,2391405650,random_forest,block_shuffled_signature,2,39,29510,14755,14755,max_depth=10,0.63596491226296,0.72243697334343,0.7237811889501972,0.8786988057721487,0.653220397229724,0.37207371248443427
a_scale,18,2391405650,random_forest,block_shuffled_signature,3,39,29510,14755,14755,max_depth=10,0.6346883778121398,0.7255715705647781,0.7267545429188266,0.879457052306324,0.6517532852315951,0.3707321807173974
a_scale,18,2391405650,random_forest,shuffled_signature,1,39,29510,14755,14755,max_depth=10,0.6350745661959625,0.7230613158645435,0.724233123155876,0.8792255634272849,0.6506294424864472,0.3708696727630798
a_scale,18,2391405650,random_forest,shuffled_signature,2,39,29510,14755,14755,max_depth=10,0.6364713480647645,0.7216507856758302,0.7228394809430237,0.8788619913126562,0.6507836401194144,0.3714111525881025
a_scale,18,2391405650,random_forest,shuffled_signature,3,39,29510,14755,14755,max_depth=10,0.6351964072937074,0.7232370024966235,0.7244459632714962,0.8793174559358037,0.6508538394258044,0.3710434274273515
a_scale,18,2391405650,random_forest,signature,0,39,29510,14755,14755,max_depth=10,0.6476852021723978,0.7335085188652961,0.7349335322817175,0.8877173267476781,0.6251629829405223,0.35810626698554693
a_scale,19,3389551597,logistic,b1,0,14,29510,14755,14755,C=1.0,0.7391057924333665,0.703156943148867,0.7016299990070682,0.8490038115971629,0.7275278879961313,0.41003093220929127
a_scale,19,3389551597,logistic,b2,0,29,29510,14755,14755,C=1.0,0.739896759669643,0.7069068869517787,0.7006510318922615,0.8432424240351793,0.7494691142362536,0.4194902279983702
a_scale,19,3389551597,logistic,b3,0,40,29510,14755,14755,C=0.01,0.7227585721103357,0.6950734364498338,0.6834999263707577,0.8414594192020018,0.7539234983847917,0.4305655236272234
a_scale,19,3389551597,logistic,b3_signature,0,79,29510,14755,14755,C=1.0,0.7471347675149512,0.7150578984577657,0.7094633924663306,0.8516887341140641,0.7343799528181884,0.39998243107615333
a_scale,19,3389551597,logistic,block_shuffled_signature,1,39,29510,14755,14755,C=1.0,0.7408926670351291,0.7156338257817478,0.7160704098988205,0.8511450826293531,0.7213144346677406,0.39887448723418517
a_scale,19,3389551597,logistic,block_shuffled_signature,2,39,29510,14755,14755,C=1.0,0.7398006075708556,0.7151492300359051,0.7156658145287057,0.8513057711884234,0.719954613021092,0.3986018026634076
a_scale,19,3389551597,logistic,block_shuffled_signature,3,39,29510,14755,14755,C=1.0,0.7394667656500552,0.7155858453583465,0.715994957867801,0.8515323045598886,0.7207265477047691,0.39867027182267295
a_scale,19,3389551597,logistic,shuffled_signature,1,39,29510,14755,14755,C=1.0,0.7403218781764908,0.7158876599386197,0.7162559686907536,0.8507270746720824,0.719918092336734,0.39868951040594885
a_scale,19,3389551597,logistic,shuffled_signature,2,39,29510,14755,14755,C=1.0,0.740147535654961,0.7161190490002957,0.716939582540607,0.8510290774667532,0.7191977175999057,0.3982761840117826
a_scale,19,3389551597,logistic,shuffled_signature,3,39,29510,14755,14755,C=1.0,0.7395718473960885,0.7166392528705465,0.7172340780679626,0.8506376996313033,0.7213204405436479,0.3988272588718225
a_scale,19,3389551597,logistic,signature,0,39,29510,14755,14755,C=1.0,0.7497937126913556,0.7247244949492689,0.7245970503052525,0.8593642145165875,0.7013993613727106,0.3875365150775388
a_scale,19,3389551597,random_forest,b1,0,14,29510,14755,14755,max_depth=10,0.7409338274285832,0.7053031913358979,0.6979893442260886,0.8492874769327523,0.7283403393982472,0.4139183355821104
a_scale,19,3389551597,random_forest,b2,0,29,29510,14755,14755,max_depth=10,0.7424710059562584,0.704199980891373,0.6958196389645998,0.8467406338001989,0.7282725479629056,0.4154149547289822
a_scale,19,3389551597,random_forest,b3,0,40,29510,14755,14755,max_depth=4,0.7424981792241317,0.704063232572393,0.6944627874610682,0.8515331120129775,0.7207350298876222,0.4171136689371037
a_scale,19,3389551597,random_forest,b3_signature,0,79,29510,14755,14755,max_depth=10,0.7452406883426766,0.7061009421823022,0.6973436161760219,0.8489508242495964,0.7266129728622688,0.4136079633368275
a_scale,19,3389551597,random_forest,block_shuffled_signature,1,39,29510,14755,14755,max_depth=6,0.7365391880723152,0.7084221725377384,0.7021411668306872,0.8462316661391096,0.7290767956974654,0.4164457723310844
a_scale,19,3389551597,random_forest,block_shuffled_signature,2,39,29510,14755,14755,max_depth=6,0.735906558690564,0.7096233716229148,0.7030021586946645,0.8460024785977791,0.7290988618299304,0.41586284290089365
a_scale,19,3389551597,random_forest,block_shuffled_signature,3,39,29510,14755,14755,max_depth=6,0.7352766871860025,0.7092361549267986,0.7028319250318389,0.8475006871243638,0.7273756533616312,0.41522657190171514
a_scale,19,3389551597,random_forest,shuffled_signature,1,39,29510,14755,14755,max_depth=6,0.7351768867868008,0.7091126220170517,0.7027769535626,0.8460150871153654,0.7287255211897993,0.4164141202697755
a_scale,19,3389551597,random_forest,shuffled_signature,2,39,29510,14755,14755,max_depth=6,0.7346538566047193,0.7094864525172503,0.70349897882635,0.8466204215597283,0.7271418619689076,0.41506977153477104
a_scale,19,3389551597,random_forest,shuffled_signature,3,39,29510,14755,14755,max_depth=6,0.735738490581625,0.7090715731885426,0.7023336838495305,0.8463054952332273,0.7279288047493284,0.41546363695747696
a_scale,19,3389551597,random_forest,signature,0,39,29510,14755,14755,max_depth=6,0.7391505985327704,0.7107767228817484,0.7022504099589435,0.8524910569037406,0.7150412866830288,0.4094750060974459
a_scale,20,4178412467,logistic,b1,0,14,29510,14755,14755,C=0.1,0.7555637095902222,0.7119329981968919,0.7178287606215937,0.8492467702044232,0.7601590308804648,0.4162104987265111
a_scale,20,4178412467,logistic,b2,0,29,29510,14755,14755,C=0.01,0.7550634008989183,0.700584342045901,0.7038778813611364,0.8412634945149926,0.785853509639864,0.4361039170055272
a_scale,20,4178412467,logistic,b3,0,40,29510,14755,14755,C=0.01,0.7452358839161732,0.6976752792888581,0.7019742593431978,0.8414544052455185,0.7733100916426121,0.43240199832471915
a_scale,20,4178412467,logistic,b3_signature,0,79,29510,14755,14755,C=0.01,0.7589664370271918,0.6978392846187234,0.7036928576457716,0.8463478260254655,0.7587837476879773,0.42337215879155843
a_scale,20,4178412467,logistic,block_shuffled_signature,1,39,29510,14755,14755,C=1.0,0.7573680965686238,0.6921381553685914,0.6985984223754139,0.843148925434467,0.7668193290548508,0.42536377576846374
a_scale,20,4178412467,logistic,block_shuffled_signature,2,39,29510,14755,14755,C=1.0,0.7574624972791056,0.6920775373169726,0.6985207291891697,0.8432618780878474,0.7671032875142365,0.4253236110301929
a_scale,20,4178412467,logistic,block_shuffled_signature,3,39,29510,14755,14755,C=1.0,0.7567825841037564,0.6922463240727009,0.6986793875772078,0.8425001169633898,0.7682377267047951,0.4258241074249625
a_scale,20,4178412467,logistic,shuffled_signature,1,39,29510,14755,14755,C=1.0,0.758487999450618,0.691260119023729,0.6977254586026009,0.84346570908959,0.7661873496806132,0.4249129196797178
a_scale,20,4178412467,logistic,shuffled_signature,2,39,29510,14755,14755,C=1.0,0.7569547502989176,0.6931364925597304,0.6996243135179067,0.8433191101400039,0.7667420141639033,0.4249405075828224
a_scale,20,4178412467,logistic,shuffled_signature,3,39,29510,14755,14755,C=1.0,0.7568313343772193,0.6940626636869579,0.7004891477546176,0.8433593243713816,0.7663898428825394,0.42483342819752506
a_scale,20,4178412467,logistic,signature,0,39,29510,14755,14755,C=1.0,0.7620798968118493,0.6969224922594274,0.7036863275639497,0.8495716685785671,0.754933837446909,0.41983576977725084
a_scale,20,4178412467,random_forest,b1,0,14,29510,14755,14755,max_depth=6,0.7609725309260797,0.7020174608159975,0.7049507657298898,0.846509570143399,0.7548422220849355,0.42760239692566654
a_scale,20,4178412467,random_forest,b2,0,29,29510,14755,14755,max_depth=6,0.7614263984927626,0.6999881605951165,0.7028328435994101,0.847376920194027,0.7487725510401002,0.42581544869035637
a_scale,20,4178412467,random_forest,b3,0,40,29510,14755,14755,max_depth=6,0.7659047980504892,0.6996848767476419,0.7020656203063099,0.847609082322239,0.7503034998283303,0.42600245046515073
a_scale,20,4178412467,random_forest,b3_signature,0,79,29510,14755,14755,max_depth=10,0.7666342483999475,0.690011542286916,0.6928168685496464,0.8426933697412005,0.7785388775969855,0.43909393676503716
a_scale,20,4178412467,random_forest,block_shuffled_signature,1,39,29510,14755,14755,max_depth=6,0.7583488155305145,0.686623553660075,0.6893330880772267,0.8427061254455878,0.7723537301981398,0.43629328058940803
a_scale,20,4178412467,random_forest,block_shuffled_signature,2,39,29510,14755,14755,max_depth=6,0.7586927228512327,0.6854384858323531,0.6880673082380563,0.8426165995749111,0.7717825929028717,0.4361549197581738
a_scale,20,4178412467,random_forest,block_shuffled_signature,3,39,29510,14755,14755,max_depth=6,0.7589088183298509,0.6864481052271323,0.6891305449918351,0.842735310981222,0.771614661256986,0.4356963214533708
a_scale,20,4178412467,random_forest,shuffled_signature,1,39,29510,14755,14755,max_depth=6,0.7595002669531606,0.6874896810122063,0.6901965001270093,0.8428761271410125,0.7712179575515284,0.43532306114927377
a_scale,20,4178412467,random_forest,shuffled_signature,2,39,29510,14755,14755,max_depth=6,0.7595643757288314,0.686308639727684,0.688986502015573,0.8430430799966233,0.770912175004031,0.43559982053749263
a_scale,20,4178412467,random_forest,shuffled_signature,3,39,29510,14755,14755,max_depth=6,0.7582441415796679,0.6871005828176281,0.6897983995836134,0.8428677970587763,0.7728901201477033,0.4361247820167844
a_scale,20,4178412467,random_forest,signature,0,39,29510,14755,14755,max_depth=6,0.7624668340968785,0.688494860370779,0.6915255634898286,0.8474725231470376,0.7552414905822722,0.42942526113638924
b_dynamics,1,1345868378,logistic,b1,0,14,29510,14755,14755,C=0.1,0.43184678191547005,0.37738304153040053,0.3286329527150327,0.5563885871147779,1.0927523346417531,0.6628543956267243
b_dynamics,1,1345868378,logistic,b2,0,29,29510,14755,14755,C=0.01,0.4069947951249009,0.39833431354013354,0.3824486168674088,0.5699964691361185,1.0952521458761284,0.663297624346307
b_dynamics,1,1345868378,logistic,b3,0,40,29510,14755,14755,C=0.01,0.399874387308169,0.39501910067044355,0.384790891518011,0.5703341387345041,1.0982583362562972,0.6648837196739816
b_dynamics,1,1345868378,logistic,b3_signature,0,79,29510,14755,14755,C=0.01,0.41281846641920605,0.40878570775132966,0.3972773656303739,0.5897924567790293,1.089057441558678,0.6565142045615302
b_dynamics,1,1345868378,logistic,block_shuffled_signature,1,39,29510,14755,14755,C=1.0,0.4154374189951516,0.3953047647434076,0.35169736188535244,0.5699558445089817,1.0970450660756146,0.6595941594460485
b_dynamics,1,1345868378,logistic,block_shuffled_signature,2,39,29510,14755,14755,C=1.0,0.4141885167202691,0.39711658081457485,0.3563319843279666,0.5706902286618133,1.095399298758579,0.6591439277450893
b_dynamics,1,1345868378,logistic,block_shuffled_signature,3,39,29510,14755,14755,C=1.0,0.41501214604523223,0.39688329984544063,0.3612068421487904,0.569841851830544,1.0947922969612995,0.6595076950994829
b_dynamics,1,1345868378,logistic,shuffled_signature,1,39,29510,14755,14755,C=1.0,0.4202112378249425,0.3958020905842385,0.3474635095582193,0.5622605987238439,1.0985368593180196,0.6611667024275039
b_dynamics,1,1345868378,logistic,shuffled_signature,2,39,29510,14755,14755,C=1.0,0.42147898009497586,0.3957757503729245,0.3502132357632349,0.5604579590149666,1.0988424974359174,0.6611284403158616
b_dynamics,1,1345868378,logistic,shuffled_signature,3,39,29510,14755,14755,C=1.0,0.41800124096478736,0.39461619674915066,0.3464760354535769,0.5630680250663413,1.0980320367907546,0.6606287755287151
b_dynamics,1,1345868378,logistic,signature,0,39,29510,14755,14755,C=1.0,0.4348575023145041,0.43309349932040314,0.39628977331450815,0.6076325898505724,1.080634698582694,0.6474052728011744
b_dynamics,1,1345868378,random_forest,b1,0,14,29510,14755,14755,max_depth=4,0.39844183751141365,0.39085168103962453,0.3472572338156703,0.5695020322880325,1.0800751016403742,0.654982914447853
b_dynamics,1,1345868378,random_forest,b2,0,29,29510,14755,14755,max_depth=4,0.41219145568765175,0.3962277789215099,0.38496914427719947,0.5804032257455959,1.0783329277842502,0.654094356793679
b_dynamics,1,1345868378,random_forest,b3,0,40,29510,14755,14755,max_depth=6,0.4082642571654496,0.40609171243442727,0.3971677368723536,0.5862185545997992,1.0737132510184624,0.6511767976306957
b_dynamics,1,1345868378,random_forest,b3_signature,0,79,29510,14755,14755,max_depth=4,0.4199990053201869,0.4024450664422443,0.3847274965162079,0.5894730428255469,1.0751625488630188,0.6515537156797478
b_dynamics,1,1345868378,random_forest,block_shuffled_signature,1,39,29510,14755,14755,max_depth=10,0.39922093146530707,0.40194744414191824,0.3896443098980326,0.5625010738646666,1.1173401069246331,0.6608453409990412
b_dynamics,1,1345868378,random_forest,block_shuffled_signature,2,39,29510,14755,14755,max_depth=10,0.39853257316751195,0.39838228154574357,0.38497291738968187,0.5613873191442292,1.1145334487298153,0.6612381295999039
b_dynamics,1,1345868378,random_forest,block_shuffled_signature,3,39,29510,14755,14755,max_depth=10,0.3995950899552488,0.3966169305594418,0.38626346010655926,0.5612386893805165,1.12195305273486,0.6622343647468145
b_dynamics,1,1345868378,random_forest,shuffled_signature,1,39,29510,14755,14755,max_depth=10,0.39402749139588306,0.39589925196137177,0.3839880203496562,0.5585265213547255,1.1478852897738876,0.6633707169404405
b_dynamics,1,1345868378,random_forest,shuffled_signature,2,39,29510,14755,14755,max_depth=4,0.39526995003445875,0.3909671343972569,0.3219217756277068,0.5499214743630093,1.090971472716103,0.6592102094016467
b_dynamics,1,1345868378,random_forest,shuffled_signature,3,39,29510,14755,14755,max_depth=10,0.3998483653843305,0.39920651885729014,0.3858987203834527,0.5605536113460926,1.131694901485453,0.6623830666896325
b_dynamics,1,1345868378,random_forest,signature,0,39,29510,14755,14755,max_depth=10,0.4105643139619016,0.3887286117149003,0.37953209576072844,0.568496806565611,1.16036372101421,0.6610860525696414
b_dynamics,2,1169791464,logistic,b1,0,14,29510,14755,14755,C=1.0,0.4059634021076041,0.386909018837475,0.35442776500078504,0.5633596251969859,1.0958043219961175,0.665421535808603
b_dynamics,2,1169791464,logistic,b2,0,29,29510,14755,14755,C=1.0,0.4141043290595337,0.4009065066135126,0.3712054380473507,0.5699862493473705,1.1036765474919674,0.6675925146904116
b_dynamics,2,1169791464,logistic,b3,0,40,29510,14755,14755,C=0.1,0.40951400290490997,0.3972851422154688,0.3765297460820902,0.5717437633440773,1.1043616457420997,0.6671141056607361
b_dynamics,2,1169791464,logistic,b3_signature,0,79,29510,14755,14755,C=1.0,0.451534460455151,0.4657853494729863,0.44281730600286257,0.6414426016521894,1.04909659621358,0.6313409954589168
b_dynamics,2,1169791464,logistic,block_shuffled_signature,1,39,29510,14755,14755,C=1.0,0.38987304260159866,0.41245838272306384,0.35674806665124253,0.5851198419037846,1.0763678841606144,0.6534921406446965
b_dynamics,2,1169791464,logistic,block_shuffled_signature,2,39,29510,14755,14755,C=1.0,0.38871609527377426,0.4184029222948051,0.3612843914490498,0.5864967387573947,1.0749851139885718,0.6524527211456365
b_dynamics,2,1169791464,logistic,block_shuffled_signature,3,39,29510,14755,14755,C=1.0,0.39346059355608465,0.41688283948752075,0.36120138710493915,0.5872856196021211,1.0750769851688804,0.6525683824396832
b_dynamics,2,1169791464,logistic,shuffled_signature,1,39,29510,14755,14755,C=1.0,0.38561162636525576,0.4099407659301237,0.3441131420697676,0.5713430073309476,1.0819488980533827,0.6571712729042996
b_dynamics,2,1169791464,logistic,shuffled_signature,2,39,29510,14755,14755,C=1.0,0.3830572725445452,0.4079550954677975,0.34294433101798405,0.5720141168109644,1.0813796930883963,0.6568193390930258
b_dynamics,2,1169791464,logistic,shuffled_signature,3,39,29510,14755,14755,C=1.0,0.3824845735129805,0.4047816056749767,0.3432121336408962,0.568577980878847,1.0834896165038541,0.6581870669141258
b_dynamics,2,1169791464,logistic,signature,0,39,29510,14755,14755,C=1.0,0.4412722336180279,0.4574396641485749,0.4083208654285065,0.6475302539796549,1.023337214730171,0.623146578644489
b_dynamics,2,1169791464,random_forest,b1,0,14,29510,14755,14755,max_depth=10,0.390674381691551,0.3868604848401316,0.36956309165764284,0.5687510206447688,1.1099454042708237,0.6696144102093761
b_dynamics,2,1169791464,random_forest,b2,0,29,29510,14755,14755,max_depth=10,0.39522495176160305,0.3913718397967814,0.3651400361956905,0.5620840303198743,1.1042909433720174,0.668901093596418
b_dynamics,2,1169791464,random_forest,b3,0,40,29510,14755,14755,max_depth=10,0.39589048822504963,0.4049006113302722,0.36952295129135987,0.5623558555757331,1.1072306600706843,0.6706777099901157
b_dynamics,2,1169791464,random_forest,b3_signature,0,79,29510,14755,14755,max_depth=10,0.3956659930873448,0.40607883083914026,0.3718812358327472,0.5697106343794203,1.0959460949626596,0.6635264329660734
b_dynamics,2,1169791464,random_forest,block_shuffled_signature,1,39,29510,14755,14755,max_depth=6,0.3670655279834784,0.39034027392151627,0.34394389231741584,0.5604625414739625,1.0937855874532518,0.6612582856619584
b_dynamics,2,1169791464,random_forest,block_shuffled_signature,2,39,29510,14755,14755,max_depth=10,0.372274415856249,0.3958431902636865,0.3611471060005238,0.5635893440515284,1.1084617833316737,0.6652951271380356
b_dynamics,2,1169791464,random_forest,block_shuffled_signature,3,39,29510,14755,14755,max_depth=10,0.3665554705100222,0.4018434692213099,0.366797133870611,0.5654939094566154,1.1077951267552002,0.6648613690334082
b_dynamics,2,1169791464,random_forest,shuffled_signature,1,39,29510,14755,14755,max_depth=6,0.3681037668365335,0.39040316435927597,0.34468514663564753,0.5621008877603358,1.0928235036122536,0.6604191184128346
b_dynamics,2,1169791464,random_forest,shuffled_signature,2,39,29510,14755,14755,max_depth=6,0.36879592226594643,0.3931098944172196,0.3498442266656045,0.5622094664521899,1.0930937591545782,0.6603420217587921
b_dynamics,2,1169791464,random_forest,shuffled_signature,3,39,29510,14755,14755,max_depth=10,0.37152497137804313,0.39723896473375375,0.35970246551889007,0.5611205377412835,1.1112280177365825,0.6666423423093553
b_dynamics,2,1169791464,random_forest,signature,0,39,29510,14755,14755,max_depth=6,0.3679667249685821,0.3970036376764042,0.35505252514894137,0.5722959659906436,1.0831596160479606,0.6551889518657281
b_dynamics,3,2333265170,logistic,b1,0,14,29510,14755,14755,C=0.01,0.38572159491483454,0.38626195128876234,0.3652658607784409,0.575733057650322,1.0804970894358208,0.6571444840439656
b_dynamics,3,2333265170,logistic,b2,0,29,29510,14755,14755,C=0.1,0.4161783879258614,0.4069696762059114,0.389641690971624,0.5869025224678942,1.0910858955577094,0.6614615533918294
b_dynamics,3,2333265170,logistic,b3,0,40,29510,14755,14755,C=0.1,0.40989210060813974,0.40115230410799546,0.3855766564504591,0.5711394192555304,1.1129190222943404,0.6719941804878349
b_dynamics,3,2333265170,logistic,b3_signature,0,79,29510,14755,14755,C=1.0,0.41984038577158156,0.4209794974179079,0.40092545126701884,0.6005242625564392,1.106724975300977,0.6695216783510612
b_dynamics,3,2333265170,logistic,block_shuffled_signature,1,39,29510,14755,14755,C=1.0,0.34866681597074756,0.3970999178605564,0.35578613521498254,0.5765511150637191,1.0741424953051266,0.6520816738801073
b_dynamics,3,2333265170,logistic,block_shuffled_signature,2,39,29510,14755,14755,C=1.0,0.34516600084062904,0.3956270363554138,0.35398943397780647,0.5733086164259934,1.0763888494296352,0.6535603510170048
b_dynamics,3,2333265170,logistic,block_shuffled_signature,3,39,29510,14755,14755,C=1.0,0.34806703818437423,0.4009569908234843,0.35892038661106124,0.5743557138875511,1.075451998830729,0.6529467060238681
b_dynamics,3,2333265170,logistic,shuffled_signature,1,39,29510,14755,14755,C=0.1,0.3382421093016468,0.38035037512201125,0.3410592004458704,0.5504372185368905,1.0829844425882642,0.6577754731675239
b_dynamics,3,2333265170,logistic,shuffled_signature,2,39,29510,14755,14755,C=1.0,0.3412800585355095,0.38565175384594125,0.34143282565927,0.5560882875591012,1.0805539878405128,0.6562346420608509
b_dynamics,3,2333265170,logistic,shuffled_signature,3,39,29510,14755,14755,C=1.0,0.34011338100918526,0.3846436379800411,0.3410647970796871,0.5542774376134095,1.0810989390622927,0.6566190395455944
b_dynamics,3,2333265170,logistic,signature,0,39,29510,14755,14755,C=1.0,0.3850498258591179,0.42448818074937084,0.389447176783178,0.6238604617795928,1.0542634765882275,0.6404709652105773
b_dynamics,3,2333265170,random_forest,b1,0,14,29510,14755,14755,max_depth=6,0.37646559970914334,0.39895150302642657,0.3548577895575927,0.5684303160277716,1.0933319159803911,0.6666091467441345
b_dynamics,3,2333265170,random_forest,b2,0,29,29510,14755,14755,max_depth=10,0.3887352239338207,0.4178213422316583,0.39747065052271296,0.5951970215756681,1.0785227626016909,0.6545879070229388
b_dynamics,3,2333265170,random_forest,b3,0,40,29510,14755,14755,max_depth=10,0.39528539457491085,0.4264085129375476,0.4031112176420811,0.5984102591444674,1.0745581752767484,0.6521638857742654
b_dynamics,3,2333265170,random_forest,b3_signature,0,79,29510,14755,14755,max_depth=10,0.3903618610440321,0.42390678714849955,0.39667663034408585,0.601204001818414,1.0737401904268333,0.6515578666085652
b_dynamics,3,2333265170,random_forest,block_shuffled_signature,1,39,29510,14755,14755,max_depth=4,0.35405794095272364,0.3811970223373553,0.3033863679612658,0.5417717252141282,1.0930593521371361,0.6636276884970091
b_dynamics,3,2333265170,random_forest,block_shuffled_signature,2,39,29510,14755,14755,max_depth=4,0.3591239336649668,0.3801849255263694,0.2939647328938671,0.5436073371103473,1.0924252161913015,0.6629159722437131
b_dynamics,3,2333265170,random_forest,block_shuffled_signature,3,39,29510,14755,14755,max_depth=4,0.3548530591566741,0.37778510307508806,0.2952927303004537,0.5449501919889577,1.0927445576808759,0.6632000305594202
b_dynamics,3,2333265170,random_forest,shuffled_signature,1,39,29510,14755,14755,max_depth=4,0.3561989595856481,0.37982955940390645,0.2989519412314563,0.5369648689512465,1.0935895171290206,0.663692977369234
b_dynamics,3,2333265170,random_forest,shuffled_signature,2,39,29510,14755,14755,max_depth=4,0.3595227185861484,0.38003769433215645,0.29587793424343417,0.5371637888082488,1.0935449868121698,0.6637777363001132
b_dynamics,3,2333265170,random_forest,shuffled_signature,3,39,29510,14755,14755,max_depth=4,0.35954475412513603,0.37650107709160036,0.2920568770405245,0.5363939750985116,1.0935217906137904,0.6637282386689881
b_dynamics,3,2333265170,random_forest,signature,0,39,29510,14755,14755,max_depth=10,0.35895484840364245,0.40357345619050616,0.3808966187315215,0.5752859544401362,1.0951659175229869,0.6658900143554952
b_dynamics,4,1734783393,logistic,b1,0,14,29510,14755,14755,C=0.01,0.4172286987932344,0.3932086727065554,0.38358340452880846,0.5575991345858913,1.106599961014309,0.6726340967237054
b_dynamics,4,1734783393,logistic,b2,0,29,29510,14755,14755,C=0.1,0.42732521177496485,0.36971954009162294,0.36039043481454663,0.5534181978309666,1.1261435544472091,0.6877403561186696
b_dynamics,4,1734783393,logistic,b3,0,40,29510,14755,14755,C=0.01,0.41485454579565806,0.3671285044450305,0.35844506760341294,0.5573827918255336,1.1203046182330398,0.6832546240875682
b_dynamics,4,1734783393,logistic,b3_signature,0,79,29510,14755,14755,C=0.1,0.45199235813857813,0.3883711602714568,0.3791606995249279,0.573977361237369,1.1296882628494285,0.6839509206194626
b_dynamics,4,1734783393,logistic,block_shuffled_signature,1,39,29510,14755,14755,C=0.01,0.42238349994595364,0.34165666179128706,0.3146642881454305,0.5147513834812751,1.1315200251336648,0.6846903736008413
b_dynamics,4,1734783393,logistic,block_shuffled_signature,2,39,29510,14755,14755,C=0.01,0.42723198607171087,0.34514213517055636,0.31786784393454254,0.5170624849316604,1.1302340662747747,0.6838228419393091
b_dynamics,4,1734783393,logistic,block_shuffled_signature,3,39,29510,14755,14755,C=0.1,0.4219463772600675,0.3480877276363528,0.31818631957969307,0.521282338998359,1.1327312710717168,0.6856883945484663
b_dynamics,4,1734783393,logistic,shuffled_signature,1,39,29510,14755,14755,C=0.01,0.42277661447155773,0.3399318417619208,0.3077609287599011,0.5096229483450213,1.1336865845196047,0.6858959470322405
b_dynamics,4,1734783393,logistic,shuffled_signature,2,39,29510,14755,14755,C=0.1,0.4180929390389127,0.3477583900102263,0.31047074889475723,0.511943808629774,1.1383213753076677,0.6885857082208641
b_dynamics,4,1734783393,logistic,shuffled_signature,3,39,29510,14755,14755,C=0.01,0.4200778874814875,0.33886363587243123,0.30623237063832986,0.5092550833851147,1.1337229702216733,0.6858416615234216
b_dynamics,4,1734783393,logistic,signature,0,39,29510,14755,14755,C=0.1,0.47733190195860953,0.3875050009770213,0.3714140233473667,0.5694402540345798,1.1098574422865388,0.6679832280090123
b_dynamics,4,1734783393,random_forest,b1,0,14,29510,14755,14755,max_depth=4,0.409082068327411,0.3893029005533151,0.3583640698673409,0.5473160918254206,1.1048382885875276,0.6719547969989847
b_dynamics,4,1734783393,random_forest,b2,0,29,29510,14755,14755,max_depth=4,0.42296700633959156,0.36688622956940914,0.34009041041841925,0.5413929336336399,1.1034474209947123,0.6709652235202276
b_dynamics,4,1734783393,random_forest,b3,0,40,29510,14755,14755,max_depth=4,0.4040239768843807,0.3617775342038421,0.32766427324304187,0.5405910760741509,1.105537186730641,0.6725554688094542
b_dynamics,4,1734783393,random_forest,b3_signature,0,79,29510,14755,14755,max_depth=4,0.4059550931655386,0.3603845477878021,0.31681976336261647,0.5363275917493404,1.1138997750688533,0.6782423143173947
b_dynamics,4,1734783393,random_forest,block_shuffled_signature,1,39,29510,14755,14755,max_depth=4,0.38298299103533345,0.33302666634434497,0.2662039538266467,0.4811400827453398,1.1439257340439113,0.6982322787626815
b_dynamics,4,1734783393,random_forest,block_shuffled_signature,2,39,29510,14755,14755,max_depth=4,0.3781819693453105,0.33476062385158767,0.26422525058585156,0.4795413353289706,1.1435112571330797,0.6980416633698194
b_dynamics,4,1734783393,random_forest,block_shuffled_signature,3,39,29510,14755,14755,max_depth=4,0.3756570288265722,0.3379061206025488,0.2685916651700076,0.48338320191532697,1.1427183634603386,0.6973085975314475
b_dynamics,4,1734783393,random_forest,shuffled_signature,1,39,29510,14755,14755,max_depth=4,0.3787066499598149,0.3354512890453793,0.26768259040329584,0.4831102495263475,1.1433660633239644,0.6979825808694302
b_dynamics,4,1734783393,random_forest,shuffled_signature,2,39,29510,14755,14755,max_depth=4,0.37673148601021617,0.3341565314700528,0.26833422689498215,0.4818116086734688,1.1445120738560193,0.698485685990113
b_dynamics,4,1734783393,random_forest,shuffled_signature,3,39,29510,14755,14755,max_depth=4,0.37894252557441815,0.33410892099955714,0.2668925270562809,0.48224111842141015,1.143910456073093,0.6982920010313095
b_dynamics,4,1734783393,random_forest,signature,0,39,29510,14755,14755,max_depth=4,0.38713389836015283,0.3478458392416565,0.26108356664266635,0.49279125530535794,1.137559554071515,0.6938438268237175
b_dynamics,5,3885606559,logistic,b1,0,14,29510,14755,14755,C=0.01,0.38340115587522067,0.3085096978594963,0.30877755992498784,0.49828791724126137,1.1165534860138737,0.6790884791941606
b_dynamics,5,3885606559,logistic,b2,0,29,29510,14755,14755,C=0.01,0.39722712593685827,0.3463268456974545,0.3457242641693436,0.5210163161057978,1.1229910326383241,0.6816161333008061
b_dynamics,5,3885606559,logistic,b3,0,40,29510,14755,14755,C=0.01,0.38263007984439096,0.3417113202863895,0.341448579336787,0.5096543635498145,1.1406044629505323,0.6924099216998972
b_dynamics,5,3885606559,logistic,b3_signature,0,79,29510,14755,14755,C=0.1,0.41553897621064206,0.3884615722941119,0.38593713216458697,0.5693900754736453,1.1455078202724684,0.6840882711376371
b_dynamics,5,3885606559,logistic,block_shuffled_signature,1,39,29510,14755,14755,C=0.1,0.3745345514272938,0.3608763052281671,0.3518972589640494,0.5300709309494308,1.1159359556434891,0.6727557228844039
b_dynamics,5,3885606559,logistic,block_shuffled_signature,2,39,29510,14755,14755,C=1.0,0.3777570510491581,0.36158465567686676,0.3532029764849714,0.535958228591069,1.1150526116926904,0.6714365895016361
b_dynamics,5,3885606559,logistic,block_shuffled_signature,3,39,29510,14755,14755,C=1.0,0.3749440818418302,0.3605790963055912,0.3504161590085178,0.5347767338781982,1.1136942444682845,0.6717364889388413
b_dynamics,5,3885606559,logistic,shuffled_signature,1,39,29510,14755,14755,C=1.0,0.3692714886693527,0.3626739686281775,0.3510493098317362,0.525711667310948,1.1161966104699867,0.6728985173962355
b_dynamics,5,3885606559,logistic,shuffled_signature,2,39,29510,14755,14755,C=0.01,0.36790082246158873,0.35461542525290035,0.3437303982741519,0.5182239760227075,1.123365846130771,0.6743516634650317
b_dynamics,5,3885606559,logistic,shuffled_signature,3,39,29510,14755,14755,C=0.01,0.3695931164011399,0.35517863702239416,0.34491018940282764,0.5199591090680984,1.1233657846765541,0.6745152283947612
b_dynamics,5,3885606559,logistic,signature,0,39,29510,14755,14755,C=1.0,0.41273566743530016,0.39914864363941877,0.3941600011694107,0.5726257508311076,1.1129905654833847,0.6671376433406586
b_dynamics,5,3885606559,random_forest,b1,0,14,29510,14755,14755,max_depth=10,0.3700877969903717,0.36500823768010493,0.3648040048927021,0.5356258565044354,1.1328707125404114,0.6875931874091875
b_dynamics,5,3885606559,random_forest,b2,0,29,29510,14755,14755,max_depth=10,0.3720579784741879,0.3634001920146352,0.36297582922115396,0.5342688079987029,1.1155562883775954,0.6770939884520661
b_dynamics,5,3885606559,random_forest,b3,0,40,29510,14755,14755,max_depth=10,0.3771174484939097,0.3627066963199003,0.3619383062739301,0.5371488247036337,1.1145112060154876,0.6751245528446915
b_dynamics,5,3885606559,random_forest,b3_signature,0,79,29510,14755,14755,max_depth=6,0.3758407179540855,0.3500794854420484,0.34853931987976106,0.5267686022362699,1.1089336245189074,0.6727539888975589
b_dynamics,5,3885606559,random_forest,block_shuffled_signature,1,39,29510,14755,14755,max_depth=6,0.35814108091451774,0.34873092439206016,0.3465819256398522,0.5093589834315025,1.1288663212160877,0.6837557759124413
b_dynamics,5,3885606559,random_forest,block_shuffled_signature,2,39,29510,14755,14755,max_depth=6,0.3596863147156011,0.34818802358665607,0.3458927949521087,0.5092755126288625,1.1294833585152346,0.6842224260497786
b_dynamics,5,3885606559,random_forest,block_shuffled_signature,3,39,29510,14755,14755,max_depth=6,0.36155817717396044,0.352011918565478,0.35025182611610833,0.5093302377250596,1.1305819381538615,0.6845485695164283
b_dynamics,5,3885606559,random_forest,shuffled_signature,1,39,29510,14755,14755,max_depth=6,0.357851350632054,0.3515198106496072,0.34975118909337716,0.5093245306838133,1.1306723767090592,0.6844280798331808
b_dynamics,5,3885606559,random_forest,shuffled_signature,2,39,29510,14755,14755,max_depth=6,0.3631015366049824,0.3488850734010745,0.34701054594182473,0.5103539005661477,1.1301884795266575,0.6845478797654346
b_dynamics,5,3885606559,random_forest,shuffled_signature,3,39,29510,14755,14755,max_depth=6,0.36197044066259326,0.35053529212701623,0.34905563443216364,0.509707399757302,1.1321527466425287,0.6850107159064867
b_dynamics,5,3885606559,random_forest,signature,0,39,29510,14755,14755,max_depth=6,0.3713013078872785,0.3639102907924536,0.3625497283494907,0.5242980699791681,1.1195830293901896,0.6784815769971346
b_dynamics,6,841720889,logistic,b1,0,14,29510,14755,14755,C=0.01,0.36704044376243194,0.347759736494259,0.34759364497837836,0.5673412097192391,1.0562790221049505,0.6423645222099434
b_dynamics,6,841720889,logistic,b2,0,29,29510,14755,14755,C=1.0,0.36209224862549033,0.3624437561953268,0.36239954220908926,0.5624274321908821,1.07690664280941,0.6536208112501135
b_dynamics,6,841720889,logistic,b3,0,40,29510,14755,14755,C=0.01,0.3639919854693918,0.36818712484257343,0.36777332503651256,0.5690119800879586,1.0663980889712166,0.6476663752953103
b_dynamics,6,841720889,logistic,b3_signature,0,79,29510,14755,14755,C=1.0,0.4074216359259732,0.39046123676459626,0.38908893274800205,0.5946539240953713,1.051590710750733,0.6406093931094107
b_dynamics,6,841720889,logistic,block_shuffled_signature,1,39,29510,14755,14755,C=1.0,0.36049018943024275,0.3561698662579181,0.3424342901715582,0.5455576581134153,1.0694470670099154,0.6456064365515571
b_dynamics,6,841720889,logistic,block_shuffled_signature,2,39,29510,14755,14755,C=1.0,0.3620919622316289,0.35650555791294064,0.34371371851926275,0.5446223537696596,1.0698870902414321,0.6458611990168331
b_dynamics,6,841720889,logistic,block_shuffled_signature,3,39,29510,14755,14755,C=1.0,0.3591349157751491,0.3572775171394842,0.3451834497346322,0.5435087252900473,1.0702259629953412,0.6462524058430752
b_dynamics,6,841720889,logistic,shuffled_signature,1,39,29510,14755,14755,C=1.0,0.3636742151976322,0.3527401942609512,0.33291841683192236,0.5256024316139754,1.075607169321926,0.6493446145059893
b_dynamics,6,841720889,logistic,shuffled_signature,2,39,29510,14755,14755,C=1.0,0.36348826314154153,0.3526077615739603,0.3328322127546222,0.5246695406271992,1.0748923011673044,0.6490017544401143
b_dynamics,6,841720889,logistic,shuffled_signature,3,39,29510,14755,14755,C=1.0,0.3616211564448662,0.3541946025011447,0.33496962530541535,0.5266939997062275,1.0747547249880558,0.6488834691767756
b_dynamics,6,841720889,logistic,signature,0,39,29510,14755,14755,C=1.0,0.39608003869252933,0.39006444419883163,0.3876733639566507,0.5936986952575761,1.047424275568353,0.6320680273574958
b_dynamics,6,841720889,random_forest,b1,0,14,29510,14755,14755,max_depth=6,0.3876040302224997,0.3778422659708422,0.35000851098820673,0.5737089379474686,1.0633357822326646,0.6447884800265365
b_dynamics,6,841720889,random_forest,b2,0,29,29510,14755,14755,max_depth=4,0.3700273834728452,0.3738184566722805,0.34278788189635884,0.5694505753427017,1.0705170418557532,0.6486335100924497
b_dynamics,6,841720889,random_forest,b3,0,40,29510,14755,14755,max_depth=4,0.3643212128077076,0.36577459498339954,0.3406503364387892,0.5659546393408613,1.0710653402170145,0.6487636281023874
b_dynamics,6,841720889,random_forest,b3_signature,0,79,29510,14755,14755,max_depth=10,0.3605411415360876,0.38604753044028567,0.3798275647173095,0.5810949385887341,1.0478492468614418,0.6351622169107835
b_dynamics,6,841720889,random_forest,block_shuffled_signature,1,39,29510,14755,14755,max_depth=10,0.36375864129198804,0.34680227478877096,0.32838014932998133,0.5165342720248338,1.094809723652881,0.6622137674418923
b_dynamics,6,841720889,random_forest,block_shuffled_signature,2,39,29510,14755,14755,max_depth=10,0.36016340379937867,0.3491477237416561,0.3310447282598927,0.5217486794242339,1.093918649119497,0.6615025898941753
b_dynamics,6,841720889,random_forest,block_shuffled_signature,3,39,29510,14755,14755,max_depth=10,0.36379582202533123,0.34998182309273557,0.33266487054683175,0.5183920062810093,1.092845992230946,0.6617404390457371
b_dynamics,6,841720889,random_forest,shuffled_signature,1,39,29510,14755,14755,max_depth=10,0.3582323901520545,0.34543449270133325,0.32725180710784746,0.5123627996016712,1.0955155616534618,0.6633448998971034
b_dynamics,6,841720889,random_forest,shuffled_signature,2,39,29510,14755,14755,max_depth=10,0.36001444816471456,0.3481425727788768,0.3282784655222899,0.5162393702244611,1.0952457242793372,0.6626838516276113
b_dynamics,6,841720889,random_forest,shuffled_signature,3,39,29510,14755,14755,max_depth=10,0.35852954177669644,0.3438927952940385,0.32541665363308,0.512877674790966,1.0947292531967792,0.6627248710335851
b_dynamics,6,841720889,random_forest,signature,0,39,29510,14755,14755,max_depth=10,0.37703981465967534,0.3652326387144878,0.35452665422607277,0.5389051343767722,1.0816557918714935,0.6542452265172122
b_dynamics,7,2947375315,logistic,b1,0,14,29510,14755,14755,C=0.1,0.40519523466284185,0.40126283880880687,0.35937897008663655,0.6059526170137123,1.0359452651946892,0.6273223611931869
b_dynamics,7,2947375315,logistic,b2,0,29,29510,14755,14755,C=0.1,0.399337089731316,0.4051363317458001,0.3784544745027197,0.6009871095983672,1.0487895435567107,0.6363500766676831
b_dynamics,7,2947375315,logistic,b3,0,40,29510,14755,14755,C=1.0,0.4042492087676072,0.402459021155887,0.3831797380343874,0.5984339204774284,1.0622409500915642,0.6449359569153627
b_dynamics,7,2947375315,logistic,b3_signature,0,79,29510,14755,14755,C=0.1,0.43111879449160284,0.4264529648625428,0.4100782638126664,0.6387339087008358,1.0338299274290665,0.6226412614635354
b_dynamics,7,2947375315,logistic,block_shuffled_signature,1,39,29510,14755,14755,C=0.01,0.4162847004056484,0.40132526685507,0.3556038491102211,0.6126914387321213,1.0387665626691103,0.6256601129970853
b_dynamics,7,2947375315,logistic,block_shuffled_signature,2,39,29510,14755,14755,C=0.01,0.4159086713277473,0.39739906264099334,0.35228161137876196,0.6087609243910492,1.0397987054961504,0.6260977792081681
b_dynamics,7,2947375315,logistic,block_shuffled_signature,3,39,29510,14755,14755,C=0.1,0.4176649940142392,0.4099686098297604,0.3663921215556232,0.6152771457665595,1.0390164361635263,0.6242700141212747
b_dynamics,7,2947375315,logistic,shuffled_signature,1,39,29510,14755,14755,C=0.1,0.4071685516179622,0.40688427126703663,0.3630922107515042,0.6080321723416999,1.0410026934958017,0.625815992583242
b_dynamics,7,2947375315,logistic,shuffled_signature,2,39,29510,14755,14755,C=0.1,0.4059351356674068,0.4062938605635094,0.36153702989841685,0.6090624216011097,1.0408057535802016,0.625675166847491
b_dynamics,7,2947375315,logistic,shuffled_signature,3,39,29510,14755,14755,C=0.1,0.4065468111865636,0.40513358061739657,0.36147858228541757,0.6088367014160727,1.0400884151536745,0.6252341052351248
b_dynamics,7,2947375315,logistic,signature,0,39,29510,14755,14755,C=0.1,0.4616323281781984,0.4443165389086012,0.4077878353772875,0.6674291299951373,1.0014141855031091,0.5998071799891316
b_dynamics,7,2947375315,random_forest,b1,0,14,29510,14755,14755,max_depth=4,0.39054154058629753,0.42929043694238295,0.41170703735248537,0.6114404969853515,1.035622026510577,0.6244225274077361
b_dynamics,7,2947375315,random_forest,b2,0,29,29510,14755,14755,max_depth=10,0.3938180112818987,0.400249671593437,0.39124623625287525,0.5995665977210344,1.0424509794194399,0.6284983638022703
b_dynamics,7,2947375315,random_forest,b3,0,40,29510,14755,14755,max_depth=6,0.3933323839600887,0.41506712489765185,0.4000790012642678,0.6084452581935209,1.0353117775661762,0.6246151505842654
b_dynamics,7,2947375315,random_forest,b3_signature,0,79,29510,14755,14755,max_depth=10,0.3936256925829798,0.41086903105738076,0.39769186339304907,0.6010632539879235,1.03522694790977,0.6245700991356216
b_dynamics,7,2947375315,random_forest,block_shuffled_signature,1,39,29510,14755,14755,max_depth=10,0.38193539062858567,0.4203599416948303,0.41085533262185253,0.5982302182968903,1.0482206840153203,0.6335884613183934
b_dynamics,7,2947375315,random_forest,block_shuffled_signature,2,39,29510,14755,14755,max_depth=10,0.38163956823305895,0.4199151122285927,0.4101387854961653,0.5953006972936103,1.0480316575500301,0.633587403687224
b_dynamics,7,2947375315,random_forest,block_shuffled_signature,3,39,29510,14755,14755,max_depth=10,0.3862853710865693,0.41858507265881123,0.4092822560370903,0.5957886341097524,1.0479383064621217,0.6334030934629201
b_dynamics,7,2947375315,random_forest,shuffled_signature,1,39,29510,14755,14755,max_depth=10,0.3856216909473922,0.41346172012470567,0.4024177051472508,0.5939704721338647,1.050037863774291,0.6347510171802571
b_dynamics,7,2947375315,random_forest,shuffled_signature,2,39,29510,14755,14755,max_depth=10,0.3864984385140906,0.41500012976075845,0.4051908949867631,0.5941058932550717,1.0504021123185667,0.6353344829303853
b_dynamics,7,2947375315,random_forest,shuffled_signature,3,39,29510,14755,14755,max_depth=10,0.38788545423090154,0.41854025030022096,0.40842602136233025,0.5933164452752301,1.0510491208988983,0.6357466156764845
b_dynamics,7,2947375315,random_forest,signature,0,39,29510,14755,14755,max_depth=10,0.37729295549880454,0.41838692864340254,0.40859939001571594,0.6027758354143097,1.050906198580067,0.6355044621947532
b_dynamics,8,1832015632,logistic,b1,0,14,29510,14755,14755,C=1.0,0.3944396493775515,0.41074428924938333,0.36415737408290944,0.5865833267005516,1.078843285682151,0.6520456352534332
b_dynamics,8,1832015632,logistic,b2,0,29,29510,14755,14755,C=1.0,0.37658669578811893,0.3661370882315677,0.3577192609744437,0.54843753706798,1.1248261221215687,0.6815798744389687
b_dynamics,8,1832015632,logistic,b3,0,40,29510,14755,14755,C=1.0,0.3712448176284495,0.3612132265999723,0.3522099592364863,0.5483745362682295,1.1401602510220514,0.6876017580265023
b_dynamics,8,1832015632,logistic,b3_signature,0,79,29510,14755,14755,C=0.1,0.38105720610961996,0.3919188319623172,0.3868152109732919,0.5819251383916852,1.108551017187653,0.6723938269043109
b_dynamics,8,1832015632,logistic,block_shuffled_signature,1,39,29510,14755,14755,C=0.1,0.37328225234711665,0.40662741321614043,0.359924353965918,0.5737783284460867,1.0774120127068711,0.6523089969079876
b_dynamics,8,1832015632,logistic,block_shuffled_signature,2,39,29510,14755,14755,C=0.1,0.37581860067928646,0.40349230901533417,0.3544816004347176,0.5716377680489507,1.0776120044794235,0.6521453351545567
b_dynamics,8,1832015632,logistic,block_shuffled_signature,3,39,29510,14755,14755,C=0.1,0.3664822654554511,0.4038092215793641,0.35728084580818376,0.5719469849726241,1.077567001729759,0.6523884495018908
b_dynamics,8,1832015632,logistic,shuffled_signature,1,39,29510,14755,14755,C=0.1,0.3669011250282485,0.40742412755536805,0.3585543324527836,0.5687597830108738,1.0784102165295435,0.6527018822768196
b_dynamics,8,1832015632,logistic,shuffled_signature,2,39,29510,14755,14755,C=0.1,0.36961784498458533,0.4091033385018498,0.3591615565292063,0.5699242196345752,1.0780000198625765,0.652417467213521
b_dynamics,8,1832015632,logistic,shuffled_signature,3,39,29510,14755,14755,C=0.1,0.3667724534443189,0.4094585737777181,0.361451772601862,0.5716843471374101,1.07758812580119,0.6520984524903234
b_dynamics,8,1832015632,logistic,signature,0,39,29510,14755,14755,C=0.1,0.42278067699607025,0.42380448061528303,0.3931781951810535,0.6211574187511458,1.0508416458115069,0.6380552250518998
b_dynamics,8,1832015632,random_forest,b1,0,14,29510,14755,14755,max_depth=10,0.37619840670519283,0.39607356802858296,0.38040978759634464,0.5736306938416594,1.0758350437359525,0.6541433135338257
b_dynamics,8,1832015632,random_forest,b2,0,29,29510,14755,14755,max_depth=10,0.3619071772321787,0.3727753766337112,0.36395013021577555,0.547454988023049,1.0970039514486043,0.667392597778697
b_dynamics,8,1832015632,random_forest,b3,0,40,29510,14755,14755,max_depth=10,0.35741992591783506,0.3839652446068169,0.3732193274747953,0.5618249349499015,1.0874038606499354,0.6607858632260387
b_dynamics,8,1832015632,random_forest,b3_signature,0,79,29510,14755,14755,max_depth=10,0.36612700391498687,0.3947820639524548,0.38217229861461194,0.5705326001619196,1.0781591765944913,0.6542531956019508
b_dynamics,8,1832015632,random_forest,block_shuffled_signature,1,39,29510,14755,14755,max_depth=10,0.358296540106442,0.38767884127076563,0.36924098395259586,0.5683254156847451,1.0785005821066906,0.6541129466617654
b_dynamics,8,1832015632,random_forest,block_shuffled_signature,2,39,29510,14755,14755,max_depth=10,0.35544928227633715,0.38793671826067744,0.3670780422506139,0.5675820489233431,1.0800845750134112,0.655126098651346
b_dynamics,8,1832015632,random_forest,block_shuffled_signature,3,39,29510,14755,14755,max_depth=10,0.3592611277864238,0.384614184534745,0.36486306436311855,0.5639250947524954,1.07997586457654,0.6551137670526774
b_dynamics,8,1832015632,random_forest,shuffled_signature,1,39,29510,14755,14755,max_depth=10,0.3558290573247815,0.3859734043486556,0.3678133726501132,0.5628992409600019,1.0804935861487281,0.6555637952487343
b_dynamics,8,1832015632,random_forest,shuffled_signature,2,39,29510,14755,14755,max_depth=10,0.35757162306911505,0.3848707457103043,0.36447203873125816,0.5654657413522138,1.080555379351079,0.6555217425620118
b_dynamics,8,1832015632,random_forest,shuffled_signature,3,39,29510,14755,14755,max_depth=10,0.35571957188491027,0.3832555297850049,0.36377874559469275,0.5645312803949978,1.079784203208268,0.6551776636436496
b_dynamics,8,1832015632,random_forest,signature,0,39,29510,14755,14755,max_depth=10,0.37649230156630015,0.40098613113273956,0.382875253156087,0.5821344828290318,1.0734275368208726,0.6507505186659673
b_dynamics,9,3498407678,logistic,b1,0,14,29510,14755,14755,C=1.0,0.4267068219366095,0.3375097734886208,0.32470543229999,0.5121644592818181,1.1474202960685356,0.6903128793369404
b_dynamics,9,3498407678,logistic,b2,0,29,29510,14755,14755,C=1.0,0.42869633694572146,0.34088871025934536,0.32372520729885457,0.5053221747672537,1.1807878783216432,0.7127658450012432
b_dynamics,9,3498407678,logistic,b3,0,40,29510,14755,14755,C=0.01,0.43324014315371556,0.3458329417355385,0.3239564325572419,0.5053290450813267,1.1683584618999645,0.7090636386391869
b_dynamics,9,3498407678,logistic,b3_signature,0,79,29510,14755,14755,C=0.01,0.4618432011143862,0.3823907220907307,0.36803409301462203,0.5542561345309992,1.14021961890603,0.6863326741836229
b_dynamics,9,3498407678,logistic,block_shuffled_signature,1,39,29510,14755,14755,C=1.0,0.4456894121241986,0.35344185206094775,0.34752850947694025,0.5155849074139959,1.1399965302020847,0.6812385754370955
b_dynamics,9,3498407678,logistic,block_shuffled_signature,2,39,29510,14755,14755,C=1.0,0.441923172548097,0.35077646924993705,0.34406414234277355,0.5144059933247394,1.1381532084674644,0.681239705931854
b_dynamics,9,3498407678,logistic,block_shuffled_signature,3,39,29510,14755,14755,C=0.1,0.4409784174279467,0.34557516677312033,0.3400038705710425,0.5079082647431721,1.1385153383770652,0.6815377596726463
b_dynamics,9,3498407678,logistic,shuffled_signature,1,39,29510,14755,14755,C=1.0,0.42436240657051516,0.3239122431109324,0.3186841538141656,0.49502958984939793,1.1447203926471494,0.6849798172587445
b_dynamics,9,3498407678,logistic,shuffled_signature,2,39,29510,14755,14755,C=0.1,0.42356502124688933,0.33186472579950616,0.3267167298557329,0.49628336078088026,1.1422307647820422,0.6843011319688531
b_dynamics,9,3498407678,logistic,shuffled_signature,3,39,29510,14755,14755,C=1.0,0.4196490129951144,0.3343258310875428,0.329911649340233,0.4989613308556124,1.1432555522383285,0.6846824751096915
b_dynamics,9,3498407678,logistic,signature,0,39,29510,14755,14755,C=1.0,0.47897708082563645,0.4214239344230881,0.40985544907068755,0.5835542123538916,1.102438008331555,0.6581838980046886
b_dynamics,9,3498407678,random_forest,b1,0,14,29510,14755,14755,max_depth=6,0.4512306843591222,0.3429876595070766,0.3407880090882538,0.5084064799507867,1.1137369615209833,0.6735946774163231
b_dynamics,9,3498407678,random_forest,b2,0,29,29510,14755,14755,max_depth=4,0.45099301126445007,0.3248867026822054,0.31638345630966247,0.4960219910641172,1.1118147032426637,0.6742036165442651
b_dynamics,9,3498407678,random_forest,b3,0,40,29510,14755,14755,max_depth=6,0.4636515172926101,0.33533065396331957,0.3331256001697516,0.5119675953106974,1.1181858037489867,0.6771044411678441
b_dynamics,9,3498407678,random_forest,b3_signature,0,79,29510,14755,14755,max_depth=10,0.4600403032173676,0.3343954090256947,0.33374699166136806,0.5233004374849242,1.1214920764987604,0.6789429487249565
b_dynamics,9,3498407678,random_forest,block_shuffled_signature,1,39,29510,14755,14755,max_depth=6,0.43279069822159366,0.33658309494322364,0.31576048656798184,0.4958728516377005,1.1224301077793215,0.6766847384197833
b_dynamics,9,3498407678,random_forest,block_shuffled_signature,2,39,29510,14755,14755,max_depth=6,0.437819221371692,0.3328945886877399,0.31193206009735247,0.49508234958081115,1.1225020522057303,0.677183639503942
b_dynamics,9,3498407678,random_forest,block_shuffled_signature,3,39,29510,14755,14755,max_depth=6,0.43145932782252067,0.33666710318392834,0.3161727630760023,0.4960283963338077,1.1204300090260906,0.6760961535467562
b_dynamics,9,3498407678,random_forest,shuffled_signature,1,39,29510,14755,14755,max_depth=6,0.4378666063791831,0.33069000982035845,0.31043963453067774,0.49798074547190696,1.1231086664491585,0.6769217293916738
b_dynamics,9,3498407678,random_forest,shuffled_signature,2,39,29510,14755,14755,max_depth=6,0.4341456415981928,0.3327482889705753,0.31305497412700145,0.4972331534598451,1.1227940815620518,0.677074277644935
b_dynamics,9,3498407678,random_forest,shuffled_signature,3,39,29510,14755,14755,max_depth=6,0.4383696344642385,0.32897151718162904,0.31114452548933075,0.4948514703993608,1.1230683791545288,0.677466805743292
b_dynamics,9,3498407678,random_forest,signature,0,39,29510,14755,14755,max_depth=10,0.4519976866458566,0.3618143628489947,0.36191470948957033,0.5410177961381708,1.1314538523104032,0.6779228224449525
b_dynamics,10,1055092756,logistic,b1,0,14,29510,14755,14755,C=1.0,0.4108577131262658,0.44243825564407907,0.43020315296894146,0.6234236900889197,1.0602458421849974,0.6374777311865849
b_dynamics,10,1055092756,logistic,b2,0,29,29510,14755,14755,C=0.01,0.42205684735765664,0.4162604058681875,0.3980148747843715,0.5962156618891393,1.075945628166133,0.6483139734692999
b_dynamics,10,1055092756,logistic,b3,0,40,29510,14755,14755,C=0.01,0.41066797930380544,0.4206976789762414,0.403985816348436,0.5948317220182305,1.0798563198786577,0.6497798351406684
b_dynamics,10,1055092756,logistic,b3_signature,0,79,29510,14755,14755,C=1.0,0.44768296274073655,0.4251573210656276,0.41244005705465314,0.603805482882488,1.0896077198964804,0.6509476239653456
b_dynamics,10,1055092756,logistic,block_shuffled_signature,1,39,29510,14755,14755,C=0.01,0.43078986752739895,0.4152290830465469,0.40000375382005277,0.586884422687097,1.0678618706294978,0.6464289206860134
b_dynamics,10,1055092756,logistic,block_shuffled_signature,2,39,29510,14755,14755,C=0.01,0.42692467854205257,0.41232789359965016,0.3976216387001356,0.5887936905786889,1.0669760782221087,0.6458764601936763
b_dynamics,10,1055092756,logistic,block_shuffled_signature,3,39,29510,14755,14755,C=0.01,0.43292367786336516,0.41283137282675986,0.3982672058890568,0.5870029550997606,1.0677347637702865,0.6464479835803558
b_dynamics,10,1055092756,logistic,shuffled_signature,1,39,29510,14755,14755,C=0.01,0.425570855715218,0.40776141310358804,0.39377652059762586,0.5808047164774034,1.0695964155733646,0.6477557481987597
b_dynamics,10,1055092756,logistic,shuffled_signature,2,39,29510,14755,14755,C=0.01,0.4292520761105056,0.4066357441364971,0.3927671997064281,0.5810145244622306,1.0693101582479005,0.6475299269605914
b_dynamics,10,1055092756,logistic,shuffled_signature,3,39,29510,14755,14755,C=0.01,0.42979115779337573,0.40708169842095265,0.3936603504073526,0.580441782638776,1.0697857830950752,0.6478405365184701
b_dynamics,10,1055092756,logistic,signature,0,39,29510,14755,14755,C=1.0,0.4681988774483205,0.4264829720369297,0.40108205605408487,0.5991142651315764,1.0784510984442846,0.6472982384688193
b_dynamics,10,1055092756,random_forest,b1,0,14,29510,14755,14755,max_depth=10,0.4046923670057782,0.41184635305851786,0.4059144767949885,0.6061488985187814,1.0549700174796353,0.6358918112049159
b_dynamics,10,1055092756,random_forest,b2,0,29,29510,14755,14755,max_depth=10,0.4077049438962688,0.42680640834008243,0.4226177584549853,0.6241291802235484,1.039337787594425,0.6268642347006985
b_dynamics,10,1055092756,random_forest,b3,0,40,29510,14755,14755,max_depth=10,0.40979381704412593,0.4251402165064082,0.4193332914727892,0.6176911418780585,1.0429299607250868,0.6290847837307463
b_dynamics,10,1055092756,random_forest,b3_signature,0,79,29510,14755,14755,max_depth=10,0.419592060368388,0.43047213150471936,0.4239505378834534,0.6245058867665666,1.0419557913425401,0.6278282211094568
b_dynamics,10,1055092756,random_forest,block_shuffled_signature,1,39,29510,14755,14755,max_depth=10,0.4007800498719745,0.39996709892270194,0.392986898693427,0.5724839353681009,1.0861159841774812,0.6546060973344722
b_dynamics,10,1055092756,random_forest,block_shuffled_signature,2,39,29510,14755,14755,max_depth=6,0.40240226944563795,0.4093657166430811,0.3949266493391277,0.5815677029657916,1.069571677417392,0.6463865199828277
b_dynamics,10,1055092756,random_forest,block_shuffled_signature,3,39,29510,14755,14755,max_depth=6,0.40146196387765753,0.4088549830313099,0.3937002698496345,0.5813362643678632,1.0697119956723566,0.6464381732271908
b_dynamics,10,1055092756,random_forest,shuffled_signature,1,39,29510,14755,14755,max_depth=6,0.4023006650723666,0.40846741669995185,0.3927679308211027,0.5814030685275825,1.0702423190959551,0.6466593660608698
b_dynamics,10,1055092756,random_forest,shuffled_signature,2,39,29510,14755,14755,max_depth=6,0.40226193377387026,0.40393575756256556,0.38821721053159797,0.5809042314290046,1.0699764153958422,0.6470242159711594
b_dynamics,10,1055092756,random_forest,shuffled_signature,3,39,29510,14755,14755,max_depth=6,0.4005872245125448,0.4103416183074466,0.3941457661914183,0.5815637271131737,1.0700974984359672,0.6465628207442382
b_dynamics,10,1055092756,random_forest,signature,0,39,29510,14755,14755,max_depth=10,0.4068553344490402,0.3930673876541011,0.3863095113189015,0.5781357856623962,1.0867710705273468,0.6564619450936142
b_dynamics,11,1648916370,logistic,b1,0,14,29510,14755,14755,C=0.01,0.3684918847931633,0.3516361817946751,0.346563238723804,0.520240709337762,1.1148085819841185,0.6767897226493849
b_dynamics,11,1648916370,logistic,b2,0,29,29510,14755,14755,C=0.01,0.3623559933430662,0.38535803047443756,0.37992095988125424,0.5521169294278144,1.1047945416517226,0.6702171081850875
b_dynamics,11,1648916370,logistic,b3,0,40,29510,14755,14755,C=1.0,0.3715503355663645,0.36218541636155327,0.3550868828840394,0.5360342887751414,1.1302845871556615,0.6869104612868789
b_dynamics,11,1648916370,logistic,b3_signature,0,79,29510,14755,14755,C=1.0,0.4115655571878018,0.38178257247172814,0.37463731961210306,0.5710043608830818,1.1111825038758958,0.6775516489727039
b_dynamics,11,1648916370,logistic,block_shuffled_signature,1,39,29510,14755,14755,C=1.0,0.3867932136961678,0.3599874795620612,0.3311045123871163,0.544188940226369,1.0914512729584858,0.6631867684797276
b_dynamics,11,1648916370,logistic,block_shuffled_signature,2,39,29510,14755,14755,C=1.0,0.38819428622294705,0.3582403176597195,0.3295439921311389,0.5455854906180675,1.0907496624127584,0.6626054333625297
b_dynamics,11,1648916370,logistic,block_shuffled_signature,3,39,29510,14755,14755,C=1.0,0.38715274918458004,0.3581527182191266,0.3277384684459529,0.5438597609270629,1.0919527331536731,0.6632879692776966
b_dynamics,11,1648916370,logistic,shuffled_signature,1,39,29510,14755,14755,C=0.1,0.38487459270024243,0.3521622219537383,0.3189628384924177,0.5276913313810297,1.094107704879066,0.6643077887093416
b_dynamics,11,1648916370,logistic,shuffled_signature,2,39,29510,14755,14755,C=0.1,0.3852039384757846,0.3519964695598276,0.31831977228667535,0.5255320744446991,1.0947980771034487,0.6647159050453941
b_dynamics,11,1648916370,logistic,shuffled_signature,3,39,29510,14755,14755,C=1.0,0.38657278481266105,0.35054785551450646,0.31897634561507116,0.5281509859202607,1.0960953329376317,0.6659619296584118
b_dynamics,11,1648916370,logistic,signature,0,39,29510,14755,14755,C=1.0,0.4327595871146784,0.40343478006034333,0.3890361731879907,0.6035181954525977,1.0628484168455832,0.6472248199897148
b_dynamics,11,1648916370,random_forest,b1,0,14,29510,14755,14755,max_depth=10,0.3994434492762015,0.368073753570128,0.3636943529001822,0.5477534295329919,1.1090242768570329,0.6734214920004644
b_dynamics,11,1648916370,random_forest,b2,0,29,29510,14755,14755,max_depth=10,0.3863162996295723,0.4025511688243637,0.39604610343186225,0.5797822884788512,1.085806695300606,0.6572636870714668
b_dynamics,11,1648916370,random_forest,b3,0,40,29510,14755,14755,max_depth=6,0.38060396248437295,0.39925468686755394,0.3917494922710884,0.5703333175737564,1.0830175465397744,0.658007226656821
b_dynamics,11,1648916370,random_forest,b3_signature,0,79,29510,14755,14755,max_depth=10,0.3826933631300333,0.38869969723887027,0.37973966772679096,0.5757455638650428,1.0859950385838246,0.6594578593918005
b_dynamics,11,1648916370,random_forest,block_shuffled_signature,1,39,29510,14755,14755,max_depth=10,0.3714947587602082,0.35687955783437625,0.3500058297812165,0.544233206364212,1.109031725440927,0.6750392228568894
b_dynamics,11,1648916370,random_forest,block_shuffled_signature,2,39,29510,14755,14755,max_depth=10,0.37342475896915683,0.35416160289044346,0.3465386857930352,0.5428784284160822,1.1089451855638501,0.6752293366032361
b_dynamics,11,1648916370,random_forest,block_shuffled_signature,3,39,29510,14755,14755,max_depth=4,0.37230090985889513,0.362122708617661,0.28453789565355997,0.5388525709978486,1.0964746271862,0.667820031389856
b_dynamics,11,1648916370,random_forest,shuffled_signature,1,39,29510,14755,14755,max_depth=6,0.37271871757601954,0.3597307169619975,0.34284622745843035,0.5394226469083842,1.0988734358061993,0.6696450556761884
b_dynamics,11,1648916370,random_forest,shuffled_signature,2,39,29510,14755,14755,max_depth=6,0.37293960140429966,0.3618557154462854,0.34133980487921933,0.5402851260918415,1.0971519446197886,0.668641206485065
b_dynamics,11,1648916370,random_forest,shuffled_signature,3,39,29510,14755,14755,max_depth=6,0.37317436934788506,0.3645377116061435,0.3442658258175489,0.5421418426408845,1.0971398729481354,0.6683778012129866
b_dynamics,11,1648916370,random_forest,signature,0,39,29510,14755,14755,max_depth=10,0.4059265603839048,0.369622568666808,0.36369612813874364,0.5624508225044611,1.0959750795583079,0.6681335434007837
b_dynamics,12,1027663854,logistic,b1,0,14,29510,14755,14755,C=1.0,0.38342921853227113,0.4098450650988516,0.40103571940777877,0.5849384567632773,1.0791082795528142,0.6511384139192605
b_dynamics,12,1027663854,logistic,b2,0,29,29510,14755,14755,C=1.0,0.37829483822008503,0.42325439716885516,0.4146872845366063,0.6050667526422492,1.069686666168146,0.6458271476860837
b_dynamics,12,1027663854,logistic,b3,0,40,29510,14755,14755,C=1.0,0.39732585833887085,0.4318045593472582,0.4229479241618528,0.6002026544055505,1.081915625106638,0.6544375594902435
b_dynamics,12,1027663854,logistic,b3_signature,0,79,29510,14755,14755,C=1.0,0.4380885220907729,0.46227573367148994,0.4538801046983412,0.6368684176690569,1.0568584235793594,0.6386719431321531
b_dynamics,12,1027663854,logistic,block_shuffled_signature,1,39,29510,14755,14755,C=1.0,0.4146546151531943,0.4085340369791988,0.3874371679442716,0.6017140205551369,1.076913845648414,0.6496127257374835
b_dynamics,12,1027663854,logistic,block_shuffled_signature,2,39,29510,14755,14755,C=1.0,0.4176707421030772,0.41375720300206464,0.39077564104550344,0.6031120339208371,1.0764494502998387,0.6488960261358908
b_dynamics,12,1027663854,logistic,block_shuffled_signature,3,39,29510,14755,14755,C=0.1,0.414116130299283,0.39811160930385286,0.37753044362028443,0.5925516940051637,1.0853911702786194,0.6520131657501501
b_dynamics,12,1027663854,logistic,shuffled_signature,1,39,29510,14755,14755,C=0.1,0.40914335874913377,0.3917427061126999,0.3699487433999629,0.5799720742713338,1.0924214901941658,0.6560833966768215
b_dynamics,12,1027663854,logistic,shuffled_signature,2,39,29510,14755,14755,C=1.0,0.4111422664713667,0.39838251124899055,0.37376888018453,0.5910971884397762,1.083983019803146,0.6538399945093046
b_dynamics,12,1027663854,logistic,shuffled_signature,3,39,29510,14755,14755,C=1.0,0.41359028566576383,0.39843090642576895,0.37220540521581197,0.5891546017588573,1.084645581992096,0.6541795531473876
b_dynamics,12,1027663854,logistic,signature,0,39,29510,14755,14755,C=1.0,0.46116818310712304,0.47511069166556524,0.4539602187361906,0.6504391634564762,1.0312277901871507,0.621381612447418
b_dynamics,12,1027663854,random_forest,b1,0,14,29510,14755,14755,max_depth=10,0.38458519849949685,0.4301709248615253,0.4247347230411482,0.6071705943315261,1.0764586799420348,0.6483836164982842
b_dynamics,12,1027663854,random_forest,b2,0,29,29510,14755,14755,max_depth=4,0.3892207778652095,0.44757197793589243,0.43171629006365686,0.603336024814919,1.0731519648604018,0.6501296673958332
b_dynamics,12,1027663854,random_forest,b3,0,40,29510,14755,14755,max_depth=4,0.3809562340924872,0.43954281042006205,0.42585820241983036,0.6011324888339409,1.075641272275247,0.6514936014276698
b_dynamics,12,1027663854,random_forest,b3_signature,0,79,29510,14755,14755,max_depth=6,0.38345459794336945,0.4396825410313708,0.4286990465182172,0.6104383729539421,1.0677352960349893,0.6462700846821559
b_dynamics,12,1027663854,random_forest,block_shuffled_signature,1,39,29510,14755,14755,max_depth=6,0.3887538441885308,0.39719565513745997,0.3657697033715936,0.5854622211611878,1.0943607371162747,0.663276501668301
b_dynamics,12,1027663854,random_forest,block_shuffled_signature,2,39,29510,14755,14755,max_depth=4,0.3878796901608106,0.3931244902422484,0.35481571791434857,0.5748967654833531,1.0930942995994846,0.6638645942407874
b_dynamics,12,1027663854,random_forest,block_shuffled_signature,3,39,29510,14755,14755,max_depth=4,0.3875807115792685,0.394821692541035,0.35662826271184506,0.574505374929244,1.0927550876704317,0.6635974590909038
b_dynamics,12,1027663854,random_forest,shuffled_signature,1,39,29510,14755,14755,max_depth=4,0.3881443309236596,0.393158727786874,0.3539110586638518,0.5781043082555215,1.0925185855005957,0.6634511953069842
b_dynamics,12,1027663854,random_forest,shuffled_signature,2,39,29510,14755,14755,max_depth=4,0.3907325866930613,0.3935485100271909,0.3561111327040636,0.5803104088195015,1.0927091617040006,0.6634356250100459
b_dynamics,12,1027663854,random_forest,shuffled_signature,3,39,29510,14755,14755,max_depth=4,0.3871311523005958,0.391646513028028,0.35346434548027633,0.5740840730621509,1.0931126736729282,0.6637567112583318
b_dynamics,12,1027663854,random_forest,signature,0,39,29510,14755,14755,max_depth=6,0.39496072453738607,0.40621542977909214,0.37695005340475185,0.5973514082301532,1.0830755082203152,0.6567078977620142
b_dynamics,13,3522538668,logistic,b1,0,14,29510,14755,14755,C=1.0,0.39272012871253875,0.3852310944095123,0.37336103327370895,0.5652636128564671,1.0891623402510693,0.6612882730984178
b_dynamics,13,3522538668,logistic,b2,0,29,29510,14755,14755,C=0.01,0.42650610163096303,0.3865704541999446,0.37427060570931947,0.5631433610860457,1.1032406990891264,0.6704094968591816
b_dynamics,13,3522538668,logistic,b3,0,40,29510,14755,14755,C=0.1,0.41365726849090617,0.385030298959319,0.3718427877327271,0.5604940572062507,1.1158567903112857,0.6777503424219131
b_dynamics,13,3522538668,logistic,b3_signature,0,79,29510,14755,14755,C=0.1,0.4433553922090629,0.3963503956225372,0.3824050892544418,0.579636411212941,1.1097278560306445,0.6726421697162756
b_dynamics,13,3522538668,logistic,block_shuffled_signature,1,39,29510,14755,14755,C=1.0,0.3732668064566222,0.38914064001596876,0.34955970306120504,0.5595887359365105,1.088966230848154,0.6613627794202299
b_dynamics,13,3522538668,logistic,block_shuffled_signature,2,39,29510,14755,14755,C=1.0,0.37719391538748015,0.3913672189420903,0.351340260682602,0.5589730503027277,1.0905456758962873,0.6616417868344212
b_dynamics,13,3522538668,logistic,block_shuffled_signature,3,39,29510,14755,14755,C=1.0,0.37833763335043313,0.3929832778892095,0.35384379319670406,0.5584812060498016,1.090428752409374,0.6617127346042886
b_dynamics,13,3522538668,logistic,shuffled_signature,1,39,29510,14755,14755,C=1.0,0.3642839607572655,0.3950135487365018,0.34945847646855244,0.5576285403680612,1.0897029481432345,0.6616326298443416
b_dynamics,13,3522538668,logistic,shuffled_signature,2,39,29510,14755,14755,C=1.0,0.362642853737992,0.3958324902239032,0.34823976725143596,0.5548997304132335,1.0902513541957843,0.6619770368547487
b_dynamics,13,3522538668,logistic,shuffled_signature,3,39,29510,14755,14755,C=1.0,0.36275126344027986,0.39282212638746156,0.3449745488606522,0.5563179080223931,1.0896607248957466,0.6616944279192088
b_dynamics,13,3522538668,logistic,signature,0,39,29510,14755,14755,C=1.0,0.4150690855080757,0.40616390127639396,0.3876248828884605,0.5873688806100542,1.0739801051340523,0.6540465816561949
b_dynamics,13,3522538668,random_forest,b1,0,14,29510,14755,14755,max_depth=6,0.4317793911877443,0.3837438270513876,0.37258176229267687,0.5722560155898724,1.0822737779607903,0.6562367369587138
b_dynamics,13,3522538668,random_forest,b2,0,29,29510,14755,14755,max_depth=10,0.4452705072150727,0.40428479233509246,0.3955656047765416,0.5666982502284021,1.091253758941785,0.6623881046456032
b_dynamics,13,3522538668,random_forest,b3,0,40,29510,14755,14755,max_depth=10,0.4352656726002069,0.396137422326867,0.38508623592756347,0.5690696957996951,1.0888912031561817,0.661338754492189
b_dynamics,13,3522538668,random_forest,b3_signature,0,79,29510,14755,14755,max_depth=10,0.4342669610903768,0.39826518957093465,0.3849646741250076,0.5739609992874848,1.082600499657485,0.6568410413321318
b_dynamics,13,3522538668,random_forest,block_shuffled_signature,1,39,29510,14755,14755,max_depth=10,0.36284991579001086,0.3763538884353464,0.3396986586299522,0.5387124519026336,1.0999548378953357,0.6664164240421326
b_dynamics,13,3522538668,random_forest,block_shuffled_signature,2,39,29510,14755,14755,max_depth=10,0.3597557749197368,0.3782287212588791,0.34305965465861377,0.5418363416667019,1.09496987813447,0.6646525338972324
b_dynamics,13,3522538668,random_forest,block_shuffled_signature,3,39,29510,14755,14755,max_depth=10,0.3588454120880111,0.3771372220951803,0.341245188879473,0.5409383812016464,1.1000049675709285,0.666448015203899
b_dynamics,13,3522538668,random_forest,shuffled_signature,1,39,29510,14755,14755,max_depth=10,0.3578506726613335,0.37321469454373,0.3375644251909559,0.5380816469643109,1.0994009399647164,0.6673387975876001
b_dynamics,13,3522538668,random_forest,shuffled_signature,2,39,29510,14755,14755,max_depth=10,0.3564344143522081,0.3738272990626406,0.33821842844232836,0.535296410953581,1.099228229449605,0.6673526845827844
b_dynamics,13,3522538668,random_forest,shuffled_signature,3,39,29510,14755,14755,max_depth=10,0.36084803655520353,0.3766317387206455,0.34145614420900733,0.5448757733345407,1.0986815724468568,0.6654564153257081
b_dynamics,13,3522538668,random_forest,signature,0,39,29510,14755,14755,max_depth=10,0.38234376536972253,0.36977073358239904,0.34893727968992216,0.5538064198640401,1.0908946861436022,0.6641464367899684
b_dynamics,14,529636522,logistic,b1,0,14,29510,14755,14755,C=0.01,0.377647474487878,0.36128899117136354,0.3592665387545295,0.526395975788486,1.0941445195701045,0.6612296946532843
b_dynamics,14,529636522,logistic,b2,0,29,29510,14755,14755,C=1.0,0.3600898650866004,0.3416985136721748,0.3420657599679489,0.5263269298809415,1.1212701517951822,0.6749747286013091
b_dynamics,14,529636522,logistic,b3,0,40,29510,14755,14755,C=1.0,0.38092210506399904,0.3536040638267839,0.35323867428102734,0.5332850606963001,1.131086918442207,0.6771136497408253
b_dynamics,14,529636522,logistic,b3_signature,0,79,29510,14755,14755,C=1.0,0.40420229788212714,0.36750349150298245,0.36711276637736323,0.5573188535319292,1.1339003264557088,0.6756662438986675
b_dynamics,14,529636522,logistic,block_shuffled_signature,1,39,29510,14755,14755,C=1.0,0.37194865849352016,0.357671691644917,0.35691161360794865,0.5290234707344913,1.1139977989354066,0.6717497565262394
b_dynamics,14,529636522,logistic,block_shuffled_signature,2,39,29510,14755,14755,C=0.1,0.37228953384135877,0.34991512955116466,0.3493779759180569,0.5204185424355253,1.1172347633601483,0.6739328203537741
b_dynamics,14,529636522,logistic,block_shuffled_signature,3,39,29510,14755,14755,C=1.0,0.3689774892426944,0.3543352278087053,0.35367651644302667,0.5277311706871899,1.115231663788491,0.6727754218687617
b_dynamics,14,529636522,logistic,shuffled_signature,1,39,29510,14755,14755,C=1.0,0.3713482509636774,0.35189165608767947,0.35099705753490157,0.5177222274721424,1.1161091723061167,0.6744516513354483
b_dynamics,14,529636522,logistic,shuffled_signature,2,39,29510,14755,14755,C=1.0,0.37291468109901604,0.3529528945386214,0.3522652863004326,0.5180607228744843,1.1163324015464897,0.674351284149277
b_dynamics,14,529636522,logistic,shuffled_signature,3,39,29510,14755,14755,C=1.0,0.3702718867486185,0.3493244507424045,0.34890396769539517,0.5153796499126421,1.1163978570745972,0.6748182843154471
b_dynamics,14,529636522,logistic,signature,0,39,29510,14755,14755,C=1.0,0.4125900948709928,0.39690925876028865,0.3948318040610202,0.5761861891997374,1.0975442047089938,0.6559675275734523
b_dynamics,14,529636522,random_forest,b1,0,14,29510,14755,14755,max_depth=10,0.3699174463273483,0.3753561769228424,0.36849384236855093,0.5558262625060745,1.1127836146867718,0.6684641209890637
b_dynamics,14,529636522,random_forest,b2,0,29,29510,14755,14755,max_depth=6,0.3621004620792972,0.3651068757927309,0.3628394372612794,0.5610683293405608,1.0852596443409592,0.6558825729188309
b_dynamics,14,529636522,random_forest,b3,0,40,29510,14755,14755,max_depth=6,0.36609625410348023,0.3669194508274754,0.364740835692809,0.5613493096613653,1.084974246278489,0.6554941305073761
b_dynamics,14,529636522,random_forest,b3_signature,0,79,29510,14755,14755,max_depth=10,0.36239304316519316,0.3772237833160326,0.375165778533936,0.5649739104588162,1.091970629947625,0.6571692562809549
b_dynamics,14,529636522,random_forest,block_shuffled_signature,1,39,29510,14755,14755,max_depth=6,0.3448668071815801,0.3571681774194857,0.34886659712159623,0.5257377868532281,1.1082332212811297,0.6707605169132432
b_dynamics,14,529636522,random_forest,block_shuffled_signature,2,39,29510,14755,14755,max_depth=6,0.3456777824038378,0.358181234836026,0.3501988399082154,0.5260678151547679,1.1083949729640632,0.6709012009884046
b_dynamics,14,529636522,random_forest,block_shuffled_signature,3,39,29510,14755,14755,max_depth=6,0.34289721708363796,0.3582200589276363,0.34943635758391495,0.5262285588260102,1.1067696238280489,0.6698702964689465
b_dynamics,14,529636522,random_forest,shuffled_signature,1,39,29510,14755,14755,max_depth=6,0.34224009792630466,0.3581683683060317,0.3491153051954327,0.5249889083926438,1.1080792001065827,0.670853665834075
b_dynamics,14,529636522,random_forest,shuffled_signature,2,39,29510,14755,14755,max_depth=6,0.34206407467048244,0.3571365306129252,0.3486258959214688,0.5240833178881176,1.1085363214865174,0.670884398767925
b_dynamics,14,529636522,random_forest,shuffled_signature,3,39,29510,14755,14755,max_depth=4,0.3414808473467706,0.3584395209902517,0.34739493470183075,0.5167306843726881,1.1019129548894249,0.6674403434531389
b_dynamics,14,529636522,random_forest,signature,0,39,29510,14755,14755,max_depth=6,0.3511002712721487,0.37419437939538963,0.3645280039593908,0.5385007916842607,1.1053687604690716,0.6685372062106473
b_dynamics,15,1846086036,logistic,b1,0,14,29510,14755,14755,C=0.01,0.4005209721345044,0.38101814434626874,0.36460032520191715,0.5537043714617719,1.0974421309727318,0.6637078150606642
b_dynamics,15,1846086036,logistic,b2,0,29,29510,14755,14755,C=1.0,0.4235158737572684,0.3918268159330813,0.37140447940732685,0.5721800567906247,1.1120848007733564,0.6715676496749137
b_dynamics,15,1846086036,logistic,b3,0,40,29510,14755,14755,C=0.01,0.41926643408227066,0.3910831574501281,0.3666996868928138,0.5686069971937404,1.10678197895692,0.6705607728033542
b_dynamics,15,1846086036,logistic,b3_signature,0,79,29510,14755,14755,C=1.0,0.46266983741459394,0.4340897206052861,0.4059577564498548,0.6219386138835999,1.084698226081252,0.6585364055800461
b_dynamics,15,1846086036,logistic,block_shuffled_signature,1,39,29510,14755,14755,C=0.01,0.42450880490961557,0.4122700348954796,0.359830834015648,0.5805446717529692,1.0800888820946595,0.6534998302933723
b_dynamics,15,1846086036,logistic,block_shuffled_signature,2,39,29510,14755,14755,C=0.01,0.4251760543561496,0.41208576960357934,0.3605231145073695,0.5784101935267881,1.0804706040409167,0.6539296668735429
b_dynamics,15,1846086036,logistic,block_shuffled_signature,3,39,29510,14755,14755,C=0.1,0.42479711441541584,0.41693510883645396,0.3645225436669639,0.5865576190380326,1.0813714549272777,0.654876685657552
b_dynamics,15,1846086036,logistic,shuffled_signature,1,39,29510,14755,14755,C=1.0,0.4265039631989442,0.41737374808669064,0.3676040593394876,0.5791116380927525,1.0843096356831488,0.6590269015499679
b_dynamics,15,1846086036,logistic,shuffled_signature,2,39,29510,14755,14755,C=0.1,0.4266003704294155,0.4120911801608845,0.3607828568088987,0.5741976300026125,1.086344177964239,0.6583716030592667
b_dynamics,15,1846086036,logistic,shuffled_signature,3,39,29510,14755,14755,C=0.1,0.425870833474472,0.4127771040564225,0.3600202981118786,0.5750538455823816,1.0859304011733197,0.6580175528292677
b_dynamics,15,1846086036,logistic,signature,0,39,29510,14755,14755,C=1.0,0.45202550151963844,0.4572177373867034,0.4112487221069254,0.6442454036924669,1.0436476544293152,0.6300978675698273
b_dynamics,15,1846086036,random_forest,b1,0,14,29510,14755,14755,max_depth=6,0.4162439019444244,0.39781169649825915,0.38930674222689615,0.5664059958826907,1.0918910916632045,0.6608065335770835
b_dynamics,15,1846086036,random_forest,b2,0,29,29510,14755,14755,max_depth=6,0.41905489927848577,0.4158069637446033,0.4067821417534881,0.5883766434120723,1.076868793727265,0.6511938554305615
b_dynamics,15,1846086036,random_forest,b3,0,40,29510,14755,14755,max_depth=6,0.42582452842556684,0.4063184750675363,0.3953114318896953,0.5847098784229109,1.0774377211958424,0.6517437469361708
b_dynamics,15,1846086036,random_forest,b3_signature,0,79,29510,14755,14755,max_depth=4,0.43393549285901195,0.40471433064131973,0.39130263499957235,0.5778995200908078,1.0771530710214197,0.6521566648483123
b_dynamics,15,1846086036,random_forest,block_shuffled_signature,1,39,29510,14755,14755,max_depth=4,0.43151396385618784,0.4122102088615713,0.36917726412822804,0.5557969165388029,1.0877619878874363,0.6591277791149986
b_dynamics,15,1846086036,random_forest,block_shuffled_signature,2,39,29510,14755,14755,max_depth=4,0.4359518960013249,0.4175264553524465,0.374781387924985,0.5542479299568087,1.0875244206626755,0.658993069313586
b_dynamics,15,1846086036,random_forest,block_shuffled_signature,3,39,29510,14755,14755,max_depth=4,0.43448620983612135,0.41499629556838274,0.37171726121673093,0.5554116100268196,1.0876959150799457,0.6589633351985636
b_dynamics,15,1846086036,random_forest,shuffled_signature,1,39,29510,14755,14755,max_depth=4,0.4361092155802084,0.4091145269184298,0.3676046375763767,0.5540592331742258,1.0883715493535306,0.6594990569805622
b_dynamics,15,1846086036,random_forest,shuffled_signature,2,39,29510,14755,14755,max_depth=4,0.4329951284096083,0.41523149614062493,0.36783345795029615,0.5557090749944095,1.0872680574989289,0.6588339522179412
b_dynamics,15,1846086036,random_forest,shuffled_signature,3,39,29510,14755,14755,max_depth=4,0.43518565955678223,0.40912928959830025,0.3676358704988565,0.5544653138206388,1.0874544746214152,0.658916875985951
b_dynamics,15,1846086036,random_forest,signature,0,39,29510,14755,14755,max_depth=6,0.43285543237586666,0.41258059981338174,0.37963789183072794,0.5669048035437109,1.0977524972884263,0.6641607881410254
b_dynamics,16,599751085,logistic,b1,0,14,29510,14755,14755,C=1.0,0.36524747737346375,0.41215997290270434,0.41260473037988005,0.5686743625330738,1.1081443285776569,0.6694568141268583
b_dynamics,16,599751085,logistic,b2,0,29,29510,14755,14755,C=0.1,0.3938582494716793,0.3869961063608211,0.3873175152502064,0.5669078088819596,1.1159555807547286,0.6770319660794432
b_dynamics,16,599751085,logistic,b3,0,40,29510,14755,14755,C=1.0,0.39974481718678817,0.3827089382181483,0.383405714903257,0.5648204979098094,1.134002943394519,0.6864468892277722
b_dynamics,16,599751085,logistic,b3_signature,0,79,29510,14755,14755,C=1.0,0.4328942665626219,0.4294570370529101,0.42956154444335387,0.6088119430275635,1.110712198602993,0.6690008892070272
b_dynamics,16,599751085,logistic,block_shuffled_signature,1,39,29510,14755,14755,C=1.0,0.3952622178782419,0.3958965220154653,0.39571884851416805,0.5690589562691265,1.1120066143439988,0.6677911313324327
b_dynamics,16,599751085,logistic,block_shuffled_signature,2,39,29510,14755,14755,C=0.1,0.39279302485395357,0.3920016149312622,0.39281457899795624,0.5636766125998203,1.1105476627244582,0.6685238216839537
b_dynamics,16,599751085,logistic,block_shuffled_signature,3,39,29510,14755,14755,C=1.0,0.38942867913558016,0.39277549477631396,0.39260930310056336,0.5688771076411815,1.111381934309802,0.6680027897470866
b_dynamics,16,599751085,logistic,shuffled_signature,1,39,29510,14755,14755,C=1.0,0.38398291348975205,0.3818129011233197,0.3816034200098577,0.5561125536800454,1.1165663151838068,0.6718534061333291
b_dynamics,16,599751085,logistic,shuffled_signature,2,39,29510,14755,14755,C=1.0,0.3813654479442845,0.3814778080866123,0.3814515816067367,0.5568610827337247,1.11576426944558,0.6712907940580911
b_dynamics,16,599751085,logistic,shuffled_signature,3,39,29510,14755,14755,C=1.0,0.3886371149365703,0.3835527953591895,0.38337644603953075,0.5563277757022056,1.1156024340806505,0.6714795974099322
b_dynamics,16,599751085,logistic,signature,0,39,29510,14755,14755,C=1.0,0.41639995377415073,0.4341345796670291,0.43324801441788346,0.6207329917280743,1.067359725835364,0.6435279116839632
b_dynamics,16,599751085,random_forest,b1,0,14,29510,14755,14755,max_depth=4,0.395046942183183,0.38650028036604617,0.3786212703768679,0.5487995454370128,1.1123464443132793,0.6753572415291682
b_dynamics,16,599751085,random_forest,b2,0,29,29510,14755,14755,max_depth=6,0.4258902209178603,0.39000882179335195,0.38524010685618015,0.5703620172324533,1.1011061505785027,0.668018862592409
b_dynamics,16,599751085,random_forest,b3,0,40,29510,14755,14755,max_depth=6,0.4300857607558954,0.3970287614948906,0.39007158055642366,0.5691922699542102,1.1046290845490296,0.6698380699198561
b_dynamics,16,599751085,random_forest,b3_signature,0,79,29510,14755,14755,max_depth=6,0.42480703122858854,0.399906694512622,0.39178260168178675,0.5743896141822724,1.1025981777181904,0.6682117003968084
b_dynamics,16,599751085,random_forest,block_shuffled_signature,1,39,29510,14755,14755,max_depth=10,0.3789448541849156,0.39066086059657595,0.37762916467443963,0.549393095974347,1.162799527094567,0.6865290079241732
b_dynamics,16,599751085,random_forest,block_shuffled_signature,2,39,29510,14755,14755,max_depth=10,0.3808273594017954,0.3902627474228237,0.3775075913083197,0.548331558130238,1.1535730356927911,0.6868922318228218
b_dynamics,16,599751085,random_forest,block_shuffled_signature,3,39,29510,14755,14755,max_depth=10,0.37959687160387995,0.38979551130655127,0.3779309668891253,0.5494791095248452,1.1670982662221907,0.6866839489328643
b_dynamics,16,599751085,random_forest,shuffled_signature,1,39,29510,14755,14755,max_depth=6,0.37878320283891614,0.3882316086911551,0.377366862494221,0.5505984693068423,1.127611785685543,0.6811338241460303
b_dynamics,16,599751085,random_forest,shuffled_signature,2,39,29510,14755,14755,max_depth=10,0.3773786399351749,0.3868157691790481,0.3743585929516688,0.5442747052508171,1.1702876807696008,0.6887242787428562
b_dynamics,16,599751085,random_forest,shuffled_signature,3,39,29510,14755,14755,max_depth=4,0.38316611042309495,0.3956873183731782,0.3803507525204443,0.545108745416378,1.1184528644355909,0.6781487093718603
b_dynamics,16,599751085,random_forest,signature,0,39,29510,14755,14755,max_depth=4,0.3844564929323238,0.398259145439064,0.3722634766232074,0.5553639768705053,1.1140065376359136,0.6752834288626928
b_dynamics,17,1268203315,logistic,b1,0,14,29510,14755,14755,C=1.0,0.3938000653911334,0.35146403183191355,0.34454374881719474,0.526465102096362,1.1355947690176293,0.6866895318120021
b_dynamics,17,1268203315,logistic,b2,0,29,29510,14755,14755,C=0.1,0.3908548210255218,0.37712754966362816,0.3730844155822492,0.5512599545442428,1.1351480813537358,0.685203510480163
b_dynamics,17,1268203315,logistic,b3,0,40,29510,14755,14755,C=0.1,0.3720536165915642,0.3586414565537135,0.35387463886013054,0.5385585852265103,1.1630536107389124,0.7028879449156104
b_dynamics,17,1268203315,logistic,b3_signature,0,79,29510,14755,14755,C=1.0,0.4026045830115266,0.3898605610133951,0.3844151678878219,0.5680787521126908,1.1588754785245179,0.6905417769794185
b_dynamics,17,1268203315,logistic,block_shuffled_signature,1,39,29510,14755,14755,C=0.1,0.402962935396229,0.3666229161883587,0.3526628395479799,0.523761352367699,1.1200909926813991,0.6789231104237439
b_dynamics,17,1268203315,logistic,block_shuffled_signature,2,39,29510,14755,14755,C=0.1,0.40047683446034216,0.3703826784433448,0.3559566205350109,0.5278938968522884,1.1187618482532344,0.6778567867448557
b_dynamics,17,1268203315,logistic,block_shuffled_signature,3,39,29510,14755,14755,C=0.1,0.40192217864464236,0.3686302082024285,0.3543053973783488,0.5260892048535869,1.1188055337956901,0.6781103773775821
b_dynamics,17,1268203315,logistic,shuffled_signature,1,39,29510,14755,14755,C=1.0,0.393398886622258,0.3716446872463253,0.3527342381034444,0.5203527203039501,1.1209169646344284,0.6795824561038878
b_dynamics,17,1268203315,logistic,shuffled_signature,2,39,29510,14755,14755,C=0.1,0.39852201245877095,0.3693416482579339,0.3513625717213757,0.5185644158998048,1.1206434694561285,0.67937195065319
b_dynamics,17,1268203315,logistic,shuffled_signature,3,39,29510,14755,14755,C=1.0,0.3978875700956277,0.37513776858204534,0.35678735105973786,0.5220079837827742,1.120430064277008,0.6791897251806711
b_dynamics,17,1268203315,logistic,signature,0,39,29510,14755,14755,C=1.0,0.4445034860468306,0.40063203158013144,0.39243679858227143,0.5769916500769598,1.0932096721860993,0.6605442175090351
b_dynamics,17,1268203315,random_forest,b1,0,14,29510,14755,14755,max_depth=4,0.407095107713004,0.35686815618516715,0.3523730035344395,0.5190847031757994,1.1074908472375569,0.6728927022391213
b_dynamics,17,1268203315,random_forest,b2,0,29,29510,14755,14755,max_depth=4,0.4100811988414996,0.3629955380682388,0.3598191722410438,0.5272405822536945,1.1027322406012914,0.6699529512609936
b_dynamics,17,1268203315,random_forest,b3,0,40,29510,14755,14755,max_depth=4,0.4067246763948574,0.36078805857603274,0.3568094308672835,0.5266996126897697,1.1055907573878552,0.6723514215284548
b_dynamics,17,1268203315,random_forest,b3_signature,0,79,29510,14755,14755,max_depth=4,0.4140024311169126,0.3696735204294392,0.36383185577279326,0.5250566148768101,1.1035869404707492,0.670176342001004
b_dynamics,17,1268203315,random_forest,block_shuffled_signature,1,39,29510,14755,14755,max_depth=10,0.3947612853610097,0.37479634634459486,0.3567004539706116,0.5195339119397807,1.133751677664645,0.6844797146273195
b_dynamics,17,1268203315,random_forest,block_shuffled_signature,2,39,29510,14755,14755,max_depth=4,0.39265991018209984,0.3832010842225249,0.3533913889759328,0.5100212663323772,1.1110627635492578,0.6744863573687132
b_dynamics,17,1268203315,random_forest,block_shuffled_signature,3,39,29510,14755,14755,max_depth=4,0.39544697364040576,0.3811818931627335,0.3494003363254649,0.5103083729385601,1.1103621574300995,0.6740978709557233
b_dynamics,17,1268203315,random_forest,shuffled_signature,1,39,29510,14755,14755,max_depth=4,0.39242013864251296,0.38296580956152687,0.34554984015234663,0.5083742718750331,1.1101919774635662,0.6740303796012924
b_dynamics,17,1268203315,random_forest,shuffled_signature,2,39,29510,14755,14755,max_depth=4,0.3949136363121175,0.38242394924128903,0.3477975566762777,0.5088825517635535,1.1101572321802993,0.674084622791823
b_dynamics,17,1268203315,random_forest,shuffled_signature,3,39,29510,14755,14755,max_depth=4,0.3937607442617718,0.38513656202056784,0.34816774787204713,0.5084327649720789,1.1111734434020706,0.6745294158242218
b_dynamics,17,1268203315,random_forest,signature,0,39,29510,14755,14755,max_depth=4,0.401778902844307,0.3831654044865857,0.3526838772110428,0.5170970209678983,1.1054700666336548,0.670659774853684
b_dynamics,18,1531533396,logistic,b1,0,14,29510,14755,14755,C=0.01,0.4292081333585511,0.3944797579897113,0.3778999950991105,0.5888292072475333,1.0632950243084618,0.6423421855016702
b_dynamics,18,1531533396,logistic,b2,0,29,29510,14755,14755,C=0.01,0.42692617292867086,0.3814351512922351,0.3780280263334295,0.5744242923717162,1.0778145012947815,0.6491198331804657
b_dynamics,18,1531533396,logistic,b3,0,40,29510,14755,14755,C=1.0,0.4312925355737905,0.3788700020977036,0.37515252803236554,0.5747690923212252,1.0849969033254951,0.6534286682569233
b_dynamics,18,1531533396,logistic,b3_signature,0,79,29510,14755,14755,C=0.01,0.451718596537348,0.43067366906049953,0.4252219954022067,0.6162473088372892,1.0414612991489371,0.6254491612872507
b_dynamics,18,1531533396,logistic,block_shuffled_signature,1,39,29510,14755,14755,C=0.1,0.39411567763487737,0.4021166547093016,0.3633557801890413,0.5959139257333054,1.0517381639835737,0.6327204300675997
b_dynamics,18,1531533396,logistic,block_shuffled_signature,2,39,29510,14755,14755,C=0.1,0.39461215245424747,0.4042787613138876,0.35990548990451865,0.5956656342634824,1.0513194828089856,0.6322040294608189
b_dynamics,18,1531533396,logistic,block_shuffled_signature,3,39,29510,14755,14755,C=0.1,0.39378043980000665,0.4032148790150117,0.3556620676552373,0.5933139774694219,1.0525160813981205,0.6330480357811743
b_dynamics,18,1531533396,logistic,shuffled_signature,1,39,29510,14755,14755,C=0.01,0.3918934531845071,0.3990521559333497,0.34549184412086403,0.5797951761520758,1.0539124768498258,0.6350556004877742
b_dynamics,18,1531533396,logistic,shuffled_signature,2,39,29510,14755,14755,C=0.1,0.3914618087502551,0.40124819437308185,0.3491935186530666,0.5869350348509234,1.0550347835232294,0.6350725823700634
b_dynamics,18,1531533396,logistic,shuffled_signature,3,39,29510,14755,14755,C=0.1,0.39158096749339566,0.4008391223045571,0.3482715634061783,0.5867129615047241,1.0553369098556167,0.635302616656763
b_dynamics,18,1531533396,logistic,signature,0,39,29510,14755,14755,C=0.1,0.4318902572416179,0.4277422312769467,0.3835933989669836,0.6374587249310871,1.0176731968896113,0.6094077855501557
b_dynamics,18,1531533396,random_forest,b1,0,14,29510,14755,14755,max_depth=10,0.42252647712081887,0.4150830614883542,0.41366572336900104,0.601620727964035,1.065597353742813,0.6450176524257181
b_dynamics,18,1531533396,random_forest,b2,0,29,29510,14755,14755,max_depth=10,0.4260064682897821,0.43191164381522573,0.4281521312108167,0.617053320605114,1.049641441843423,0.6316115588843233
b_dynamics,18,1531533396,random_forest,b3,0,40,29510,14755,14755,max_depth=10,0.4273847271505066,0.42005902795004174,0.4151573489381446,0.609002271355387,1.0552788228390746,0.6364371657244897
b_dynamics,18,1531533396,random_forest,b3_signature,0,79,29510,14755,14755,max_depth=10,0.42247665801107637,0.4283994924949906,0.4238774772185858,0.6200682240789801,1.0471397436636434,0.630074613218902
b_dynamics,18,1531533396,random_forest,block_shuffled_signature,1,39,29510,14755,14755,max_depth=6,0.38224761347318365,0.42499646915429007,0.42320851779530955,0.593391193437662,1.0786118251507908,0.6526440480688129
b_dynamics,18,1531533396,random_forest,block_shuffled_signature,2,39,29510,14755,14755,max_depth=10,0.39296598166964564,0.4107388898332928,0.4102781910607755,0.5841348789036765,1.083089532325457,0.6545742183287362
b_dynamics,18,1531533396,random_forest,block_shuffled_signature,3,39,29510,14755,14755,max_depth=10,0.38767027771220514,0.40534762586732215,0.4051035113440438,0.5817553559069624,1.0841015550031134,0.6552723276427348
b_dynamics,18,1531533396,random_forest,shuffled_signature,1,39,29510,14755,14755,max_depth=6,0.3801166663849938,0.4231285207600583,0.4223305091064014,0.5938612783246701,1.078146954733383,0.6523645141330799
b_dynamics,18,1531533396,random_forest,shuffled_signature,2,39,29510,14755,14755,max_depth=6,0.38081408808328227,0.4218242544135584,0.41963176998411517,0.5934928473570835,1.0789217157990847,0.6525961079357053
b_dynamics,18,1531533396,random_forest,shuffled_signature,3,39,29510,14755,14755,max_depth=10,0.38360495082857665,0.41183136007046156,0.4117741935903593,0.5827586194163131,1.0854581337049842,0.6558832347538742
b_dynamics,18,1531533396,random_forest,signature,0,39,29510,14755,14755,max_depth=10,0.40853265618087015,0.44002831533965453,0.4392468962414601,0.6212116520245026,1.060309667228213,0.6375256777310349
b_dynamics,19,2102694575,logistic,b1,0,14,29510,14755,14755,C=1.0,0.3042686357401378,0.38096160318045363,0.37443914080185997,0.5529530117588718,1.115790393077928,0.670924225376122
b_dynamics,19,2102694575,logistic,b2,0,29,29510,14755,14755,C=1.0,0.3199808658386611,0.38024175899012663,0.3722643553833842,0.5527315803539342,1.1353869590284518,0.6821865039533636
b_dynamics,19,2102694575,logistic,b3,0,40,29510,14755,14755,C=0.1,0.3173605446690651,0.3822533632168293,0.3747261213430715,0.5535001899255909,1.1357376883637325,0.6821468086121596
b_dynamics,19,2102694575,logistic,b3_signature,0,79,29510,14755,14755,C=1.0,0.38979049300891383,0.4467485064619745,0.43241651598432124,0.6325704740455262,1.1078805311848385,0.6499715115039976
b_dynamics,19,2102694575,logistic,block_shuffled_signature,1,39,29510,14755,14755,C=1.0,0.3372233682135433,0.4025080905259652,0.3552663192884004,0.575980271635651,1.1034420633762372,0.6594144524372746
b_dynamics,19,2102694575,logistic,block_shuffled_signature,2,39,29510,14755,14755,C=1.0,0.3432694187009617,0.40492367256675105,0.36043466509841954,0.5771106804891818,1.1024528931225535,0.6592459528781286
b_dynamics,19,2102694575,logistic,block_shuffled_signature,3,39,29510,14755,14755,C=1.0,0.33976408735956004,0.4037158613892268,0.3575410902418166,0.5766046428549269,1.1033613289953477,0.6593865061690791
b_dynamics,19,2102694575,logistic,shuffled_signature,1,39,29510,14755,14755,C=1.0,0.33102541953612463,0.39636240559097136,0.3491338837456013,0.5661649574389341,1.1048568273957393,0.6618051776034226
b_dynamics,19,2102694575,logistic,shuffled_signature,2,39,29510,14755,14755,C=1.0,0.3316556538314061,0.39674852666414967,0.35066146636678625,0.5656278434492131,1.1043712181109067,0.6616630243558441
b_dynamics,19,2102694575,logistic,shuffled_signature,3,39,29510,14755,14755,C=1.0,0.32819836493587945,0.39657374335298057,0.3499447583710442,0.5651744412434682,1.105205386037146,0.6618326130489337
b_dynamics,19,2102694575,logistic,signature,0,39,29510,14755,14755,C=1.0,0.4189726551148494,0.45087812977915637,0.42070800760310795,0.6353619385448777,1.0764190849074295,0.633964117721753
b_dynamics,19,2102694575,random_forest,b1,0,14,29510,14755,14755,max_depth=4,0.34996820324531486,0.4077174600465794,0.38846660077534745,0.5722265611460139,1.0944692448077638,0.6587578236741282
b_dynamics,19,2102694575,random_forest,b2,0,29,29510,14755,14755,max_depth=4,0.342914689132684,0.4060851328525577,0.3793227273559945,0.5611057954250546,1.0930888187655416,0.6592435100670856
b_dynamics,19,2102694575,random_forest,b3,0,40,29510,14755,14755,max_depth=6,0.3427379512187671,0.41062909872817804,0.3913540358836613,0.5672064141967361,1.0957017695396019,0.6587744827374976
b_dynamics,19,2102694575,random_forest,b3_signature,0,79,29510,14755,14755,max_depth=6,0.345278132909395,0.41381617454897707,0.3886448054175193,0.5738806183617817,1.0943789461982414,0.6569719409673032
b_dynamics,19,2102694575,random_forest,block_shuffled_signature,1,39,29510,14755,14755,max_depth=4,0.340661689301166,0.39269855363188383,0.3400883050857922,0.548746182956809,1.1059252433545934,0.6643991961372837
b_dynamics,19,2102694575,random_forest,block_shuffled_signature,2,39,29510,14755,14755,max_depth=4,0.3375409001067624,0.3960249581341413,0.34188805590569055,0.549028862889907,1.1053731054547398,0.6635095130594775
b_dynamics,19,2102694575,random_forest,block_shuffled_signature,3,39,29510,14755,14755,max_depth=4,0.3397424197830566,0.3963489065440795,0.34168002278938747,0.5500987522943079,1.1048655089995156,0.6635352342157306
b_dynamics,19,2102694575,random_forest,shuffled_signature,1,39,29510,14755,14755,max_depth=4,0.33545051371130225,0.39526033012829204,0.3408755696262366,0.5494396083937924,1.1057054820987187,0.6638482914818072
b_dynamics,19,2102694575,random_forest,shuffled_signature,2,39,29510,14755,14755,max_depth=4,0.3368637230835548,0.3941921198473401,0.3398528470076679,0.5508817863675978,1.1063788507861787,0.6640621646860821
b_dynamics,19,2102694575,random_forest,shuffled_signature,3,39,29510,14755,14755,max_depth=4,0.33668678533647123,0.39656318938684,0.3422049640409241,0.5493042391606543,1.1065353938815963,0.6641598479112502
b_dynamics,19,2102694575,random_forest,signature,0,39,29510,14755,14755,max_depth=10,0.35602793837482666,0.3877930878494495,0.36909479564849007,0.572187846274779,1.137303044672232,0.6703879724364857
b_dynamics,20,3276909422,logistic,b1,0,14,29510,14755,14755,C=0.01,0.39473319205461843,0.365453748181459,0.3493644101290794,0.5607215025106856,1.089527830622859,0.6613881299807199
b_dynamics,20,3276909422,logistic,b2,0,29,29510,14755,14755,C=0.01,0.37771958050652965,0.364672922496834,0.35430529922352694,0.5552574534271049,1.113150990734244,0.676167978625876
b_dynamics,20,3276909422,logistic,b3,0,40,29510,14755,14755,C=0.01,0.3841946053656613,0.35877563341925867,0.35092348382388283,0.5506388697171499,1.1218473497244663,0.6818399402743246
b_dynamics,20,3276909422,logistic,b3_signature,0,79,29510,14755,14755,C=0.1,0.4090311179083914,0.38039499549921985,0.3770871554244641,0.5781332923124954,1.121431423664783,0.6798292056342743
b_dynamics,20,3276909422,logistic,block_shuffled_signature,1,39,29510,14755,14755,C=0.1,0.38969041859484044,0.3233791190284959,0.2562147405734783,0.5249148518978051,1.1091585128285932,0.6762821145453782
b_dynamics,20,3276909422,logistic,block_shuffled_signature,2,39,29510,14755,14755,C=0.1,0.390587949275486,0.32438350446687136,0.26275660411178225,0.5236764127372583,1.1097414599569704,0.6768922400359725
b_dynamics,20,3276909422,logistic,block_shuffled_signature,3,39,29510,14755,14755,C=0.01,0.38635202556117365,0.3183293900439227,0.23793989800869128,0.5202287663585472,1.1094006925251798,0.6761580706158025
b_dynamics,20,3276909422,logistic,shuffled_signature,1,39,29510,14755,14755,C=0.1,0.3793882559375898,0.3194258915022097,0.22577539054412998,0.5250401891128744,1.1078600286968212,0.6758976627945211
b_dynamics,20,3276909422,logistic,shuffled_signature,2,39,29510,14755,14755,C=0.01,0.37881562765667837,0.31627138195997917,0.2220788300056893,0.5203118623576534,1.108604786425794,0.6757836613154259
b_dynamics,20,3276909422,logistic,shuffled_signature,3,39,29510,14755,14755,C=0.1,0.3778268097749395,0.3200819376698644,0.22546941992966132,0.5265077738128339,1.1077363508136204,0.6757863898803089
b_dynamics,20,3276909422,logistic,signature,0,39,29510,14755,14755,C=0.1,0.42677461786293946,0.3774231891313234,0.36017322095535764,0.577045749285425,1.0878505215181913,0.6610107042393466
b_dynamics,20,3276909422,random_forest,b1,0,14,29510,14755,14755,max_depth=4,0.4132349449670912,0.35277674019850175,0.3504205572665316,0.5449734845827763,1.0916814957223167,0.6629384288014969
b_dynamics,20,3276909422,random_forest,b2,0,29,29510,14755,14755,max_depth=6,0.40056498326038853,0.3848497248067159,0.385730063314834,0.5622423566443366,1.0848553722879006,0.6586011560873735
b_dynamics,20,3276909422,random_forest,b3,0,40,29510,14755,14755,max_depth=4,0.40573707445412954,0.37105868001915066,0.36815948446214897,0.5458122646358797,1.091988756795935,0.663493314991141
b_dynamics,20,3276909422,random_forest,b3_signature,0,79,29510,14755,14755,max_depth=6,0.41204590318399514,0.38467283157253557,0.385210606009656,0.5658249915598427,1.0818675691270372,0.6570548114698715
b_dynamics,20,3276909422,random_forest,block_shuffled_signature,1,39,29510,14755,14755,max_depth=4,0.4073409437027962,0.3457085503603056,0.3425998341893477,0.5176424155345384,1.102607174247188,0.6709409395351377
b_dynamics,20,3276909422,random_forest,block_shuffled_signature,2,39,29510,14755,14755,max_depth=4,0.4072936941284009,0.34948283672449704,0.3478396212030461,0.5170945249273925,1.102148422927158,0.6706804844793336
b_dynamics,20,3276909422,random_forest,block_shuffled_signature,3,39,29510,14755,14755,max_depth=4,0.4032109879002948,0.3447775862839621,0.3403347680359712,0.5146932377416648,1.1027051402159331,0.6711475878757232
b_dynamics,20,3276909422,random_forest,shuffled_signature,1,39,29510,14755,14755,max_depth=4,0.4081680656334821,0.35014799002696834,0.3482653430503126,0.515869933812086,1.1015259038498824,0.6703936725290652
b_dynamics,20,3276909422,random_forest,shuffled_signature,2,39,29510,14755,14755,max_depth=4,0.40519632333792516,0.3437304490510624,0.340429680242141,0.5143139453070392,1.101994513893225,0.6707656165498942
b_dynamics,20,3276909422,random_forest,shuffled_signature,3,39,29510,14755,14755,max_depth=4,0.4040383016480457,0.34694901294662045,0.34421071155886573,0.5170054623061687,1.1021594195196078,0.6706883813643283
b_dynamics,20,3276909422,random_forest,signature,0,39,29510,14755,14755,max_depth=4,0.40397465247334446,0.3443644919376632,0.34556307674488923,0.5292522805408665,1.0968572316787994,0.6668390424877008
