design,replication,seed,learner,cell,n_features,selected_setting,validation_ba,test_ba,test_macro_f1,test_accuracy,test_recall_0,test_recall_1,test_recall_2
scale_only,1,651498517,random_forest,hmm,3,max_depth=6,0.7365787342659699,0.7184951105275962,0.7197441302408235,0.713916380529186,0.776703171668326,0.6618809126321648,0.7169012472822978
scale_only,1,651498517,random_forest,statistics,11,max_depth=6,0.7499597298032068,0.7290352526667673,0.7309194154384876,0.7251060391840032,0.780543308206514,0.6912632164718976,0.7152992333218904
scale_only,1,651498517,random_forest,statistics_logsig,25,max_depth=10,0.753818277549191,0.7326832499196921,0.734242537151146,0.7284588971924864,0.7865168539325843,0.6813578185865331,0.7301750772399588
scale_only,1,651498517,random_forest,statistics_rawsig,50,max_depth=10,0.758844790434923,0.7398379402915091,0.7410753472856108,0.7351242173298324,0.8004551272934148,0.6863661658319421,0.7326925277491704
scale_only,1,651498517,random_forest,b3,40,max_depth=6,0.7528419756491957,0.736231650275152,0.7380046798752108,0.732458089274894,0.7855212629782392,0.6987200890372843,0.7244535988099325
scale_only,1,651498517,random_forest,b3_logsig,54,max_depth=10,0.7575496572938615,0.7336864603791021,0.7354367534320931,0.7295091900626136,0.7865168539325843,0.6801335559265442,0.7344089712781783
scale_only,1,651498517,random_forest,b3_rawsig,79,max_depth=6,0.7589595644142952,0.740024288395217,0.7416933099867613,0.7361745101999596,0.7895036267956194,0.6961602671118531,0.7344089712781783
scale_only,1,651498517,random_forest,logsig,14,max_depth=10,0.7449936927842425,0.7289357881049373,0.731282074690497,0.7252272268228641,0.7769876262267102,0.6893711741791876,0.7204485639089141
scale_only,1,651498517,random_forest,rawsig,39,max_depth=10,0.7559770993809275,0.731483603442964,0.7321350905967065,0.7258735608967886,0.8045797183899872,0.674457429048414,0.7154136628904909
scale_only,1,651498517,random_forest,logsig_shuffled,14,max_depth=10,0.741570498790967,0.7289907884550173,0.7300353308296256,0.724782872147041,0.7809699900440905,0.6664440734557596,0.739558301865202
scale_only,1,651498517,random_forest,rawsig_shuffled,39,max_depth=10,0.7470956974856579,0.725599465840994,0.725353452717015,0.7202989295091901,0.7923481723794624,0.6556483027267669,0.7288019224167525
scale_only,1,651498517,random_forest,statistics_logsig_shuffled,25,max_depth=10,0.7520401925899006,0.7306626270301515,0.7320620013615029,0.7263583114522318,0.7849523538614707,0.674457429048414,0.7325780981805698
scale_only,1,651498517,random_forest,statistics_rawsig_shuffled,50,max_depth=10,0.7542194781683523,0.7329217962376459,0.7333700725674029,0.7278125631185619,0.7978950362679562,0.6698942682248191,0.7309760842201625
scale_only,1,651498517,random_forest,b3_logsig_shuffled,54,max_depth=6,0.7532781832671933,0.7370238332205078,0.7388666694411218,0.7332256109876792,0.7870857630493528,0.702392877017251,0.7215928595949194
scale_only,1,651498517,random_forest,b3_rawsig_shuffled,79,max_depth=6,0.7545309269892139,0.7387433859929957,0.740011483701767,0.7348414461724904,0.7886502631204665,0.69259877573734,0.7349811191211809
scale_only,1,651498517,logistic,hmm,3,C=0.01,0.7376469510366067,0.7213282761181131,0.7244100886637564,0.7178347808523531,0.7654672166121462,0.6762381747356706,0.7222794370065225
scale_only,1,651498517,logistic,statistics,11,C=0.1,0.748747092538275,0.7334817042978546,0.7324512261323696,0.7274490002019794,0.8136822642582847,0.6832498608792432,0.7035129877560362
scale_only,1,651498517,logistic,statistics_logsig,25,C=1.0,0.7572415404974677,0.7407597938189521,0.7399355783947672,0.7349626338113513,0.8185179917508179,0.6972732331663885,0.7064881565396498
scale_only,1,651498517,logistic,statistics_rawsig,50,C=1.0,0.7612047735746317,0.7445353716587854,0.7452873577445271,0.7393657846899616,0.814962309771014,0.7132999443516973,0.7053438608536445
scale_only,1,651498517,logistic,b3,40,C=0.1,0.7410926357296068,0.7199752131568612,0.7186005149763205,0.7129468794182994,0.8148200824918219,0.6712298274902615,0.6738757294884998
scale_only,1,651498517,logistic,b3_logsig,54,C=1.0,0.7472104613889593,0.7264303764904213,0.7249284398140579,0.7194506160371642,0.8206514009387,0.6782415136338341,0.6803982148987299
scale_only,1,651498517,logistic,b3_rawsig,79,C=1.0,0.7552181722528064,0.7375707193702122,0.7382316548589457,0.7319733387194506,0.813966718816669,0.7047301057317752,0.6940153335621925
scale_only,1,651498517,logistic,logsig,14,C=0.1,0.7495298777415206,0.7269550266181057,0.7213285340301984,0.7179963643708341,0.8426966292134831,0.6290484140233723,0.7091200366174619
scale_only,1,651498517,logistic,rawsig,39,C=1.0,0.7588326282478818,0.7373334749386392,0.7382444600215875,0.732175318117552,0.8092732186033281,0.7177518085698387,0.6849753976427508
scale_only,1,651498517,logistic,logsig_shuffled,14,C=0.1,0.7424164503282308,0.7124392874305601,0.7070196035032947,0.7035750353463947,0.8264827193855782,0.6122426265998887,0.6985925163062136
scale_only,1,651498517,logistic,rawsig_shuffled,39,C=1.0,0.7478604764518169,0.7258077173642828,0.7271814449955908,0.7214300141385579,0.7859479448158156,0.7028380634390651,0.6886371438379677
scale_only,1,651498517,logistic,statistics_logsig_shuffled,25,C=1.0,0.7519195148004295,0.7346174066664705,0.7335848455704577,0.7285396889517269,0.8155312188877827,0.6848080133555926,0.7035129877560362
scale_only,1,651498517,logistic,statistics_rawsig_shuffled,50,C=1.0,0.7556063256676667,0.7387508120383212,0.7393381865882264,0.7336699656635023,0.807282036694638,0.7032832498608792,0.7056871495594461
scale_only,1,651498517,logistic,b3_logsig_shuffled,54,C=0.1,0.7415508633569662,0.7200124802656184,0.7187240314607068,0.7130276711775398,0.8141089460958612,0.6704507512520869,0.6754777434489072
scale_only,1,651498517,logistic,b3_rawsig_shuffled,79,C=1.0,0.7477513571378349,0.7290211343678737,0.7294020556877191,0.7232882246010907,0.8061442184611008,0.687590428491931,0.6933287561505893
scale_only,1,651498517,gbm,hmm,3,max_leaf_nodes=7,0.7362518253558082,0.7177461084486184,0.7186599024203749,0.7131084629367804,0.7752808988764045,0.6505286588759043,0.7274287675935461
scale_only,1,651498517,gbm,statistics,11,max_leaf_nodes=7,0.7422090402646138,0.7214858138942909,0.722443119757977,0.7161785497879216,0.7896458540748116,0.6606566499721759,0.7141549376358851
scale_only,1,651498517,gbm,statistics_logsig,25,max_leaf_nodes=15,0.7486738883201339,0.726870690447082,0.7268201662612223,0.7207028883053929,0.8057175366235244,0.6536449638286033,0.7212495708891178
scale_only,1,651498517,gbm,statistics_rawsig,50,max_leaf_nodes=7,0.7514653085059514,0.7303891964183132,0.7309130136602439,0.7245404968693193,0.8064286730194852,0.6697829716193656,0.7149559446160888
scale_only,1,651498517,gbm,b3,40,max_leaf_nodes=7,0.7397524191067025,0.7253498881481356,0.7257545271892757,0.7198141789537467,0.7964727634760347,0.6621035058430718,0.7174733951253004
scale_only,1,651498517,gbm,b3_logsig,54,max_leaf_nodes=7,0.7451859805982727,0.7260628824687357,0.7265786941278898,0.7204605130276712,0.7983217181055327,0.6639955481357819,0.715871381164893
scale_only,1,651498517,gbm,b3_rawsig,79,max_leaf_nodes=7,0.7480352037065918,0.7312118297861562,0.7323656845816299,0.725954352656029,0.7993173090598776,0.6750139120756817,0.7193042682229088
scale_only,1,651498517,gbm,logsig,14,max_leaf_nodes=7,0.75242007066561,0.7334935482511238,0.7331763955613416,0.7278125631185619,0.806286445740293,0.6672231496939344,0.726971049319144
scale_only,1,651498517,gbm,rawsig,39,max_leaf_nodes=7,0.7546766370358281,0.7295031690991537,0.7294216156920769,0.7236113916380529,0.8057175366235244,0.6657762938230384,0.7170156768508983
scale_only,1,651498517,gbm,logsig_shuffled,14,max_leaf_nodes=7,0.7480994249156964,0.7230768405155952,0.7222737477943878,0.7175116138153909,0.7927748542170389,0.6469671675013912,0.7294884998283556
scale_only,1,651498517,gbm,rawsig_shuffled,39,max_leaf_nodes=7,0.7472051713238484,0.7241299633560266,0.7235102040320617,0.7186426984447586,0.7930593087754231,0.6505286588759043,0.7288019224167525
scale_only,1,651498517,gbm,statistics_logsig_shuffled,25,max_leaf_nodes=7,0.7436106988917328,0.7250134513829666,0.7249427555292698,0.7189254696021006,0.8038685819940264,0.6598775737340011,0.7112941984208719
scale_only,1,651498517,gbm,statistics_rawsig_shuffled,50,max_leaf_nodes=7,0.7437720260097046,0.7258268924842101,0.725868794121698,0.7198141789537467,0.80344190015645,0.659654980523094,0.7143837967730862
scale_only,1,651498517,gbm,b3_logsig_shuffled,54,max_leaf_nodes=7,0.7409121197792238,0.7254201393183672,0.7257387728651253,0.719854574833367,0.796757218034419,0.6606566499721759,0.7188465499485067
scale_only,1,651498517,gbm,b3_rawsig_shuffled,79,max_leaf_nodes=7,0.7404222418063123,0.7264366952339558,0.726686471847176,0.7209452635831145,0.7964727634760347,0.6601001669449081,0.7227371552809246
scale_only,2,3180925944,random_forest,hmm,3,max_depth=6,0.7299384358773358,0.7926290390733942,0.7888144362490707,0.7880832155120178,0.8279184405108672,0.7063924402445804,0.8435762364647351
scale_only,2,3180925944,random_forest,statistics,11,max_depth=10,0.7462792863775037,0.7835776227295854,0.7849617798573277,0.7847303575035346,0.8327358279184405,0.7491939966648138,0.7688030436055019
scale_only,2,3180925944,random_forest,statistics_logsig,25,max_depth=10,0.7532223510667572,0.7908240341223064,0.7920063639791767,0.791597657038982,0.8363208604077974,0.7556420233463035,0.7805092186128183
scale_only,2,3180925944,random_forest,statistics_rawsig,50,max_depth=10,0.7582827175867451,0.7938303752967797,0.7955338048480226,0.795071702686326,0.8390096347748152,0.7643135075041689,0.778167983611355
scale_only,2,3180925944,random_forest,b3,40,max_depth=6,0.7484315667552682,0.790518107881887,0.7901665777117697,0.7897394465764492,0.8334080215101949,0.7400778210116732,0.7980684811237928
scale_only,2,3180925944,random_forest,b3_logsig,54,max_depth=10,0.7508440504112305,0.7914104019284826,0.7925720230274812,0.7923651787517674,0.8406901187542012,0.7546414674819344,0.7788996195493123
scale_only,2,3180925944,random_forest,b3_rawsig,79,max_depth=6,0.7553488263883598,0.7969344371594884,0.7972317446710281,0.7966471419915169,0.8369930539995518,0.754863813229572,0.7989464442493416
scale_only,2,3180925944,random_forest,logsig,14,max_depth=10,0.7457940579035606,0.7909037067427421,0.791039824034312,0.7905473641688547,0.8318395697961013,0.7471928849360756,0.7936786654960492
scale_only,2,3180925944,random_forest,rawsig,39,max_depth=10,0.7565888494503611,0.7943845402269164,0.7961523652398567,0.7955564532417694,0.8405780864889089,0.7630906058921623,0.7794849282996781
scale_only,2,3180925944,random_forest,logsig_shuffled,14,max_depth=10,0.7423841143208976,0.7919205801161989,0.7914919058951488,0.7910321147242981,0.8310553439390544,0.743857698721512,0.8008486976880305
scale_only,2,3180925944,random_forest,rawsig_shuffled,39,max_depth=6,0.7498076317346344,0.7905959395925933,0.7902928270044963,0.7896990506968289,0.8325117633878557,0.7397443023902168,0.7995317529997074
scale_only,2,3180925944,random_forest,statistics_logsig_shuffled,25,max_depth=10,0.7520826658491352,0.7881601509882689,0.7893909964801115,0.7890527166229044,0.8358727313466279,0.7521956642579211,0.7764120573602575
scale_only,2,3180925944,random_forest,statistics_rawsig_shuffled,50,max_depth=10,0.7538742333761265,0.7904363280787413,0.7913572859853334,0.7908301353261967,0.8363208604077974,0.7505280711506392,0.7844600526777875
scale_only,2,3180925944,random_forest,b3_logsig_shuffled,54,max_depth=6,0.7502313524653882,0.7913738514697356,0.7912326077676853,0.7907897394465765,0.8325117633878557,0.7448582545858811,0.7967515364354697
scale_only,2,3180925944,random_forest,b3_rawsig_shuffled,79,max_depth=6,0.7521539699023951,0.7919431762778971,0.791405977076369,0.7909109270854373,0.8329598924490254,0.7404113396331296,0.8024582967515365
scale_only,2,3180925944,logistic,hmm,3,C=0.1,0.7311992914663362,0.7925132390360093,0.7901914647222145,0.789416279539487,0.8313914407349317,0.7193996664813785,0.8267486098917178
scale_only,2,3180925944,logistic,statistics,11,C=0.01,0.7497480617934374,0.7852391802410477,0.7842014954827851,0.785215108058978,0.8641048622003137,0.7086158977209561,0.782996780801873
scale_only,2,3180925944,logistic,statistics_logsig,25,C=0.01,0.7608042003265405,0.7919151445218384,0.7909671574825948,0.7914764694001212,0.8665695720367466,0.7146192329071707,0.7945566286215979
scale_only,2,3180925944,logistic,statistics_rawsig,50,C=0.1,0.7640254665639205,0.7926790442315564,0.7929964659009251,0.7930115128256918,0.8529016356710732,0.7381878821567538,0.7869476148668423
scale_only,2,3180925944,logistic,b3,40,C=0.01,0.7448706684143422,0.7822526027182305,0.7814776327735964,0.782185417087457,0.8563746358951378,0.709727626459144,0.7806555458004097
scale_only,2,3180925944,logistic,b3_logsig,54,C=0.01,0.7525871741132327,0.7897716774110722,0.7886448610691947,0.789416279539487,0.863656733139144,0.7141745414118955,0.7914837576821774
scale_only,2,3180925944,logistic,b3_rawsig,79,C=0.01,0.7554575304943135,0.7910940894720399,0.7906175814114306,0.7909513229650575,0.8576069908133542,0.7250694830461367,0.7906057945566286
scale_only,2,3180925944,logistic,logsig,14,C=1.0,0.7632879668888451,0.7894814274497399,0.7868236628803343,0.787962027873157,0.8731794756889985,0.6910505836575875,0.8042142230026339
scale_only,2,3180925944,logistic,rawsig,39,C=0.1,0.7646434469284912,0.7906570315725379,0.7915152830026825,0.7914360735205009,0.8518933452834416,0.7403001667593108,0.779777582674861
scale_only,2,3180925944,logistic,logsig_shuffled,14,C=0.1,0.7508649717438026,0.782811005403722,0.7794782080702826,0.7803272066249243,0.8615281200985884,0.6781545302946081,0.808750365817969
scale_only,2,3180925944,logistic,rawsig_shuffled,39,C=0.1,0.7512127219913779,0.7835538164561822,0.7840096425140867,0.7837204605130277,0.84203450593771,0.7288493607559755,0.779777582674861
scale_only,2,3180925944,logistic,statistics_logsig_shuffled,25,C=0.01,0.754190776766857,0.786914873566679,0.7859356916501848,0.7866289638456877,0.8609679587721264,0.7119510839355198,0.787825577992391
scale_only,2,3180925944,logistic,statistics_rawsig_shuffled,50,C=1.0,0.7592512729808112,0.7867117355348016,0.7871162719140754,0.7871541102807513,0.8451714093658974,0.7351862145636465,0.779777582674861
scale_only,2,3180925944,logistic,b3_logsig_shuffled,54,C=0.01,0.7453944434831365,0.7836820388877922,0.7829791530552673,0.7836800646334074,0.8562626036298454,0.713396331295164,0.781387181738367
scale_only,2,3180925944,logistic,b3_rawsig_shuffled,79,C=0.01,0.74970545185522,0.7848636802855374,0.7843002066439785,0.7848111492627752,0.8530136679363657,0.7182879377431907,0.7832894351770558
scale_only,2,3180925944,gbm,hmm,3,max_leaf_nodes=7,0.7292793259040403,0.7914597830756018,0.7873769960924468,0.7867905473641689,0.829822989020838,0.7008337965536409,0.8437225636523266
scale_only,2,3180925944,gbm,statistics,11,max_leaf_nodes=7,0.739746153862262,0.7780312776391112,0.7786341333075398,0.7787921631993536,0.8353125700201658,0.7312951639799888,0.7674860989171788
scale_only,2,3180925944,gbm,statistics_logsig,25,max_leaf_nodes=7,0.7488142013596225,0.7867549740836196,0.7872560889445775,0.7873560896788527,0.8446112480394353,0.7376320177876599,0.7780216564237635
scale_only,2,3180925944,gbm,statistics_rawsig,50,max_leaf_nodes=7,0.7519195243129294,0.7862914779118629,0.7870258564743242,0.7868309432437891,0.8380013443871835,0.7424124513618677,0.7784606379865379
scale_only,2,3180925944,gbm,b3,40,max_leaf_nodes=7,0.7383348156048261,0.7770203062942667,0.7783859982824929,0.7785901838012522,0.8377772798565987,0.7361867704280156,0.7570968685981856
scale_only,2,3180925944,gbm,b3_logsig,54,max_leaf_nodes=7,0.7449564941997971,0.7835146121140321,0.7845108878964764,0.7848111492627752,0.8432668608559265,0.7405225125069483,0.7667544629792216
scale_only,2,3180925944,gbm,b3_rawsig,79,max_leaf_nodes=7,0.7457361678998194,0.782371045348038,0.7836541038235785,0.7837608563926479,0.8415863768765405,0.7409672040022235,0.7645595551653497
scale_only,2,3180925944,gbm,logsig,14,max_leaf_nodes=7,0.7593035063877128,0.7933087500086571,0.7928593317455382,0.792607554029489,0.8453954738964822,0.7348526959421902,0.7996780801872988
scale_only,2,3180925944,gbm,rawsig,39,max_leaf_nodes=7,0.758211757052015,0.7926412932462269,0.7926932372676175,0.7922843869925268,0.8423706027335873,0.7404113396331296,0.7951419373719637
scale_only,2,3180925944,gbm,logsig_shuffled,14,max_leaf_nodes=7,0.7503536030946415,0.7871760541037595,0.786774585895588,0.786225005049485,0.8330719247143177,0.7318510283490828,0.7966052092478783
scale_only,2,3180925944,gbm,rawsig_shuffled,39,max_leaf_nodes=15,0.7507810768784692,0.7840603212395191,0.7841306465716057,0.7836800646334074,0.8346403764284114,0.7307392996108949,0.7868012876792508
scale_only,2,3180925944,gbm,statistics_logsig_shuffled,25,max_leaf_nodes=7,0.7434329129970397,0.7812370035512908,0.7822746580890373,0.782185417087457,0.8349764732242886,0.7400778210116732,0.7686567164179104
scale_only,2,3180925944,gbm,statistics_rawsig_shuffled,50,max_leaf_nodes=7,0.7440486376112756,0.7801735795505892,0.7810716054341723,0.7809735406988487,0.8355366345507507,0.7357420789327405,0.7692420251682762
scale_only,2,3180925944,gbm,b3_logsig_shuffled,54,max_leaf_nodes=7,0.7383348156048261,0.7770203062942667,0.7783859982824929,0.7785901838012522,0.8377772798565987,0.7361867704280156,0.7570968685981856
scale_only,2,3180925944,gbm,b3_rawsig_shuffled,79,max_leaf_nodes=7,0.7398378130505616,0.7770735635087181,0.7783693278929835,0.7786709755604928,0.8387855702442303,0.7356309060589217,0.7568042142230026
scale_only,3,1428164462,random_forest,hmm,3,max_depth=10,0.7052024568559491,0.7502598807649291,0.7504575716800367,0.7562108664916178,0.7945957584239423,0.6805615863366623,0.7756222975341825
scale_only,3,1428164462,random_forest,statistics,11,max_depth=10,0.7227843633636822,0.7563577045737769,0.7568906469535136,0.76521914764694,0.8078372268274303,0.6461137646547981,0.8151221222391025
scale_only,3,1428164462,random_forest,statistics_logsig,25,max_depth=10,0.7280576335854629,0.7615711326067321,0.7621933499775381,0.7706321955160573,0.8067606846808053,0.6455348096685483,0.8324179034708425
scale_only,3,1428164462,random_forest,statistics_rawsig,50,max_depth=6,0.7247985925725571,0.7641351326578887,0.7645578744801332,0.7715613007473238,0.8013779739476801,0.6691272253582284,0.8219001986677574
scale_only,3,1428164462,random_forest,b3,40,max_depth=6,0.7249637700574212,0.7550703051282373,0.755452035574122,0.7629165825085841,0.7985789643664549,0.6565349544072948,0.8100969966109618
scale_only,3,1428164462,random_forest,b3_logsig,54,max_depth=10,0.7271667129453956,0.7556829385029135,0.756390772407181,0.765784689961624,0.8085908063300679,0.6274424663482414,0.8310155428304312
scale_only,3,1428164462,random_forest,b3_rawsig,79,max_depth=10,0.7293844043897537,0.7561452221376026,0.756818601540682,0.7669157745909917,0.8097750026913554,0.6181791865682443,0.8404814771532079
scale_only,3,1428164462,random_forest,logsig,14,max_depth=10,0.712423671641543,0.7566394075648075,0.7570830382865138,0.7641284588971925,0.7900742814081171,0.6589955130988565,0.8208484281874489
scale_only,3,1428164462,random_forest,rawsig,39,max_depth=6,0.720875922111674,0.7635780301675889,0.7639170172657318,0.7709553625530196,0.79879427279578,0.6684035316254161,0.8235362860815706
scale_only,3,1428164462,random_forest,logsig_shuffled,14,max_depth=10,0.7095608748463317,0.7528559354268834,0.7529951037099716,0.7592405574631388,0.7812466358057918,0.6695614415979158,0.8077597288769428
scale_only,3,1428164462,random_forest,rawsig_shuffled,39,max_depth=6,0.711172687158756,0.7537813423151762,0.7538901808355275,0.7602504544536457,0.7855528043922919,0.6707193515704154,0.8050718709828211
scale_only,3,1428164462,random_forest,statistics_logsig_shuffled,25,max_depth=10,0.7239695855574984,0.7558634370376027,0.7565681956150639,0.7654615229246616,0.8072989557541178,0.6345346649298017,0.8257566904288887
scale_only,3,1428164462,random_forest,statistics_rawsig_shuffled,50,max_depth=10,0.7213413066988741,0.7549258917328888,0.7554965183734798,0.7646536053322561,0.8053611798901927,0.6312056737588653,0.8282108215496085
scale_only,3,1428164462,random_forest,b3_logsig_shuffled,54,max_depth=10,0.725688883653136,0.7519537953992449,0.7525794126405346,0.7622298525550394,0.8057917967488427,0.6215081777391808,0.8285614117097113
scale_only,3,1428164462,random_forest,b3_rawsig_shuffled,79,max_depth=10,0.7247281373086524,0.7530925342764311,0.7536662087620288,0.7631185619066855,0.8053611798901927,0.6257056013894919,0.8282108215496085
scale_only,3,1428164462,logistic,hmm,3,C=0.1,0.6991481115969739,0.7502988365697983,0.7499219227582529,0.7544738436679459,0.7993325438690925,0.7093645969025908,0.7421993689377118
scale_only,3,1428164462,logistic,statistics,11,C=0.01,0.7111749371347124,0.7500617753394705,0.7500377297544757,0.7575843263987073,0.8238777048121434,0.6698509190910407,0.7564567021152273
scale_only,3,1428164462,logistic,statistics_logsig,25,C=0.01,0.7168763226901843,0.7589697018106224,0.7587886857824361,0.7659866693597253,0.8243083216707934,0.6825879287885367,0.7700128549725371
scale_only,3,1428164462,logistic,statistics_rawsig,50,C=1.0,0.7227623330632387,0.768130014585056,0.7675963068858711,0.7729751565340335,0.8088061147593928,0.7134172818063396,0.7821666471894355
scale_only,3,1428164462,logistic,b3,40,C=0.01,0.6991377182996583,0.7388334586637354,0.7389700845201768,0.7484952534841446,0.8190332651523307,0.6293240700535533,0.7681430407853219
scale_only,3,1428164462,logistic,b3_logsig,54,C=0.01,0.7059110156823175,0.7436207511735043,0.7437346900517497,0.7525348414461724,0.8183873398643556,0.642929512230424,0.7695454014257334
scale_only,3,1428164462,logistic,b3_rawsig,79,C=1.0,0.7114320764973413,0.7565162328259781,0.7565267565672701,0.7636437083417491,0.8040693293142427,0.670574612823853,0.7949047563398387
scale_only,3,1428164462,logistic,logsig,14,C=1.0,0.7166185261705199,0.7606386633061154,0.7607180642089371,0.769420319127449,0.8339972009904187,0.6613113330438558,0.7866074558840715
scale_only,3,1428164462,logistic,rawsig,39,C=1.0,0.7258681166441177,0.7728341611731969,0.7722428286147726,0.7772975156534033,0.8095596942620303,0.7221016066000868,0.7868411826574734
scale_only,3,1428164462,logistic,logsig_shuffled,14,C=1.0,0.7150612368686132,0.7568820579154956,0.7571007406004541,0.7658654817208644,0.8328130046291312,0.6556665219279201,0.7821666471894355
scale_only,3,1428164462,logistic,rawsig_shuffled,39,C=1.0,0.7171477505656808,0.7593353043285361,0.7589980323779885,0.7641688547768127,0.8001937775863925,0.7048776957591547,0.7729344396400608
scale_only,3,1428164462,logistic,statistics_logsig_shuffled,25,C=0.01,0.7121677402262371,0.755423052122071,0.7553447839301745,0.7626338113512422,0.8219399289482183,0.676653640179476,0.7676755872385181
scale_only,3,1428164462,logistic,statistics_rawsig_shuffled,50,C=1.0,0.7192678538405822,0.7601421028498881,0.7598644010581536,0.765501918804282,0.8055764883195177,0.6998118396294688,0.7750379806006779
scale_only,3,1428164462,logistic,b3_logsig_shuffled,54,C=0.01,0.6990790249861565,0.7402323520367595,0.7403866945158507,0.7496667339931327,0.8180643772203682,0.6330872774641771,0.7695454014257334
scale_only,3,1428164462,logistic,b3_rawsig_shuffled,79,C=1.0,0.7072042903597748,0.7472973932031399,0.7473717212973682,0.7550393859826298,0.7976100764344924,0.6533507019829208,0.7909314011920066
scale_only,3,1428164462,gbm,hmm,3,max_leaf_nodes=7,0.705740057027093,0.7500749877624537,0.7502903006173055,0.756089678852757,0.7950263752825923,0.6796931538572876,0.7755054341474816
scale_only,3,1428164462,gbm,statistics,11,max_leaf_nodes=7,0.7121232617333332,0.7483319702309902,0.7490535172539534,0.7579074934356695,0.8104209279793304,0.63207410623824,0.8025008764754002
scale_only,3,1428164462,gbm,statistics_logsig,25,max_leaf_nodes=7,0.722773578143093,0.7625928483235728,0.7629756229916372,0.7715613007473238,0.8140811712778555,0.6507454045447967,0.8229519691480659
scale_only,3,1428164462,gbm,statistics_rawsig,50,max_leaf_nodes=7,0.7199258403622574,0.7626799261410083,0.7631085911789173,0.7721268430620076,0.8145117881365056,0.6437979447097988,0.8297300455767208
scale_only,3,1428164462,gbm,b3,40,max_leaf_nodes=7,0.7149987994818168,0.7538005233272987,0.7542412348485735,0.7644516259341547,0.8119280869846055,0.6196265740338689,0.8298469089634217
scale_only,3,1428164462,gbm,b3_logsig,54,max_leaf_nodes=7,0.7155497543727747,0.7536110211288052,0.7540843261777731,0.7642900424156736,0.8134352459898805,0.6197713127804313,0.8276265046161038
scale_only,3,1428164462,gbm,b3_rawsig,79,max_leaf_nodes=7,0.716955450844904,0.7557120128024358,0.7562387788352049,0.7662694405170672,0.814188825492518,0.6231003039513677,0.8298469089634217
scale_only,3,1428164462,gbm,logsig,14,max_leaf_nodes=7,0.7212424751776926,0.7653621059566592,0.7657584051720819,0.7730155524136538,0.8058994509635052,0.6684035316254161,0.8217833352810564
scale_only,3,1428164462,gbm,rawsig,39,max_leaf_nodes=7,0.7178885502954998,0.762098852178255,0.7624936063106454,0.7701070490809937,0.8053611798901927,0.6610218555507309,0.8199135210938413
scale_only,3,1428164462,gbm,logsig_shuffled,14,max_leaf_nodes=7,0.713011687545984,0.7531961241332303,0.7534680174178053,0.7607756008887093,0.7922273657013672,0.6566796931538573,0.8106813135444665
scale_only,3,1428164462,gbm,rawsig_shuffled,39,max_leaf_nodes=7,0.7123630191328173,0.7524191287671215,0.7526083970996479,0.7596849121389618,0.788782430832167,0.6594297293385439,0.8090452261306532
scale_only,3,1428164462,gbm,statistics_logsig_shuffled,25,max_leaf_nodes=7,0.7154475712016825,0.7568120522246907,0.7573754485523653,0.766229044637447,0.8110668532673054,0.6394557823129252,0.8199135210938413
scale_only,3,1428164462,gbm,statistics_rawsig_shuffled,50,max_leaf_nodes=7,0.7176581272399237,0.7573115432849318,0.7578475784074769,0.7668753787113715,0.8114974701259554,0.6377189173541757,0.8227182423746641
scale_only,3,1428164462,gbm,b3_logsig_shuffled,54,max_leaf_nodes=7,0.7149987994818168,0.7538005233272987,0.7542412348485735,0.7644516259341547,0.8119280869846055,0.6196265740338689,0.8298469089634217
scale_only,3,1428164462,gbm,b3_rawsig_shuffled,79,max_leaf_nodes=7,0.7160286189748843,0.7519666030983024,0.7524656331146398,0.7626338113512422,0.8102056195500054,0.6176002315819945,0.8280939581629075
scale_only,4,644533757,random_forest,hmm,3,max_depth=10,0.720976955090411,0.7600050738478074,0.7601243091657076,0.7555645324176934,0.8063441483198146,0.7285483545326065,0.7451227186910007
scale_only,4,644533757,random_forest,statistics,11,max_depth=6,0.7391249797031384,0.7681097400251643,0.7671862198328575,0.7631185619066855,0.805619930475087,0.725015142337977,0.7736941472624292
scale_only,4,644533757,random_forest,statistics_logsig,25,max_depth=6,0.7426678030715985,0.7685524963694043,0.7673745949747112,0.7633205413047869,0.8031575898030128,0.7208762366242681,0.7816236626809314
scale_only,4,644533757,random_forest,statistics_rawsig,50,max_depth=6,0.7441799271878954,0.7742110850138028,0.7729815662523584,0.7690163603312462,0.8037369640787949,0.7243084998990511,0.794587791063562
scale_only,4,644533757,random_forest,b3,40,max_depth=6,0.7418992066170543,0.7683228684773104,0.7680567266081565,0.7639264794990911,0.7979432213209734,0.7285483545326065,0.7784770295783512
scale_only,4,644533757,random_forest,b3_logsig,54,max_depth=6,0.7421066495670826,0.7695157634555064,0.7686842921471904,0.7645728135730155,0.8017091541135574,0.7242075509792045,0.7826305852737571
scale_only,4,644533757,random_forest,b3_rawsig,79,max_depth=6,0.7453409125640164,0.7733887532408475,0.772456904408101,0.768410422136942,0.8038818076477404,0.7267312739753684,0.7895531780994336
scale_only,4,644533757,random_forest,logsig,14,max_depth=10,0.7358475715408351,0.7645082133540589,0.7626575715024736,0.7583922439911129,0.7980880648899189,0.7051282051282052,0.7903083700440529
scale_only,4,644533757,random_forest,rawsig,39,max_depth=4,0.7393929372969362,0.766412408539253,0.7659506382764789,0.7617047061199758,0.798667439165701,0.724106602059358,0.7764631843926998
scale_only,4,644533757,random_forest,logsig_shuffled,14,max_depth=10,0.735093041681573,0.7644644489828525,0.7631224179036314,0.7590385780650374,0.7969293163383546,0.7132041187159297,0.7832599118942731
scale_only,4,644533757,random_forest,rawsig_shuffled,39,max_depth=4,0.7348833165885035,0.7641013756957594,0.763114478786708,0.7590385780650374,0.7973638470451911,0.7178477690288714,0.7770925110132159
scale_only,4,644533757,random_forest,statistics_logsig_shuffled,25,max_depth=6,0.7427032036308926,0.7690710568285302,0.7677984756546151,0.7638860836194709,0.8027230590961761,0.7214819301433475,0.7830081812460667
scale_only,4,644533757,random_forest,statistics_rawsig_shuffled,50,max_depth=6,0.7409983459486452,0.769636615034616,0.7680723880362489,0.7642900424156736,0.7975086906141368,0.7169392287502524,0.7944619257394587
scale_only,4,644533757,random_forest,b3_logsig_shuffled,54,max_depth=6,0.7413516807287839,0.7690190958537211,0.7682364413202633,0.7641688547768127,0.8012746234067207,0.7249141934181305,0.7808684707363122
scale_only,4,644533757,random_forest,b3_rawsig_shuffled,79,max_depth=6,0.7407335911889185,0.7691274148757574,0.7679384501760248,0.7640476671379519,0.7975086906141368,0.7200686452654956,0.78980490874764
scale_only,4,644533757,logistic,hmm,3,C=0.01,0.7234844971925746,0.7651182166343519,0.7655661067401907,0.7610179761664311,0.7962050984936269,0.7298606904906118,0.7692888609188169
scale_only,4,644533757,logistic,statistics,11,C=1.0,0.7361495653126772,0.7567432163924709,0.7553457372233777,0.7510805897798425,0.8185110081112399,0.7180496668685645,0.7336689741976086
scale_only,4,644533757,logistic,statistics_logsig,25,C=1.0,0.742990016543482,0.7596164545300764,0.757984166098158,0.7535447384366795,0.8222769409038239,0.7162325863113265,0.7403398363750787
scale_only,4,644533757,logistic,statistics_rawsig,50,C=1.0,0.7439647434887182,0.7705908014376422,0.7700629426323934,0.7659058776004848,0.8170625724217845,0.7361195235210983,0.758590308370044
scale_only,4,644533757,logistic,b3,40,C=0.1,0.7252784351705875,0.7528492981494853,0.7513817848326564,0.7467986265400929,0.816917728852839,0.7104784978800727,0.7311516677155444
scale_only,4,644533757,logistic,b3_logsig,54,C=0.1,0.7331311503264364,0.7596441766823485,0.7585718466987941,0.7540698848717431,0.8212630359212051,0.7219866747425803,0.73568281938326
scale_only,4,644533757,logistic,b3_rawsig,79,C=1.0,0.7320686180525705,0.7651139393778915,0.7652462966619199,0.7608563926479499,0.8109791425260718,0.7357157278417121,0.7486469477658905
scale_only,4,644533757,logistic,logsig,14,C=1.0,0.7362611446267527,0.7611167285368393,0.7562356891921822,0.7522924661684508,0.8251738122827347,0.6837270341207349,0.7744493392070485
scale_only,4,644533757,logistic,rawsig,39,C=1.0,0.7389479750039398,0.7717260469558593,0.7714788650196441,0.7675217127852959,0.8124275782155272,0.7402584292348072,0.7624921334172435
scale_only,4,644533757,logistic,logsig_shuffled,14,C=0.1,0.7276462371472526,0.7562459559583651,0.7503538198067269,0.7466774389012321,0.8308227114716107,0.675045427013931,0.7628697293895532
scale_only,4,644533757,logistic,rawsig_shuffled,39,C=1.0,0.7299718237315531,0.7640474064405471,0.7635408960839264,0.7599272874166835,0.8050405561993047,0.7337976983646275,0.7533039647577092
scale_only,4,644533757,logistic,statistics_logsig_shuffled,25,C=0.1,0.7386914416976788,0.7596016741306181,0.7579072331075508,0.7537871137144011,0.8180764774044033,0.717242075509792,0.743486469477659
scale_only,4,644533757,logistic,statistics_rawsig_shuffled,50,C=1.0,0.7390831526359757,0.765359184492922,0.7649671524535515,0.7608967885275701,0.8106894553881807,0.7330910559257016,0.7522970421648836
scale_only,4,644533757,logistic,b3_logsig_shuffled,54,C=0.1,0.7256361041956628,0.7535649421401484,0.7521136107630122,0.7475257523732579,0.8167728852838934,0.7108822935594589,0.7330396475770925
scale_only,4,644533757,logistic,b3_rawsig_shuffled,79,C=1.0,0.7283709615818658,0.7585010452138521,0.7580974776043089,0.7536659260755403,0.8073580533024334,0.723399959620432,0.744745122718691
scale_only,4,644533757,gbm,hmm,3,max_leaf_nodes=7,0.721391319620018,0.7601733221174859,0.7602872864486697,0.755806907695415,0.8088064889918888,0.7308701796890773,0.7408432976714915
scale_only,4,644533757,gbm,statistics,11,max_leaf_nodes=7,0.7292693178574138,0.7585991563704706,0.7561640770512877,0.7518077156130075,0.8127172653534183,0.7015949929335756,0.7614852108244179
scale_only,4,644533757,gbm,statistics_logsig,25,max_leaf_nodes=7,0.7385832273128292,0.7675530822665925,0.7658557429931506,0.7615027267218744,0.8122827346465817,0.7149202503533212,0.7754562617998741
scale_only,4,644533757,gbm,statistics_rawsig,50,max_leaf_nodes=7,0.7353012131554818,0.7651333715825976,0.7627602926043483,0.7584730357503535,0.8125724217844728,0.7062386432465173,0.776589049716803
scale_only,4,644533757,gbm,b3,40,max_leaf_nodes=7,0.72801161225405,0.7585380448542972,0.7568348686578016,0.7523732579276914,0.802433371958285,0.704017767009893,0.7691629955947137
scale_only,4,644533757,gbm,b3_logsig,54,max_leaf_nodes=7,0.7302688524639483,0.759317087769188,0.7569132073971878,0.7523328620480711,0.8067786790266512,0.6963456491015546,0.7748269351793581
scale_only,4,644533757,gbm,b3_rawsig,79,max_leaf_nodes=7,0.7302288096992907,0.7617851486619074,0.7595174200101651,0.7549989901030095,0.8069235225955967,0.7000807591358772,0.778351164254248
scale_only,4,644533757,gbm,logsig,14,max_leaf_nodes=7,0.7381354060848203,0.7722893943234236,0.7701484239998457,0.7661482528782064,0.8072132097334879,0.7133050676357763,0.7963499056010069
scale_only,4,644533757,gbm,rawsig,39,max_leaf_nodes=7,0.7354851249485979,0.7698478306974295,0.7670813765353435,0.763037770147445,0.8102549246813442,0.7053301029678982,0.793958464443046
scale_only,4,644533757,gbm,logsig_shuffled,14,max_leaf_nodes=15,0.7305142210794315,0.7669292869617529,0.7652586859580245,0.7615835184811149,0.7941772885283893,0.7139107611548556,0.7926998112020138
scale_only,4,644533757,gbm,rawsig_shuffled,39,max_leaf_nodes=7,0.7295018198710269,0.7680042847488102,0.7662921900886349,0.7626742072308624,0.7977983777520278,0.7165354330708661,0.7896790434235368
scale_only,4,644533757,gbm,statistics_logsig_shuffled,25,max_leaf_nodes=7,0.7329465152420375,0.7605689182118575,0.7582934204971158,0.7539486972328823,0.8088064889918888,0.7026044821320412,0.7702957835116425
scale_only,4,644533757,gbm,statistics_rawsig_shuffled,50,max_leaf_nodes=7,0.7331185592964483,0.7610619352021515,0.7585161056535504,0.7542314683902241,0.8088064889918888,0.7001817080557238,0.774197608558842
scale_only,4,644533757,gbm,b3_logsig_shuffled,54,max_leaf_nodes=7,0.7280344406102452,0.7584834375830347,0.7567876152829687,0.7523328620480711,0.802143684820394,0.704017767009893,0.7692888609188169
scale_only,4,644533757,gbm,b3_rawsig_shuffled,79,max_leaf_nodes=7,0.7279735855073947,0.7601413804266829,0.7583352077419251,0.7538679054736417,0.8041714947856315,0.7043206137694327,0.7719320327249842
scale_only,5,3968314499,random_forest,hmm,3,max_depth=6,0.7294087252561706,0.7507243293288369,0.7501203771854156,0.756816804685922,0.7981002638522428,0.6831597222222222,0.7709130019120459
scale_only,5,3968314499,random_forest,statistics,11,max_depth=6,0.7420921288535718,0.7709358157234867,0.7692261095438967,0.7741062411634013,0.8099208443271768,0.7466724537037037,0.7562141491395793
scale_only,5,3968314499,random_forest,statistics_logsig,25,max_depth=6,0.7466793333085565,0.772588416142721,0.7709094331767038,0.7757624722278328,0.8073878627968337,0.7450810185185185,0.7652963671128107
scale_only,5,3968314499,random_forest,statistics_rawsig,50,max_depth=6,0.7547490830843064,0.7712273855059834,0.7698271319158211,0.7752373257927692,0.802532981530343,0.7268518518518519,0.7842973231357553
scale_only,5,3968314499,random_forest,b3,40,max_depth=6,0.7449435538862631,0.7694085040999306,0.767751554609728,0.772611593617451,0.8058047493403694,0.7426215277777778,0.7597992351816444
scale_only,5,3968314499,random_forest,b3_logsig,54,max_depth=10,0.7470237959980892,0.7708920368546238,0.7692165364422173,0.7740658452837811,0.8069656992084433,0.7443576388888888,0.7613527724665392
scale_only,5,3968314499,random_forest,b3_rawsig,79,max_depth=6,0.7515325467143885,0.7743533092309608,0.7727114157681451,0.7776610785699859,0.8060158311345647,0.7421875,0.7748565965583174
scale_only,5,3968314499,random_forest,logsig,14,max_depth=10,0.74456532785921,0.7622563432222803,0.7610818289199082,0.7667945869521309,0.7956728232189973,0.7105034722222222,0.7805927342256214
scale_only,5,3968314499,random_forest,rawsig,39,max_depth=6,0.7534293335161933,0.7695217878283819,0.7682488744426128,0.7739446576449203,0.8003166226912929,0.7177372685185185,0.7905114722753346
scale_only,5,3968314499,random_forest,logsig_shuffled,14,max_depth=10,0.7446454876734045,0.7589980818950792,0.7579982056019512,0.7641688547768127,0.8009498680738786,0.7029803240740741,0.7730640535372849
scale_only,5,3968314499,random_forest,rawsig_shuffled,39,max_depth=6,0.748089517411159,0.7569156899694418,0.7560297067307161,0.7627146031104828,0.7956728232189973,0.6877893518518519,0.7872848948374761
scale_only,5,3968314499,random_forest,statistics_logsig_shuffled,25,max_depth=6,0.7453719216045731,0.7689185132037765,0.7674125463570473,0.7725711977378308,0.8080211081794195,0.7365451388888888,0.762189292543021
scale_only,5,3968314499,random_forest,statistics_rawsig_shuffled,50,max_depth=6,0.7483567868539368,0.7624889200785964,0.7613039390667832,0.7670773581094729,0.8005277044854882,0.7133969907407407,0.7735420650095602
scale_only,5,3968314499,random_forest,b3_logsig_shuffled,54,max_depth=6,0.745462605539621,0.7704810151696043,0.7687773060110453,0.7735810947283377,0.805065963060686,0.7440682870370371,0.7623087954110899
scale_only,5,3968314499,random_forest,b3_rawsig_shuffled,79,max_depth=6,0.7467568644310746,0.7664688220466166,0.7649516924701224,0.7700666532013735,0.8014775725593668,0.7319155092592593,0.7660133843212237
scale_only,5,3968314499,logistic,hmm,3,C=1.0,0.7295063513391722,0.7506513966007731,0.7497204879662552,0.7556049282973136,0.7793139841688654,0.6882233796296297,0.7844168260038241
scale_only,5,3968314499,logistic,statistics,11,C=0.01,0.7377371767900945,0.7726891905399134,0.7712111569631935,0.7761260351444152,0.8145646437994722,0.74609375,0.7574091778202677
scale_only,5,3968314499,logistic,statistics_logsig,25,C=0.1,0.7401883131110907,0.7827701342693881,0.7806657738828592,0.784487982225813,0.8073878627968337,0.7722800925925926,0.768642447418738
scale_only,5,3968314499,logistic,statistics_rawsig,50,C=1.0,0.7476656037904497,0.7816447873338653,0.7796403983113257,0.7837204605130277,0.8043271767810026,0.7635995370370371,0.7770076481835564
scale_only,5,3968314499,logistic,b3,40,C=1.0,0.7374890840089489,0.756431623367927,0.7548880710518522,0.7590385780650374,0.7931398416886544,0.7400173611111112,0.7361376673040153
scale_only,5,3968314499,logistic,b3_logsig,54,C=1.0,0.7401534205421675,0.7687141727100496,0.766907148013475,0.7710361543122601,0.8002110817941952,0.7531828703703703,0.7527485659655831
scale_only,5,3968314499,logistic,b3_rawsig,79,C=1.0,0.7471299910494241,0.7726261525434434,0.7708555277945855,0.7751969299131488,0.8026385224274406,0.7517361111111112,0.7635038240917782
scale_only,5,3968314499,logistic,logsig,14,C=0.1,0.7378153759735037,0.7671072704012755,0.7668059066394962,0.7753181175520097,0.8334564643799472,0.6779513888888888,0.7899139579349904
scale_only,5,3968314499,logistic,rawsig,39,C=1.0,0.7488654035304986,0.779053196992313,0.7770903121301572,0.7813371036154312,0.8058047493403694,0.7605613425925926,0.7707934990439771
scale_only,5,3968314499,logistic,logsig_shuffled,14,C=0.01,0.7374123760224571,0.7572257947250199,0.7568500145821638,0.7651383558876994,0.8224802110817941,0.6723090277777778,0.7768881453154876
scale_only,5,3968314499,logistic,rawsig_shuffled,39,C=1.0,0.7429734547130123,0.7644367249499971,0.76235422785776,0.7663906281559281,0.794089709762533,0.7537615740740741,0.7454588910133844
scale_only,5,3968314499,logistic,statistics_logsig_shuffled,25,C=0.01,0.7393671729364591,0.772300693387958,0.7707544965763198,0.7754393051908706,0.8099208443271768,0.7475405092592593,0.7594407265774379
scale_only,5,3968314499,logistic,statistics_rawsig_shuffled,50,C=1.0,0.7456418047942984,0.7704513954578679,0.7685249939756735,0.772611593617451,0.8004221635883905,0.7565104166666666,0.7544216061185468
scale_only,5,3968314499,logistic,b3_logsig_shuffled,54,C=1.0,0.7366666731698087,0.756082422744368,0.7545458690148511,0.7586750151484548,0.7929287598944591,0.7400173611111112,0.7353011472275335
scale_only,5,3968314499,logistic,b3_rawsig_shuffled,79,C=1.0,0.741110953446881,0.7596921671088183,0.7581246155386996,0.7624318319531408,0.7964116094986807,0.7410300925925926,0.7416347992351816
scale_only,5,3968314499,gbm,hmm,3,max_leaf_nodes=7,0.7294094679017421,0.7499001090575099,0.7494177430118901,0.7567360129266815,0.803377308707124,0.6743344907407407,0.7719885277246654
scale_only,5,3968314499,gbm,statistics,11,max_leaf_nodes=7,0.7359163545719053,0.7631418727586059,0.762062010525808,0.7680064633407393,0.8089709762532982,0.7152777777777778,0.7651768642447419
scale_only,5,3968314499,gbm,statistics_logsig,25,max_leaf_nodes=7,0.7451392463954599,0.7679229966517241,0.766787472856782,0.7726923853766916,0.8087598944591029,0.7178819444444444,0.7771271510516252
scale_only,5,3968314499,gbm,statistics_rawsig,50,max_leaf_nodes=7,0.7436854448108444,0.7653004417678355,0.7641547273041951,0.7699454655625126,0.8014775725593668,0.7138310185185185,0.7805927342256214
scale_only,5,3968314499,gbm,b3,40,max_leaf_nodes=7,0.7368272467807527,0.7640087011218127,0.762610446398401,0.7674813169056757,0.798311345646438,0.7310474537037037,0.7626673040152964
scale_only,5,3968314499,gbm,b3_logsig,54,max_leaf_nodes=7,0.7417916886404923,0.766169908612596,0.7648946050846882,0.770147444960614,0.8007387862796834,0.7248263888888888,0.7729445506692161
scale_only,5,3968314499,gbm,b3_rawsig,79,max_leaf_nodes=7,0.7420250949047972,0.7667136395678118,0.7654063616910335,0.7705917996364371,0.8034828496042217,0.7287326388888888,0.767925430210325
scale_only,5,3968314499,gbm,logsig,14,max_leaf_nodes=7,0.7485589917601511,0.7688647449905569,0.7677790284702329,0.7739446576449203,0.8037994722955145,0.7090567129629629,0.7937380497131931
scale_only,5,3968314499,gbm,rawsig,39,max_leaf_nodes=7,0.7473037139339652,0.7688377047271487,0.7677121948713347,0.7736618864875783,0.8047493403693932,0.7141203703703703,0.7876434034416826
scale_only,5,3968314499,gbm,logsig_shuffled,14,max_leaf_nodes=7,0.7462236519284793,0.7560726025390586,0.7551279449302358,0.7614219349626338,0.7948284960422164,0.6945891203703703,0.7788001912045889
scale_only,5,3968314499,gbm,rawsig_shuffled,39,max_leaf_nodes=7,0.7463600400042975,0.7555947627166404,0.7547203884322576,0.7612199555645324,0.7962005277044855,0.6908275462962963,0.7797562141491395
scale_only,5,3968314499,gbm,statistics_logsig_shuffled,25,max_leaf_nodes=7,0.7405309240441739,0.7613886926175247,0.7602897573111602,0.7661078569985862,0.8047493403693932,0.7141203703703703,0.7652963671128107
scale_only,5,3968314499,gbm,statistics_rawsig_shuffled,50,max_leaf_nodes=7,0.7418301425080392,0.7615069454818565,0.7603736781720708,0.7661078569985862,0.8026385224274406,0.7145543981481481,0.7673279158699808
scale_only,5,3968314499,gbm,b3_logsig_shuffled,54,max_leaf_nodes=7,0.7369214903719911,0.7638151006267169,0.7624131474085379,0.7672793375075743,0.7979947229551451,0.7309027777777778,0.7625478011472275
scale_only,5,3968314499,gbm,b3_rawsig_shuffled,79,max_leaf_nodes=7,0.7378690474132003,0.762775385190143,0.7613925042336053,0.7662694405170672,0.797467018469657,0.7297453703703703,0.7611137667304015
scale_only,6,2877137869,random_forest,hmm,3,max_depth=4,0.7187334280262974,0.7248838083923599,0.727863816775781,0.728701272470208,0.8002405423135797,0.6821246894593636,0.6922861934041364
scale_only,6,2877137869,random_forest,statistics,11,max_depth=6,0.731349393991914,0.7413186809280766,0.7416877038275617,0.7458291254292062,0.8564399737590204,0.6507748728262156,0.7167411961989939
scale_only,6,2877137869,random_forest,statistics_logsig,25,max_depth=6,0.7335304083464463,0.7445049765276996,0.7450753936304694,0.7488184205211068,0.8544719002842773,0.6581095469064238,0.720933482392398
scale_only,6,2877137869,random_forest,statistics_rawsig,50,max_depth=6,0.7410793987562654,0.756793482119133,0.7571769153770226,0.7607756008887093,0.8580800349879729,0.6773926416656808,0.7349077697037452
scale_only,6,2877137869,random_forest,b3,40,max_depth=6,0.7314684659003046,0.7457815818498097,0.7463792606723895,0.7502322763078166,0.8538158757926962,0.6649710162072637,0.718557853549469
scale_only,6,2877137869,random_forest,b3_logsig,54,max_depth=6,0.7311020804771028,0.7456744722067014,0.7466461190054314,0.7504746515855383,0.8543625628690138,0.6705311723648408,0.7121296813862493
scale_only,6,2877137869,random_forest,b3_rawsig,79,max_depth=6,0.7377452175169475,0.7531433527244463,0.753322474010158,0.7573015552413653,0.861797507106932,0.6657991245711582,0.7318334264952487
scale_only,6,2877137869,random_forest,logsig,14,max_depth=10,0.7359939250695993,0.7517058138228784,0.7533226757307446,0.7552413653807312,0.828777607697354,0.7009345794392523,0.7254052543320291
scale_only,6,2877137869,random_forest,rawsig,39,max_depth=6,0.740680905977217,0.7588715324416165,0.7598264398716612,0.7629569783882044,0.8531598513011153,0.6921802910209394,0.7312744550027949
scale_only,6,2877137869,random_forest,logsig_shuffled,14,max_depth=10,0.7303416818959724,0.7475203481321012,0.7491845812820855,0.751444152696425,0.8334791165536847,0.6905240742931503,0.718557853549469
scale_only,6,2877137869,random_forest,rawsig_shuffled,39,max_depth=6,0.7331200767670717,0.7546876458057938,0.7554550341982864,0.7583518481114926,0.845943581893724,0.684609014551047,0.7335103409726104
scale_only,6,2877137869,random_forest,statistics_logsig_shuffled,25,max_depth=6,0.732130172489606,0.7443636005831454,0.7449183526754343,0.7487376287618663,0.8541438880384867,0.6594108600496865,0.7195360536612633
scale_only,6,2877137869,random_forest,statistics_rawsig_shuffled,50,max_depth=6,0.734296544032026,0.7512726004646765,0.751599151276904,0.7552009695011109,0.8560026240979663,0.665562522181474,0.7322526551145891
scale_only,6,2877137869,random_forest,b3_logsig_shuffled,54,max_depth=4,0.7302788554514242,0.7421619609137576,0.7432638981798627,0.746960210058574,0.8497703914279466,0.6686383532473678,0.7080771380659586
scale_only,6,2877137869,random_forest,b3_rawsig_shuffled,79,max_depth=6,0.7332227454913376,0.7505198252052825,0.75085820808079,0.7546758230660473,0.8572053356658649,0.6661540281556844,0.7282001117942984
scale_only,6,2877137869,logistic,hmm,3,C=0.01,0.7181563537739795,0.7225710427831205,0.7267862551488747,0.7276913754797011,0.7993658429914717,0.7024724949721992,0.6658747903856903
scale_only,6,2877137869,logistic,statistics,11,C=0.1,0.7162421465503527,0.7203667416672547,0.72205316223656,0.7274086043223591,0.8683577520227422,0.6277061398320123,0.6650363331470095
scale_only,6,2877137869,logistic,statistics_logsig,25,C=1.0,0.7203152494334923,0.7263225859821166,0.7282893521793592,0.733185215108059,0.8687951016837961,0.6387081509523246,0.6714645053102292
scale_only,6,2877137869,logistic,statistics_rawsig,50,C=1.0,0.7294188042860515,0.7442014116765026,0.7460166723924723,0.7496667339931327,0.861360157445878,0.6687566544422099,0.7024874231414198
scale_only,6,2877137869,logistic,b3,40,C=1.0,0.7067397892880405,0.7086956817244672,0.708889472560775,0.715653403352858,0.8671550404548436,0.5983674435111794,0.6605645612073784
scale_only,6,2877137869,logistic,b3_logsig,54,C=0.1,0.70968392731388,0.7106481703861293,0.7104983707183751,0.7178347808523531,0.8741526350317078,0.5969478291730747,0.6608440469536053
scale_only,6,2877137869,logistic,b3_rawsig,79,C=1.0,0.7197270804550135,0.7278452901298357,0.7288575841691567,0.7337507574227429,0.8578613601574459,0.641074174849166,0.6846003353828954
scale_only,6,2877137869,logistic,logsig,14,C=1.0,0.7167731489881732,0.7263007423012153,0.725469300347021,0.732458089274894,0.9011589766017932,0.5755353129066604,0.7022079373951928
scale_only,6,2877137869,logistic,rawsig,39,C=1.0,0.730354273520223,0.7456510725362443,0.7483206990167455,0.7517673197333872,0.8605947955390335,0.6860286288891517,0.6903297931805478
scale_only,6,2877137869,logistic,logsig_shuffled,14,C=1.0,0.7103253556882773,0.7225946654556509,0.7223191793986841,0.7284992930721066,0.8880384867701727,0.5814503726487638,0.6982951369480157
scale_only,6,2877137869,logistic,rawsig_shuffled,39,C=1.0,0.7281657419895856,0.7458711607294742,0.7488620564613709,0.7523732579276914,0.8579706975727094,0.6979770495682006,0.6816657350475126
scale_only,6,2877137869,logistic,statistics_logsig_shuffled,25,C=0.1,0.7194333697063685,0.7227085839355313,0.7247210765269042,0.7299131488588164,0.8684670894380057,0.6365787294451674,0.6630799329234209
scale_only,6,2877137869,logistic,statistics_rawsig_shuffled,50,C=1.0,0.7269753846132546,0.7411030703214889,0.7432744301395209,0.7471217935770551,0.8608134703695605,0.6723056902874719,0.6901900503074343
scale_only,6,2877137869,logistic,b3_logsig_shuffled,54,C=1.0,0.707060385664598,0.7086294756419793,0.7088828722926493,0.7156130074732377,0.8668270282090531,0.5991955518750739,0.659865846841811
scale_only,6,2877137869,logistic,b3_rawsig_shuffled,79,C=1.0,0.7143676230986787,0.7239566613107141,0.725437454505645,0.7301959200161584,0.8551279247758583,0.6417839820182184,0.674958077138066
scale_only,6,2877137869,gbm,hmm,3,max_leaf_nodes=7,0.7160187654033052,0.721626185268685,0.7240074886735256,0.7259947485356494,0.8167504920183687,0.6590559564651604,0.6890721073225266
scale_only,6,2877137869,gbm,statistics,11,max_leaf_nodes=7,0.7162961045710725,0.7371417275575795,0.7371555515136219,0.7417491415875581,0.8562212989284933,0.6423754879924287,0.7128283957518167
scale_only,6,2877137869,gbm,statistics_logsig,25,max_leaf_nodes=7,0.7231677965583944,0.7400921464292312,0.7395185358020839,0.7443344778832559,0.86048545812377,0.6363421270554832,0.7234488541084405
scale_only,6,2877137869,gbm,statistics_rawsig,50,max_leaf_nodes=7,0.7244913394325954,0.7431275658730293,0.7427188709096787,0.7475661482528783,0.8622348567679861,0.6450964154737963,0.7220514253773057
scale_only,6,2877137869,gbm,b3,40,max_leaf_nodes=7,0.7192632970262899,0.7384012299690889,0.7379164482023328,0.7428398303373056,0.8558932866827028,0.642848692771797,0.7164617104527669
scale_only,6,2877137869,gbm,b3_logsig,54,max_leaf_nodes=7,0.7234263201810048,0.744605638380249,0.7443143096013481,0.7489396081599676,0.8585173846490269,0.6525493907488465,0.7227501397428732
scale_only,6,2877137869,gbm,b3_rawsig,79,max_leaf_nodes=7,0.7212512108392367,0.7457411014809926,0.7455094207377461,0.7503130680670571,0.862890881259567,0.653259197917899,0.7210732252655114
scale_only,6,2877137869,gbm,logsig,14,max_leaf_nodes=7,0.7326270131066087,0.7571609038429834,0.7574226337146169,0.7610583720460513,0.861797507106932,0.6710043771442091,0.7386808272778088
scale_only,6,2877137869,gbm,rawsig,39,max_leaf_nodes=7,0.7334202878165472,0.7532789807911628,0.7535368638987049,0.7573015552413653,0.8570959982506013,0.670767774754525,0.7319731693683622
scale_only,6,2877137869,gbm,logsig_shuffled,14,max_leaf_nodes=7,0.7291597725789013,0.753124889210787,0.7535108922750754,0.756816804685922,0.8519571397332167,0.6719507867029457,0.735466741196199
scale_only,6,2877137869,gbm,rawsig_shuffled,39,max_leaf_nodes=7,0.7274348583145592,0.7528008627830225,0.7530352214564822,0.7564936376489598,0.8543625628690138,0.6674553412989471,0.7365846841811068
scale_only,6,2877137869,gbm,statistics_logsig_shuffled,25,max_leaf_nodes=7,0.7193963781601903,0.7413138724341214,0.7406898893776198,0.7454655625126237,0.8577520227421824,0.6419022832130604,0.7242873113471213
scale_only,6,2877137869,gbm,statistics_rawsig_shuffled,50,max_leaf_nodes=7,0.7192618003802326,0.7414308187738778,0.7407908996363272,0.7455463542718642,0.8581893724032363,0.6408375724594818,0.7252655114589156
scale_only,6,2877137869,gbm,b3_logsig_shuffled,54,max_leaf_nodes=7,0.7192632970262899,0.7384012299690889,0.7379164482023328,0.7428398303373056,0.8558932866827028,0.642848692771797,0.7164617104527669
scale_only,6,2877137869,gbm,b3_rawsig_shuffled,79,max_leaf_nodes=7,0.7188220708381071,0.7390253349192412,0.738679487714014,0.7436073520500909,0.8565493111742838,0.6461611262273749,0.7143655673560648
scale_only,7,689189384,random_forest,hmm,3,max_depth=10,0.731468343794981,0.7211129005564579,0.723236409504505,0.7137951928903252,0.7707053787455798,0.718974949611287,0.673658373312507
scale_only,7,689189384,random_forest,statistics,11,max_depth=6,0.7350469032310114,0.7243420228833891,0.7273865760906592,0.7188042819632398,0.764749674297413,0.7298205202034744,0.6784558741492803
scale_only,7,689189384,random_forest,statistics_logsig,25,max_depth=10,0.74387623562499,0.7335397008053723,0.7392822844438994,0.7308018582104625,0.7600967801972827,0.7524714463960073,0.6880508758228272
scale_only,7,689189384,random_forest,statistics_rawsig,50,max_depth=6,0.748816515071645,0.7369100339125835,0.7417656746805861,0.7341143203393254,0.7628885166573609,0.7534312314041655,0.6944103536762245
scale_only,7,689189384,random_forest,b3,40,max_depth=6,0.744231593389403,0.7289323003545404,0.7354389441453284,0.7273682084427389,0.7509771077610273,0.7566945004319032,0.6791252928706906
scale_only,7,689189384,random_forest,b3_logsig,54,max_depth=10,0.7461083875186919,0.7362376942803882,0.7439466610017652,0.7369016360331246,0.7442769402568398,0.767348114022459,0.6970880285618655
scale_only,7,689189384,random_forest,b3_rawsig,79,max_depth=10,0.7502669200623053,0.7368769507674754,0.7439284718668686,0.7366188648757827,0.7493020658849805,0.763125059986563,0.6982037264308825
scale_only,7,689189384,random_forest,logsig,14,max_depth=10,0.741245899216351,0.7284380143853858,0.7344430724446921,0.7254292062209655,0.7591662013772567,0.7530473174009022,0.6731005243779984
scale_only,7,689189384,random_forest,rawsig,39,max_depth=6,0.74805240545288,0.7335502993905155,0.7375373779350068,0.7298727529791961,0.7638190954773869,0.7456569728380843,0.6911748298560749
scale_only,7,689189384,random_forest,logsig_shuffled,14,max_depth=10,0.7390322836061426,0.7206276488855975,0.7255225853439781,0.7167844879822258,0.7578633910292202,0.7470966503503216,0.656922905277251
scale_only,7,689189384,random_forest,rawsig_shuffled,39,max_depth=6,0.7404393276438421,0.7246946687935615,0.7289230121604912,0.7211876388608361,0.7582356225572306,0.7477684998560322,0.6680798839674216
scale_only,7,689189384,random_forest,statistics_logsig_shuffled,25,max_depth=10,0.7403338254987654,0.7316665634385565,0.7367251578877397,0.7287416683498283,0.7587939698492462,0.7488242633650063,0.687381457101417
scale_only,7,689189384,random_forest,statistics_rawsig_shuffled,50,max_depth=6,0.7423999168037718,0.7273879406472846,0.7320523503382858,0.7239749545546355,0.7595384329052671,0.7486323063633746,0.6739930826732121
scale_only,7,689189384,random_forest,b3_logsig_shuffled,54,max_depth=10,0.7448404717804231,0.7296040774930237,0.7375861865917122,0.7297919612199556,0.7399962776847199,0.7584221134465879,0.690393841347763
scale_only,7,689189384,random_forest,b3_rawsig_shuffled,79,max_depth=10,0.744384605440629,0.7296134863327258,0.7372018928591233,0.7300343364976772,0.739251814628699,0.760533640464536,0.6890550039049426
scale_only,7,689189384,logistic,hmm,3,C=0.1,0.7260790967678846,0.7182068073730292,0.7214953035786631,0.7125025247424762,0.7725665363856319,0.755254822919666,0.62679906281379
scale_only,7,689189384,logistic,statistics,11,C=0.1,0.719935514069899,0.711333595621897,0.7078628939205579,0.699131488588164,0.7954587753582728,0.7112966695460217,0.6272453419613968
scale_only,7,689189384,logistic,statistics_logsig,25,C=0.1,0.7283190743537395,0.7288319101912064,0.7279337022529767,0.7207432841850131,0.7941559650102363,0.7523754678951915,0.6399642976681914
scale_only,7,689189384,logistic,statistics_rawsig,50,C=1.0,0.7390847328731497,0.7358911669733629,0.7386911924028099,0.732175318117552,0.774427694025684,0.7677320280257223,0.6655137788686823
scale_only,7,689189384,logistic,b3,40,C=1.0,0.7197781082815929,0.7161864567918075,0.7153605175221803,0.7083821450212079,0.7749860413176997,0.7284768211920529,0.64509650786567
scale_only,7,689189384,logistic,b3_logsig,54,C=1.0,0.7242046160687567,0.7229242891150877,0.7231657870958302,0.7166229044637447,0.774427694025684,0.7427776178136097,0.651567555505969
scale_only,7,689189384,logistic,b3_rawsig,79,C=1.0,0.7333263154136258,0.7297609803365982,0.7324043002805943,0.7259139567764088,0.7662386004094547,0.7542950379115079,0.6687493026888318
scale_only,7,689189384,logistic,logsig,14,C=0.1,0.7306816229380094,0.720210749186152,0.7085233041076425,0.702322763078166,0.8194677089149451,0.6608119781169018,0.6803525605266094
scale_only,7,689189384,logistic,rawsig,39,C=1.0,0.7449715178178978,0.7338485197844801,0.7357379284814836,0.7291052312664108,0.7762888516657361,0.7578462424416931,0.6674104652460113
scale_only,7,689189384,logistic,logsig_shuffled,14,C=1.0,0.7161877119835879,0.7026198804823715,0.6900633650840549,0.6838618460916986,0.8045784477945283,0.6350897398982628,0.6681914537543233
scale_only,7,689189384,logistic,rawsig_shuffled,39,C=1.0,0.7340114042177532,0.717417656141997,0.719274991332142,0.7125429206220966,0.7606551274892983,0.7411459832997409,0.6504518576369519
scale_only,7,689189384,logistic,statistics_logsig_shuffled,25,C=0.1,0.7238248500342827,0.7199505287115423,0.7175678484291242,0.710442334881842,0.7917364600781687,0.735291294749976,0.6328238313064822
scale_only,7,689189384,logistic,statistics_rawsig_shuffled,50,C=1.0,0.7355514543831715,0.7245993302517375,0.7276852398241852,0.7213088264996971,0.7623301693653453,0.7616853824743257,0.6497824389155417
scale_only,7,689189384,logistic,b3_logsig_shuffled,54,C=1.0,0.7198045475331112,0.7159844321557939,0.7151821762527675,0.7080993738638659,0.7747999255536944,0.7269411651789999,0.6462122057346871
scale_only,7,689189384,logistic,b3_rawsig_shuffled,79,C=1.0,0.7281953111441589,0.7232871436572527,0.7263766974759642,0.7194910119167844,0.7610273590173088,0.7517995968902966,0.6570344750641526
scale_only,7,689189384,gbm,hmm,3,max_leaf_nodes=7,0.730365609314305,0.7202669703347446,0.7218975158070785,0.712462128862856,0.7729387679136422,0.717439293598234,0.6704228494923574
scale_only,7,689189384,gbm,statistics,11,max_leaf_nodes=7,0.7295889545477513,0.724586010343152,0.7258135073718991,0.7177135932134923,0.7671691792294807,0.712736347058259,0.6938525047417159
scale_only,7,689189384,gbm,statistics_logsig,25,max_leaf_nodes=7,0.7347338995037173,0.7359057583915346,0.7369129890226686,0.7291052312664108,0.7798250511818351,0.7285727996928688,0.6993194242998996
scale_only,7,689189384,gbm,statistics_rawsig,50,max_leaf_nodes=7,0.7407248964362886,0.7312830875289622,0.7336147183849097,0.7257523732579277,0.7692164526335381,0.7307803052116326,0.6938525047417159
scale_only,7,689189384,gbm,b3,40,max_leaf_nodes=7,0.7323879414692983,0.7313047912877776,0.7348735111337611,0.7270450414057766,0.7613995905453191,0.7330837892312122,0.6994309940868013
scale_only,7,689189384,gbm,b3_logsig,54,max_leaf_nodes=7,0.7362064062012914,0.735604708893574,0.7391244263732558,0.7314077964047667,0.7660524846454495,0.7393223917842403,0.701439250251032
scale_only,7,689189384,gbm,b3_rawsig,79,max_leaf_nodes=7,0.7370114702464922,0.7365592414851315,0.7412756234681344,0.7338315491819835,0.7589800856132515,0.7454650158364526,0.70523262300569
scale_only,7,689189384,gbm,logsig,14,max_leaf_nodes=7,0.7450915941104518,0.7344017695505944,0.7344945628599288,0.7272066249242577,0.7764749674297413,0.7158076590843651,0.7109226821376771
scale_only,7,689189384,gbm,rawsig,39,max_leaf_nodes=7,0.7456802949456235,0.7326674667615999,0.7333219971023365,0.7257119773783074,0.7738693467336684,0.7159996160859967,0.7081334374651345
scale_only,7,689189384,gbm,logsig_shuffled,14,max_leaf_nodes=7,0.7398213881301304,0.7255676440000332,0.7273421844876763,0.7206220965461523,0.7606551274892983,0.7279969286879739,0.6880508758228272
scale_only,7,689189384,gbm,rawsig_shuffled,39,max_leaf_nodes=7,0.7394123364024711,0.726196290537985,0.7280513771594732,0.7215108058977985,0.7593523171412618,0.7282848641904214,0.6909516902822715
scale_only,7,689189384,gbm,statistics_logsig_shuffled,25,max_leaf_nodes=7,0.734190601351251,0.7302435301435076,0.7321066872059304,0.7251868309432438,0.765680253117439,0.7316441117189749,0.6934062255941091
scale_only,7,689189384,gbm,statistics_rawsig_shuffled,50,max_leaf_nodes=7,0.7326098522410976,0.7287757482740865,0.7307388094226726,0.7235305998788124,0.7640052112413922,0.7264612726749208,0.6958607609059466
scale_only,7,689189384,gbm,b3_logsig_shuffled,54,max_leaf_nodes=7,0.7323879414692983,0.7313047912877776,0.7348735111337611,0.7270450414057766,0.7613995905453191,0.7330837892312122,0.6994309940868013
scale_only,7,689189384,gbm,b3_rawsig_shuffled,79,max_leaf_nodes=7,0.7311484958780033,0.730497167478395,0.7341204838583814,0.7261967279337508,0.7606551274892983,0.7317400902197908,0.6990962847260962
scale_only,8,3665577340,random_forest,hmm,3,max_depth=6,0.7301114836043388,0.7371179180972182,0.7394913797179279,0.7399717228842658,0.793939393939394,0.728349465104432,0.6890648952478283
scale_only,8,3665577340,random_forest,statistics,11,max_depth=6,0.7397148473197283,0.7463110433364483,0.7483458506569317,0.7480912946879418,0.781267217630854,0.7663015792154865,0.6913643331630046
scale_only,8,3665577340,random_forest,statistics_logsig,25,max_depth=10,0.7489681099407908,0.748358888336114,0.7502773346013397,0.7503534639466775,0.7878787878787878,0.7522924095771778,0.704905467552376
scale_only,8,3665577340,random_forest,statistics_rawsig,50,max_depth=6,0.7537892840240122,0.7556537963962584,0.7574654777618136,0.7576651181579479,0.7952617079889808,0.7722873153336729,0.6994123658661217
scale_only,8,3665577340,random_forest,b3,40,max_depth=6,0.7435267874530082,0.7510182750869497,0.7528620231005659,0.7528176126035144,0.7863360881542699,0.77190524707081,0.6948134900357691
scale_only,8,3665577340,random_forest,b3_logsig,54,max_depth=6,0.7465197065476353,0.7491982323404128,0.7510745683610592,0.7509594021409817,0.7836914600550964,0.7735608762098828,0.6903423607562595
scale_only,8,3665577340,random_forest,b3_rawsig,79,max_depth=6,0.7544072047713261,0.7541188911805699,0.755901689429067,0.7562108664916178,0.7953719008264463,0.7684666327050433,0.6985181400102197
scale_only,8,3665577340,random_forest,logsig,14,max_depth=10,0.744453778400418,0.7454462060469393,0.7473841930879305,0.7470813976974349,0.7774104683195592,0.7712684666327051,0.6876596831885539
scale_only,8,3665577340,random_forest,rawsig,39,max_depth=6,0.7493128629577482,0.7564891194110129,0.7583514848931413,0.7585134316299738,0.7963636363636364,0.7726693835965359,0.7004343382728666
scale_only,8,3665577340,random_forest,logsig_shuffled,14,max_depth=10,0.7375249843421919,0.7483324987256658,0.7502009435303222,0.749707129872753,0.7750964187327823,0.7755985736118186,0.6943025038323966
scale_only,8,3665577340,random_forest,rawsig_shuffled,39,max_depth=6,0.7376217876381793,0.7497593395264425,0.7516767482484855,0.7518077156130075,0.7901928374655648,0.7617167600611309,0.6973684210526315
scale_only,8,3665577340,random_forest,statistics_logsig_shuffled,25,max_depth=6,0.743878429353609,0.7480213487094542,0.7499985410842465,0.7496263381135124,0.7793939393939394,0.7734335201222619,0.6912365866121615
scale_only,8,3665577340,random_forest,statistics_rawsig_shuffled,50,max_depth=6,0.7445433903750766,0.7515661875442463,0.7534015619997007,0.7535447384366795,0.790633608815427,0.7624808965868568,0.7015840572304548
scale_only,8,3665577340,random_forest,b3_logsig_shuffled,54,max_depth=6,0.7441494378162475,0.7505677535776131,0.7524127382810425,0.7523328620480711,0.7852341597796143,0.7699949057564952,0.6964741951967297
scale_only,8,3665577340,random_forest,b3_rawsig_shuffled,79,max_depth=6,0.744988149993985,0.7516580468534014,0.7534565891717581,0.7535851343162997,0.7896418732782369,0.7657921548650025,0.6995401124169648
scale_only,8,3665577340,logistic,hmm,3,C=0.01,0.7289974198731163,0.7379231318678378,0.7405723082822956,0.740294889921228,0.7845730027548209,0.7604431991849211,0.6687531936637711
scale_only,8,3665577340,logistic,statistics,11,C=0.1,0.7353961173962977,0.7401386482433695,0.7421909088879719,0.7441728943647747,0.820275482093664,0.7375191034131432,0.662621359223301
scale_only,8,3665577340,logistic,statistics_logsig,25,C=0.1,0.7419986679207787,0.7446189832640361,0.7465742582451002,0.7488992122803474,0.8296418732782369,0.7418492103922567,0.6623658661216147
scale_only,8,3665577340,logistic,statistics_rawsig,50,C=1.0,0.7474776357476708,0.74570344339218,0.7476071261474065,0.7496667339931327,0.8244628099173553,0.7414671421293938,0.6711803781297905
scale_only,8,3665577340,logistic,b3,40,C=1.0,0.7339769691484493,0.7309342357509928,0.733015955193247,0.7350838214502121,0.8135537190082645,0.7182883341823739,0.6609606540623403
scale_only,8,3665577340,logistic,b3_logsig,54,C=1.0,0.7363149706400282,0.7305226419452785,0.7326057641746155,0.7349626338113513,0.8189531680440771,0.7154865002547122,0.6571282575370465
scale_only,8,3665577340,logistic,b3_rawsig,79,C=1.0,0.7431673576660014,0.7373788804807205,0.7393110567878717,0.7416279539486972,0.822038567493113,0.7213448802852777,0.6687531936637711
scale_only,8,3665577340,logistic,logsig,14,C=0.1,0.7353461703471388,0.7329709965073133,0.7349178913907406,0.7388810341345183,0.8515702479338843,0.6667091186958737,0.6806336228921819
scale_only,8,3665577340,logistic,rawsig,39,C=1.0,0.7433997756205236,0.7481395308260231,0.7501849581228007,0.7518481114926278,0.8217079889807163,0.7508914926133469,0.6718191108840061
scale_only,8,3665577340,logistic,logsig_shuffled,14,C=0.1,0.7247179481133008,0.7316590296566221,0.7335189600025146,0.7372248030700869,0.8434159779614325,0.6658176260825267,0.685743484925907
scale_only,8,3665577340,logistic,rawsig_shuffled,39,C=1.0,0.7350009457418079,0.7461899487251848,0.7482459900809548,0.748980004039588,0.8012121212121213,0.7651553744268976,0.6722023505365355
scale_only,8,3665577340,logistic,statistics_logsig_shuffled,25,C=0.1,0.7364583370066137,0.739862161458075,0.7419463253050438,0.7438901232074329,0.8199449035812673,0.7335710646968925,0.6660705160960654
scale_only,8,3665577340,logistic,statistics_rawsig_shuffled,50,C=1.0,0.7390833558651738,0.7473971253343192,0.7494012538625733,0.7506362351040194,0.8115702479338843,0.7540753948038716,0.6765457332652018
scale_only,8,3665577340,logistic,b3_logsig_shuffled,54,C=1.0,0.733910745192592,0.7303506987368283,0.7324325392147347,0.7345182791355281,0.8133333333333334,0.7173968415690269,0.6603219213081247
scale_only,8,3665577340,logistic,b3_rawsig_shuffled,79,C=1.0,0.7378389097006669,0.7382499044741349,0.7401815169171321,0.7421127045041406,0.8150964187327824,0.7297503820682628,0.6699029126213593
scale_only,8,3665577340,gbm,hmm,3,max_leaf_nodes=7,0.7297510807677791,0.7366531584008665,0.7389900489291729,0.7395273682084428,0.793939393939394,0.7247834946510443,0.6912365866121615
scale_only,8,3665577340,gbm,statistics,11,max_leaf_nodes=7,0.7353160407163554,0.7345866729594758,0.7364506366578348,0.7377095536255301,0.7972451790633609,0.7000764136525726,0.7064384261624936
scale_only,8,3665577340,gbm,statistics_logsig,25,max_leaf_nodes=7,0.7440949311461974,0.7361938516985052,0.7380927585726097,0.7396485558473036,0.8053994490358126,0.7037697401935813,0.6994123658661217
scale_only,8,3665577340,gbm,statistics_rawsig,50,max_leaf_nodes=7,0.7489127152724588,0.7381803196587895,0.7399330604740791,0.741587558069077,0.8063911845730027,0.7084819154355578,0.6996678589678079
scale_only,8,3665577340,gbm,b3,40,max_leaf_nodes=7,0.7344380205627162,0.7324506278826574,0.7339854615687189,0.7355685720056554,0.7952617079889808,0.6849210392256749,0.7171691364333163
scale_only,8,3665577340,gbm,b3_logsig,54,max_leaf_nodes=7,0.740751933168737,0.7325838798956125,0.7342065073896475,0.7361341143203394,0.8039669421487603,0.6855578196637799,0.7082268778742974
scale_only,8,3665577340,gbm,b3_rawsig,79,max_leaf_nodes=7,0.7450643853774216,0.7387610800073511,0.7401929197248921,0.7420319127449,0.8045179063360881,0.69587366276108,0.715891670924885
scale_only,8,3665577340,gbm,logsig,14,max_leaf_nodes=7,0.7441710927508053,0.7450346605692656,0.7470353323703954,0.747970107049081,0.8034159779614325,0.739429444727458,0.6922585590189065
scale_only,8,3665577340,gbm,rawsig,39,max_leaf_nodes=7,0.7458455047220601,0.7469018329701126,0.7487649844204561,0.7500302969097152,0.8092561983471075,0.7339531329597555,0.6974961676034747
scale_only,8,3665577340,gbm,logsig_shuffled,14,max_leaf_nodes=15,0.7364134926307621,0.7446900515575646,0.7465998815000461,0.7473641688547769,0.7979063360881543,0.7379011716760061,0.6982626469085335
scale_only,8,3665577340,gbm,rawsig_shuffled,39,max_leaf_nodes=7,0.7364110060548207,0.7455077545937353,0.747487334628171,0.7480912946879418,0.7968044077134986,0.7450331125827815,0.694685743484926
scale_only,8,3665577340,gbm,statistics_logsig_shuffled,25,max_leaf_nodes=7,0.7346371150447101,0.739013576070151,0.7407966897928336,0.7421127045041406,0.8011019283746557,0.7096281202241467,0.7063106796116505
scale_only,8,3665577340,gbm,statistics_rawsig_shuffled,50,max_leaf_nodes=7,0.733926697086894,0.7391729147672385,0.7409232386774377,0.742314683902242,0.8020936639118458,0.7105196128374937,0.704905467552376
scale_only,8,3665577340,gbm,b3_logsig_shuffled,54,max_leaf_nodes=7,0.7340307685166287,0.7325042617698198,0.7340447693474329,0.7356089678852757,0.7950413223140496,0.6855578196637799,0.71691364333163
scale_only,8,3665577340,gbm,b3_rawsig_shuffled,79,max_leaf_nodes=7,0.734786103272668,0.7310917656627604,0.732687464808731,0.7343566956170471,0.7968044077134986,0.6844116148751911,0.7120592743995912
scale_only,9,4107525436,random_forest,hmm,3,max_depth=6,0.7363978626981433,0.6853153424345853,0.6856937144098841,0.7005049484952535,0.7675083965667372,0.5654720882150241,0.7229655425219942
scale_only,9,4107525436,random_forest,statistics,11,max_depth=6,0.7534149436982197,0.6996607335938583,0.6956036719699409,0.7060391840032316,0.7947505908695112,0.6152653342522398,0.688966275659824
scale_only,9,4107525436,random_forest,statistics_logsig,25,max_depth=6,0.7582583827102704,0.7038228629694653,0.7002078452020952,0.7109674813169057,0.7905212091056102,0.620434183321847,0.7005131964809385
scale_only,9,4107525436,random_forest,statistics_rawsig,50,max_depth=6,0.7669190203197925,0.7127472591946207,0.7101333557910018,0.7229246616845082,0.7910187834307749,0.6194004135079255,0.7278225806451613
scale_only,9,4107525436,random_forest,b3,40,max_depth=6,0.7566372533198732,0.6992836094162534,0.6952621811327625,0.7061603716420926,0.7940042293817638,0.6126809097174363,0.6911656891495601
scale_only,9,4107525436,random_forest,b3_logsig,54,max_depth=10,0.7585078223846713,0.7066330902191248,0.7037544993522622,0.7171884467784286,0.8017166314218186,0.6019986216402481,0.7161840175953079
scale_only,9,4107525436,random_forest,b3_rawsig,79,max_depth=6,0.7650095467810502,0.7137782433925431,0.7106267793327877,0.7229650575641284,0.7953725587759671,0.6233631977946243,0.7225989736070382
scale_only,9,4107525436,random_forest,logsig,14,max_depth=10,0.7556649350841343,0.6979475250134799,0.6967157893131476,0.7101999596041204,0.7792013932081104,0.5928669882839421,0.7217741935483871
scale_only,9,4107525436,random_forest,rawsig,39,max_depth=6,0.7619172053385671,0.7089476343947522,0.7069870052764796,0.7202585336295698,0.7881577310610772,0.6095796002756719,0.7291055718475073
scale_only,9,4107525436,random_forest,logsig_shuffled,14,max_depth=10,0.7535867148398161,0.692613025617565,0.6901652572196769,0.7026459301151282,0.7844259236223411,0.5923501033769814,0.7010630498533724
scale_only,9,4107525436,random_forest,rawsig_shuffled,39,max_depth=6,0.7582384396224455,0.6980346868674534,0.6952797922316848,0.7071702686325995,0.7845503172036323,0.6050999310820124,0.7044538123167156
scale_only,9,4107525436,random_forest,statistics_logsig_shuffled,25,max_depth=6,0.7574693939003628,0.7011010895482056,0.6972046002633748,0.7079781862250051,0.7913919641746486,0.6169882839421089,0.6949230205278593
scale_only,9,4107525436,random_forest,statistics_rawsig_shuffled,50,max_depth=6,0.7617783885521621,0.7061418371416991,0.7027153254377576,0.7143607352050091,0.7907699962681926,0.618711233631978,0.7089442815249267
scale_only,9,4107525436,random_forest,b3_logsig_shuffled,54,max_depth=6,0.7584002692500738,0.7016338362818163,0.6977145746926139,0.7087861038174106,0.7932578678940166,0.6154376292212267,0.6962060117302052
scale_only,9,4107525436,random_forest,b3_rawsig_shuffled,79,max_depth=6,0.7610992092025309,0.705942769736302,0.7026981903657717,0.7150474651585538,0.7923871128249782,0.6131977946243969,0.7122434017595308
scale_only,9,4107525436,logistic,hmm,3,C=0.01,0.736664767190117,0.6842633530139466,0.6855660495081991,0.7012320743284185,0.7596716009453912,0.5596140592694693,0.7335043988269795
scale_only,9,4107525436,logistic,statistics,11,C=0.1,0.7470180002121151,0.6947947965068805,0.6896984123034181,0.7006261361341143,0.8083094912302525,0.6026878015161957,0.6733870967741935
scale_only,9,4107525436,logistic,statistics_logsig,25,C=0.1,0.7496342830593993,0.7068365021167938,0.7008919314030443,0.7110886689557665,0.8127876601567359,0.6266368022053757,0.6810850439882697
scale_only,9,4107525436,logistic,statistics_rawsig,50,C=1.0,0.7572650492521449,0.7087781890613343,0.704383992976234,0.7154514239547566,0.806816768254758,0.6212956581667816,0.6982221407624634
scale_only,9,4107525436,logistic,b3,40,C=1.0,0.7509358614019815,0.6943047498995466,0.688783077438353,0.6983235709957585,0.8029605672347306,0.6137146795313577,0.6662390029325513
scale_only,9,4107525436,logistic,b3_logsig,54,C=1.0,0.7497077489708269,0.6942814564446539,0.68874363241809,0.6982427792365179,0.8030849608160219,0.6138869745003446,0.6658724340175953
scale_only,9,4107525436,logistic,b3_rawsig,79,C=1.0,0.754702900492268,0.6998219245587783,0.6954116350421069,0.7054736416885478,0.7968652817514617,0.6178497587870434,0.6847507331378299
scale_only,9,4107525436,logistic,logsig,14,C=1.0,0.7409061044282251,0.7065019367332163,0.7018429441151817,0.7177943849727327,0.8360492598581913,0.5789110957960028,0.7045454545454546
scale_only,9,4107525436,logistic,rawsig,39,C=1.0,0.7529962282840875,0.7097722877839034,0.7040436833903795,0.7137951928903252,0.8060704067670108,0.6361130254996554,0.687133431085044
scale_only,9,4107525436,logistic,logsig_shuffled,14,C=0.1,0.7451061168565071,0.6931407649528313,0.6890503249296634,0.706241163401333,0.8274661027490982,0.5541006202618883,0.6978555718475073
scale_only,9,4107525436,logistic,rawsig_shuffled,39,C=1.0,0.7575273691918375,0.6962635882149025,0.6906617807199638,0.699697030902848,0.7953725587759671,0.6238800827015851,0.6695381231671554
scale_only,9,4107525436,logistic,statistics_logsig_shuffled,25,C=1.0,0.7512167645685572,0.6995705542696508,0.6940699794552421,0.7043829529388003,0.8076875233237965,0.6154376292212267,0.6755865102639296
scale_only,9,4107525436,logistic,statistics_rawsig_shuffled,50,C=1.0,0.7580138657028331,0.707140398792483,0.7022682902928046,0.712462128862856,0.8019654185844011,0.6280151619572708,0.6914406158357771
scale_only,9,4107525436,logistic,b3_logsig_shuffled,54,C=1.0,0.7506413229611412,0.6943141354262324,0.6887217089475461,0.6981215915976571,0.8035825351411867,0.6144038594073054,0.6649560117302052
scale_only,9,4107525436,logistic,b3_rawsig_shuffled,79,C=1.0,0.7555922919376377,0.6986757993646869,0.6935138420220567,0.7025247424762674,0.7951237716133848,0.6257753273604411,0.6751282991202346
scale_only,9,4107525436,gbm,hmm,3,max_leaf_nodes=7,0.7338606600154733,0.6849066851749037,0.6846104226132154,0.6988083215512018,0.774101256375171,0.5673673328738801,0.7132514662756598
scale_only,9,4107525436,gbm,statistics,11,max_leaf_nodes=7,0.7401667862028215,0.6927047531149454,0.6898274505400881,0.7022823671985458,0.7974872496579176,0.5873535492763611,0.6932734604105572
scale_only,9,4107525436,gbm,statistics_logsig,25,max_leaf_nodes=7,0.7490789327404164,0.7036084625627422,0.7016112738652373,0.7155726115936174,0.796492101007588,0.5933838731909028,0.7209494134897361
scale_only,9,4107525436,gbm,statistics_rawsig,50,max_leaf_nodes=7,0.750759818525751,0.7110510684149783,0.7083424604731244,0.7221167440921026,0.80806070406767,0.6028600964851827,0.7222324046920822
scale_only,9,4107525436,gbm,b3,40,max_leaf_nodes=7,0.7348943165008305,0.7001596603461929,0.6973792770515613,0.7121389618258938,0.8066923746734669,0.582184700206754,0.7116019061583577
scale_only,9,4107525436,gbm,b3_logsig,54,max_leaf_nodes=7,0.7413684327675392,0.7031651275732003,0.700210809487351,0.7136336093718441,0.8056972260231372,0.5947622329427981,0.7090359237536656
scale_only,9,4107525436,gbm,b3_rawsig,79,max_leaf_nodes=7,0.7433059802629131,0.6994354949483489,0.6974300679829261,0.7120177741870329,0.8040801094663516,0.5796002756719504,0.7146260997067448
scale_only,9,4107525436,gbm,logsig,14,max_leaf_nodes=7,0.755627811322601,0.705596346923218,0.703370830965688,0.7164613209452636,0.7912675705933574,0.6047553411440386,0.7207661290322581
scale_only,9,4107525436,gbm,rawsig,39,max_leaf_nodes=7,0.7514409492269815,0.703798898377562,0.702031538580972,0.7159765703898202,0.7948749844508023,0.5935561681598898,0.7229655425219942
scale_only,9,4107525436,gbm,logsig_shuffled,14,max_leaf_nodes=7,0.7560495541384186,0.6965954769304549,0.6939664153949582,0.7064027469198142,0.7897748476178629,0.596657477601654,0.7033541055718475
scale_only,9,4107525436,gbm,rawsig_shuffled,39,max_leaf_nodes=7,0.7551168090587831,0.6979873617423106,0.6956594186353445,0.7083821450212079,0.7876601567359124,0.5971743625086148,0.7091275659824047
scale_only,9,4107525436,gbm,statistics_logsig_shuffled,25,max_leaf_nodes=7,0.7447106404666884,0.6983109987946016,0.6957566668218348,0.7094728337709554,0.7991043662147034,0.587525844245348,0.7083027859237536
scale_only,9,4107525436,gbm,statistics_rawsig_shuffled,50,max_leaf_nodes=7,0.7454372296360936,0.699453827973358,0.6964250224008067,0.7093920420117148,0.7987311854708297,0.5954514128187457,0.7041788856304986
scale_only,9,4107525436,gbm,b3_logsig_shuffled,54,max_leaf_nodes=7,0.7348943165008305,0.7001596603461929,0.6973792770515613,0.7121389618258938,0.8066923746734669,0.582184700206754,0.7116019061583577
scale_only,9,4107525436,gbm,b3_rawsig_shuffled,79,max_leaf_nodes=7,0.734097090363881,0.6986459806824952,0.6957008971386857,0.7100383760856392,0.8063191939295933,0.5828738800827016,0.7067448680351907
scale_only,10,1247814275,random_forest,hmm,3,max_depth=6,0.7053146192152179,0.7476307163073792,0.7487295989162969,0.7484144617249041,0.7424170616113744,0.7363304981773997,0.7641445891333633
scale_only,10,1247814275,random_forest,statistics,11,max_depth=6,0.7189503538974363,0.7630227332229298,0.7631639145658454,0.7628761866289638,0.7446682464454977,0.7711624139327663,0.7732375392905254
scale_only,10,1247814275,random_forest,statistics_logsig,25,max_depth=10,0.7253613382447801,0.7699112123567344,0.7700071008881663,0.7706321955160573,0.7507109004739336,0.7640070203861212,0.7950157162101482
scale_only,10,1247814275,random_forest,statistics_rawsig,50,max_depth=10,0.7233074720477844,0.7759904894038799,0.7759773414794707,0.7765703898202383,0.754739336492891,0.7730525178884838,0.8001796138302649
scale_only,10,1247814275,random_forest,b3,40,max_depth=6,0.7194752049113916,0.7688045410693385,0.7688601890402795,0.769137547970107,0.7514218009478673,0.7687322802754152,0.7862595419847328
scale_only,10,1247814275,random_forest,b3_logsig,54,max_depth=6,0.7206868138486008,0.7670244834273849,0.7671190457989877,0.7671177539890931,0.7501184834123222,0.7707573916565411,0.7801975752132915
scale_only,10,1247814275,random_forest,b3_rawsig,79,max_depth=6,0.7250581085693438,0.7728938903193058,0.7727828677255033,0.7727327812563118,0.7518957345971564,0.7820980153908464,0.7846879209699147
scale_only,10,1247814275,random_forest,logsig,14,max_depth=10,0.7173728760827607,0.7624724323782034,0.7625957046714538,0.7621490607957988,0.7421800947867299,0.774132577291751,0.7711046250561293
scale_only,10,1247814275,random_forest,rawsig,39,max_depth=6,0.7217064607156698,0.7711555809111789,0.7710429803007802,0.7705110078771965,0.7502369668246446,0.7883083569596328,0.7749214189492591
scale_only,10,1247814275,random_forest,logsig_shuffled,14,max_depth=10,0.7152631595250383,0.761654861065848,0.7617396024242709,0.7612603514441527,0.7446682464454977,0.773457540164709,0.7668387965873372
scale_only,10,1247814275,random_forest,rawsig_shuffled,39,max_depth=6,0.7176291226270414,0.7619231926107938,0.7620563457613723,0.7617047061199758,0.7464454976303317,0.7703523693803159,0.7689717108217333
scale_only,10,1247814275,random_forest,statistics_logsig_shuffled,25,max_depth=10,0.7208061273834226,0.7669547857557889,0.7671800397494238,0.7679256715814987,0.7531990521327014,0.7552315377345754,0.7924337674000899
scale_only,10,1247814275,random_forest,statistics_rawsig_shuffled,50,max_depth=10,0.720019949923126,0.7692581363096088,0.7694172029124072,0.7699858614421329,0.7523696682464455,0.7625219387066289,0.7928828019757521
scale_only,10,1247814275,random_forest,b3_logsig_shuffled,54,max_depth=6,0.7198521040880541,0.7675550769552472,0.7676241024542363,0.7676429004241567,0.750473933649289,0.7714324287835831,0.7807588684328693
scale_only,10,1247814275,random_forest,b3_rawsig_shuffled,79,max_depth=6,0.7205489963511518,0.7688010651518336,0.7688263694078953,0.7688547768127652,0.7505924170616114,0.7735925475901174,0.7822182308037718
scale_only,10,1247814275,logistic,hmm,3,C=0.01,0.7035498148819391,0.7454039237175166,0.7463102975134158,0.7449404160775601,0.7422985781990521,0.7540164709058998,0.7398967220475977
scale_only,10,1247814275,logistic,statistics,11,C=0.1,0.7077493715183122,0.751457136999144,0.7518468222792025,0.7521308826499697,0.7755924170616114,0.7328203051167814,0.745958688819039
scale_only,10,1247814275,logistic,statistics_logsig,25,C=0.1,0.71233743759482,0.767351755132928,0.7673507854624599,0.7677640880630175,0.7887440758293839,0.7538814634804915,0.7594297260889088
scale_only,10,1247814275,logistic,statistics_rawsig,50,C=1.0,0.7179570412699506,0.775677040135449,0.7755526361296168,0.7754393051908706,0.768957345971564,0.7816929931146213,0.7763807813201616
scale_only,10,1247814275,logistic,b3,40,C=0.1,0.7017461069403299,0.7492375148917304,0.7497225439062266,0.7502726721874369,0.7770142180094787,0.723504792763602,0.7471935339021104
scale_only,10,1247814275,logistic,b3_logsig,54,C=0.01,0.7081250537408178,0.7576650369932855,0.7579437498326143,0.7592405574631388,0.7964454976303318,0.7195895774267584,0.7569600359227661
scale_only,10,1247814275,logistic,b3_rawsig,79,C=1.0,0.7128080204381734,0.771370732855028,0.7715335725445641,0.7718036760250454,0.7751184834123223,0.7630619684082625,0.7759317467444993
scale_only,10,1247814275,logistic,logsig,14,C=0.1,0.7132171175499721,0.7558875965579005,0.7559334894220155,0.7580690769541507,0.8175355450236966,0.7006885378695829,0.7494387067804221
scale_only,10,1247814275,logistic,rawsig,39,C=1.0,0.7196128690696586,0.7678421789307007,0.7677092062027252,0.7669157745909917,0.768957345971564,0.7827730525178885,0.7517961383026494
scale_only,10,1247814275,logistic,logsig_shuffled,14,C=1.0,0.707876255643079,0.7457426338845616,0.7458769251766842,0.7481316905675621,0.8028436018957346,0.688537869582827,0.7458464301751235
scale_only,10,1247814275,logistic,rawsig_shuffled,39,C=1.0,0.714973130038207,0.7563387847058514,0.7563070205482804,0.7552817612603514,0.7573459715639811,0.773457540164709,0.738212842388864
scale_only,10,1247814275,logistic,statistics_logsig_shuffled,25,C=0.01,0.7085007304514216,0.7560631315734693,0.7563431170476456,0.7574631387598465,0.7920616113744076,0.7217496962332929,0.7543780871127077
scale_only,10,1247814275,logistic,statistics_rawsig_shuffled,50,C=1.0,0.7152626057019118,0.7662808112958611,0.7662924265412592,0.765946273480105,0.7665876777251185,0.7717024436343999,0.7605523125280647
scale_only,10,1247814275,logistic,b3_logsig_shuffled,54,C=0.01,0.7012780002616988,0.7453422610454187,0.7457688712339171,0.7470410018178146,0.7887440758293839,0.703793708653976,0.7434889986528963
scale_only,10,1247814275,logistic,b3_rawsig_shuffled,79,C=1.0,0.7079653201692276,0.7616319274656044,0.761885821315191,0.7618662896384569,0.7745260663507109,0.7537464560550831,0.7566232599910193
scale_only,10,1247814275,gbm,hmm,3,max_leaf_nodes=7,0.7041497571454207,0.7467935425521223,0.7479629353757128,0.7480508988083215,0.7437203791469195,0.7270149858242203,0.7696452626852268
scale_only,10,1247814275,gbm,statistics,11,max_leaf_nodes=7,0.7062461271966655,0.7579873815547655,0.758570317879221,0.7604524338517471,0.7624407582938388,0.7159443769407318,0.7955770094297261
scale_only,10,1247814275,gbm,statistics_logsig,25,max_leaf_nodes=7,0.7157581561058639,0.7686887235702881,0.7690521922573105,0.7707533831549181,0.7719194312796208,0.7336303496692318,0.8005163897620117
scale_only,10,1247814275,gbm,statistics_rawsig,50,max_leaf_nodes=7,0.7144040850625452,0.7687677879170822,0.7691057172053116,0.7705110078771965,0.7645734597156398,0.7413257729175105,0.800404131118096
scale_only,10,1247814275,gbm,b3,40,max_leaf_nodes=7,0.7071085714096604,0.7576055602760235,0.7581977391808928,0.7600888709351646,0.770260663507109,0.7127041987309302,0.7898518185900314
scale_only,10,1247814275,gbm,b3_logsig,54,max_leaf_nodes=7,0.7107849479241285,0.7610753824636456,0.7616286207799751,0.7636033124621289,0.7690758293838863,0.7168894289185905,0.7972608890884598
scale_only,10,1247814275,gbm,b3_rawsig,79,max_leaf_nodes=7,0.7153629081807112,0.7636684551851465,0.764162992595383,0.7661078569985862,0.7703791469194313,0.7213446739570676,0.7992815446789403
scale_only,10,1247814275,gbm,logsig,14,max_leaf_nodes=7,0.7227004406782056,0.7685666683019265,0.7687319710903805,0.7688951726923854,0.7588862559241706,0.7661671391926556,0.7806466097889537
scale_only,10,1247814275,gbm,rawsig,39,max_leaf_nodes=7,0.718513347986334,0.7684208429101168,0.7685761225540761,0.768693193294284,0.7573459715639811,0.7673822060213312,0.7805343511450382
scale_only,10,1247814275,gbm,logsig_shuffled,14,max_leaf_nodes=7,0.7150944619349516,0.7610675514921533,0.7611981634017498,0.7608563926479499,0.7428909952606635,0.7702173619549075,0.7700942972608891
scale_only,10,1247814275,gbm,rawsig_shuffled,39,max_leaf_nodes=7,0.7154991077633562,0.7600450194701674,0.7602398121293147,0.7599272874166835,0.7449052132701421,0.7667071688942891,0.768522676246071
scale_only,10,1247814275,gbm,statistics_logsig_shuffled,25,max_leaf_nodes=7,0.7108632613571427,0.7584560806113471,0.7590253433545575,0.7608563926479499,0.7635071090047393,0.7172944511948157,0.7945666816344858
scale_only,10,1247814275,gbm,statistics_rawsig_shuffled,50,max_leaf_nodes=7,0.7124264720652093,0.758715994259807,0.7592692122306562,0.7610179761664311,0.7624407582938388,0.7195895774267584,0.7941176470588235
scale_only,10,1247814275,gbm,b3_logsig_shuffled,54,max_leaf_nodes=7,0.7071085714096604,0.7576055602760235,0.7581977391808928,0.7600888709351646,0.770260663507109,0.7127041987309302,0.7898518185900314
scale_only,10,1247814275,gbm,b3_rawsig_shuffled,79,max_leaf_nodes=7,0.7077399631176626,0.7546068711872437,0.7552521147630658,0.7571399717228843,0.7654028436018957,0.7094640205211287,0.7889537494387068
scale_only,11,1353206384,random_forest,hmm,3,max_depth=6,0.7445947104403396,0.6689164131900057,0.6628567640126075,0.6841850131286609,0.7417582417582418,0.4248375451263538,0.840153452685422
scale_only,11,1353206384,random_forest,statistics,11,max_depth=6,0.7591549115662656,0.674882252005245,0.6682018535356281,0.6927085437285397,0.7698301698301698,0.4141516245487364,0.8406649616368287
scale_only,11,1353206384,random_forest,statistics_logsig,25,max_depth=10,0.7609303881508119,0.6822477290960398,0.675291230529505,0.7013128660876591,0.788011988011988,0.4137184115523465,0.8450127877237852
scale_only,11,1353206384,random_forest,statistics_rawsig,50,max_depth=6,0.7592939186580364,0.6838456709500133,0.6782728955684357,0.7008281155322157,0.7756243756243756,0.4387003610108303,0.8372122762148337
scale_only,11,1353206384,random_forest,b3,40,max_depth=6,0.762300977903745,0.6758417349682918,0.6686423270245442,0.6940416077560089,0.773026973026973,0.4102527075812274,0.8442455242966752
scale_only,11,1353206384,random_forest,b3_logsig,54,max_depth=6,0.7629828299826457,0.6783577593583411,0.6713676778712396,0.6962633811351242,0.7737262737262737,0.4164620938628159,0.8448849104859335
scale_only,11,1353206384,random_forest,b3_rawsig,79,max_depth=6,0.7615048431423692,0.68268569335878,0.6761702677577516,0.7002625732175318,0.7765234765234765,0.4261371841155235,0.8453964194373401
scale_only,11,1353206384,random_forest,logsig,14,max_depth=10,0.753886299215421,0.6830113069734701,0.6770127544245531,0.6985659462734801,0.7609390609390609,0.4434657039711191,0.8446291560102301
scale_only,11,1353206384,random_forest,rawsig,39,max_depth=6,0.755785332534983,0.6880046406485141,0.6826285986862471,0.703777014744496,0.7701298701298701,0.4527075812274368,0.8411764705882353
scale_only,11,1353206384,random_forest,logsig_shuffled,14,max_depth=10,0.748255320228914,0.6768727052844423,0.6709191919889937,0.6931528984043628,0.7614385614385615,0.4335018050541516,0.8356777493606138
scale_only,11,1353206384,random_forest,rawsig_shuffled,39,max_depth=6,0.7498375502497865,0.6803536479401382,0.6739940515614372,0.6971924863663906,0.7686313686313686,0.4306137184115523,0.8418158567774936
scale_only,11,1353206384,random_forest,statistics_logsig_shuffled,25,max_depth=6,0.7601397676225572,0.6746091591722068,0.6677280449837818,0.6928297313674006,0.7728271728271728,0.4109747292418773,0.8400255754475703
scale_only,11,1353206384,random_forest,statistics_rawsig_shuffled,50,max_depth=6,0.7580353898220062,0.6808180397441479,0.6743754431114753,0.6985255503938598,0.7764235764235764,0.4249819494584838,0.8410485933503836
scale_only,11,1353206384,random_forest,b3_logsig_shuffled,54,max_depth=6,0.7625586344787111,0.678222002913297,0.6713753220580476,0.6961017976166431,0.7738261738261738,0.4176173285198556,0.8432225063938619
scale_only,11,1353206384,random_forest,b3_rawsig_shuffled,79,max_depth=10,0.7598593533803699,0.6796599468498791,0.6715108931780934,0.6997778226620884,0.792007992007992,0.3981227436823105,0.8488491048593351
scale_only,11,1353206384,logistic,hmm,3,C=0.1,0.7435797717507505,0.6728984765038759,0.6693186296024868,0.6860028277115734,0.7367632367632367,0.4667148014440433,0.8152173913043478
scale_only,11,1353206384,logistic,statistics,11,C=0.01,0.756445423423595,0.6969293782165527,0.6934351686856086,0.7119773783074126,0.782917082917083,0.4911191335740072,0.8167519181585677
scale_only,11,1353206384,logistic,statistics_logsig,25,C=0.01,0.7593241250700293,0.7068228006770298,0.7039281560588554,0.7201777418703292,0.7823176823176823,0.5221660649819495,0.8159846547314578
scale_only,11,1353206384,logistic,statistics_rawsig,50,C=0.01,0.761247931237447,0.7029038550801686,0.7001553631856482,0.7162593415471622,0.7804195804195804,0.5231768953068592,0.8051150895140665
scale_only,11,1353206384,logistic,b3,40,C=0.1,0.7487528832751894,0.689547869625704,0.6859396439937365,0.7022419713189255,0.7555444555444556,0.499927797833935,0.8131713554987212
scale_only,11,1353206384,logistic,b3_logsig,54,C=0.1,0.7502755458791718,0.6929817442045646,0.689886579504075,0.7051504746515855,0.7572427572427572,0.5136462093862816,0.8080562659846547
scale_only,11,1353206384,logistic,b3_rawsig,79,C=1.0,0.7508208936026858,0.6921710025073612,0.6889081917403429,0.7043021611795597,0.7547452547452548,0.5097472924187726,0.8120204603580563
scale_only,11,1353206384,logistic,logsig,14,C=1.0,0.74826067715555,0.709429171780451,0.705054654459063,0.7256715814986872,0.8033966033966033,0.4901083032490975,0.8347826086956521
scale_only,11,1353206384,logistic,rawsig,39,C=1.0,0.7570628290899095,0.6959385056515436,0.6930960749447935,0.7082205615027267,0.7623376623376623,0.5187003610108303,0.8067774936061382
scale_only,11,1353206384,logistic,logsig_shuffled,14,C=0.01,0.7468700499681709,0.6934549378099657,0.6882474296103673,0.7123005453443749,0.8067932067932068,0.4495306859205776,0.8240409207161126
scale_only,11,1353206384,logistic,rawsig_shuffled,39,C=1.0,0.7536995499342448,0.6823296021289688,0.6789956677746639,0.6947283377095537,0.7444555444555444,0.4914079422382671,0.8111253196930946
scale_only,11,1353206384,logistic,statistics_logsig_shuffled,25,C=0.01,0.7607005329434492,0.7027409447204106,0.6992010691886302,0.7170672591395678,0.782917082917083,0.5026714801444043,0.8226342710997443
scale_only,11,1353206384,logistic,statistics_rawsig_shuffled,50,C=0.01,0.7637040193583786,0.7035842699469242,0.7005580737998954,0.7169864673803272,0.7795204795204795,0.5187003610108303,0.8125319693094629
scale_only,11,1353206384,logistic,b3_logsig_shuffled,54,C=0.1,0.7484825284635624,0.6883691593475817,0.6847101872229385,0.7010300949303171,0.7536463536463537,0.4979061371841155,0.8135549872122763
scale_only,11,1353206384,logistic,b3_rawsig_shuffled,79,C=1.0,0.7520339322474353,0.6880149697250162,0.6843085126795811,0.7002625732175318,0.7483516483516484,0.4968953068592058,0.8187979539641944
scale_only,11,1353206384,gbm,hmm,3,max_leaf_nodes=7,0.7438399192428492,0.6700573816266245,0.6639726599817957,0.6856796606746112,0.7462537462537463,0.4244043321299639,0.8395140664961637
scale_only,11,1353206384,gbm,statistics,11,max_leaf_nodes=7,0.754177690890559,0.687446692375275,0.6820106445098774,0.7041809735406989,0.7777222777222778,0.4454873646209386,0.8391304347826087
scale_only,11,1353206384,gbm,statistics_logsig,25,max_leaf_nodes=7,0.7594286639820996,0.6924347387280531,0.6871279791147479,0.7093516461320946,0.7852147852147852,0.4515523465703971,0.840537084398977
scale_only,11,1353206384,gbm,statistics_rawsig,50,max_leaf_nodes=7,0.7606127069501265,0.6938302864373201,0.6880836058197796,0.7105231266410826,0.782917082917083,0.4501083032490974,0.84846547314578
scale_only,11,1353206384,gbm,b3,40,max_leaf_nodes=7,0.7552697951802431,0.6884389068479663,0.6824676940333464,0.7050292870127247,0.7766233766233767,0.4453429602888086,0.8433503836317136
scale_only,11,1353206384,gbm,b3_logsig,54,max_leaf_nodes=15,0.759764301871379,0.693685896648032,0.6868454630738722,0.7112502524742477,0.7873126873126873,0.4369675090252707,0.8567774936061381
scale_only,11,1353206384,gbm,b3_rawsig,79,max_leaf_nodes=7,0.7592840698438975,0.6915953293692497,0.685025637344754,0.7083013532619673,0.7783216783216783,0.4417328519855595,0.8547314578005115
scale_only,11,1353206384,gbm,logsig,14,max_leaf_nodes=7,0.7577094434511027,0.6950402360311231,0.6895512214353481,0.7106443142799435,0.7762237762237763,0.4620938628158845,0.8468030690537084
scale_only,11,1353206384,gbm,rawsig,39,max_leaf_nodes=7,0.7561188404821602,0.6945554679838706,0.6893366839702998,0.7102403554837406,0.7773226773226773,0.4632490974729242,0.8430946291560102
scale_only,11,1353206384,gbm,logsig_shuffled,14,max_leaf_nodes=7,0.7517995539085728,0.6856465168090455,0.6802441797528256,0.7019592001615835,0.7734265734265734,0.4492418772563177,0.8342710997442455
scale_only,11,1353206384,gbm,rawsig_shuffled,39,max_leaf_nodes=7,0.7519469758858492,0.6857397072168047,0.6801444367361679,0.7021611795596849,0.7738261738261738,0.4470758122743682,0.8363171355498721
scale_only,11,1353206384,gbm,statistics_logsig_shuffled,25,max_leaf_nodes=7,0.7545145399511379,0.6871188674799708,0.6810804409890192,0.7047869117350031,0.7837162837162838,0.4348014440433213,0.8428388746803069
scale_only,11,1353206384,gbm,statistics_rawsig_shuffled,50,max_leaf_nodes=7,0.7553275189332483,0.6884049918031101,0.6825240785254131,0.7059583922439912,0.7847152847152847,0.4385559566787003,0.8419437340153453
scale_only,11,1353206384,gbm,b3_logsig_shuffled,54,max_leaf_nodes=7,0.7563146143749826,0.6889097879570333,0.6827700616013326,0.7055948293274086,0.7773226773226773,0.4437545126353791,0.8456521739130435
scale_only,11,1353206384,gbm,b3_rawsig_shuffled,79,max_leaf_nodes=7,0.7576445385323217,0.6890098671829308,0.6827168293972402,0.7059583922439912,0.7791208791208791,0.4407220216606498,0.8471867007672634
scale_only,12,2489101260,random_forest,hmm,3,max_depth=6,0.7079304529704559,0.6831301924728912,0.6872152663130972,0.6832559078973944,0.6944818304172274,0.6156268927922471,0.739281854209199
scale_only,12,2489101260,random_forest,statistics,11,max_depth=6,0.7143607727511355,0.7041466449730088,0.7081693557570256,0.7040193900222177,0.7353480973938579,0.6811629315566323,0.6959289059685361
scale_only,12,2489101260,random_forest,statistics_logsig,25,max_depth=10,0.7202571134983637,0.7125811170911415,0.716692794030693,0.7125025247424762,0.7333904319099473,0.6950938824954573,0.7092590368680197
scale_only,12,2489101260,random_forest,statistics_rawsig,50,max_depth=6,0.7222122393056066,0.7160475842554311,0.7203378866059875,0.7159765703898202,0.7305762877768261,0.7093882495457299,0.7081782154437373
scale_only,12,2489101260,random_forest,b3,40,max_depth=6,0.7165232168847244,0.7079113654815501,0.7115002490397938,0.7078166027065239,0.7386516578979567,0.6747425802543913,0.7103398582923022
scale_only,12,2489101260,random_forest,b3_logsig,54,max_depth=10,0.7187375039082725,0.7122554574516521,0.7161506927349824,0.7121389618258938,0.7403646151963783,0.6921865536038765,0.7042152035547016
scale_only,12,2489101260,random_forest,b3_rawsig,79,max_depth=10,0.7224437953459647,0.7168905022416028,0.7210011577317568,0.7168248838618461,0.7332680778172029,0.7044215626892792,0.7129818662183259
scale_only,12,2489101260,random_forest,logsig,14,max_depth=10,0.7172386695811831,0.7066832867418401,0.7111838902827071,0.7066047263179156,0.722011501284718,0.700908540278619,0.6971298186621833
scale_only,12,2489101260,random_forest,rawsig,39,max_depth=6,0.7230668473920338,0.716388246927568,0.7206803061102285,0.7163401333064028,0.7273950813654717,0.7093882495457299,0.7123814098715023
scale_only,12,2489101260,random_forest,logsig_shuffled,14,max_depth=10,0.7107903183493648,0.7003528111150085,0.7046835743976704,0.7002221773379115,0.7233573963049064,0.6960629921259842,0.6816380449141347
scale_only,12,2489101260,random_forest,rawsig_shuffled,39,max_depth=6,0.7137772907403596,0.7062725397872928,0.7102575710313942,0.7061603716420926,0.7302092254985929,0.6936402180496669,0.6949681758136184
scale_only,12,2489101260,random_forest,statistics_logsig_shuffled,25,max_depth=10,0.7151341072848846,0.7073814545316056,0.7112781108897378,0.7072914562714603,0.733879848280925,0.6816474863718959,0.706617028941996
scale_only,12,2489101260,random_forest,statistics_rawsig_shuffled,50,max_depth=10,0.714915180068649,0.7060237171674407,0.71001579831816,0.7059179963643708,0.7349810351156246,0.6804360993337372,0.7026540170529603
scale_only,12,2489101260,random_forest,b3_logsig_shuffled,54,max_depth=10,0.716146177925844,0.7090644373859121,0.7127842794342368,0.7089476873358918,0.7396304906399119,0.6838279830405815,0.7037348384772427
scale_only,12,2489101260,random_forest,b3_rawsig_shuffled,79,max_depth=10,0.7173221428268143,0.7085037183022188,0.712220353898085,0.7083821450212079,0.7397528447326563,0.6834645669291338,0.7022937432448662
scale_only,12,2489101260,logistic,hmm,3,C=0.1,0.7067201905589474,0.6831209996966198,0.6873468173801855,0.6832559078973944,0.6911782699131286,0.619503331314355,0.7386813978623754
scale_only,12,2489101260,logistic,statistics,11,C=0.01,0.7131561367117101,0.711027195380891,0.7140681721030884,0.7109270854372854,0.750030588523186,0.6620230163537251,0.721027981265762
scale_only,12,2489101260,logistic,statistics_logsig,25,C=1.0,0.7209842175276483,0.7224155455542219,0.7261132216969156,0.7223591193698243,0.7447693625351768,0.6940036341611144,0.7284736399663745
scale_only,12,2489101260,logistic,statistics_rawsig,50,C=1.0,0.7241994256149517,0.7278914113533631,0.7318527400082219,0.7279337507574227,0.7337574941881806,0.7007874015748031,0.7491293382971058
scale_only,12,2489101260,logistic,b3,40,C=0.01,0.7122095690432607,0.7015719830853291,0.7051725665346243,0.7014340537265199,0.7434234675149883,0.6594791035735917,0.7018133781674072
scale_only,12,2489101260,logistic,b3_logsig,54,C=0.1,0.7159084047666268,0.7134401455039122,0.7169803099182414,0.7133912340941224,0.7395081365471675,0.6745003028467595,0.7263119971178096
scale_only,12,2489101260,logistic,b3_rawsig,79,C=1.0,0.7167170290496956,0.7161328748793383,0.7201535622909833,0.7161785497879216,0.7237244585831396,0.6841913991520291,0.7404827669028462
scale_only,12,2489101260,logistic,logsig,14,C=0.1,0.7204947137816591,0.7273799458828294,0.728175865314426,0.7274086043223591,0.7677719319711245,0.6311326468806784,0.7832352587966854
scale_only,12,2489101260,logistic,rawsig,39,C=1.0,0.7283377397870612,0.7300138839401646,0.7338724126139559,0.7300747323772975,0.7280068518291937,0.7133858267716535,0.748648973219647
scale_only,12,2489101260,logistic,logsig_shuffled,14,C=1.0,0.7081144807515253,0.704292781280082,0.7059944200421738,0.7042617652999394,0.7488070475957421,0.6197456087219867,0.7443256875225172
scale_only,12,2489101260,logistic,rawsig_shuffled,39,C=1.0,0.7157609749426843,0.7092691159771523,0.7136216482956259,0.709270854372854,0.7136914229780986,0.6992125984251969,0.7149033265281614
scale_only,12,2489101260,logistic,statistics_logsig_shuffled,25,C=1.0,0.7164107801306394,0.7133596011832082,0.717344389955351,0.7133104423348818,0.730820995962315,0.6929133858267716,0.716344421760538
scale_only,12,2489101260,logistic,statistics_rawsig_shuffled,50,C=1.0,0.7210789580614932,0.7159097576876808,0.7199942856195797,0.7159361745102,0.7228679799339288,0.6919442761962447,0.7329170169328689
scale_only,12,2489101260,logistic,b3_logsig_shuffled,54,C=0.01,0.7117370018258384,0.7014815700587117,0.7052928454316137,0.7013532619672793,0.7398751988254008,0.6634766807995155,0.701092830551219
scale_only,12,2489101260,logistic,b3_rawsig_shuffled,79,C=1.0,0.7129614659955577,0.7019499663074745,0.7063899616265367,0.7019592001615835,0.7122231738651658,0.676801938219261,0.7168247868379969
scale_only,12,2489101260,gbm,hmm,3,max_leaf_nodes=7,0.707714287539524,0.6832306319654138,0.6872940355544191,0.683336699656635,0.6970512663648599,0.6172016959418534,0.735438933589528
scale_only,12,2489101260,gbm,statistics,11,max_leaf_nodes=7,0.7120150227743808,0.6994726260770349,0.7027868206315926,0.699414259745506,0.7379175333414902,0.6373107207752877,0.7231896241143269
scale_only,12,2489101260,gbm,statistics_logsig,25,max_leaf_nodes=7,0.7188199273878736,0.7165924267721985,0.7200189163407836,0.7165825085841244,0.7425669888657775,0.6644457904300424,0.7427645010207757
scale_only,12,2489101260,gbm,statistics_rawsig,50,max_leaf_nodes=7,0.7189256438192292,0.715662307283451,0.7194285421917342,0.715653403352858,0.735715159672091,0.6758328285887341,0.735438933589528
scale_only,12,2489101260,gbm,b3,40,max_leaf_nodes=7,0.7074062391467942,0.7057217778117589,0.7094697117991845,0.7056352252070289,0.7393857824544231,0.6634766807995155,0.7143028701813379
scale_only,12,2489101260,gbm,b3_logsig,54,max_leaf_nodes=7,0.7139240772652832,0.7147834875821063,0.7180569219548748,0.7147242981215916,0.7463599657408541,0.6675953967292549,0.7303951002762099
scale_only,12,2489101260,gbm,b3_rawsig,79,max_leaf_nodes=7,0.7120893699691967,0.7107831508224799,0.7144168988783671,0.710725106039184,0.7380398874342347,0.6724409448818898,0.721868620151315
scale_only,12,2489101260,gbm,logsig,14,max_leaf_nodes=7,0.7215920997250987,0.7193134786934712,0.7231254999003731,0.7193294283983034,0.7311880582405481,0.6884312537855845,0.7383211240542813
scale_only,12,2489101260,gbm,rawsig,39,max_leaf_nodes=7,0.7215032995948384,0.7189600472322634,0.7229131805153862,0.7190062613613412,0.7258044781597944,0.6884312537855845,0.7426444097514111
scale_only,12,2489101260,gbm,logsig_shuffled,14,max_leaf_nodes=7,0.7135000052052237,0.7055009050581633,0.7093469011991503,0.7054332458089275,0.7299645173131041,0.6764385221078134,0.7100996757535727
scale_only,12,2489101260,gbm,rawsig_shuffled,39,max_leaf_nodes=7,0.7130927618087445,0.7060156847285698,0.709755089640247,0.7059583922439912,0.7283739141074269,0.6778921865536038,0.7117809535246787
scale_only,12,2489101260,gbm,statistics_logsig_shuffled,25,max_leaf_nodes=7,0.7144081124069785,0.7043894372347985,0.7078655325078026,0.7043425570591799,0.7385293038052123,0.6474863718958207,0.7271526360033626
scale_only,12,2489101260,gbm,statistics_rawsig_shuffled,50,max_leaf_nodes=7,0.7148368615857735,0.7029225317576847,0.706261082533327,0.70288830539285,0.7370610546922794,0.641671714112659,0.7300348264681158
scale_only,12,2489101260,gbm,b3_logsig_shuffled,54,max_leaf_nodes=7,0.7074062391467942,0.7057217778117589,0.7094697117991845,0.7056352252070289,0.7393857824544231,0.6634766807995155,0.7143028701813379
scale_only,12,2489101260,gbm,b3_rawsig_shuffled,79,max_leaf_nodes=7,0.7071902773955069,0.7046245730527995,0.7083325506575887,0.7045445364572813,0.7379175333414902,0.6609327680193822,0.7150234177975261
scale_only,13,203969953,random_forest,hmm,3,max_depth=10,0.6953594293998311,0.7132987941131274,0.7154912552527465,0.7080993738638659,0.7800706713780918,0.6437152391546163,0.7161104718066743
scale_only,13,203969953,random_forest,statistics,11,max_depth=6,0.7144154961789738,0.7234612201278746,0.7255995156851918,0.7190062613613412,0.7807773851590106,0.66440489432703,0.7252013808975835
scale_only,13,203969953,random_forest,statistics_logsig,25,max_depth=10,0.7187763756765397,0.7280743448834975,0.7292833124367702,0.7235305998788124,0.7837455830388692,0.6528364849833148,0.7476409666283084
scale_only,13,203969953,random_forest,statistics_rawsig,50,max_depth=10,0.7256994105875411,0.7307903911648337,0.7315897931490332,0.7263179155726116,0.7836042402826855,0.6460511679644049,0.7627157652474108
scale_only,13,203969953,random_forest,b3,40,max_depth=10,0.7179477716973234,0.7205660826557049,0.7218125720366912,0.7158149868713392,0.7793639575971731,0.6450500556173526,0.7372842347525892
scale_only,13,203969953,random_forest,b3_logsig,54,max_depth=10,0.7218885110856671,0.7262429468418947,0.7277664065959274,0.7217127852958998,0.782190812720848,0.653615127919911,0.7429228998849252
scale_only,13,203969953,random_forest,b3_rawsig,79,max_depth=10,0.7262837583012787,0.7301506401997298,0.7312193083653892,0.7255907897394466,0.7857243816254417,0.6530589543937708,0.751668584579977
scale_only,13,203969953,random_forest,logsig,14,max_depth=10,0.7127256581493698,0.729518132522208,0.7330392959988591,0.7263179155726116,0.7684805653710247,0.675194660734149,0.74487917146145
scale_only,13,203969953,random_forest,rawsig,39,max_depth=6,0.7199472421196408,0.7333274677150632,0.7368083004632697,0.7301959200161584,0.7718727915194347,0.6824249165739711,0.7456846950517837
scale_only,13,203969953,random_forest,logsig_shuffled,14,max_depth=10,0.7055999483742114,0.7277420058328139,0.7311655870871361,0.7242577257119773,0.7731448763250883,0.6846496106785317,0.7254315304948217
scale_only,13,203969953,random_forest,rawsig_shuffled,39,max_depth=10,0.710542710721108,0.7281387852992162,0.7313556932085362,0.7246212886285599,0.7720141342756184,0.6740823136818688,0.7383199079401611
scale_only,13,203969953,random_forest,statistics_logsig_shuffled,25,max_depth=10,0.7168524630771946,0.7218019493348331,0.722994229571039,0.717107655019188,0.7806360424028268,0.6511679644048943,0.733601841196778
scale_only,13,203969953,random_forest,statistics_rawsig_shuffled,50,max_depth=10,0.7172576526089781,0.725746493778757,0.7276836389051714,0.7215108058977985,0.7786572438162545,0.6610678531701891,0.7375143843498274
scale_only,13,203969953,random_forest,b3_logsig_shuffled,54,max_depth=10,0.718563288704216,0.7227260862786303,0.7240475047477138,0.718117552009695,0.7799293286219081,0.6503893214682981,0.7378596087456847
scale_only,13,203969953,random_forest,b3_rawsig_shuffled,79,max_depth=10,0.7185594087710484,0.7233611495254886,0.72503935416624,0.7189254696021006,0.7792226148409894,0.6580645161290323,0.7327963176064441
scale_only,13,203969953,logistic,hmm,3,C=0.1,0.6927576035699978,0.7146417218421521,0.7183249685444507,0.7102403554837406,0.7748409893992932,0.6755283648498331,0.6935558112773302
scale_only,13,203969953,logistic,statistics,11,C=1.0,0.7040604783678078,0.7105545132699794,0.7116259953274531,0.7051504746515855,0.7830388692579505,0.6548387096774193,0.6937859608745685
scale_only,13,203969953,logistic,statistics_logsig,25,C=1.0,0.7128399406689768,0.7123593166370022,0.7132498751714199,0.7061199757624722,0.798303886925795,0.6601779755283649,0.678596087456847
scale_only,13,203969953,logistic,statistics_rawsig,50,C=1.0,0.7197870126112798,0.7176287626848653,0.7208700089489243,0.7134316299737427,0.775547703180212,0.6830923248053392,0.6942462600690449
scale_only,13,203969953,logistic,b3,40,C=1.0,0.7029614372062571,0.6978814490318465,0.6980069892955413,0.6913754797010705,0.783886925795053,0.6240266963292548,0.6857307249712313
scale_only,13,203969953,logistic,b3_logsig,54,C=1.0,0.709174004479861,0.6990255843380179,0.6981328484789958,0.6919006261361341,0.7925088339222615,0.614349276974416,0.6902186421173763
scale_only,13,203969953,logistic,b3_rawsig,79,C=1.0,0.7180865138727213,0.7091917692116718,0.7103373353157979,0.7039385982629772,0.7773851590106007,0.642825361512792,0.7073647871116225
scale_only,13,203969953,logistic,logsig,14,C=1.0,0.7055423278308833,0.7077826926098311,0.7060325841689646,0.7000201979398102,0.8128621908127208,0.6329254727474972,0.677560414269275
scale_only,13,203969953,logistic,rawsig,39,C=1.0,0.7143022007619707,0.7199768929202501,0.7230747951902501,0.7156937992324783,0.7814840989399293,0.6976640711902113,0.6807825086306099
scale_only,13,203969953,logistic,logsig_shuffled,14,C=1.0,0.6947304532760811,0.7126862753655526,0.7108963267423029,0.7059987881236114,0.8015547703180212,0.639265850945495,0.6972382048331416
scale_only,13,203969953,logistic,rawsig_shuffled,39,C=1.0,0.7025356817897207,0.7203211081268996,0.7234434045852041,0.716097758028681,0.7830388692579505,0.7094549499443826,0.6684695051783659
scale_only,13,203969953,logistic,statistics_logsig_shuffled,25,C=1.0,0.7090614631842893,0.7131336412400725,0.7146001866840531,0.7078569985861443,0.785583038869258,0.667741935483871,0.6860759493670886
scale_only,13,203969953,logistic,statistics_rawsig_shuffled,50,C=1.0,0.7137530063822394,0.7155177041354408,0.7184377643458119,0.7110482730761463,0.7783745583038869,0.6850945494994438,0.6830840046029919
scale_only,13,203969953,logistic,b3_logsig_shuffled,54,C=1.0,0.7040222923135442,0.6997603271219212,0.699776193477045,0.6932740860432236,0.7853003533568904,0.625027808676307,0.6889528193325661
scale_only,13,203969953,logistic,b3_rawsig_shuffled,79,C=1.0,0.7104838155654832,0.7086584751941403,0.7101365955947547,0.7035750353463947,0.775547703180212,0.6492769744160178,0.701150747986191
scale_only,13,203969953,gbm,hmm,3,max_leaf_nodes=7,0.6963281496240574,0.7148680615300079,0.7178715663522142,0.7101191678448798,0.7759717314487633,0.6519466073414906,0.7166858457997699
scale_only,13,203969953,gbm,statistics,11,max_leaf_nodes=7,0.7033956725452066,0.7034356050012635,0.7047022830713163,0.6981619874772773,0.7708833922261484,0.6313681868743047,0.7080552359033372
scale_only,13,203969953,gbm,statistics_logsig,25,max_leaf_nodes=7,0.719353622272251,0.7113151865596598,0.7130511872639618,0.7064431427994344,0.7730035335689046,0.6413793103448275,0.7195627157652474
scale_only,13,203969953,gbm,statistics_rawsig,50,max_leaf_nodes=7,0.7174245484706415,0.7107188785846583,0.7122575272149558,0.7059179963643708,0.7706007067137809,0.6369299221357063,0.7246260069044879
scale_only,13,203969953,gbm,b3,40,max_leaf_nodes=7,0.7074869540033376,0.7000668604133246,0.7012294700991498,0.6948495253484145,0.7642402826855124,0.6150166852057842,0.7209436133486766
scale_only,13,203969953,gbm,b3_logsig,54,max_leaf_nodes=7,0.7089103193160434,0.704975031831879,0.7056502869653797,0.699697030902848,0.7691872791519435,0.6151279199110122,0.7306098964326813
scale_only,13,203969953,gbm,b3_rawsig,79,max_leaf_nodes=7,0.7117297523361062,0.7013897902868611,0.7020465245915224,0.6959806099777822,0.7665017667844523,0.6055617352614016,0.7321058688147296
scale_only,13,203969953,gbm,logsig,14,max_leaf_nodes=7,0.7190283743442837,0.7230802575945502,0.7258239137545104,0.7190466572409614,0.7724381625441696,0.6559510567296997,0.7408515535097814
scale_only,13,203969953,gbm,rawsig,39,max_leaf_nodes=7,0.7176658283537677,0.7221277010950429,0.7244275781529029,0.7180367602504545,0.7724381625441696,0.6553948832035595,0.7385500575373993
scale_only,13,203969953,gbm,logsig_shuffled,14,max_leaf_nodes=15,0.710175696850028,0.7289336161819179,0.733202969450727,0.7261159361745102,0.7656537102473499,0.6941045606229144,0.7270425776754891
scale_only,13,203969953,gbm,rawsig_shuffled,39,max_leaf_nodes=7,0.7104266487224117,0.727792281384844,0.7313697231522083,0.7245404968693193,0.7700353356890459,0.6868743047830923,0.7264672036823936
scale_only,13,203969953,gbm,statistics_logsig_shuffled,25,max_leaf_nodes=7,0.7100940897143763,0.7055410826752674,0.7073723970045093,0.7005049484952535,0.7701766784452296,0.6379310344827587,0.7085155350978136
scale_only,13,203969953,gbm,statistics_rawsig_shuffled,50,max_leaf_nodes=7,0.7104316298299657,0.7053131819826636,0.707274957551227,0.7002221773379115,0.7713074204946997,0.6404894327030033,0.7041426927502877
scale_only,13,203969953,gbm,b3_logsig_shuffled,54,max_leaf_nodes=7,0.7074869540033376,0.7000668604133246,0.7012294700991498,0.6948495253484145,0.7642402826855124,0.6150166852057842,0.7209436133486766
scale_only,13,203969953,gbm,b3_rawsig_shuffled,79,max_leaf_nodes=7,0.7060602899055167,0.7007415403673596,0.702307048294744,0.6955766511815795,0.7645229681978799,0.617908787541713,0.7197928653624857
scale_only,14,3385369635,random_forest,hmm,3,max_depth=6,0.720522628994465,0.7287586893286465,0.728067209527821,0.7336699656635023,0.7927862753203804,0.6325411334552102,0.760948659210349
scale_only,14,3385369635,random_forest,statistics,11,max_depth=6,0.7258634750519248,0.7476034512323307,0.7480164606771686,0.7554029488992123,0.8392930963207937,0.6898668059545573,0.7136504514216413
scale_only,14,3385369635,random_forest,statistics_logsig,25,max_depth=10,0.7293510740428429,0.7529436133857095,0.7533850813264555,0.7607756008887093,0.8443571723852832,0.7012274745364325,0.713246193235413
scale_only,14,3385369635,random_forest,statistics_rawsig,50,max_depth=6,0.7330373188801026,0.75937789443608,0.7598532816409717,0.7667137951928903,0.843633732947499,0.7239488117001828,0.7105511386605579
scale_only,14,3385369635,random_forest,b3,40,max_depth=6,0.7291190663766315,0.7521226232998727,0.7522535315792994,0.7594829327408604,0.8396031417941298,0.6885609819796291,0.728203746125859
scale_only,14,3385369635,random_forest,b3_logsig,54,max_depth=6,0.7312125817951882,0.7531092322223767,0.753284928960534,0.7606544132498485,0.8423935510541546,0.6916949595194568,0.7252391860935183
scale_only,14,3385369635,random_forest,b3_rawsig,79,max_depth=10,0.7340939566772627,0.7556832404200055,0.7558939018518518,0.7635629165825086,0.8485944605208764,0.6946983546617916,0.7237569060773481
scale_only,14,3385369635,random_forest,logsig,14,max_depth=10,0.7241733834928725,0.746613854064532,0.7472102918234972,0.7537467178347809,0.8293716411740388,0.7042308696787674,0.7062390513407897
scale_only,14,3385369635,random_forest,rawsig,39,max_depth=10,0.7327104279319435,0.7520606456300715,0.752649884142996,0.7601292668147849,0.8449772633319553,0.7107599895534082,0.700444684004851
scale_only,14,3385369635,random_forest,logsig_shuffled,14,max_depth=10,0.7234333812579793,0.750383283107102,0.7508328167690289,0.7575439305190871,0.833608929309632,0.7064507704361452,0.7110901495755289
scale_only,14,3385369635,random_forest,rawsig_shuffled,39,max_depth=6,0.727167866370146,0.7514548658219228,0.7519604783126561,0.7588769945465562,0.836812732534105,0.7145468790806999,0.7030049858509635
scale_only,14,3385369635,random_forest,statistics_logsig_shuffled,25,max_depth=6,0.7288451608571673,0.75104420217232,0.7513716340688044,0.7585134316299738,0.8388797023563456,0.6954818490467485,0.7187710551138661
scale_only,14,3385369635,random_forest,statistics_rawsig_shuffled,50,max_depth=6,0.7312921394873068,0.7534164628786967,0.7538346955846839,0.7608967885275701,0.840223232740802,0.708801253591016,0.7112249023042717
scale_only,14,3385369635,random_forest,b3_logsig_shuffled,54,max_depth=6,0.7307679889255999,0.7540547247745181,0.7541116571531433,0.7615431226014946,0.8431169904919388,0.6888221467746147,0.7302250370570004
scale_only,14,3385369635,random_forest,b3_rawsig_shuffled,79,max_depth=6,0.7319447527688223,0.7537320269402711,0.7540230041807234,0.7615431226014946,0.8452873088052915,0.6984852441890833,0.7174235278264385
scale_only,14,3385369635,logistic,hmm,3,C=0.1,0.718403598207879,0.7266590862592617,0.7268444513472296,0.7310038376085639,0.7818313352625051,0.6555236354139462,0.742622288101334
scale_only,14,3385369635,logistic,statistics,11,C=0.01,0.7233078716213789,0.7492191553048761,0.7502305335531649,0.758998182185417,0.8614096734187681,0.7031862104988248,0.6830615819970355
scale_only,14,3385369635,logistic,statistics_logsig,25,C=0.01,0.7285149983535639,0.7545659532148982,0.7556090653911313,0.7643708341749141,0.8655436130632492,0.7227735701227475,0.6753806764586983
scale_only,14,3385369635,logistic,statistics_rawsig,50,C=1.0,0.733751137694903,0.7532024597890788,0.7542038846303454,0.7613411432033933,0.8432203389830508,0.746800731261426,0.6695863091227597
scale_only,14,3385369635,logistic,b3,40,C=0.01,0.71904292543871,0.7443956057719574,0.7455190286249054,0.754635427186427,0.8620297643654402,0.6946983546617916,0.6764586982886404
scale_only,14,3385369635,logistic,b3_logsig,54,C=0.01,0.7237936897396123,0.7477703998349231,0.7488761326904522,0.7579882851949101,0.864406779661017,0.7052755288587098,0.6736288909850424
scale_only,14,3385369635,logistic,b3_rawsig,79,C=1.0,0.7247407317330131,0.7500201280194249,0.7511035927304107,0.7585942233892143,0.8467341876808598,0.7253852180726038,0.6779409783048107
scale_only,14,3385369635,logistic,logsig,14,C=0.01,0.7297154865141163,0.7551011360821183,0.7558068136061902,0.7652999394061806,0.8729847044233154,0.6987464089840689,0.6935722948389705
scale_only,14,3385369635,logistic,rawsig,39,C=1.0,0.7351070993351584,0.7579322813533227,0.7587596827767813,0.7661886487578267,0.8482844150475403,0.7606424653956647,0.6648699636167632
scale_only,14,3385369635,logistic,logsig_shuffled,14,C=0.1,0.7255329181263095,0.7536568150375524,0.7540964392746484,0.7638456877398505,0.8721579164944192,0.6903891355445286,0.6984233930737097
scale_only,14,3385369635,logistic,rawsig_shuffled,39,C=1.0,0.7265499730007398,0.7512695036495366,0.7520478111885494,0.7602100585740255,0.8492145514675485,0.753199268738574,0.6513946907424876
scale_only,14,3385369635,logistic,statistics_logsig_shuffled,25,C=0.01,0.7271400900025983,0.7525227806454596,0.7534580934921088,0.7621490607957988,0.8625465068210004,0.7111517367458866,0.683870098369492
scale_only,14,3385369635,logistic,statistics_rawsig_shuffled,50,C=1.0,0.7297563651893899,0.7551281674815321,0.756033930148095,0.7633609371844072,0.8460107482430756,0.750326455993732,0.6690472982077887
scale_only,14,3385369635,logistic,b3_logsig_shuffled,54,C=1.0,0.7191862777446391,0.7420240815765601,0.7432699430202997,0.7516865279741466,0.8525217031831335,0.6999216505615043,0.6736288909850424
scale_only,14,3385369635,logistic,b3_rawsig_shuffled,79,C=1.0,0.7231865511006123,0.7495952565227757,0.7506445502323881,0.7583922439911129,0.8486978090119884,0.7255158004700967,0.6745721600862418
scale_only,14,3385369635,gbm,hmm,3,max_leaf_nodes=7,0.7204620534760992,0.728413730938427,0.7275507280818235,0.7340335285800849,0.8011575031004547,0.6232697832332201,0.7608139064816063
scale_only,14,3385369635,gbm,statistics,11,max_leaf_nodes=7,0.711986720716113,0.7395827813042625,0.7402026022648478,0.7479297111694607,0.8377428689541133,0.6774614781927396,0.7035439967659345
scale_only,14,3385369635,gbm,statistics_logsig,25,max_leaf_nodes=7,0.7225857533903625,0.7506459624792311,0.7510962423702936,0.7587558069076954,0.8451839603141794,0.6982240793940977,0.7085298477294165
scale_only,14,3385369635,gbm,statistics_rawsig,50,max_leaf_nodes=7,0.7209883302310865,0.7498377760628979,0.7503891826446937,0.7578670975560493,0.843530384456387,0.6970488378166623,0.7089341059156448
scale_only,14,3385369635,gbm,b3,40,max_leaf_nodes=7,0.7113676232888841,0.7377820270214627,0.7382027408424632,0.7464350636235104,0.8406366267052501,0.6629668320710368,0.7097426222881014
scale_only,14,3385369635,gbm,b3_logsig,54,max_leaf_nodes=7,0.7156441948835326,0.7402938288466506,0.7406966754393287,0.7488992122803474,0.8428069450186028,0.6637503264559937,0.714324215065355
scale_only,14,3385369635,gbm,b3_rawsig,79,max_leaf_nodes=7,0.7195889930597152,0.7431967784456829,0.7435514761481256,0.7514845485760453,0.8417734601074824,0.6709323583180987,0.7168845169114675
scale_only,14,3385369635,gbm,logsig,14,max_leaf_nodes=7,0.7302488457094342,0.7529009931749501,0.7534966499990547,0.7612199555645324,0.8480777180653163,0.7162444502481066,0.694380811211427
scale_only,14,3385369635,gbm,rawsig,39,max_leaf_nodes=7,0.7292734925809738,0.751787185123043,0.7523965969672854,0.7599676832963038,0.8448739148408433,0.7205536693653696,0.6899339711629161
scale_only,14,3385369635,gbm,logsig_shuffled,14,max_leaf_nodes=7,0.7248999735567176,0.7498419313825858,0.7504636759218615,0.7579478893152899,0.8422902025630425,0.7168973622355707,0.6903382293491443
scale_only,14,3385369635,gbm,rawsig_shuffled,39,max_leaf_nodes=7,0.7251168664153925,0.7498502382442175,0.7504702461883354,0.7583922439911129,0.84725093013642,0.7153303734656569,0.6869694111305754
scale_only,14,3385369635,gbm,statistics_logsig_shuffled,25,max_leaf_nodes=7,0.7171941494210028,0.7457262756219198,0.7463013063675282,0.7539486972328823,0.8414634146341463,0.6936536954818491,0.7020617167497641
scale_only,14,3385369635,gbm,statistics_rawsig_shuffled,50,max_leaf_nodes=7,0.7183938750410501,0.7472133983580838,0.7477555164149647,0.7554837406584528,0.8434270359652749,0.6956124314442413,0.7026007276647352
scale_only,14,3385369635,gbm,b3_logsig_shuffled,54,max_leaf_nodes=7,0.7113676232888841,0.7377820270214627,0.7382027408424632,0.7464350636235104,0.8406366267052501,0.6629668320710368,0.7097426222881014
scale_only,14,3385369635,gbm,b3_rawsig_shuffled,79,max_leaf_nodes=7,0.711381087891776,0.7375818928257724,0.7380472810022325,0.746233084225409,0.8403265812319141,0.6636197440585009,0.708799353186902
scale_only,15,431946835,random_forest,hmm,3,max_depth=10,0.7508292832652517,0.7420402433979835,0.7465918455806642,0.7426378509392042,0.7466734902763562,0.7503761014399313,0.7290711384776628
scale_only,15,431946835,random_forest,statistics,11,max_depth=6,0.7677658640640136,0.746102076937492,0.7504282875705993,0.7467986265400929,0.7511514841351075,0.7558564367075006,0.7312983099698677
scale_only,15,431946835,random_forest,statistics_logsig,25,max_depth=6,0.7726366779216485,0.7514538819664279,0.7558219669532278,0.7522924661684508,0.7617707267144319,0.7627337201805287,0.7298571990043233
scale_only,15,431946835,random_forest,statistics_rawsig,50,max_depth=6,0.7748065895616015,0.7560805176132649,0.7607653921641068,0.7573419511209857,0.7676560900716479,0.7734794756071351,0.7271059871610114
scale_only,15,431946835,random_forest,b3,40,max_depth=6,0.7688303479769779,0.7502096284168059,0.7544306392101983,0.7509594021409817,0.7538382804503583,0.7609069417580056,0.7358836630420542
scale_only,15,431946835,random_forest,b3_logsig,54,max_depth=6,0.7727375689117665,0.7513980346316617,0.7554774200349593,0.7519692991314886,0.7584442169907881,0.7590801633354824,0.7366697235687147
scale_only,15,431946835,random_forest,b3_rawsig,79,max_depth=6,0.7759905792374903,0.7577796869518753,0.7620554817960196,0.7586346192688346,0.7662487205731832,0.7695035460992907,0.7375867941831521
scale_only,15,431946835,random_forest,logsig,14,max_depth=10,0.7724697664287642,0.7500229271541756,0.7548073812669577,0.7509190062613613,0.7530706243602866,0.7629486352890609,0.7340495218131796
scale_only,15,431946835,random_forest,rawsig,39,max_depth=10,0.7718191090767562,0.7528134188003651,0.7567986280476783,0.7530195920016158,0.763689866939611,0.7546744036105738,0.7400759858509105
scale_only,15,431946835,random_forest,logsig_shuffled,14,max_depth=10,0.7649730427179552,0.7427898567368345,0.7471849371957696,0.7434053726519895,0.7547338792221086,0.7505910165484634,0.7230446744399319
scale_only,15,431946835,random_forest,rawsig_shuffled,39,max_depth=4,0.7660362946472866,0.741974360316413,0.7464948386250247,0.742759038578065,0.751663254861822,0.7525252525252525,0.7217345735621643
scale_only,15,431946835,random_forest,statistics_logsig_shuffled,25,max_depth=6,0.7698746476135067,0.7469724816234219,0.751178889225061,0.7476065441324985,0.7574206755373593,0.7552116913819041,0.7282850779510023
scale_only,15,431946835,random_forest,statistics_rawsig_shuffled,50,max_depth=4,0.7691099720501361,0.7450464624032739,0.7496968700688783,0.7459907089476874,0.7562691914022518,0.7577906726842897,0.7210795231232805
scale_only,15,431946835,random_forest,b3_logsig_shuffled,54,max_depth=6,0.7703287273043723,0.7493588383227325,0.7535327328015698,0.7500302969097152,0.7552456499488229,0.7586503331184182,0.7341805319009563
scale_only,15,431946835,random_forest,b3_rawsig_shuffled,79,max_depth=6,0.7708799618013383,0.7484542815847165,0.7523696661238333,0.7487780246414866,0.7560133060388946,0.7524177949709865,0.7369317437442683
scale_only,15,431946835,logistic,hmm,3,C=0.01,0.7462076693313079,0.7385494143798909,0.7453859624810648,0.7417491415875581,0.7410440122824974,0.7856221792392005,0.6889820516179745
scale_only,15,431946835,logistic,statistics,11,C=1.0,0.7540399886878922,0.7381450898564056,0.7438801605829118,0.7408604322359119,0.7716223132036848,0.7746615087040619,0.6681514476614699
scale_only,15,431946835,logistic,statistics_logsig,25,C=1.0,0.7597005196655617,0.7516775657864304,0.7572201431330342,0.754635427186427,0.7894063459570113,0.7913174296153019,0.6743089217869775
scale_only,15,431946835,logistic,statistics_rawsig,50,C=1.0,0.7652949374134043,0.7553710882564898,0.761339931862258,0.7585134316299738,0.7810900716479018,0.7990543735224587,0.6859688195991092
scale_only,15,431946835,logistic,b3,40,C=1.0,0.746623479197902,0.7364772217941145,0.7413109638036642,0.7377499495051505,0.7688075742067554,0.75177304964539,0.6888510415301978
scale_only,15,431946835,logistic,b3_logsig,54,C=1.0,0.7510488373180587,0.7469548525060054,0.7517552320591183,0.7485356493637649,0.7801944728761515,0.7667096496883731,0.6939604349534915
scale_only,15,431946835,logistic,b3_rawsig,79,C=1.0,0.7552667009418298,0.7514300435568174,0.7564097632809689,0.7532619672793375,0.7809621289662231,0.7753062540296582,0.6980217476745709
scale_only,15,431946835,logistic,logsig,14,C=1.0,0.7558092237811168,0.756837670559904,0.7588310692463126,0.7559280953342759,0.8225435005117707,0.7361917042768107,0.7117778068911306
scale_only,15,431946835,logistic,rawsig,39,C=1.0,0.7679129082518851,0.7547658949977524,0.760688940016363,0.7571399717228843,0.7771238485158649,0.7874489576617236,0.6997248788156688
scale_only,15,431946835,logistic,logsig_shuffled,14,C=1.0,0.7502303701262582,0.7353954559441199,0.7373035322066827,0.7340739244597051,0.7988741044012283,0.7088974854932302,0.6984147779379012
scale_only,15,431946835,logistic,rawsig_shuffled,39,C=1.0,0.7644702794344655,0.7426014521978545,0.7487394201251996,0.7454251666330034,0.760747185261003,0.7823984526112185,0.6846587187213415
scale_only,15,431946835,logistic,statistics_logsig_shuffled,25,C=1.0,0.7575078070716522,0.7412670772110154,0.7469398920505229,0.7440113108462937,0.776740020470829,0.7779926928863099,0.6690685182759073
scale_only,15,431946835,logistic,statistics_rawsig_shuffled,50,C=1.0,0.7645136210969922,0.7477751807985652,0.7537896937718678,0.7507574227428803,0.7727737973387923,0.7891682785299806,0.6813834665269226
scale_only,15,431946835,logistic,b3_logsig_shuffled,54,C=1.0,0.7464916920460695,0.7361766826593716,0.7409971737529676,0.7374267824681883,0.7695752302968271,0.7510208467655276,0.6879339709157605
scale_only,15,431946835,logistic,b3_rawsig_shuffled,79,C=1.0,0.751122976826969,0.7420593248885634,0.7472636381695867,0.7439305190870531,0.7727737973387923,0.7663872770255749,0.6870169003013232
scale_only,15,431946835,gbm,hmm,3,max_leaf_nodes=15,0.7508840085850338,0.742065550690374,0.7465764842508423,0.742597455059584,0.7488485158648925,0.7491940683430045,0.7281540678632255
scale_only,15,431946835,gbm,statistics,11,max_leaf_nodes=7,0.7541470399547704,0.7397467459248298,0.7427201708182011,0.7390426176529994,0.7546059365404298,0.7277025574897915,0.7369317437442683
scale_only,15,431946835,gbm,statistics_logsig,25,max_leaf_nodes=7,0.7642062702984497,0.7499026975375305,0.7529570548929314,0.7494647545950313,0.7668884339815762,0.7415645819901139,0.7412550766409014
scale_only,15,431946835,gbm,statistics_rawsig,50,max_leaf_nodes=7,0.7669533977218722,0.7520901608029638,0.755427911326931,0.7517673197333872,0.7682958034800409,0.7455405114979583,0.7424341674308922
scale_only,15,431946835,gbm,b3,40,max_leaf_nodes=7,0.7615368906408596,0.7388908881601282,0.7414890942202179,0.7379923247828721,0.7549897645854657,0.7238340855362132,0.7378488143587056
scale_only,15,431946835,gbm,b3_logsig,54,max_leaf_nodes=7,0.7656167799631929,0.7433230538456513,0.745672887348697,0.7422742880226217,0.7629222108495394,0.7256608639587363,0.7413860867286781
scale_only,15,431946835,gbm,b3_rawsig,79,max_leaf_nodes=7,0.7665333254212396,0.7476434397426739,0.7500269844478265,0.7466774389012321,0.7629222108495394,0.7316784869976359,0.7483296213808464
scale_only,15,431946835,gbm,logsig,14,max_leaf_nodes=7,0.7696921408838016,0.7500831758958485,0.7542214224763931,0.7503130680670571,0.7686796315250768,0.7514506769825918,0.7301192191798769
scale_only,15,431946835,gbm,rawsig,39,max_leaf_nodes=7,0.7695611642671888,0.7528894998105979,0.7572359337217863,0.7532619672793375,0.7712384851586489,0.7563937244788309,0.7310362897943141
scale_only,15,431946835,gbm,logsig_shuffled,14,max_leaf_nodes=15,0.7618046520631205,0.7417695792955158,0.7459870310872233,0.7421934962633812,0.7567809621289662,0.7464001719320869,0.7221276038254946
scale_only,15,431946835,gbm,rawsig_shuffled,39,max_leaf_nodes=7,0.7629446606764275,0.7415839392281578,0.7459018242279655,0.7421127045041406,0.7572927328556807,0.7476896625832796,0.7197694222455129
scale_only,15,431946835,gbm,statistics_logsig_shuffled,25,max_leaf_nodes=7,0.7574327943102616,0.7461778384279824,0.7494320989177378,0.7457483336699656,0.7597236438075742,0.738340855362132,0.7404690161142408
scale_only,15,431946835,gbm,statistics_rawsig_shuffled,50,max_leaf_nodes=7,0.7593610919662922,0.7440346583291223,0.7472822469674751,0.7436073520500909,0.7579324462640737,0.7361917042768107,0.7379798244464824
scale_only,15,431946835,gbm,b3_logsig_shuffled,54,max_leaf_nodes=7,0.7613930448020941,0.7390498665881567,0.7416576434928418,0.7381539083013533,0.7549897645854657,0.7240490006447453,0.7381108345342592
scale_only,15,431946835,gbm,b3_rawsig_shuffled,79,max_leaf_nodes=7,0.7602784580833687,0.7399617831593764,0.7425519968574372,0.7390830135326196,0.7557574206755373,0.7252310337416721,0.7388968950609197
scale_only,16,1289133894,random_forest,hmm,3,max_depth=6,0.7279253197960068,0.7141815683724059,0.697405762896495,0.7078569985861443,0.7768091712443277,0.6594190589434347,0.7063164749294552
scale_only,16,1289133894,random_forest,statistics,11,max_depth=6,0.7454272996982553,0.7242102639255497,0.721997196892867,0.7390830135326196,0.8073799856699307,0.7318668252080857,0.6333839808986326
scale_only,16,1289133894,random_forest,statistics_logsig,25,max_depth=6,0.7496385851019944,0.7273248967821923,0.7262993259914837,0.7446172490405979,0.8090518270838309,0.7440971632410396,0.6288257000217061
scale_only,16,1289133894,random_forest,statistics_rawsig,50,max_depth=4,0.753575923607196,0.7263331166984089,0.7273654209051071,0.7460311048273076,0.7925722474325293,0.7595549515882453,0.6268721510744519
scale_only,16,1289133894,random_forest,b3,40,max_depth=6,0.748664381676572,0.7273468010246774,0.7251182790348474,0.7422742880226217,0.8066634822068307,0.737217598097503,0.6381593227696983
scale_only,16,1289133894,random_forest,b3_logsig,54,max_depth=6,0.7503636945048736,0.7283676690668587,0.7266777802139966,0.7441324984851545,0.8078576546453308,0.7410395787328011,0.6362057738224441
scale_only,16,1289133894,random_forest,b3_rawsig,79,max_depth=6,0.7535856997664555,0.7319831833864897,0.7290201169990468,0.7459907089476874,0.8080964891330308,0.7403601155087481,0.6474929455176904
scale_only,16,1289133894,random_forest,logsig,14,max_depth=10,0.7453398537263984,0.7200704780769179,0.7233222301992012,0.74348616441123,0.7904227370432291,0.7639714625445898,0.6058172346429347
scale_only,16,1289133894,random_forest,rawsig,39,max_depth=4,0.7510287727414248,0.7243162845775082,0.7256316399525659,0.7449404160775601,0.7905421542870791,0.760744012230338,0.6216626872151074
scale_only,16,1289133894,random_forest,logsig_shuffled,14,max_depth=10,0.7407787952129766,0.7135089632299488,0.7132802260295833,0.7323369016360332,0.7897062335801289,0.7384915916426024,0.6123290644671152
scale_only,16,1289133894,random_forest,rawsig_shuffled,39,max_depth=4,0.7457623344989965,0.7194878593843006,0.7201168039115018,0.7394061805695819,0.7898256508239789,0.7513164599966027,0.6173214673323204
scale_only,16,1289133894,random_forest,statistics_logsig_shuffled,25,max_depth=6,0.7493522763142395,0.7258341756178531,0.7250241393970388,0.7432033932538881,0.8079770718891808,0.742653303889927,0.6268721510744519
scale_only,16,1289133894,random_forest,statistics_rawsig_shuffled,50,max_depth=6,0.7519341237051552,0.728979805229228,0.7265313005732251,0.7438093314481923,0.8055887270121805,0.7399354509937149,0.6414152376817885
scale_only,16,1289133894,random_forest,b3_logsig_shuffled,54,max_depth=6,0.7504076208127493,0.7278817192543272,0.7254486134153213,0.7423954756614826,0.8063052304752806,0.7367929335824699,0.6405469937052312
scale_only,16,1289133894,random_forest,b3_rawsig_shuffled,79,max_depth=6,0.7523665318700493,0.725537129461962,0.7218650327827175,0.7387194506160372,0.8064246477191307,0.7285544419908272,0.641632298675928
scale_only,16,1289133894,logistic,hmm,3,C=0.01,0.7274933103349314,0.7111607697251167,0.705797480634808,0.7210260553423551,0.7643897778839265,0.7172583658909462,0.6518341654004776
scale_only,16,1289133894,logistic,statistics,11,C=0.1,0.7391778548947038,0.7211573067888434,0.7235382440582881,0.7433245808927489,0.820277048005732,0.7456259554951589,0.5975689168656393
scale_only,16,1289133894,logistic,statistics_logsig,25,C=1.0,0.746510505994736,0.7281139338616794,0.7308496901538971,0.7512421732983235,0.8252925722474326,0.7569220315950399,0.6021271977425656
scale_only,16,1289133894,logistic,statistics_rawsig,50,C=1.0,0.7519056313918259,0.733199806493333,0.7352380399425016,0.7549585942233892,0.8153809410078815,0.7651605231866825,0.6190579552854352
scale_only,16,1289133894,logistic,b3,40,C=1.0,0.7387451986825667,0.7146493962284346,0.7178306251428648,0.7387194506160372,0.8150226892763315,0.7450314251741125,0.58389407423486
scale_only,16,1289133894,logistic,b3_logsig,54,C=1.0,0.7396384851814316,0.7201597239713662,0.723461214649011,0.7450212078368006,0.8240983998089324,0.7514013928996093,0.5849793792055568
scale_only,16,1289133894,logistic,b3_rawsig,79,C=1.0,0.748277593969258,0.7252573774825247,0.7272637923293135,0.747970107049081,0.8166945306902317,0.7556480380499405,0.6034295637074018
scale_only,16,1289133894,logistic,logsig,14,C=1.0,0.7387071422994479,0.7155848876167528,0.7069033572677976,0.7224399111290648,0.8453546692142345,0.6710548666553423,0.6303451269806816
scale_only,16,1289133894,logistic,rawsig,39,C=1.0,0.7514754988792144,0.7259073372062733,0.7282551459950013,0.7484144617249041,0.8078576546453308,0.7605741464243247,0.6092902105491643
scale_only,16,1289133894,logistic,logsig_shuffled,14,C=1.0,0.7333002322698651,0.7040793140291562,0.6964733995005652,0.7113714401131085,0.8251731550035826,0.6656191608629183,0.6214456262209681
scale_only,16,1289133894,logistic,rawsig_shuffled,39,C=1.0,0.7452228876813761,0.7189643753429289,0.7220811733825917,0.7426782468188244,0.7930499164079293,0.7619330728724307,0.6019101367484263
scale_only,16,1289133894,logistic,statistics_logsig_shuffled,25,C=1.0,0.740435345682529,0.7249260417669766,0.727368978794928,0.7466774389012321,0.819918796274182,0.7501273993545099,0.6047319296722379
scale_only,16,1289133894,logistic,statistics_rawsig_shuffled,50,C=1.0,0.7476986158983984,0.73295601469946,0.7352982727459981,0.754635427186427,0.8138285168378314,0.7653303889926958,0.6197091382678532
scale_only,16,1289133894,logistic,b3_logsig_shuffled,54,C=1.0,0.738454607932466,0.7142380005827397,0.7176202802974335,0.7388810341345183,0.8159780272271316,0.7458807542041787,0.5808552203169091
scale_only,16,1289133894,logistic,b3_rawsig_shuffled,79,C=1.0,0.7469859119044537,0.7221357129550366,0.7247378912224689,0.744778832559079,0.8074994029137808,0.7554781722439273,0.6034295637074018
scale_only,16,1289133894,gbm,hmm,3,max_leaf_nodes=7,0.7249203442603395,0.7105848478152597,0.6989845457649285,0.7120581700666532,0.7820635299737282,0.6781042976048921,0.6715867158671587
scale_only,16,1289133894,gbm,statistics,11,max_leaf_nodes=7,0.7325578722536061,0.7180438937506111,0.711870124055436,0.7286608765905878,0.8164556962025317,0.7029896381858332,0.6346863468634686
scale_only,16,1289133894,gbm,statistics_logsig,25,max_leaf_nodes=7,0.7383022816315744,0.7241138654551103,0.7195991914262768,0.736376489598061,0.8169333651779317,0.7176830304059792,0.6377252007814196
scale_only,16,1289133894,gbm,statistics_rawsig,50,max_leaf_nodes=7,0.7373325358787074,0.722340894424939,0.7177373523656699,0.7342759038578065,0.8133508478624313,0.7157295736368269,0.6379422617755589
scale_only,16,1289133894,gbm,b3,40,max_leaf_nodes=7,0.7339344641209712,0.7182632639746179,0.7131384399908685,0.7308018582104625,0.8155003582517315,0.7104637336504162,0.6288257000217061
scale_only,16,1289133894,gbm,b3_logsig,54,max_leaf_nodes=7,0.7378629471791531,0.7172268581241831,0.7118425035112441,0.7299131488588164,0.8166945306902317,0.7087650755902837,0.6262209680920339
scale_only,16,1289133894,gbm,b3_rawsig,79,max_leaf_nodes=7,0.7365415005740706,0.7222410967950815,0.7162430066869954,0.7339527368208443,0.820157630761882,0.7112281297774758,0.6353375298458867
scale_only,16,1289133894,gbm,logsig,14,max_leaf_nodes=7,0.7455588785347889,0.71739798706593,0.7123195269288661,0.7288224601090689,0.7975877716742298,0.7147103788007474,0.6398958107228131
scale_only,16,1289133894,gbm,rawsig,39,max_leaf_nodes=7,0.7445128313981639,0.7152608778903229,0.7104867288365234,0.7278933548778025,0.7977071889180798,0.7155597078308137,0.6325157369220751
scale_only,16,1289133894,gbm,logsig_shuffled,14,max_leaf_nodes=7,0.7412295500543978,0.7170676750094475,0.7119876057242736,0.7284992930721066,0.7882732266539288,0.7191268897570919,0.6438029086173215
scale_only,16,1289133894,gbm,rawsig_shuffled,39,max_leaf_nodes=7,0.740831679241536,0.7178981427003016,0.7129223158184045,0.7295091900626136,0.7913780749940291,0.7193816884661117,0.6429346646407641
scale_only,16,1289133894,gbm,statistics_logsig_shuffled,25,max_leaf_nodes=7,0.7338142011781694,0.7235121387549448,0.718043708334914,0.7343566956170471,0.8166945306902317,0.7119925259045354,0.6418493596700673
scale_only,16,1289133894,gbm,statistics_rawsig_shuffled,50,max_leaf_nodes=7,0.7331989218742754,0.7219090958429196,0.716808046834226,0.733629569783882,0.8158586099832816,0.7130117207406149,0.6368569568048622
scale_only,16,1289133894,gbm,b3_logsig_shuffled,54,max_leaf_nodes=7,0.7339344641209712,0.7182632639746179,0.7131384399908685,0.7308018582104625,0.8155003582517315,0.7104637336504162,0.6288257000217061
scale_only,16,1289133894,gbm,b3_rawsig_shuffled,79,max_leaf_nodes=7,0.7346116396375701,0.7215023012472526,0.7163503925222122,0.7337103615431226,0.8156197754955815,0.7142007813827077,0.6346863468634686
scale_only,17,2758855254,random_forest,hmm,3,max_depth=10,0.7223014764235619,0.6566278051981448,0.657471474388094,0.6616845081801657,0.7306025140875596,0.6132485262178095,0.6260323752890651
scale_only,17,2758855254,random_forest,statistics,11,max_depth=6,0.7351513871798252,0.6707253112206075,0.666458555524883,0.6670167642900424,0.7316861725184222,0.7089668011169717,0.5715229600264288
scale_only,17,2758855254,random_forest,statistics_logsig,25,max_depth=10,0.7396291810525538,0.6818706049259853,0.6784738403527983,0.679135528176126,0.732011270047681,0.7103630158237667,0.6032375289065081
scale_only,17,2758855254,random_forest,statistics_rawsig,50,max_depth=6,0.7390123755378917,0.6815570104573044,0.6783971664540202,0.6792163199353666,0.7286519289120069,0.7061743717033819,0.6098447307565246
scale_only,17,2758855254,random_forest,b3,40,max_depth=4,0.7379148683992721,0.6689516989006714,0.6644534248922901,0.6646334073924459,0.7285435630689207,0.7128451753025132,0.5654663583305803
scale_only,17,2758855254,random_forest,b3_logsig,54,max_depth=10,0.7394082885149019,0.6797264841769736,0.6758672716619336,0.676388608361947,0.7335283918508886,0.7140862550418864,0.5915648056381456
scale_only,17,2758855254,random_forest,b3_rawsig,79,max_depth=6,0.7394161920852205,0.6834198868378943,0.680030247399575,0.6808321551201777,0.7306025140875596,0.7103630158237667,0.6092941306023566
scale_only,17,2758855254,random_forest,logsig,14,max_depth=10,0.7320422243459124,0.680046898007434,0.6759122138368833,0.6757422742880226,0.7182488079757261,0.7226186782500775,0.5992732077964982
scale_only,17,2758855254,random_forest,rawsig,39,max_depth=6,0.7373864003672974,0.6862239825565523,0.6828941227339579,0.6836598666935972,0.7260511486779367,0.7125349053676698,0.6200858936240502
scale_only,17,2758855254,random_forest,logsig_shuffled,14,max_depth=10,0.728225382771921,0.6679164226674154,0.6642861995992999,0.6641082609573824,0.712397052449068,0.7061743717033819,0.5851778438497963
scale_only,17,2758855254,random_forest,rawsig_shuffled,39,max_depth=6,0.7285337297905432,0.6727309085971215,0.6692419383358453,0.6698848717430822,0.7206328565236237,0.7021408625504189,0.5954190067173218
scale_only,17,2758855254,random_forest,statistics_logsig_shuffled,25,max_depth=6,0.7361401880860942,0.6719643053588901,0.6677529713457818,0.6679054736416885,0.7268097095795405,0.7131554452373565,0.5759277612597732
scale_only,17,2758855254,random_forest,statistics_rawsig_shuffled,50,max_depth=6,0.7324720609679877,0.6746169528105105,0.6710384214346442,0.6718238739648555,0.7282184655396619,0.7038473471920571,0.5917850456998128
scale_only,17,2758855254,random_forest,b3_logsig_shuffled,54,max_depth=6,0.7362423735947027,0.6743574307373376,0.6704046233921644,0.6708543728539689,0.7298439531859557,0.7103630158237667,0.5828653232022905
scale_only,17,2758855254,random_forest,b3_rawsig_shuffled,79,max_depth=6,0.7338775343658934,0.6749569474084334,0.6712759949194731,0.6719046657240961,0.7288686605981795,0.7066397766056469,0.5893624050214734
scale_only,17,2758855254,logistic,hmm,3,C=0.01,0.7203282839977497,0.6539413857493607,0.6544451954593609,0.655948293274086,0.7074122236671001,0.6380701210052746,0.6163418125757075
scale_only,17,2758855254,logistic,statistics,11,C=0.01,0.7344915618640631,0.665268113139141,0.6640850256871964,0.6684306200767521,0.7492414390983961,0.6402420105491777,0.6063208897698491
scale_only,17,2758855254,logistic,statistics_logsig,25,C=1.0,0.7433618458491172,0.6834020766270587,0.6809808531853054,0.684346596647142,0.7584525357607282,0.6787154824697487,0.6130382116506993
scale_only,17,2758855254,logistic,statistics_rawsig,50,C=1.0,0.7467180177833314,0.6956930075904161,0.6928633560592384,0.6955766511815795,0.7555266579973993,0.7001241079739373,0.6314282567999119
scale_only,17,2758855254,logistic,b3,40,C=0.01,0.7273992485784508,0.6681496418360474,0.665137620067793,0.6688749747525753,0.7627871694841786,0.6666149550108594,0.5750468010131042
scale_only,17,2758855254,logistic,b3_logsig,54,C=0.01,0.7347669215073266,0.6805180540845451,0.6778802646743053,0.6822864067865078,0.7791504117902037,0.6694073844244492,0.5929963660389825
scale_only,17,2758855254,logistic,b3_rawsig,79,C=0.01,0.7362949400098184,0.6848373984119861,0.6807740495446802,0.6838618460916986,0.7723233636757694,0.698883028234564,0.583305803325625
scale_only,17,2758855254,logistic,logsig,14,C=1.0,0.7325505412835519,0.6921428566718003,0.690599605987833,0.700141385578671,0.8112267013437364,0.6236425690350605,0.6415592996366039
scale_only,17,2758855254,logistic,rawsig,39,C=0.01,0.7421543893284666,0.6951144366536063,0.6900822046629118,0.6931528984043628,0.7743823146944083,0.7179646292274279,0.5929963660389825
scale_only,17,2758855254,logistic,logsig_shuffled,14,C=0.01,0.7244934984426563,0.683935368625877,0.6819972125128047,0.6905271662290446,0.793888166449935,0.6281414830902885,0.6297764563374078
scale_only,17,2758855254,logistic,rawsig_shuffled,39,C=1.0,0.7308191556078416,0.6798391420468602,0.6761558590658193,0.6778428600282771,0.7378630255743389,0.7018305926155756,0.5998238079506663
scale_only,17,2758855254,logistic,statistics_logsig_shuffled,25,C=0.1,0.7374081397733745,0.6722744831192816,0.6699823878833128,0.672752979196122,0.7431729518855656,0.6717344089357741,0.6019160885365048
scale_only,17,2758855254,logistic,statistics_rawsig_shuffled,50,C=1.0,0.739410816077651,0.6846736655583164,0.6814914208218611,0.6833770955362553,0.7432813177286519,0.7001241079739373,0.6106155709723599
scale_only,17,2758855254,logistic,b3_logsig_shuffled,54,C=0.01,0.7280185169164737,0.6689739826325615,0.6659664844003305,0.66956170470612,0.7618118768964023,0.668631709587341,0.5764783614139412
scale_only,17,2758855254,logistic,b3_rawsig_shuffled,79,C=1.0,0.7307494726726164,0.6805334380653526,0.6767236463344263,0.6786103817410624,0.7495665366276549,0.7024511324852621,0.5895826450831406
scale_only,17,2758855254,gbm,hmm,3,max_leaf_nodes=7,0.7221386896141757,0.6564697361433466,0.6577750083267216,0.6627751969299132,0.7322280017338535,0.6014582686937636,0.6357229380024226
scale_only,17,2758855254,gbm,statistics,11,max_leaf_nodes=7,0.7250620104436428,0.6744279650530469,0.672789750281193,0.6746111896586549,0.7293021239705245,0.6757679180887372,0.6182138530998789
scale_only,17,2758855254,gbm,statistics_logsig,25,max_leaf_nodes=7,0.7354454607133002,0.6844077871097669,0.6826087473497542,0.6849929307210665,0.7420892934547031,0.6821284517530252,0.6290056161215725
scale_only,17,2758855254,gbm,statistics_rawsig,50,max_leaf_nodes=7,0.7360723511892177,0.6933826358683494,0.6915331122954346,0.6942435871541103,0.7423060251408756,0.6880235805150481,0.6498183019491246
scale_only,17,2758855254,gbm,b3,40,max_leaf_nodes=7,0.7294671496659789,0.672693563737521,0.6704902664660497,0.6725913956776409,0.7384048547897702,0.6773192677629538,0.6023565686598392
scale_only,17,2758855254,gbm,b3_logsig,54,max_leaf_nodes=7,0.7339990945308514,0.6785520946732406,0.6764100387284472,0.6787719652595435,0.7463155613350672,0.6802668321439652,0.6090738905406894
scale_only,17,2758855254,gbm,b3_rawsig,79,max_leaf_nodes=7,0.7349789059743809,0.6826424390967561,0.6804283771412232,0.6827711573419512,0.747941048981361,0.6850760161340366,0.6149102521748706
scale_only,17,2758855254,gbm,logsig,14,max_leaf_nodes=7,0.7359921011810755,0.6962005591173149,0.6931188762661856,0.6958594223389214,0.7535760728218466,0.7026062674526838,0.6324193370774144
scale_only,17,2758855254,gbm,rawsig,39,max_leaf_nodes=7,0.7341740651268164,0.6930376716845776,0.6906307036431264,0.6935568572005656,0.7462071954919809,0.6911262798634812,0.6417795396982711
scale_only,17,2758855254,gbm,logsig_shuffled,14,max_leaf_nodes=7,0.7263763561366882,0.6792401507868014,0.6761051270693961,0.6785295899818219,0.7392717815344604,0.6892646602544213,0.6091840105715229
scale_only,17,2758855254,gbm,rawsig_shuffled,39,max_leaf_nodes=7,0.7243635646928537,0.6779725374864572,0.6750781523935955,0.6773177135932135,0.7339618552232337,0.6872479056779398,0.6127078515581984
scale_only,17,2758855254,gbm,statistics_logsig_shuffled,25,max_leaf_nodes=7,0.7310482866556488,0.6799230070690641,0.677985324811441,0.6799838416481518,0.7352622453402687,0.6824387216878685,0.6220680541790552
scale_only,17,2758855254,gbm,statistics_rawsig_shuffled,50,max_leaf_nodes=7,0.7310231127704089,0.6811945247081318,0.6791750917690242,0.6811957180367603,0.7342869527524925,0.6841452063295067,0.6251514150423962
scale_only,17,2758855254,gbm,b3_logsig_shuffled,54,max_leaf_nodes=7,0.7294671496659789,0.672693563737521,0.6704902664660497,0.6725913956776409,0.7384048547897702,0.6773192677629538,0.6023565686598392
scale_only,17,2758855254,gbm,b3_rawsig_shuffled,79,max_leaf_nodes=7,0.7289238741693745,0.6745795618322128,0.672447963491102,0.6746111896586549,0.7401387082791504,0.6779398076326404,0.6056601695848475
scale_only,18,1649396546,random_forest,hmm,3,max_depth=6,0.7217961483170979,0.7493538771553746,0.7503745427864233,0.7545950313068067,0.8557952943727637,0.6634780475840079,0.7287882895093521
scale_only,18,1649396546,random_forest,statistics,11,max_depth=6,0.7311382256545574,0.7551600842035376,0.7549853611040863,0.7601696626944052,0.8650113845820232,0.6537895511405445,0.7466793168880456
scale_only,18,1649396546,random_forest,statistics_logsig,25,max_depth=10,0.7348526927025275,0.7580753339549965,0.758960950317559,0.7627146031104828,0.8522172828797572,0.6822418444935001,0.7397668744917322
scale_only,18,1649396546,random_forest,statistics_rawsig,50,max_depth=6,0.742438903427722,0.7634039099644611,0.764422580194204,0.7683700262573218,0.8615417976797137,0.6884964434633308,0.7401734887503388
scale_only,18,1649396546,random_forest,b3,40,max_depth=6,0.7345030555702573,0.7604117658651779,0.7609182936669773,0.7655423146839022,0.8651198091727204,0.6751287711552613,0.7409867172675522
scale_only,18,1649396546,random_forest,b3_logsig,54,max_depth=10,0.7372805742074959,0.7602087160445202,0.7611410597457584,0.7648151888507372,0.8535183779681231,0.6853078243806721,0.7417999457847655
scale_only,18,1649396546,random_forest,b3_rawsig,79,max_depth=6,0.7419582699935483,0.7639610091907872,0.764842275925259,0.7690971520904868,0.8653366583541147,0.6867794947265146,0.7397668744917322
scale_only,18,1649396546,random_forest,logsig,14,max_depth=10,0.7316114521073457,0.7543825264747843,0.7558751773095042,0.7591597657038982,0.8460370812100184,0.6888643610497915,0.7282461371645432
scale_only,18,1649396546,random_forest,rawsig,39,max_depth=6,0.7390804396205364,0.7607174345734805,0.7619834070744579,0.7652999394061806,0.8522172828797572,0.6893549178317391,0.7405801030089455
scale_only,18,1649396546,random_forest,logsig_shuffled,14,max_depth=10,0.7295740197214081,0.75529209531896,0.7564194121526898,0.7606544132498485,0.8590480320936789,0.6796664213882757,0.7271618324749255
scale_only,18,1649396546,random_forest,rawsig_shuffled,39,max_depth=4,0.732560198358545,0.7565124312675314,0.7579352819753707,0.7622298525550394,0.8632765911308685,0.6850625459896983,0.7211981566820277
scale_only,18,1649396546,random_forest,statistics_logsig_shuffled,25,max_depth=6,0.7327053779226361,0.7579132114495447,0.7579677195648152,0.7629973742678247,0.8663124796703893,0.662374294824626,0.7450528598536189
scale_only,18,1649396546,random_forest,statistics_rawsig_shuffled,50,max_depth=6,0.7360425799294482,0.7608671170422553,0.7614152569378434,0.7657442940820036,0.8615417976797137,0.6770909982830513,0.7439685551640011
scale_only,18,1649396546,random_forest,b3_logsig_shuffled,54,max_depth=6,0.7358548639245602,0.7596139150943585,0.760025828838085,0.7647343970914967,0.8655535075355091,0.6710816777041942,0.7422065600433722
scale_only,18,1649396546,random_forest,b3_rawsig_shuffled,79,max_depth=6,0.7367536040462461,0.7606406661858944,0.7610772944854904,0.765663502322763,0.8643608370378402,0.6742702967868531,0.74329086473299
scale_only,18,1649396546,logistic,hmm,3,C=0.01,0.7204423215351218,0.7491947472265666,0.7514029714272308,0.7543526560290851,0.8430011926704977,0.6907039489820946,0.7138791000271076
scale_only,18,1649396546,logistic,statistics,11,C=0.1,0.7294476684799,0.7416355198680383,0.7416458849107416,0.7483740658452838,0.8791065813726553,0.6297522688251165,0.7160477094063432
scale_only,18,1649396546,logistic,statistics_logsig,25,C=0.1,0.739093747318018,0.7530568091149297,0.7532842412489202,0.7594829327408604,0.8836604141819364,0.6475349521707138,0.7279750609921388
scale_only,18,1649396546,logistic,statistics_rawsig,50,C=0.01,0.7416063376381997,0.7539999155697467,0.7537439252001618,0.7598060997778227,0.8791065813726553,0.6417709099828305,0.7411222553537544
scale_only,18,1649396546,logistic,b3,40,C=0.1,0.724836731463962,0.7417270773969795,0.74082846679157,0.7471621894566755,0.8668546026238751,0.6176109884719156,0.7407156410951478
scale_only,18,1649396546,logistic,b3_logsig,54,C=0.1,0.7300802618079372,0.7449766158732226,0.744086089484716,0.7502322763078166,0.8677219993494525,0.6207996075545744,0.746408240715641
scale_only,18,1649396546,logistic,b3_rawsig,79,C=0.01,0.735192526743769,0.7449407603418784,0.743773896107022,0.7501110886689558,0.8685893960750298,0.6158940397350994,0.7503388452155055
scale_only,18,1649396546,logistic,logsig,14,C=1.0,0.7395269389552278,0.7549314859831368,0.7540488130017818,0.7614219349626338,0.8978640355632658,0.6221486387049301,0.7447817836812144
scale_only,18,1649396546,logistic,rawsig,39,C=0.01,0.7397266499495511,0.7572450853878347,0.7579720137867403,0.763482124823268,0.8817087715493874,0.6602894285013491,0.7297370561127677
scale_only,18,1649396546,logistic,logsig_shuffled,14,C=1.0,0.7353799249949962,0.750311723350286,0.7497340844724496,0.7571803676025045,0.894828147023745,0.6258278145695364,0.7302792084575765
scale_only,18,1649396546,logistic,rawsig_shuffled,39,C=0.1,0.7347931061769476,0.7563502439154156,0.7573705496377565,0.7623914360735204,0.8715168600238534,0.6752514103507481,0.7222824613716454
scale_only,18,1649396546,logistic,statistics_logsig_shuffled,25,C=1.0,0.7339252386593692,0.7498524912798109,0.7498128501155268,0.7559280953342759,0.8768296649680147,0.6417709099828305,0.7309568988885877
scale_only,18,1649396546,logistic,statistics_rawsig_shuffled,50,C=1.0,0.7385305645106491,0.7570728885828787,0.757957815397304,0.7625126237123814,0.8634934403122628,0.6775815550649987,0.7301436703713744
scale_only,18,1649396546,logistic,b3_logsig_shuffled,54,C=0.1,0.7250445823985571,0.742518016703627,0.7416753686312901,0.7478893152898405,0.8659872058982977,0.6203090507726269,0.7412577934399567
scale_only,18,1649396546,logistic,b3_rawsig_shuffled,79,C=1.0,0.7303505654832008,0.7493531628303991,0.7496138047158719,0.7543122601494647,0.8564458419169467,0.6529310767721364,0.7386825698021144
scale_only,18,1649396546,gbm,hmm,3,max_leaf_nodes=7,0.7224601540047257,0.7484967735505972,0.7490267101788485,0.7539083013532619,0.8618670714518053,0.6515820456217807,0.7320412035782055
scale_only,18,1649396546,gbm,statistics,11,max_leaf_nodes=7,0.7205464301044016,0.745566124575764,0.7448718548648373,0.750434255705918,0.8586143337308901,0.6320824135393672,0.7460016264570344
scale_only,18,1649396546,gbm,statistics_logsig,25,max_leaf_nodes=7,0.727233493397045,0.7486393194295845,0.7483195536653525,0.7537467178347809,0.8627344681773826,0.640299239636988,0.7428842504743833
scale_only,18,1649396546,gbm,statistics_rawsig,50,max_leaf_nodes=7,0.7332292461673675,0.7501095781809024,0.7497541561953077,0.7552413653807312,0.8646861108099317,0.6414029923963699,0.7442396313364056
scale_only,18,1649396546,gbm,b3,40,max_leaf_nodes=7,0.7242102227715522,0.7459073651474513,0.7453850775954755,0.751161381539083,0.8626260435866855,0.6360068677949473,0.7390891840607211
scale_only,18,1649396546,gbm,b3_logsig,54,max_leaf_nodes=7,0.7301588325947614,0.748850114695308,0.7483282217353625,0.7539890931125025,0.8638187140843543,0.6394407652685798,0.74329086473299
scale_only,18,1649396546,gbm,b3_rawsig,79,max_leaf_nodes=7,0.7322083311825645,0.7512531711598193,0.7506647485791259,0.7563320541304787,0.8665293288517836,0.6391954868776061,0.7480346977500678
scale_only,18,1649396546,gbm,logsig,14,max_leaf_nodes=7,0.7377533330494956,0.7576271863049967,0.7581091373937469,0.7628761866289638,0.8663124796703893,0.6666666666666666,0.7399024125779344
scale_only,18,1649396546,gbm,rawsig,39,max_leaf_nodes=7,0.7354361577229048,0.7584560704128475,0.759112530767612,0.7634417289436477,0.8624091944052911,0.6703458425312729,0.7426131743019788
scale_only,18,1649396546,gbm,logsig_shuffled,14,max_leaf_nodes=7,0.7315994223090483,0.7580535073315589,0.7581983580504991,0.763037770147445,0.8651198091727204,0.6624969340201128,0.7465437788018433
scale_only,18,1649396546,gbm,rawsig_shuffled,39,max_leaf_nodes=7,0.7312262952973979,0.757870616620714,0.7579925878609641,0.7627953948697233,0.8645776862192345,0.661270542065244,0.7477636215776633
scale_only,18,1649396546,gbm,statistics_logsig_shuffled,25,max_leaf_nodes=7,0.7234202320754636,0.7483748043239631,0.7479309269457364,0.7532215713997172,0.8583974845494958,0.6414029923963699,0.7453239360260233
scale_only,18,1649396546,gbm,statistics_rawsig_shuffled,50,max_leaf_nodes=7,0.7256007783059797,0.7469367399606547,0.7464376074106139,0.7517673197333872,0.8575300878239185,0.6380917341182242,0.7451883979398211
scale_only,18,1649396546,gbm,b3_logsig_shuffled,54,max_leaf_nodes=7,0.7242102227715522,0.7459073651474513,0.7453850775954755,0.751161381539083,0.8626260435866855,0.6360068677949473,0.7390891840607211
scale_only,18,1649396546,gbm,b3_rawsig_shuffled,79,max_leaf_nodes=7,0.7247932487372045,0.746280001341293,0.7457777387629853,0.7516057362149061,0.86360186490296,0.637233259749816,0.7380048793711033
scale_only,19,3317113628,random_forest,hmm,3,max_depth=6,0.7354913796270234,0.7427193357658789,0.749019474262277,0.7518481114926278,0.7620298507462686,0.78347441323586,0.682653743315508
scale_only,19,3317113628,random_forest,statistics,11,max_depth=6,0.745136751331977,0.7502329901720479,0.7548470218346391,0.7567764088063017,0.7482985074626866,0.7879953828395537,0.7144050802139037
scale_only,19,3317113628,random_forest,statistics_logsig,25,max_depth=10,0.7473111066263538,0.7508384770725529,0.7531323314025844,0.7545142395475661,0.7568955223880597,0.7681800692574067,0.7274398395721925
scale_only,19,3317113628,random_forest,statistics_rawsig,50,max_depth=10,0.7479737016511065,0.7521833322144721,0.7536070252680825,0.7548374065845284,0.7627462686567165,0.7613505194305502,0.7324532085561497
scale_only,19,3317113628,random_forest,b3,40,max_depth=6,0.7447915616521931,0.7531719591745049,0.7580560510577553,0.7601292668147849,0.7533134328358209,0.7921315890727203,0.7140708556149733
scale_only,19,3317113628,random_forest,b3_logsig,54,max_depth=10,0.7460978381363645,0.7509702887607791,0.7544797143192256,0.7560492829731368,0.7561791044776119,0.7766448634090035,0.7200868983957219
scale_only,19,3317113628,random_forest,b3_rawsig,79,max_depth=10,0.7466382349381201,0.7529091352156878,0.7557329431466933,0.7571803676025045,0.7620298507462686,0.7719315121200462,0.7247660427807486
scale_only,19,3317113628,random_forest,logsig,14,max_depth=10,0.7389694717263509,0.7445317328770958,0.748266235970485,0.7506766309836397,0.7488955223880597,0.7766448634090035,0.7080548128342246
scale_only,19,3317113628,random_forest,rawsig,39,max_depth=10,0.7429410608203922,0.7502656682821364,0.7500672877827106,0.7512825691779439,0.7646567164179104,0.7481723739899961,0.7379679144385026
scale_only,19,3317113628,random_forest,logsig_shuffled,14,max_depth=10,0.7351072559543786,0.7433833842947489,0.7469751997244624,0.7495455463542718,0.7541492537313433,0.7721238938053098,0.7038770053475936
scale_only,19,3317113628,random_forest,rawsig_shuffled,39,max_depth=6,0.7359652004995736,0.7453316142665471,0.7476984164851737,0.7497879216319935,0.7553432835820896,0.7649095806079261,0.7157419786096256
scale_only,19,3317113628,random_forest,statistics_logsig_shuffled,25,max_depth=6,0.7449834433488617,0.750404497579467,0.7546941834514991,0.7567764088063017,0.7498507462686567,0.7864563293574451,0.7149064171122995
scale_only,19,3317113628,random_forest,statistics_rawsig_shuffled,50,max_depth=10,0.7453217165277767,0.7483803625684602,0.7510777031084018,0.7531003837608564,0.7603582089552239,0.7683724509426703,0.7164104278074866
scale_only,19,3317113628,random_forest,b3_logsig_shuffled,54,max_depth=6,0.7452712903443096,0.7523782771386056,0.7569885794573684,0.7590789739446576,0.7528358208955224,0.7897268180069258,0.714572192513369
scale_only,19,3317113628,random_forest,b3_rawsig_shuffled,79,max_depth=10,0.7441255317890527,0.7467914096292881,0.749797298502496,0.7517673197333872,0.7561791044776119,0.7696229318968835,0.714572192513369
scale_only,19,3317113628,logistic,hmm,3,C=0.1,0.7336270068445169,0.7371406667735162,0.7472309020833823,0.7517269238537669,0.7536716417910447,0.8100230858022316,0.6477272727272727
scale_only,19,3317113628,logistic,statistics,11,C=0.1,0.7454690589894346,0.7446417990651581,0.7519627961336718,0.7560088870935164,0.7826865671641791,0.7878030011542901,0.6634358288770054
scale_only,19,3317113628,logistic,statistics_logsig,25,C=1.0,0.7523446009804551,0.7516976625259281,0.756737562621641,0.7589577863057968,0.786865671641791,0.7733743747595229,0.6948529411764706
scale_only,19,3317113628,logistic,statistics_rawsig,50,C=1.0,0.7521370267746129,0.7521430467617551,0.757392923031558,0.7597253080185821,0.7722985074626866,0.7837629857637552,0.7003676470588235
scale_only,19,3317113628,logistic,b3,40,C=0.1,0.7352910042568498,0.7359118618999125,0.7411451015636912,0.7441324984851545,0.7865074626865671,0.7546171604463255,0.6666109625668449
scale_only,19,3317113628,logistic,b3_logsig,54,C=0.1,0.7413528495149434,0.7398530555526467,0.7440139620037766,0.746515855382751,0.7925970149253732,0.7486533282031551,0.6783088235294118
scale_only,19,3317113628,logistic,b3_rawsig,79,C=1.0,0.747629902492755,0.7444202837770867,0.7481496298936494,0.7500302969097152,0.7755223880597015,0.7590419392073875,0.6986965240641712
scale_only,19,3317113628,logistic,logsig,14,C=1.0,0.742670473708218,0.7399582636361108,0.7370355740404483,0.7371440113108463,0.8101492537313433,0.6861292804924971,0.723596256684492
scale_only,19,3317113628,logistic,rawsig,39,C=1.0,0.7467690429451684,0.7472334967382533,0.751813812875885,0.7542314683902241,0.7700298507462686,0.7741439015005771,0.6975267379679144
scale_only,19,3317113628,logistic,logsig_shuffled,14,C=1.0,0.7340953810692246,0.7384672737548234,0.7374192177,0.7383154918198344,0.7983283582089552,0.7051750673335898,0.7118983957219251
scale_only,19,3317113628,logistic,rawsig_shuffled,39,C=0.01,0.7355599943162034,0.7314300812086462,0.7379819539137618,0.7419107251060392,0.7730149253731343,0.7676991150442478,0.6535762032085561
scale_only,19,3317113628,logistic,statistics_logsig_shuffled,25,C=0.1,0.7489502283089639,0.7479677348295445,0.7546915869464023,0.757826701676429,0.7829253731343283,0.784340130819546,0.6766377005347594
scale_only,19,3317113628,logistic,statistics_rawsig_shuffled,50,C=1.0,0.7472871467088466,0.7488039444832736,0.7562783780079244,0.7597657038982024,0.7644179104477612,0.8018468641785302,0.6801470588235294
scale_only,19,3317113628,logistic,b3_logsig_shuffled,54,C=0.01,0.7351436831716796,0.7348094019898715,0.7388607819935352,0.7412239951524945,0.7927164179104478,0.739419007310504,0.672292780748663
scale_only,19,3317113628,logistic,b3_rawsig_shuffled,79,C=1.0,0.7427629353082134,0.7415418819386862,0.7471119157957288,0.7497879216319935,0.768,0.7734705656021547,0.6831550802139037
scale_only,19,3317113628,gbm,hmm,3,max_leaf_nodes=7,0.7355084630367378,0.7434695939126498,0.7498979020647939,0.7531003837608564,0.7615522388059701,0.7877068103116583,0.6811497326203209
scale_only,19,3317113628,gbm,statistics,11,max_leaf_nodes=7,0.7358766116539583,0.7427160516011216,0.7453012609248896,0.7470006059381943,0.7564179104477612,0.7593305117352828,0.7123997326203209
scale_only,19,3317113628,gbm,statistics_logsig,25,max_leaf_nodes=7,0.7447119842226062,0.7510779559614589,0.7527946609994345,0.7539083013532619,0.7672835820895523,0.7581762216237015,0.727774064171123
scale_only,19,3317113628,gbm,statistics_rawsig,50,max_leaf_nodes=7,0.7448275132173511,0.7452343369564476,0.7463212776810094,0.7473237729751565,0.7628656716417911,0.7474028472489419,0.7254344919786097
scale_only,19,3317113628,gbm,b3,40,max_leaf_nodes=7,0.739049631551029,0.7456057075992061,0.7481405707929739,0.7500302969097152,0.7660895522388059,0.7593305117352828,0.7113970588235294
scale_only,19,3317113628,gbm,b3_logsig,54,max_leaf_nodes=7,0.7422683784197724,0.7503445920790175,0.7524549688306889,0.7544334477883256,0.7736119402985074,0.7606771835321278,0.7167446524064172
scale_only,19,3317113628,gbm,b3_rawsig,79,max_leaf_nodes=7,0.7419794801434328,0.7446455802018604,0.7460442334013658,0.7474045647343971,0.7684776119402985,0.7472104655636783,0.7182486631016043
scale_only,19,3317113628,gbm,logsig,14,max_leaf_nodes=7,0.7436712993018558,0.7525820595231504,0.7522010392822788,0.7533831549181983,0.7754029850746269,0.744709503655252,0.7376336898395722
scale_only,19,3317113628,gbm,rawsig,39,max_leaf_nodes=7,0.7420432064838116,0.7441436676580718,0.7431811815172772,0.7443748737628761,0.7719402985074627,0.7303770681031165,0.7301136363636364
scale_only,19,3317113628,gbm,logsig_shuffled,14,max_leaf_nodes=31,0.7367317305620045,0.7446488088048707,0.7456850267429903,0.7474449606140173,0.7596417910447761,0.7522123893805309,0.7220922459893048
scale_only,19,3317113628,gbm,rawsig_shuffled,39,max_leaf_nodes=15,0.7362260486127381,0.7449679869853408,0.7459919280431713,0.7476873358917391,0.759044776119403,0.7525971527510581,0.7232620320855615
scale_only,19,3317113628,gbm,statistics_logsig_shuffled,25,max_leaf_nodes=7,0.7395465298999762,0.7446329284969989,0.7475000437299437,0.7493435669561704,0.7613134328358209,0.7620238553289727,0.7105614973262032
scale_only,19,3317113628,gbm,statistics_rawsig_shuffled,50,max_leaf_nodes=7,0.7404595388527575,0.743167733618042,0.7454058333964966,0.7471217935770551,0.7622686567164179,0.7550019238168526,0.7122326203208557
scale_only,19,3317113628,gbm,b3_logsig_shuffled,54,max_leaf_nodes=7,0.739049631551029,0.7456057075992061,0.7481405707929739,0.7500302969097152,0.7660895522388059,0.7593305117352828,0.7113970588235294
scale_only,19,3317113628,gbm,b3_rawsig_shuffled,79,max_leaf_nodes=7,0.7397478297265243,0.746489664158708,0.7488865134445111,0.7506766309836397,0.7656119402985074,0.7596190842631781,0.7142379679144385
scale_only,20,1315508774,random_forest,hmm,3,max_depth=6,0.7392274457312803,0.708882444152472,0.7127228912195968,0.7085437285396889,0.6982362889586857,0.6577205439884463,0.770690499510284
scale_only,20,1315508774,random_forest,statistics,11,max_depth=10,0.7559224867376143,0.720765245013416,0.7237978354054064,0.7205413047869117,0.7382217927035516,0.6678300637862559,0.7562438785504407
scale_only,20,1315508774,random_forest,statistics_logsig,25,max_depth=10,0.7638947345023331,0.7235592515837547,0.7265479686673523,0.723328620480711,0.7384633969557864,0.6714406065711879,0.7607737512242899
scale_only,20,1315508774,random_forest,statistics_rawsig,50,max_depth=10,0.7678743103594933,0.7268407245943114,0.7296085795500842,0.7266006867299536,0.7469195457840058,0.6690335780478999,0.7645690499510284
scale_only,20,1315508774,random_forest,b3,40,max_depth=10,0.7578030840097822,0.7225282904427198,0.7252613238475331,0.7222783276105837,0.7459531287750665,0.6603682753640631,0.7612634671890304
scale_only,20,1315508774,random_forest,b3_logsig,54,max_depth=10,0.7623001388119685,0.7239700965815485,0.7267819103868011,0.7237325792769137,0.7467987436578883,0.6644602238536527,0.7606513222331048
scale_only,20,1315508774,random_forest,b3_rawsig,79,max_depth=10,0.7677718514973138,0.7271694224604154,0.7298940744384089,0.7269238537669158,0.7498187968108239,0.6663858466722831,0.7653036238981391
scale_only,20,1315508774,random_forest,logsig,14,max_depth=10,0.7565233227158825,0.7258357441793474,0.7284756427314637,0.7255907897394466,0.7486107755496497,0.6650619809844747,0.7638344760039177
scale_only,20,1315508774,random_forest,rawsig,39,max_depth=6,0.7650461576766506,0.7288805264763604,0.7313717801001794,0.7286204807109675,0.754167673351051,0.6634974124443375,0.7689764936336925
scale_only,20,1315508774,random_forest,logsig_shuffled,14,max_depth=10,0.7515736225928475,0.7172943895918363,0.7198231828446536,0.7170268632599475,0.7476443585407103,0.6466482127813215,0.757590597453477
scale_only,20,1315508774,random_forest,rawsig_shuffled,39,max_depth=10,0.7535397931618126,0.7192002225065072,0.7218991302129824,0.7189658654817208,0.7506644116936458,0.6535082440726923,0.7534280117531832
scale_only,20,1315508774,random_forest,statistics_logsig_shuffled,25,max_depth=10,0.7590554562353828,0.7219948003334471,0.7249127453948555,0.7217531811755201,0.7396714182169606,0.6657840895414611,0.7605288932419196
scale_only,20,1315508774,random_forest,statistics_rawsig_shuffled,50,max_depth=10,0.7570822040662547,0.7236318207018443,0.7265236847779475,0.7234094122399515,0.7451075138922445,0.6678300637862559,0.7579578844270323
scale_only,20,1315508774,random_forest,b3_logsig_shuffled,54,max_depth=10,0.7579789901524187,0.7232418116865738,0.7258826499993264,0.7229650575641284,0.7440202947571877,0.6584426525454327,0.7672624877571009
scale_only,20,1315508774,random_forest,b3_rawsig_shuffled,79,max_depth=10,0.757485012092539,0.7223212631591513,0.7251239403196176,0.7220763482124823,0.7452283160183619,0.6614514381995427,0.7602840352595495
scale_only,20,1315508774,logistic,hmm,3,C=0.01,0.7387667128271941,0.7065175600203678,0.7090653974123678,0.7060391840032316,0.7047596037690264,0.6239017932362498,0.7908912830558276
scale_only,20,1315508774,logistic,statistics,11,C=0.01,0.7608728502012255,0.7298329955302275,0.7316759007028755,0.7296707735810948,0.7798985262140614,0.6622938981826935,0.7473065621939275
scale_only,20,1315508774,logistic,statistics_logsig,25,C=0.01,0.7737822667588041,0.7421270755875083,0.7438458213277825,0.7419915168652798,0.7917371345735685,0.6796245035503671,0.7550195886385896
scale_only,20,1315508774,logistic,statistics_rawsig,50,C=1.0,0.7754676318102117,0.7360536326776606,0.7390945634626119,0.735932134922238,0.7640734476926794,0.6928631604284511,0.7512242899118511
scale_only,20,1315508774,logistic,b3,40,C=0.1,0.7595392021601204,0.721965363862532,0.7252219653511643,0.7218339729347607,0.75561729886446,0.6726441208328319,0.7376346718903036
scale_only,20,1315508774,logistic,b3_logsig,54,C=0.1,0.7660863209959702,0.7282575571009628,0.7314234836071787,0.7281357301555241,0.7611741966658613,0.6811890720905043,0.742409402546523
scale_only,20,1315508774,logistic,b3_rawsig,79,C=1.0,0.7696947500183268,0.7286295559770383,0.7321226313095887,0.7284992930721066,0.7554964967383426,0.6847996148754363,0.7455925563173359
scale_only,20,1315508774,logistic,logsig,14,C=1.0,0.7634883312108575,0.735374783473663,0.7355042339075443,0.7351242173298324,0.8049045663203672,0.6371404501143338,0.7640793339862879
scale_only,20,1315508774,logistic,rawsig,39,C=1.0,0.7706203571584727,0.7332131685102778,0.7364453923470182,0.7331448192284387,0.7632278328098574,0.6977975689011915,0.7386141038197845
scale_only,20,1315508774,logistic,logsig_shuffled,14,C=1.0,0.7530741984148275,0.7228579988855047,0.7226886767608157,0.7225610987679256,0.7958444068615608,0.6137922734384402,0.7589373163565132
scale_only,20,1315508774,logistic,rawsig_shuffled,39,C=1.0,0.7576273515362373,0.7223325246167946,0.7257977889758997,0.7222379317309634,0.7505436095675284,0.6837164520399567,0.7327375122428991
scale_only,20,1315508774,logistic,statistics_logsig_shuffled,25,C=0.01,0.7654088441660541,0.7340082650287805,0.7357778800903584,0.7338315491819835,0.781227349601353,0.6661451438199543,0.7546523016650343
scale_only,20,1315508774,logistic,statistics_rawsig_shuffled,50,C=1.0,0.765675005711841,0.7267027642353545,0.729861935695881,0.7265602908503332,0.7534428605943465,0.6808280178120111,0.7458374142997062
scale_only,20,1315508774,logistic,b3_logsig_shuffled,54,C=0.1,0.7594787359860574,0.7209988809666162,0.7243248634921429,0.7208644718238739,0.7548924861077555,0.6709592008665303,0.7371449559255632
scale_only,20,1315508774,logistic,b3_rawsig_shuffled,79,C=1.0,0.7635048043991182,0.7213485007410024,0.7247711028788407,0.7211876388608361,0.7478859627929452,0.6724034179805031,0.7437561214495593
scale_only,20,1315508774,gbm,hmm,3,max_leaf_nodes=7,0.7395875195952964,0.7103602284748383,0.7139191012337558,0.709997980206019,0.7001691229765644,0.6547117583343363,0.7761998041136141
scale_only,20,1315508774,gbm,statistics,11,max_leaf_nodes=7,0.753090639740595,0.7189922144309112,0.7215136322486209,0.7187234902039992,0.7407586373520174,0.6548321097605007,0.7613858961802155
scale_only,20,1315508774,gbm,statistics_logsig,25,max_leaf_nodes=7,0.7648203443447908,0.7242543222267868,0.7263795141695165,0.7239749545546355,0.7528388499637594,0.6529064869418703,0.7670176297747306
scale_only,20,1315508774,gbm,statistics_rawsig,50,max_leaf_nodes=7,0.7662199640522003,0.7254589210651425,0.7276949124279627,0.7251868309432438,0.7525972457115245,0.6565170297268023,0.7672624877571009
scale_only,20,1315508774,gbm,b3,40,max_leaf_nodes=7,0.7559723576514062,0.7122114942975598,0.7141413347234566,0.7118965865481721,0.7483691712974149,0.6287158502828258,0.7595494613124388
scale_only,20,1315508774,gbm,b3_logsig,54,max_leaf_nodes=7,0.7616832372849163,0.7153970942748461,0.7174247933177286,0.7150878610381741,0.7498187968108239,0.6342520158863882,0.7621204701273262
scale_only,20,1315508774,gbm,b3_rawsig,79,max_leaf_nodes=7,0.7604909418367632,0.715570779399778,0.7175110714968075,0.7152494445566552,0.750422807441411,0.6319653387892646,0.7643241919686582
scale_only,20,1315508774,gbm,logsig,14,max_leaf_nodes=7,0.7666388456880963,0.7303753955239903,0.7322526535485568,0.7301151282569178,0.7670935008456149,0.6560356240221447,0.7679970617042116
scale_only,20,1315508774,gbm,rawsig,39,max_leaf_nodes=7,0.7655440203501037,0.7297257114064357,0.7321045144470274,0.7295091900626136,0.7641942498187968,0.6648212781321459,0.7601616062683644
scale_only,20,1315508774,gbm,logsig_shuffled,14,max_leaf_nodes=7,0.7543681310498981,0.7205069030591701,0.7223673253081722,0.7202181377499495,0.7623822179270355,0.6371404501143338,0.761998041136141
scale_only,20,1315508774,gbm,rawsig_shuffled,39,max_leaf_nodes=15,0.7537054966559028,0.7206422392109696,0.7228715824291762,0.7203797212684306,0.7588789562696303,0.644722589962691,0.7583251714005876
scale_only,20,1315508774,gbm,statistics_logsig_shuffled,25,max_leaf_nodes=7,0.7556605683370637,0.7182919426872582,0.7208958149564895,0.7180367602504545,0.7422082628654264,0.6548321097605007,0.7578354554358472
scale_only,20,1315508774,gbm,statistics_rawsig_shuffled,50,max_leaf_nodes=7,0.7554455113305276,0.7183113589955449,0.7207407053573602,0.7180367602504545,0.7438994926310704,0.650138404140089,0.760896180215475
scale_only,20,1315508774,gbm,b3_logsig_shuffled,54,max_leaf_nodes=7,0.7560664727947614,0.7119300404264175,0.7138102691283402,0.7116138153908301,0.7489731819280019,0.6275123360211818,0.7593046033300686
scale_only,20,1315508774,gbm,b3_rawsig_shuffled,79,max_leaf_nodes=7,0.7560830449297894,0.7092290741824975,0.7112598763852308,0.7089072914562715,0.7451075138922445,0.6247442532194006,0.7578354554358472
scale_only,21,4249496387,random_forest,hmm,3,max_depth=6,0.7372283322690419,0.7076855385753498,0.706180347328553,0.7096748131690568,0.7558753494150533,0.7244026068066618,0.642778659504334
scale_only,21,4249496387,random_forest,statistics,11,max_depth=10,0.7408270948607644,0.7153740383209396,0.7127416999024342,0.7176328014542517,0.7838285536805052,0.7500362056480812,0.6122573556342327
scale_only,21,4249496387,random_forest,statistics_logsig,25,max_depth=10,0.7481524042016061,0.7204445339359783,0.7178204558365148,0.7223591193698243,0.7825861890464851,0.7545257060101376,0.6242217067513124
scale_only,21,4249496387,random_forest,statistics_rawsig,50,max_depth=6,0.7470899745646955,0.7162397491889131,0.7136378486569365,0.7188850737224803,0.790454498395279,0.7500362056480812,0.6082285435233793
scale_only,21,4249496387,random_forest,b3,40,max_depth=10,0.7476994203301883,0.7105270283347966,0.7082943478667678,0.7127852958998182,0.7786520343720882,0.7448225923244026,0.6081064583078989
scale_only,21,4249496387,random_forest,b3_logsig,54,max_depth=10,0.748409434867264,0.7161125431145791,0.713664627978862,0.7180367602504545,0.7803085205507817,0.7523533671252716,0.615675741667684
scale_only,21,4249496387,random_forest,b3_rawsig,79,max_depth=10,0.7468938631424454,0.7160463907306834,0.7141360998293808,0.7196121995556454,0.7914898022569624,0.7335264301230991,0.6231229398119887
scale_only,21,4249496387,random_forest,logsig,14,max_depth=10,0.744554771522148,0.7132547982801287,0.7108629407466012,0.7148858816400727,0.7728543327466612,0.7498913830557566,0.6170186790379685
scale_only,21,4249496387,random_forest,rawsig,39,max_depth=4,0.747246867498605,0.7147569499216041,0.7117957786313528,0.7165825085841244,0.7839320840666736,0.7585807385952209,0.6017580271029178
scale_only,21,4249496387,random_forest,logsig_shuffled,14,max_depth=10,0.7410417303226488,0.7119289303195612,0.7089551126525198,0.7129468794182994,0.7716119681126411,0.7604634322954381,0.6037113905506043
scale_only,21,4249496387,random_forest,rawsig_shuffled,39,max_depth=4,0.7422833464887778,0.7126431336191396,0.7099950599739325,0.7141991516865279,0.7743037581530179,0.7530774800868936,0.610548162617507
scale_only,21,4249496387,random_forest,statistics_logsig_shuffled,25,max_depth=10,0.7426844068583135,0.7153080037351404,0.7127042240987467,0.7173500302969097,0.7820685371156434,0.7522085445329472,0.6116469295568306
scale_only,21,4249496387,random_forest,statistics_rawsig_shuffled,50,max_depth=4,0.7433622580282494,0.71354653498688,0.7105820906253646,0.7148050898808321,0.775235531628533,0.7597393193338161,0.6056647539982908
scale_only,21,4249496387,random_forest,b3_logsig_shuffled,54,max_depth=6,0.7457463895904537,0.712124351781478,0.7089247048641618,0.7129872752979196,0.7740966973806812,0.7662563359884141,0.5960200219753388
scale_only,21,4249496387,random_forest,b3_rawsig_shuffled,79,max_depth=10,0.7438953961734066,0.7098856938350608,0.7077380573248137,0.7127852958998182,0.7839320840666736,0.7385952208544533,0.6071297765840556
scale_only,21,4249496387,logistic,hmm,3,C=0.01,0.738446633826495,0.7060263037819333,0.7042462561756807,0.706241163401333,0.7347551506367119,0.7346850108616945,0.6486387498473934
scale_only,21,4249496387,logistic,statistics,11,C=0.1,0.7235721520859069,0.7010779194918659,0.6972834894319929,0.7051504746515855,0.8090899679055803,0.7459811730629978,0.5481626175070199
scale_only,21,4249496387,logistic,statistics_logsig,25,C=1.0,0.7286249488006251,0.7107870255318613,0.7074985748042225,0.7146839022419713,0.8112641060151154,0.7504706734250544,0.5706262971554145
scale_only,21,4249496387,logistic,statistics_rawsig,50,C=1.0,0.7378570180662245,0.7187479379380806,0.7160103783449521,0.7218339729347607,0.8022569624184698,0.754670528602462,0.5993163227933097
scale_only,21,4249496387,logistic,b3,40,C=1.0,0.7145665999198288,0.7006067830950018,0.6980844420666861,0.7054736416885478,0.8033957966663215,0.7242577842143374,0.5741667684043462
scale_only,21,4249496387,logistic,b3_logsig,54,C=1.0,0.7181059348611442,0.6974152896974372,0.6951456910445005,0.7030902847909514,0.8066052386375401,0.7128167994207096,0.5728238310340618
scale_only,21,4249496387,logistic,b3_rawsig,79,C=1.0,0.7243348695898203,0.7053763101306001,0.7033909804486532,0.7108058977984245,0.8076405424992236,0.717595944967415,0.5908924429251617
scale_only,21,4249496387,logistic,logsig,14,C=0.1,0.714698064274736,0.7052716599309307,0.7050053529636363,0.7160573621490608,0.8426338130241225,0.6544532947139754,0.6187278720546942
scale_only,21,4249496387,logistic,rawsig,39,C=1.0,0.7383568994225828,0.7168536440279181,0.7139830860903524,0.7196525954352656,0.7983228077440729,0.7559739319333816,0.5962641924062996
scale_only,21,4249496387,logistic,logsig_shuffled,14,C=0.1,0.7139094838693806,0.6924199552822533,0.6918536924936114,0.7020399919208241,0.8226524484936328,0.6559015206372194,0.5987058967159077
scale_only,21,4249496387,logistic,rawsig_shuffled,39,C=1.0,0.7330867165541702,0.7016589662237024,0.6981460219662026,0.7035750353463947,0.7815508851848018,0.7559739319333816,0.5674520815529239
scale_only,21,4249496387,logistic,statistics_logsig_shuffled,25,C=1.0,0.7259327298484738,0.7082248164171764,0.7046279280581,0.7118965865481721,0.8098146806087587,0.7535119478638668,0.5613478207789037
scale_only,21,4249496387,logistic,statistics_rawsig_shuffled,50,C=1.0,0.7338466242242058,0.7118759114807075,0.7090113057809232,0.7148858816400727,0.7982192773579045,0.752498189717596,0.5849102673666219
scale_only,21,4249496387,logistic,b3_logsig_shuffled,54,C=1.0,0.7147114673076967,0.6990973048750467,0.696660787871335,0.7042213694203191,0.8041205093695,0.7203475742215786,0.5728238310340618
scale_only,21,4249496387,logistic,b3_rawsig_shuffled,79,C=1.0,0.7197089018332391,0.7039008952895077,0.7016627502018932,0.708988083215512,0.80536287400352,0.7217958001448226,0.5845440117201807
scale_only,21,4249496387,gbm,hmm,3,max_leaf_nodes=7,0.7355196269819634,0.7056581583314943,0.7042289074147,0.7080993738638659,0.760327156020292,0.7210716871832006,0.6355756317909901
scale_only,21,4249496387,gbm,statistics,11,max_leaf_nodes=7,0.7350250469039733,0.7055212832605445,0.7037712554404317,0.7098363966875378,0.7896262553059323,0.7184648805213614,0.6084727139543401
scale_only,21,4249496387,gbm,statistics_logsig,25,max_leaf_nodes=7,0.7414031122062094,0.7147078273502779,0.7127175800214891,0.7186023025651384,0.7952168961590227,0.7316437364228819,0.6172628494689293
scale_only,21,4249496387,gbm,statistics_rawsig,50,max_leaf_nodes=7,0.7406150591757158,0.7139610571701643,0.7124081150534983,0.7185619066855181,0.7962522000207061,0.7193338160753078,0.6262971554144793
scale_only,21,4249496387,gbm,b3,40,max_leaf_nodes=7,0.7315844506530551,0.7001742482904586,0.6990374086760838,0.7047869117350031,0.7826897194326535,0.7055756698044895,0.6122573556342327
scale_only,21,4249496387,gbm,b3_logsig,54,max_leaf_nodes=7,0.7396810547952005,0.7053944848355961,0.703993623603511,0.709997980206019,0.7883838906719122,0.71151339608979,0.616286167745086
scale_only,21,4249496387,gbm,b3_rawsig,79,max_leaf_nodes=7,0.7359773748050972,0.7075693197880502,0.7064941614540142,0.7128660876590588,0.7927321668909825,0.7028240405503259,0.6271517519228421
scale_only,21,4249496387,gbm,logsig,14,max_leaf_nodes=7,0.7415159538926627,0.7156701146348768,0.7137042224785203,0.7194910119167844,0.7962522000207061,0.7341057204923969,0.6166524233915273
scale_only,21,4249496387,gbm,rawsig,39,max_leaf_nodes=7,0.7382513287432785,0.710254819962279,0.7086503751685879,0.7150878610381741,0.7978051558132312,0.7171614771904417,0.6157978268831644
scale_only,21,4249496387,gbm,logsig_shuffled,14,max_leaf_nodes=15,0.7310804633874858,0.7033305462917864,0.7004450624668074,0.7062007675217128,0.7857956310177037,0.7422157856625634,0.5819802221950922
scale_only,21,4249496387,gbm,rawsig_shuffled,39,max_leaf_nodes=7,0.7303565488496568,0.7013307274215648,0.6985284420345796,0.7047465158553827,0.7894191945335957,0.7361332367849385,0.5784397509461604
scale_only,21,4249496387,gbm,statistics_logsig_shuffled,25,max_leaf_nodes=7,0.7351520323930663,0.7082457372828194,0.7061579637094472,0.7118561906685518,0.7896262553059323,0.7316437364228819,0.6034672201196435
scale_only,21,4249496387,gbm,statistics_rawsig_shuffled,50,max_leaf_nodes=7,0.7362818752048561,0.7077667891069644,0.7057189155164635,0.7113310442334881,0.7882803602857439,0.7310644460535843,0.6039555609815651
scale_only,21,4249496387,gbm,b3_logsig_shuffled,54,max_leaf_nodes=7,0.7315844506530551,0.7001742482904586,0.6990374086760838,0.7047869117350031,0.7826897194326535,0.7055756698044895,0.6122573556342327
scale_only,21,4249496387,gbm,b3_rawsig_shuffled,79,max_leaf_nodes=7,0.7323807415612328,0.7019089227341208,0.7005473201971452,0.7063219551605736,0.7837250232943369,0.7103548153511948,0.6116469295568306
scale_only,22,39721118,random_forest,hmm,3,max_depth=6,0.7265577118524403,0.713009014240651,0.7079988907233484,0.7104019390022218,0.6841199108770508,0.7238626092196445,0.7310445226252578
scale_only,22,39721118,random_forest,statistics,11,max_depth=6,0.7343531692056855,0.715692326717105,0.7109569750199443,0.7141587558069077,0.7057929916953616,0.7292859294968363,0.7119980589591168
scale_only,22,39721118,random_forest,statistics_logsig,25,max_depth=10,0.7444522059040587,0.7247955223699524,0.7197934034673561,0.7230862452029893,0.7118695564107758,0.7380235010545345,0.7244935096445468
scale_only,22,39721118,random_forest,statistics_rawsig,50,max_depth=6,0.7519203097334674,0.7260199114816177,0.7203807407993826,0.7228438699252676,0.7054891634595909,0.7541428141006328,0.7184277568846293
scale_only,22,39721118,random_forest,b3,40,max_depth=6,0.7365135861380482,0.7166544764974261,0.7116154385695316,0.7147646940012119,0.7055904395381811,0.7345586019885507,0.7098143879655465
scale_only,22,39721118,random_forest,b3_logsig,54,max_depth=10,0.7396699628177398,0.718647653969419,0.7139622162070083,0.7176328014542517,0.7104516913105124,0.7259716782163302,0.7195195923814145
scale_only,22,39721118,random_forest,b3_rawsig,79,max_depth=10,0.749001201415571,0.7264139400962691,0.7212280323504615,0.7245404968693193,0.7120721085679562,0.7407351611931304,0.7264345505277204
scale_only,22,39721118,random_forest,logsig,14,max_depth=10,0.7413241707348178,0.724368833153056,0.7176648114088205,0.719127449000202,0.6852339477415434,0.7654413980114493,0.7224311537061749
scale_only,22,39721118,random_forest,rawsig,39,max_depth=6,0.7526208155568354,0.7304414064183747,0.724514671304898,0.7267218743688144,0.7065019242454932,0.763482976800241,0.7213393182093898
scale_only,22,39721118,random_forest,logsig_shuffled,14,max_depth=10,0.7371426514678068,0.7174926154016162,0.7116002038184956,0.7136336093718441,0.6900951995138748,0.7491714371798734,0.7132112095111003
scale_only,22,39721118,random_forest,rawsig_shuffled,39,max_depth=6,0.7435906448844533,0.7197780806138939,0.7134837138124897,0.7151686527974147,0.690601579906826,0.7612232600180777,0.7075094019167779
scale_only,22,39721118,random_forest,statistics_logsig_shuffled,25,max_depth=10,0.7413928597276965,0.7187041051690924,0.7139737085814843,0.7174712179357705,0.7105529673891027,0.7294365772823139,0.7161227708358607
scale_only,22,39721118,random_forest,statistics_rawsig_shuffled,50,max_depth=10,0.7454274072714479,0.717362797043069,0.7127766982044439,0.716380529186023,0.7116670042535953,0.726724917143718,0.7136964697318937
scale_only,22,39721118,random_forest,b3_logsig_shuffled,54,max_depth=10,0.7373675360015929,0.7161958907198821,0.7115579875773198,0.7152090486770349,0.7080210654243467,0.7231093702922567,0.7174572364430426
scale_only,22,39721118,random_forest,b3_rawsig_shuffled,79,max_depth=10,0.7401415816353466,0.7168526746083524,0.7123866742637821,0.7162997374267824,0.7110593477820539,0.7194938234407954,0.7200048526022079
scale_only,22,39721118,logistic,hmm,3,C=0.1,0.7261609872697453,0.7112018378258377,0.7060642793213462,0.7077762068269037,0.6841199108770508,0.736517023199759,0.7129685794007036
scale_only,22,39721118,logistic,statistics,11,C=0.01,0.7412878942847878,0.7149327789314551,0.7119609511734629,0.7173500302969097,0.7472149078387685,0.7104549563121422,0.687128472643455
scale_only,22,39721118,logistic,statistics_logsig,25,C=0.01,0.7525706729605647,0.7290945102311225,0.7250821877240603,0.7295091900626136,0.7502531901964756,0.7442000602591142,0.6928302802377775
scale_only,22,39721118,logistic,statistics_rawsig,50,C=1.0,0.7551346486945857,0.7297908850982447,0.724145909725109,0.7268430620076752,0.7225035446627507,0.76785176257909,0.6990173480528934
scale_only,22,39721118,logistic,b3,40,C=0.01,0.7408516672276964,0.7146589863740948,0.7105381779128678,0.7146435063623511,0.7363783674296132,0.7369689665561916,0.6706296251364794
scale_only,22,39721118,logistic,b3_logsig,54,C=0.01,0.7474807511555945,0.7249140972157938,0.7201763004661977,0.7238537669157746,0.7392140976301398,0.7557999397408858,0.6797282542763557
scale_only,22,39721118,logistic,b3_rawsig,79,C=0.01,0.7504884145363787,0.7259158510014423,0.720894961022985,0.7242981215915977,0.7353656066437108,0.76047002109069,0.681911925269926
scale_only,22,39721118,logistic,logsig,14,C=1.0,0.7505871661584925,0.7258477719410587,0.7232362824286988,0.7289436477479297,0.7553169941259874,0.7080445917445014,0.7141817299526871
scale_only,22,39721118,logistic,rawsig,39,C=1.0,0.7554745569360231,0.7332781754583214,0.7270466569165853,0.7288628559886892,0.7151103909256633,0.7829165411268454,0.7018075943224554
scale_only,22,39721118,logistic,logsig_shuffled,14,C=0.1,0.7391995418524256,0.7233924663859428,0.7205460622259162,0.7263179155726116,0.752987644318412,0.7083458873154564,0.7088438675239597
scale_only,22,39721118,logistic,rawsig_shuffled,39,C=1.0,0.7457870549144422,0.7231043729772461,0.716568770273286,0.7180771561300747,0.7003240834514888,0.7774932208496536,0.6914958146305956
scale_only,22,39721118,logistic,statistics_logsig_shuffled,25,C=0.01,0.7494759845679049,0.7224918152860239,0.7187828748896615,0.7233690163603312,0.7439740733238809,0.7307924073516119,0.6927089651825792
scale_only,22,39721118,logistic,statistics_rawsig_shuffled,50,C=0.01,0.7525320778781542,0.7272974667386126,0.7223972071410172,0.7259139567764088,0.7382013368442374,0.7597167821633022,0.683974281208298
scale_only,22,39721118,logistic,b3_logsig_shuffled,54,C=0.01,0.7414137882658355,0.7155421947433048,0.7112276455460975,0.7151686527974147,0.7349605023293498,0.7410364567640856,0.6706296251364794
scale_only,22,39721118,logistic,b3_rawsig_shuffled,79,C=1.0,0.7445095624420791,0.7147349234355421,0.7098610624852538,0.7129872752979196,0.7179461211261899,0.744953299186502,0.6813053499939342
scale_only,22,39721118,gbm,hmm,3,max_leaf_nodes=15,0.7267142857986709,0.7128577938860848,0.7080903410345445,0.7108462936780449,0.6879684018634799,0.7185899367279301,0.7320150430668446
scale_only,22,39721118,gbm,statistics,11,max_leaf_nodes=7,0.7363504275642874,0.7169013531769098,0.7136656108560012,0.7189254696021006,0.7306056309499697,0.6996083157577584,0.7204901128230013
scale_only,22,39721118,gbm,statistics_logsig,25,max_leaf_nodes=7,0.7438985415793039,0.7239261946754724,0.7202364942983523,0.7251060391840032,0.7305043548713794,0.7124133775233504,0.7288608516316875
scale_only,22,39721118,gbm,statistics_rawsig,50,max_leaf_nodes=7,0.7483447300930677,0.7299082193016345,0.7255176576405375,0.729711169460715,0.72645331172777,0.7294365772823139,0.7338347688948198
scale_only,22,39721118,gbm,b3,40,max_leaf_nodes=7,0.7385252645779318,0.7134741002181686,0.7096110111006668,0.7142799434457685,0.7197690905408143,0.7074420006025911,0.7132112095111003
scale_only,22,39721118,gbm,b3_logsig,54,max_leaf_nodes=7,0.7445948487587261,0.7195780251991483,0.7156483777010232,0.7202989295091901,0.7236175815272433,0.712564025308828,0.7225524687613732
scale_only,22,39721118,gbm,b3_rawsig,79,max_leaf_nodes=7,0.7450631408004051,0.7229233049691578,0.7185037926507842,0.722601494647546,0.7211869556410776,0.7261223260018078,0.7214606332645881
scale_only,22,39721118,gbm,logsig,14,max_leaf_nodes=7,0.7530827249115672,0.7326214364851665,0.7269287602543518,0.729428398303373,0.7134899736682195,0.7624284423018982,0.7219458934853815
scale_only,22,39721118,gbm,rawsig,39,max_leaf_nodes=7,0.7520847866066518,0.730833571295458,0.7256648292742497,0.7284588971924864,0.7171359124974681,0.7535402229587225,0.7218245784301832
scale_only,22,39721118,gbm,logsig_shuffled,14,max_leaf_nodes=7,0.7437436511939849,0.7205175778769847,0.7148233506033935,0.7170672591395678,0.6993113226655864,0.7521843928894245,0.7100570180759432
scale_only,22,39721118,gbm,rawsig_shuffled,39,max_leaf_nodes=7,0.7438753909427286,0.7191382085200857,0.7135978279210597,0.7158553827509594,0.6993113226655864,0.7496233805363061,0.7084799223583647
scale_only,22,39721118,gbm,statistics_logsig_shuffled,25,max_leaf_nodes=7,0.7418239599245023,0.7205389458521201,0.716952180904561,0.7218743688143809,0.7319222199716428,0.7115094908104851,0.7181851267742326
scale_only,22,39721118,gbm,statistics_rawsig_shuffled,50,max_leaf_nodes=7,0.7416999953207256,0.7206392962791192,0.7170711463157962,0.7220763482124823,0.7324286003645939,0.7104549563121422,0.7190343321606212
scale_only,22,39721118,gbm,b3_logsig_shuffled,54,max_leaf_nodes=7,0.737973073406576,0.7127547014136303,0.7089096631976203,0.7135932134922238,0.7193639862264534,0.7065381138897259,0.7123620041247118
scale_only,22,39721118,gbm,b3_rawsig_shuffled,79,max_leaf_nodes=7,0.7386009475060443,0.7135185227039829,0.7097061993299496,0.7144415269642497,0.7197690905408143,0.7056342271768605,0.7151522503942739
scale_only,23,1233912578,random_forest,hmm,3,max_depth=4,0.7467426035505484,0.7433496396445897,0.7345132230383508,0.7470410018178146,0.7579313342025207,0.7039619651347068,0.7681556195965418
scale_only,23,1233912578,random_forest,statistics,11,max_depth=6,0.7511654074758392,0.7457694471725514,0.7394980770838151,0.7556857200565542,0.7888744024337244,0.6684627575277338,0.7799711815561959
scale_only,23,1233912578,random_forest,statistics_logsig,25,max_depth=6,0.7543892191204685,0.7542574853267503,0.7474772203603889,0.7626338113512422,0.7898305084745763,0.6828843106180665,0.7900576368876081
scale_only,23,1233912578,random_forest,statistics_rawsig,50,max_depth=6,0.7590945164835589,0.7669160956673333,0.7595489380385881,0.7748737628761866,0.7995654063450673,0.6908082408874802,0.8103746397694525
scale_only,23,1233912578,random_forest,b3,40,max_depth=6,0.7560139667249585,0.7595807757477454,0.7522924569192176,0.7664714199151687,0.7883528900478053,0.6973058637083994,0.7930835734870317
scale_only,23,1233912578,random_forest,b3_logsig,54,max_depth=6,0.7558632205610666,0.7609753358826681,0.753677446723919,0.7678044839426379,0.7893089960886571,0.6979397781299524,0.7956772334293948
scale_only,23,1233912578,random_forest,b3_rawsig,79,max_depth=6,0.7591636028492047,0.7670152262649333,0.7592331832358639,0.773621490607958,0.7933941764450239,0.6985736925515056,0.8090778097982709
scale_only,23,1233912578,random_forest,logsig,14,max_depth=10,0.7557487323561496,0.761735654825932,0.7539066227881107,0.769137547970107,0.7893959148196437,0.6713153724247226,0.8244956772334294
scale_only,23,1233912578,random_forest,rawsig,39,max_depth=6,0.7597698791609742,0.7687970356051149,0.7611747482974209,0.7768935568572005,0.8010430247718383,0.684310618066561,0.8210374639769452
scale_only,23,1233912578,random_forest,logsig_shuffled,14,max_depth=10,0.7503852089415123,0.7547574490469323,0.7473356349946584,0.7629165825085841,0.7869621903520209,0.6675118858954041,0.8097982708933718
scale_only,23,1233912578,random_forest,rawsig_shuffled,39,max_depth=6,0.7521108434471785,0.7630944858023652,0.755647506357727,0.7707937790345385,0.7951325510647544,0.6927099841521395,0.8014409221902017
scale_only,23,1233912578,random_forest,statistics_logsig_shuffled,25,max_depth=6,0.7547552594645994,0.7510620106508913,0.7445068994111325,0.7598464956574429,0.788961321164711,0.6805071315372425,0.7837175792507205
scale_only,23,1233912578,random_forest,statistics_rawsig_shuffled,50,max_depth=6,0.7564684406193658,0.7591788637346766,0.7518312603939498,0.7669965663502323,0.7916558018252934,0.6873217115689382,0.7985590778097983
scale_only,23,1233912578,random_forest,b3_logsig_shuffled,54,max_depth=6,0.7555023737646297,0.7601189049459908,0.75282268926559,0.766956170470612,0.7884398087787918,0.6966719492868463,0.7952449567723343
scale_only,23,1233912578,random_forest,b3_rawsig_shuffled,79,max_depth=6,0.7558139634760342,0.7591765467368045,0.7518514886189771,0.7667541910725106,0.7903520208604954,0.6873217115689382,0.7998559077809798
scale_only,23,1233912578,logistic,hmm,3,C=0.01,0.7455715835651197,0.7444486142532961,0.7344729890499636,0.7471217935770551,0.7516731855714907,0.6917591125198098,0.7899135446685879
scale_only,23,1233912578,logistic,statistics,11,C=0.1,0.7436866100432663,0.7437557899433395,0.7391412089633612,0.7560492829731368,0.7987831377661886,0.6594294770206022,0.7730547550432276
scale_only,23,1233912578,logistic,statistics_logsig,25,C=0.1,0.7538570686656629,0.7605701276199888,0.7552222712373426,0.7705514037568169,0.8041720990873533,0.684310618066561,0.7932276657060519
scale_only,23,1233912578,logistic,statistics_rawsig,50,C=1.0,0.7600669296635241,0.7736516896613613,0.7662630981690052,0.7802464148656837,0.8011299435028248,0.7136291600633914,0.8061959654178674
scale_only,23,1233912578,logistic,b3,40,C=1.0,0.7371685602323731,0.7459873492094817,0.7410656881118616,0.7579882851949101,0.7973924380704042,0.6469096671949287,0.7936599423631124
scale_only,23,1233912578,logistic,b3_logsig,54,C=1.0,0.7410236749722724,0.757920188622688,0.7525152249655568,0.7682084427388406,0.8019122120817036,0.6724247226624406,0.7994236311239193
scale_only,23,1233912578,logistic,b3_rawsig,79,C=1.0,0.746076207495895,0.7739847958256255,0.7666157796730282,0.7803272066249243,0.7992177314211213,0.7076069730586371,0.8151296829971182
scale_only,23,1233912578,logistic,logsig,14,C=0.01,0.7488289896073761,0.7616456164957058,0.7575682937716358,0.7777822662088467,0.8325076053889613,0.6410459587955626,0.8113832853025936
scale_only,23,1233912578,logistic,rawsig,39,C=0.1,0.7586021721241533,0.7731576833922408,0.7665980653736423,0.7822258129670774,0.8119078661451543,0.6976228209191759,0.809942363112392
scale_only,23,1233912578,logistic,logsig_shuffled,14,C=1.0,0.7394851160224863,0.748053141156837,0.7441472008670195,0.7642092506564331,0.8186875271621035,0.625039619651347,0.8004322766570605
scale_only,23,1233912578,logistic,rawsig_shuffled,39,C=0.1,0.7524682931438882,0.760034199405973,0.7533841763354469,0.7687335891739042,0.7973055193394176,0.6882725832012678,0.7945244956772334
scale_only,23,1233912578,logistic,statistics_logsig_shuffled,25,C=0.1,0.747856395354256,0.7490126590970553,0.7442762595867767,0.7605736214906079,0.8002607561929596,0.6660855784469096,0.7806916426512969
scale_only,23,1233912578,logistic,statistics_rawsig_shuffled,50,C=1.0,0.7558435836646688,0.7632508015654486,0.7565308730859369,0.7709957584326399,0.796870925684485,0.7025356576862124,0.7903458213256485
scale_only,23,1233912578,logistic,b3_logsig_shuffled,54,C=1.0,0.7365664396271283,0.7453208869239862,0.7404662277438087,0.7575843263987073,0.7980008691873098,0.6451664025356577,0.7927953890489914
scale_only,23,1233912578,logistic,b3_rawsig_shuffled,79,C=1.0,0.7435073918246481,0.7614465489610311,0.754900817451718,0.7699858614421329,0.7973924380704042,0.6863708399366085,0.8005763688760807
scale_only,23,1233912578,gbm,hmm,3,max_leaf_nodes=7,0.7452421085910784,0.7438849083969675,0.735301720847099,0.7491011916784488,0.7640156453715776,0.6847860538827258,0.7828530259365994
scale_only,23,1233912578,gbm,statistics,11,max_leaf_nodes=7,0.7318979755102863,0.7337638771958087,0.7276297228428931,0.7455463542718642,0.7870491090830074,0.6568938193343898,0.7573487031700288
scale_only,23,1233912578,gbm,statistics_logsig,25,max_leaf_nodes=7,0.7438586323434407,0.7516998536245253,0.7447071076150813,0.7613411432033933,0.79374185136897,0.6774960380348652,0.7838616714697406
scale_only,23,1233912578,gbm,statistics_rawsig,50,max_leaf_nodes=7,0.7397278532093727,0.7486982656984614,0.7421879781118864,0.759563724500101,0.7963494132985658,0.6670364500792393,0.7827089337175792
scale_only,23,1233912578,gbm,b3,40,max_leaf_nodes=7,0.737886604189173,0.7450600344003374,0.738079770034688,0.7555241365380732,0.7893089960886571,0.6545166402535658,0.7913544668587896
scale_only,23,1233912578,gbm,b3_logsig,54,max_leaf_nodes=7,0.7449175210757861,0.7501171628292943,0.7427391397517872,0.7602100585740255,0.7917427205562799,0.6551505546751188,0.8034582132564841
scale_only,23,1233912578,gbm,b3_rawsig,79,max_leaf_nodes=7,0.744030303680109,0.7528203847390696,0.7455552123834842,0.7628357907493436,0.7940026075619296,0.6576862123613312,0.8067723342939481
scale_only,23,1233912578,gbm,logsig,14,max_leaf_nodes=7,0.7556164384922802,0.7641079640794585,0.7564664870559749,0.7737022823671985,0.8025206431986093,0.6654516640253566,0.8243515850144092
scale_only,23,1233912578,gbm,rawsig,39,max_leaf_nodes=7,0.7493975031572443,0.7650235238980704,0.7575800944355578,0.7752373257927692,0.8069534984789222,0.6675118858954041,0.8206051873198847
scale_only,23,1233912578,gbm,logsig_shuffled,14,max_leaf_nodes=7,0.7508391644227013,0.7634736789898516,0.7560035845523542,0.7716824883861846,0.7975662755323772,0.6879556259904913,0.8048991354466859
scale_only,23,1233912578,gbm,rawsig_shuffled,39,max_leaf_nodes=7,0.7491300568829834,0.7624571584228667,0.7551577165700666,0.7717228842658049,0.8009561060408518,0.677337559429477,0.8090778097982709
scale_only,23,1233912578,gbm,statistics_logsig_shuffled,25,max_leaf_nodes=7,0.7368154784400917,0.7429465118535367,0.7362524895607984,0.7540294889921229,0.7921773142112125,0.6641838351822504,0.7724783861671469
scale_only,23,1233912578,gbm,statistics_rawsig_shuffled,50,max_leaf_nodes=7,0.7357482985610536,0.742333381075908,0.7355629242660081,0.7531003837608564,0.7905258583224685,0.6684627575277338,0.7680115273775217
scale_only,23,1233912578,gbm,b3_logsig_shuffled,54,max_leaf_nodes=7,0.7383519455114289,0.7458043008862058,0.7386775925690502,0.7561704706119976,0.789135158626684,0.6524564183835182,0.795821325648415
scale_only,23,1233912578,gbm,b3_rawsig_shuffled,79,max_leaf_nodes=7,0.7391400493734488,0.7474286993633257,0.7403935766470351,0.7575843263987073,0.7897435897435897,0.6549920760697305,0.797550432276657
scale_only,24,3869351576,random_forest,hmm,3,max_depth=6,0.703386829790289,0.7086578298691371,0.714588086691028,0.7129468794182994,0.663810416387736,0.6829479411401014,0.7792151320795738
scale_only,24,3869351576,random_forest,statistics,11,max_depth=6,0.7240847096944836,0.7317435663622239,0.7354829625126179,0.7362956978388204,0.7122774133083412,0.6606899962903425,0.8222632894879878
scale_only,24,3869351576,random_forest,statistics_logsig,25,max_depth=6,0.7261750108096271,0.7328511628526334,0.7368615846670927,0.7373459907089477,0.711340206185567,0.6662544825027823,0.820958799869551
scale_only,24,3869351576,random_forest,statistics_rawsig,50,max_depth=6,0.728673940092546,0.7374606494282056,0.7418409548284709,0.7417895374671784,0.704913643057973,0.6917274638308396,0.8157408413958039
scale_only,24,3869351576,random_forest,b3,40,max_depth=6,0.7253378305441388,0.7368958877975654,0.7407501237071691,0.7406180569581903,0.7191056366314098,0.6817113886484482,0.8098706381128383
scale_only,24,3869351576,random_forest,b3_logsig,54,max_depth=6,0.7256030678954063,0.7366979486985447,0.7407521464522421,0.7404564734397091,0.716829562190387,0.683937183133424,0.809327100771823
scale_only,24,3869351576,random_forest,b3_rawsig,79,max_depth=6,0.7289199267836848,0.7411987657090126,0.7452612464791323,0.745223187234902,0.7154906948721381,0.6916038085816743,0.8165017936732254
scale_only,24,3869351576,random_forest,logsig,14,max_depth=10,0.7164589932159533,0.72123781953325,0.7267997443053617,0.7259139567764088,0.6662203775605837,0.7027327810065537,0.7947603000326122
scale_only,24,3869351576,random_forest,rawsig,39,max_depth=6,0.7267095095775309,0.7357263257964851,0.740358462276752,0.7403756816804686,0.698353193198554,0.690367256090021,0.8184585281008805
scale_only,24,3869351576,random_forest,logsig_shuffled,14,max_depth=10,0.71766899232197,0.7156631135508507,0.7206881029939064,0.7208644718238739,0.6729147141518276,0.6663781377519475,0.8076964887487771
scale_only,24,3869351576,random_forest,rawsig_shuffled,39,max_depth=6,0.7223127279989718,0.7263160677505661,0.7306284758447403,0.7308422540900829,0.6959432320257063,0.6728082107085446,0.8101967605174476
scale_only,24,3869351576,random_forest,statistics_logsig_shuffled,25,max_depth=6,0.725197556587001,0.7320146984570206,0.7358730898121908,0.7364976772369218,0.7126790735038158,0.6622975145294918,0.8210675073377541
scale_only,24,3869351576,random_forest,statistics_rawsig_shuffled,50,max_depth=6,0.7262099677435744,0.734709148713506,0.7386871031736283,0.7386790547364169,0.715624581603963,0.676023247186843,0.812479617349712
scale_only,24,3869351576,random_forest,b3_logsig_shuffled,54,max_depth=6,0.7247051350332905,0.7362435066095402,0.7402154008540803,0.7400121187638861,0.7177667693131611,0.6810931124026215,0.8098706381128383
scale_only,24,3869351576,random_forest,b3_rawsig_shuffled,79,max_depth=6,0.7250490983816555,0.7378183942243167,0.7417451774513776,0.7412239951524945,0.7220511447315571,0.6865339433658959,0.8048700945754973
scale_only,24,3869351576,logistic,hmm,3,C=0.01,0.7010115941156423,0.7073800858455934,0.7135826427542288,0.7108058977984245,0.663810416387736,0.6988994682824285,0.759430372866616
scale_only,24,3869351576,logistic,statistics,11,C=1.0,0.7047963214860281,0.7296950808968038,0.7331396207390265,0.7298323570995758,0.7358414781095194,0.7170767899097317,0.7361669746711599
scale_only,24,3869351576,logistic,statistics_logsig,25,C=1.0,0.7098080990100845,0.7291396875928968,0.7322523718994621,0.7291456271460312,0.7395903066006159,0.7127488561889452,0.7350798999891293
scale_only,24,3869351576,logistic,statistics_rawsig,50,C=1.0,0.7132348750425578,0.7293474114764084,0.7334821698619759,0.7302363158957786,0.7220511447315571,0.7209101026338568,0.7450809870638113
scale_only,24,3869351576,logistic,b3,40,C=1.0,0.6949919552970018,0.7194773968058071,0.7230256599536843,0.7196525954352656,0.7307537823001741,0.6980338815382713,0.7296445265789759
scale_only,24,3869351576,logistic,b3_logsig,54,C=0.1,0.6993075480758663,0.720046014593386,0.7228505567635629,0.7198141789537467,0.7460168697282099,0.6848027698775813,0.7293184041743668
scale_only,24,3869351576,logistic,b3_rawsig,79,C=1.0,0.7044352343686343,0.7203282639848801,0.7243539961420743,0.7210260553423551,0.7195072968268844,0.7060714727340176,0.7354060223937384
scale_only,24,3869351576,logistic,logsig,14,C=0.1,0.7141471448337309,0.7340116141241942,0.7348317198394,0.7352050090890729,0.7765430445842817,0.6412761221713862,0.7842156756169149
scale_only,24,3869351576,logistic,rawsig,39,C=1.0,0.7189431579596267,0.7303627550736894,0.7348045048081587,0.7315693799232478,0.7204445039496586,0.7189316186472116,0.7517121426241983
scale_only,24,3869351576,logistic,logsig_shuffled,14,C=1.0,0.712612185898764,0.7351656195946626,0.7361376196548016,0.7364976772369218,0.7731958762886598,0.6463459873871645,0.7859549951081639
scale_only,24,3869351576,logistic,rawsig_shuffled,39,C=1.0,0.7196447295953772,0.7327796355343104,0.7367355033651098,0.7341547162189457,0.7176328825813362,0.7257326573513045,0.7549733666702902
scale_only,24,3869351576,logistic,statistics_logsig_shuffled,25,C=0.1,0.7066286777659113,0.7322906385336135,0.7355573746253246,0.7324176933952736,0.7420002677734636,0.7143563744280945,0.7405152733992826
scale_only,24,3869351576,logistic,statistics_rawsig_shuffled,50,C=1.0,0.7119895202706111,0.7312568797126157,0.7352433060219542,0.7323772975156534,0.7204445039496586,0.7231358971188327,0.7501902380693554
scale_only,24,3869351576,logistic,b3_logsig_shuffled,54,C=1.0,0.6947037795751267,0.7201605504952826,0.723654695999004,0.7203393253888103,0.7318248761547731,0.6980338815382713,0.7306228937928035
scale_only,24,3869351576,logistic,b3_rawsig_shuffled,79,C=1.0,0.7001254110280155,0.7193400936352252,0.723083275599424,0.7198141789537467,0.7233900120498059,0.7024854705082231,0.7321447983476465
scale_only,24,3869351576,gbm,hmm,3,max_leaf_nodes=7,0.7032806517124962,0.7092584360197031,0.7150412939091636,0.7136740052514644,0.6660864908287588,0.6781253864226536,0.7835634308076965
scale_only,24,3869351576,gbm,statistics,11,max_leaf_nodes=7,0.7113579750297957,0.7217533411425126,0.7249708637715617,0.725509997980206,0.7077252644262954,0.6599480647953505,0.7975866942058919
scale_only,24,3869351576,gbm,statistics_logsig,25,max_leaf_nodes=7,0.7134318928774329,0.7249491483506403,0.7281863651523409,0.7282973136740053,0.7146873744811889,0.6663781377519475,0.7937819328187846
scale_only,24,3869351576,gbm,statistics_rawsig,50,max_leaf_nodes=7,0.7136166719466145,0.7283661979648767,0.732005828830752,0.7318117552009695,0.7078591511581203,0.683566217385928,0.7936732253505816
scale_only,24,3869351576,gbm,b3,40,max_leaf_nodes=7,0.7083723078818016,0.7240487948511364,0.7280589319633833,0.7263987073318522,0.7154906948721381,0.685050080375912,0.7716056093053593
scale_only,24,3869351576,gbm,b3_logsig,54,max_leaf_nodes=7,0.7085768974410512,0.7271641462859675,0.7308509692964308,0.729711169460715,0.7197750702905342,0.6819586991467788,0.7797586694205892
scale_only,24,3869351576,gbm,b3_rawsig,79,max_leaf_nodes=7,0.7102984334966124,0.7288253041477603,0.7327541350931002,0.7312058170066653,0.7170973356540367,0.6940769135649808,0.7753016632242635
scale_only,24,3869351576,gbm,logsig,14,max_leaf_nodes=7,0.7213794158313038,0.7337553384064256,0.7381693652325868,0.737103615431226,0.7095996786718436,0.6967973290466181,0.7948690075008153
scale_only,24,3869351576,gbm,rawsig,39,max_leaf_nodes=7,0.7212483040660526,0.7318064836863535,0.736014133220174,0.7351646132094526,0.709198018476369,0.6922220848275009,0.7939993477551908
scale_only,24,3869351576,gbm,logsig_shuffled,14,max_leaf_nodes=7,0.7197646745706837,0.7292213510245208,0.7329398531590895,0.7331448192284387,0.7101352255991431,0.6715716582168914,0.805957169257528
scale_only,24,3869351576,gbm,rawsig_shuffled,39,max_leaf_nodes=7,0.7170478929690236,0.728697295465428,0.7322961837938657,0.7323369016360332,0.7146873744811889,0.6694695189810808,0.8019349929340146
scale_only,24,3869351576,gbm,statistics_logsig_shuffled,25,max_leaf_nodes=7,0.7112837414291976,0.7257766025519428,0.7291198620570869,0.7293072106645122,0.7116079796492167,0.66922220848275,0.7964996195238613
scale_only,24,3869351576,gbm,statistics_rawsig_shuffled,50,max_leaf_nodes=7,0.7089330771368224,0.7237303632181314,0.7268748715637856,0.7272874166834983,0.7112063194537421,0.6640286880178063,0.795956082182846
scale_only,24,3869351576,gbm,b3_logsig_shuffled,54,max_leaf_nodes=7,0.7083723078818016,0.7240487948511364,0.7280589319633833,0.7263987073318522,0.7154906948721381,0.685050080375912,0.7716056093053593
scale_only,24,3869351576,gbm,b3_rawsig_shuffled,79,max_leaf_nodes=7,0.7090550142083699,0.7217509575852489,0.7257740332904138,0.724055746313876,0.7152229214084884,0.6805984914059602,0.7694314599412979
scale_only,25,2935808314,random_forest,hmm,3,max_depth=6,0.7429756637146386,0.7397666683520567,0.7376416106885695,0.7610583720460513,0.8376032002723636,0.6778298727394507,0.703866932044356
scale_only,25,2935808314,random_forest,statistics,11,max_depth=6,0.7459730909204949,0.7380569166190414,0.7365886470483023,0.7610583720460513,0.8488381989956592,0.6937374413931681,0.6715951094682968
scale_only,25,2935808314,random_forest,statistics_logsig,25,max_depth=10,0.7517212795603898,0.7464166610438516,0.7439030082585073,0.7674005251464351,0.8471359264618266,0.7044541192230409,0.6876599374466875
scale_only,25,2935808314,random_forest,statistics_rawsig,50,max_depth=6,0.7575825366169336,0.7498280601790072,0.7476048072237959,0.7705110078771965,0.8495191080091923,0.7103148024112526,0.6896502701165766
scale_only,25,2935808314,random_forest,b3,40,max_depth=6,0.7523226463281482,0.7401185769160907,0.7385168530756078,0.7628761866289638,0.8476466082219763,0.6870395177494977,0.6856696047767984
scale_only,25,2935808314,random_forest,b3_logsig,54,max_depth=6,0.7526979127031931,0.7441936786118436,0.7424411171883448,0.7660270652393456,0.8483275172355094,0.6975887474882786,0.686664771111743
scale_only,25,2935808314,random_forest,b3_rawsig,79,max_depth=10,0.7592440946937081,0.7540323952223743,0.751025014886019,0.773338719450616,0.846114562941527,0.7128265237776289,0.703156098947967
scale_only,25,2935808314,random_forest,logsig,14,max_depth=10,0.7486075200314785,0.743071811560121,0.7399765096474159,0.76231064431428,0.8359860413652226,0.7071332886805091,0.6860961046346318
scale_only,25,2935808314,random_forest,rawsig,39,max_depth=6,0.755720394282343,0.7537251286136889,0.7509781994212382,0.7732579276913755,0.8488381989956592,0.7206965840589418,0.6916406027864658
scale_only,25,2935808314,random_forest,logsig_shuffled,14,max_depth=10,0.7440420792263437,0.74170290909353,0.7387333148509042,0.760290850333266,0.8330921780577071,0.714166108506363,0.6778504407165198
scale_only,25,2935808314,random_forest,rawsig_shuffled,39,max_depth=6,0.7469098106039077,0.7398922967171145,0.7388758977787243,0.7631589577863058,0.8503702442761086,0.6880442062960482,0.6812624395791868
scale_only,25,2935808314,random_forest,statistics_logsig_shuffled,25,max_depth=10,0.7488363826957674,0.7427148335294261,0.7403114256575741,0.7638860836194709,0.8444974040343859,0.7011051574012056,0.6825419391526869
scale_only,25,2935808314,random_forest,statistics_rawsig_shuffled,50,max_depth=6,0.7513189386026733,0.7415880536492218,0.740060315061761,0.7637245001009897,0.8472210400885182,0.6945746818486269,0.6829684390105203
scale_only,25,2935808314,random_forest,b3_logsig_shuffled,54,max_depth=6,0.7515069838496838,0.74102208200095,0.739386673746487,0.7634417289436477,0.8478168354753596,0.6925653047555258,0.6826841057719647
scale_only,25,2935808314,random_forest,b3_rawsig_shuffled,79,max_depth=6,0.7537248434270594,0.7427064586096456,0.7410040608996095,0.7643304382952939,0.8457741084347604,0.6962491627595445,0.6860961046346318
scale_only,25,2935808314,logistic,hmm,3,C=0.1,0.7384366291146983,0.7403405755981112,0.7368733424545858,0.7573015552413653,0.8239850200017023,0.7163429336905559,0.6806937731020757
scale_only,25,2935808314,logistic,statistics,11,C=0.1,0.7492683422351809,0.727525814532268,0.7280451632158261,0.7570187840840235,0.868839901268193,0.6674480910917615,0.6462894512368496
scale_only,25,2935808314,logistic,statistics_logsig,25,C=1.0,0.755366888265959,0.7349807433247273,0.7354940627804073,0.7635225207028883,0.8717337645757086,0.6768251841929002,0.6563832812055729
scale_only,25,2935808314,logistic,statistics_rawsig,50,C=1.0,0.7614569269029593,0.7495283561195863,0.7478887709278023,0.7735406988487175,0.8662013788407524,0.7078030810448761,0.6745806084731305
scale_only,25,2935808314,logistic,b3,40,C=0.1,0.7453042210221984,0.726432886320993,0.7265544634923988,0.7536659260755403,0.8555621755042983,0.6649363697253852,0.6588001137332954
scale_only,25,2935808314,logistic,b3_logsig,54,C=0.1,0.7475090948372988,0.7309303393098179,0.7313887222123978,0.758553827509594,0.8617754702527874,0.6679504353650368,0.6630651123116292
scale_only,25,2935808314,logistic,b3_rawsig,79,C=1.0,0.7528814382772931,0.74331348594311,0.7423534200131657,0.7683296303777015,0.8639033109200783,0.6955793703951775,0.6704577765140745
scale_only,25,2935808314,logistic,logsig,14,C=0.01,0.741568849859033,0.7363330797866069,0.7408537783383172,0.7732983235709957,0.8987147842369564,0.5956128600133959,0.7146715951094683
scale_only,25,2935808314,logistic,rawsig,39,C=1.0,0.755374941311192,0.7568871134168728,0.7545727949994078,0.7774994950515047,0.8582006979317389,0.7262223710649699,0.6862382712539096
scale_only,25,2935808314,logistic,logsig_shuffled,14,C=0.01,0.7310493905463323,0.721087074252698,0.7257097565357257,0.758836598666936,0.8890969444208018,0.5870730073677161,0.6870912709695763
scale_only,25,2935808314,logistic,rawsig_shuffled,39,C=1.0,0.7469294752231349,0.7423026298025319,0.7407780247563865,0.7648555847303575,0.8524129713167078,0.7054588077695915,0.6690361103212965
scale_only,25,2935808314,logistic,statistics_logsig_shuffled,25,C=0.1,0.7499734693373914,0.7290512438667057,0.7295211908231245,0.7582710563522521,0.8696059239084177,0.6719691895512391,0.6455786181404606
scale_only,25,2935808314,logistic,statistics_rawsig_shuffled,50,C=1.0,0.7574019701286142,0.742100604343653,0.7405080174116728,0.7660270652393456,0.8593922887054217,0.705123911587408,0.6617856127381291
scale_only,25,2935808314,logistic,b3_logsig_shuffled,54,C=0.1,0.7448597833732061,0.7264378288329372,0.7266070293801664,0.7537871137144011,0.8559877436377564,0.6640991292699263,0.6592266135911288
scale_only,25,2935808314,logistic,b3_rawsig_shuffled,79,C=1.0,0.7471077337854988,0.7343662313065491,0.7335159356009276,0.7598868915370632,0.856753766277981,0.6828533154722036,0.6634916121694626
scale_only,25,2935808314,gbm,hmm,3,max_leaf_nodes=7,0.7424133694889656,0.7396631944374098,0.7378399688285544,0.7620682690365582,0.8421993361137118,0.6726389819156061,0.7041512652829116
scale_only,25,2935808314,gbm,statistics,11,max_leaf_nodes=7,0.7458855771307248,0.72785594205777,0.7270617002095418,0.7543526560290851,0.852157630436633,0.6620897521768252,0.6693204435598521
scale_only,25,2935808314,gbm,statistics_logsig,25,max_leaf_nodes=7,0.7532300862687205,0.7374603087873909,0.7364929778522974,0.7625934154716218,0.8549663801174568,0.6733087742799732,0.6841057719647426
scale_only,25,2935808314,gbm,statistics_rawsig,50,max_leaf_nodes=7,0.7540855926019275,0.7379607106154084,0.7367568668754836,0.7632397495455464,0.8561579708911397,0.673476222371065,0.6842479385840204
scale_only,25,2935808314,gbm,b3,40,max_leaf_nodes=7,0.7484474077088336,0.7316199817761325,0.7304634183537716,0.7552817612603514,0.8417737679802536,0.6691225720026792,0.6839636053454649
scale_only,25,2935808314,gbm,b3_logsig,54,max_leaf_nodes=7,0.7515050100263077,0.7341304394212701,0.7327004890431558,0.7573823470006059,0.8419439952336369,0.6707970529135968,0.6896502701165766
scale_only,25,2935808314,gbm,b3_rawsig,79,max_leaf_nodes=7,0.7541178646173328,0.7367673940958742,0.7349099375591649,0.759119369824278,0.8405821772065708,0.6766577361018085,0.6930622689792437
scale_only,25,2935808314,gbm,logsig,14,max_leaf_nodes=7,0.7483322111584959,0.7485968371525815,0.7468833746886928,0.7712381337103615,0.8536045620903907,0.6870395177494977,0.7051464316178562
scale_only,25,2935808314,gbm,rawsig,39,max_leaf_nodes=7,0.7514784079175406,0.749007309945266,0.7470583466179836,0.7704706119975763,0.8497744488892671,0.6960817146684528,0.7011657662780779
scale_only,25,2935808314,gbm,logsig_shuffled,14,max_leaf_nodes=7,0.7438708229170595,0.7381569408344753,0.7373395518294076,0.7623914360735204,0.8513916077964082,0.6759879437374414,0.6870912709695763
scale_only,25,2935808314,gbm,rawsig_shuffled,39,max_leaf_nodes=7,0.7433426812346858,0.7367130561479499,0.7360863032204659,0.7614623308422541,0.8513916077964082,0.6689551239115874,0.6897924367358544
scale_only,25,2935808314,gbm,statistics_logsig_shuffled,25,max_leaf_nodes=7,0.7466945497540137,0.7294226852661154,0.7288173061994331,0.7564532417693395,0.8553068346242233,0.6582384460817147,0.6747227750924083
scale_only,25,2935808314,gbm,statistics_rawsig_shuffled,50,max_leaf_nodes=7,0.7458787128735143,0.7300794707735494,0.7295592862448151,0.7571803676025045,0.8557324027576815,0.6562290689886136,0.6782769405743532
scale_only,25,2935808314,gbm,b3_logsig_shuffled,54,max_leaf_nodes=7,0.7484474077088336,0.7316199817761325,0.7304634183537716,0.7552817612603514,0.8417737679802536,0.6691225720026792,0.6839636053454649
scale_only,25,2935808314,gbm,b3_rawsig_shuffled,79,max_leaf_nodes=7,0.7490363710928424,0.7315665030992703,0.730236305430981,0.7547970107049081,0.840071495446421,0.6718017414601474,0.6828262723912425
scale_only,26,572606425,random_forest,hmm,3,max_depth=6,0.7559165598941577,0.7234083061089266,0.7259913762211175,0.7401737022823672,0.6829136203628486,0.6785638859556494,0.8087474120082816
scale_only,26,572606425,random_forest,statistics,11,max_depth=6,0.7571339085589028,0.7271399265022788,0.7319879083771821,0.7502322763078166,0.6585431898185757,0.7130939809926082,0.8097826086956522
scale_only,26,572606425,random_forest,statistics_logsig,25,max_depth=6,0.758139573943421,0.7312047427870851,0.7357650224813298,0.7535043425570592,0.6666666666666666,0.71129883843717,0.8156487232574189
scale_only,26,572606425,random_forest,statistics_rawsig,50,max_depth=4,0.7587039477113885,0.7317676259470378,0.7351072560747799,0.7516865279741466,0.6796642296236123,0.6933474128827878,0.8222912353347136
scale_only,26,572606425,random_forest,b3,40,max_depth=4,0.7557612418624157,0.7347248629754285,0.7372386827807854,0.7550393859826298,0.676956404007582,0.7127771911298838,0.8144409937888198
scale_only,26,572606425,random_forest,b3_logsig,54,max_depth=4,0.7567408328215217,0.7356331207034393,0.7380064438611053,0.7548374065845284,0.6815597075548334,0.712882787750792,0.8124568668046929
scale_only,26,572606425,random_forest,b3_rawsig,79,max_depth=6,0.7583021121157221,0.7351126395589024,0.7386050117226307,0.7550393859826298,0.678039534253994,0.7151003167898627,0.8121980676328503
scale_only,26,572606425,random_forest,logsig,14,max_depth=10,0.7515145583807449,0.7281912621314923,0.7336613597122893,0.7510401939002221,0.6580016246953696,0.7229144667370644,0.8036576949620428
scale_only,26,572606425,random_forest,rawsig,39,max_depth=6,0.7553768943705977,0.7341050318088312,0.7366639531040694,0.753181175520097,0.6834551854860547,0.7001055966209081,0.8187543133195307
scale_only,26,572606425,random_forest,logsig_shuffled,14,max_depth=10,0.7486611094615098,0.725332437205644,0.7298316812584602,0.7472429812159159,0.6628757108042242,0.7022175290390708,0.810904071773637
scale_only,26,572606425,random_forest,rawsig_shuffled,39,max_depth=4,0.7488739539516294,0.7243876517555906,0.7288882751541427,0.7472833770955363,0.6623341456810181,0.6882787750791974,0.8225500345065563
scale_only,26,572606425,random_forest,statistics_logsig_shuffled,25,max_depth=6,0.7557287428540596,0.7291649087520736,0.7337963615038156,0.7515653403352858,0.6645004061738424,0.7085533262935586,0.8144409937888198
scale_only,26,572606425,random_forest,statistics_rawsig_shuffled,50,max_depth=4,0.7530692480303042,0.7292551321321795,0.7325483049830538,0.7497879216319935,0.6756024911995667,0.6894403379091869,0.8227225672877847
scale_only,26,572606425,random_forest,b3_logsig_shuffled,54,max_depth=4,0.7561261245044869,0.7357535202150864,0.7381721796270219,0.75507978186225,0.6810181424316274,0.7140443505807814,0.8121980676328503
scale_only,26,572606425,random_forest,b3_rawsig_shuffled,79,max_depth=4,0.7542243921129107,0.7310065641985504,0.7335507711413131,0.7506766309836397,0.6793934470620092,0.6936642027455121,0.8199620427881298
scale_only,26,572606425,logistic,hmm,3,C=0.01,0.7547982475063798,0.7220304873545867,0.7256879403209092,0.7387598464956574,0.6761440563227729,0.6976768743400211,0.7922705314009661
scale_only,26,572606425,logistic,statistics,11,C=0.1,0.7568514327091097,0.723950141106365,0.7176559233015934,0.7325792769137548,0.7043054427294883,0.6964097148891235,0.7711352657004831
scale_only,26,572606425,logistic,statistics_logsig,25,C=0.1,0.7643364802798684,0.7259716116413916,0.7195962706413747,0.7334679862654009,0.710533441646358,0.695987328405491,0.7713940648723258
scale_only,26,572606425,logistic,statistics_rawsig,50,C=1.0,0.7703117231154656,0.7283075744180184,0.7284568198919484,0.7427994344576854,0.6904955320877335,0.7,0.7944271911663217
scale_only,26,572606425,logistic,b3,40,C=1.0,0.7540221486286512,0.7256703955307356,0.7214176029774491,0.7369420319127449,0.6983482263742214,0.6958817317845829,0.7827812284334024
scale_only,26,572606425,logistic,b3_logsig,54,C=1.0,0.7587619847994107,0.7239551911348444,0.7187072117046952,0.7337507574227429,0.7005144868670458,0.6969376979936642,0.7744133885438234
scale_only,26,572606425,logistic,b3_rawsig,79,C=1.0,0.7638825534853173,0.7241845664130618,0.7240477076790959,0.7380327206624925,0.6888708367181153,0.6940865892291447,0.7895962732919255
scale_only,26,572606425,logistic,logsig,14,C=1.0,0.7450455319087457,0.7375329419748877,0.7145577970659867,0.7317309634417289,0.7860817763336041,0.6244984160506863,0.8020186335403726
scale_only,26,572606425,logistic,rawsig,39,C=1.0,0.7646921559137091,0.7396750868982153,0.7365575963572798,0.7518481114926278,0.7116165718927701,0.7021119324181626,0.8052967563837129
scale_only,26,572606425,logistic,logsig_shuffled,14,C=0.1,0.7414105179310925,0.7392432943868882,0.7175822022075407,0.7356897596445162,0.7806661251015434,0.6265047518479409,0.8105590062111802
scale_only,26,572606425,logistic,rawsig_shuffled,39,C=1.0,0.752703230410015,0.7377142957372836,0.7383519197074581,0.7543526560290851,0.6907663146493366,0.7183738120380148,0.8040027605244997
scale_only,26,572606425,logistic,statistics_logsig_shuffled,25,C=0.1,0.7598520145694305,0.7254053212403219,0.7202311958483826,0.735366592607554,0.7007852694286488,0.700844772967265,0.7745859213250518
scale_only,26,572606425,logistic,statistics_rawsig_shuffled,50,C=1.0,0.7631213651266039,0.7343133847506459,0.7350029736658165,0.7485760452433852,0.6959111833197942,0.7108764519535374,0.796152518978606
scale_only,26,572606425,logistic,b3_logsig_shuffled,54,C=1.0,0.7540396972418181,0.7263298020090723,0.7221673001673862,0.7377095536255301,0.6986190089358245,0.6967265047518479,0.7836438923395446
scale_only,26,572606425,logistic,b3_rawsig_shuffled,79,C=1.0,0.7543423075827732,0.7291383948124842,0.7299402526464208,0.7438497273278125,0.6899539669645275,0.7033790918690602,0.7940821256038647
scale_only,26,572606425,gbm,hmm,3,max_leaf_nodes=7,0.7558698162715235,0.722547296928865,0.7246980296825457,0.7384366794586952,0.6845383157324668,0.6786694825765576,0.8044340924775707
scale_only,26,572606425,gbm,statistics,11,max_leaf_nodes=7,0.7518120804809149,0.722513520474573,0.725624546680403,0.7399313270046455,0.6704576225291091,0.7130939809926082,0.7839889579020014
scale_only,26,572606425,gbm,statistics_logsig,25,max_leaf_nodes=7,0.7557325440923487,0.7239780871346735,0.7254820494278299,0.7409412239951525,0.6747901435147576,0.7091869060190074,0.7879572118702554
scale_only,26,572606425,gbm,statistics_rawsig,50,max_leaf_nodes=7,0.7557004060276332,0.7217952168902393,0.7238310007910012,0.7393657846899616,0.6704576225291091,0.7079197465681099,0.787008281573499
scale_only,26,572606425,gbm,b3,40,max_leaf_nodes=7,0.7385482294153486,0.7219948074838065,0.7245619326366386,0.7388002423752777,0.6731654481451395,0.7077085533262936,0.7851104209799862
scale_only,26,572606425,gbm,b3_logsig,54,max_leaf_nodes=7,0.7451593909275981,0.7248912457410529,0.7257569360006227,0.7404564734397091,0.6793934470620092,0.7126715945089757,0.782608695652174
scale_only,26,572606425,gbm,b3_rawsig,79,max_leaf_nodes=7,0.7454062982628987,0.7262578830470963,0.7275643069137643,0.7413855786709755,0.6821012726780395,0.7141499472016896,0.7825224292615597
scale_only,26,572606425,gbm,logsig,14,max_leaf_nodes=7,0.7555165381273579,0.731250866791644,0.7299091156324256,0.745788729549586,0.6997021391822367,0.67909186906019,0.8149585921325052
scale_only,26,572606425,gbm,rawsig,39,max_leaf_nodes=7,0.7569792725050273,0.7266581061093973,0.7264019948120101,0.7437285396889517,0.6837259680476577,0.6873284054910243,0.80891994478951
scale_only,26,572606425,gbm,logsig_shuffled,14,max_leaf_nodes=7,0.7475320633163332,0.7299370894580544,0.7309576043985472,0.7472025853362957,0.6872461413484972,0.6874340021119324,0.8151311249137336
scale_only,26,572606425,gbm,rawsig_shuffled,39,max_leaf_nodes=7,0.7464699687342714,0.7307997104390779,0.7315902346780686,0.7470410018178146,0.6915786623341457,0.6873284054910243,0.8134920634920635
scale_only,26,572606425,gbm,statistics_logsig_shuffled,25,max_leaf_nodes=7,0.7514509107547206,0.7241318153592119,0.7271605624819308,0.7420319127449,0.6709991876523151,0.7130939809926082,0.7883022774327122
scale_only,26,572606425,gbm,statistics_rawsig_shuffled,50,max_leaf_nodes=7,0.7532121456964979,0.7233612191678085,0.7261245867139617,0.7413451827913553,0.6696452748443,0.7135163674762408,0.7869220151828847
scale_only,26,572606425,gbm,b3_logsig_shuffled,54,max_leaf_nodes=7,0.7385482294153486,0.7219948074838065,0.7245619326366386,0.7388002423752777,0.6731654481451395,0.7077085533262936,0.7851104209799862
scale_only,26,572606425,gbm,b3_rawsig_shuffled,79,max_leaf_nodes=7,0.7378040235078567,0.720074733859148,0.7228416908405398,0.7370632195516057,0.6696452748443,0.7096092925026399,0.7809696342305038
scale_only,27,161963140,random_forest,hmm,3,max_depth=6,0.7191164917965741,0.6882584876433846,0.6910640806371058,0.6847505554433447,0.7666339823504692,0.6152997425524089,0.6828417380272757
scale_only,27,161963140,random_forest,statistics,11,max_depth=10,0.7268721591663709,0.6984129694439126,0.7004937266107429,0.6947283377095537,0.7698557220899286,0.6411670957459851,0.6842160904958241
scale_only,27,161963140,random_forest,statistics_logsig,25,max_depth=10,0.7346420132329824,0.7070031474880225,0.7090173168620941,0.7033730559482932,0.7716767054209273,0.6607821503003555,0.6885505867427847
scale_only,27,161963140,random_forest,statistics_rawsig,50,max_depth=10,0.7371908810555864,0.7107793300908499,0.7123939241833973,0.7068471015956372,0.7776999579773077,0.6662988843937723,0.6883391479014696
scale_only,27,161963140,random_forest,b3,40,max_depth=10,0.7348500619098172,0.7119842172805123,0.714627272038232,0.7091092708543728,0.763552318251856,0.6747578766703445,0.6976424569193361
scale_only,27,161963140,random_forest,b3_logsig,54,max_depth=10,0.7360533236984579,0.7115066880937836,0.7138024082807362,0.7085033326600687,0.7677545874772377,0.668382983940174,0.698382492863939
scale_only,27,161963140,random_forest,b3_rawsig,79,max_depth=10,0.73931660170929,0.7137938020034421,0.7158842450943612,0.7106039184003232,0.7709763272166971,0.6725511830329778,0.6978538957606513
scale_only,27,161963140,random_forest,logsig,14,max_depth=10,0.7246575675113878,0.7036422901083466,0.70630851372079,0.7005453443748738,0.7601905028715507,0.6617629030280741,0.688973464425415
scale_only,27,161963140,random_forest,rawsig,39,max_depth=6,0.7318833512356354,0.7095544142522233,0.7107862851860305,0.7060391840032316,0.7758789746463091,0.6582076743900944,0.6945765937202664
scale_only,27,161963140,random_forest,logsig_shuffled,14,max_depth=10,0.7218633151870749,0.7005325943438034,0.7030433263929776,0.6977984245606949,0.7569687631320914,0.6519553757508888,0.69267364414843
scale_only,27,161963140,random_forest,rawsig_shuffled,39,max_depth=6,0.7253804653182714,0.7046020589151095,0.7061597074710729,0.7016360331246213,0.765933604146239,0.6517101875689592,0.6961623850301301
scale_only,27,161963140,random_forest,statistics_logsig_shuffled,25,max_depth=10,0.7317011150546624,0.7042424784194848,0.7066326789169114,0.700868511411836,0.7663538310687772,0.6577172980262351,0.6886563061634422
scale_only,27,161963140,random_forest,statistics_rawsig_shuffled,50,max_depth=10,0.7335515409520759,0.7075488351598738,0.7094878454140879,0.7043829529388003,0.7692954195265443,0.6577172980262351,0.6956337879268422
scale_only,27,161963140,random_forest,b3_logsig_shuffled,54,max_depth=10,0.7338339690826499,0.7114779101009029,0.7140296512559076,0.7087861038174106,0.7639725451743942,0.669118548485963,0.7013426366423512
scale_only,27,161963140,random_forest,b3_rawsig_shuffled,79,max_depth=10,0.7353434843752845,0.7101198112770152,0.7123095086407044,0.7072914562714603,0.7653733015828548,0.6654407257570185,0.6995454064911725
scale_only,27,161963140,logistic,hmm,3,C=0.01,0.7150758566147578,0.6847231860067063,0.6860497600835492,0.6777620682690365,0.7718167810617733,0.6618854971190389,0.6204672798393065
scale_only,27,161963140,logistic,statistics,11,C=1.0,0.7151505558015501,0.692707903617254,0.6919270567237481,0.6858816400727126,0.7845636643787646,0.6588206448449184,0.6347394016280791
scale_only,27,161963140,logistic,statistics_logsig,25,C=1.0,0.7257111076386945,0.7037806144955755,0.7031245752302061,0.6975560492829731,0.7921277489844516,0.6647051612112296,0.6545089332910455
scale_only,27,161963140,logistic,statistics_rawsig,50,C=1.0,0.737191213016794,0.7086014302154585,0.7093687281482902,0.7028479095132296,0.7817621515618434,0.6876302562216501,0.6564118828628819
scale_only,27,161963140,logistic,b3,40,C=1.0,0.7199315045728812,0.6928646044314138,0.6922355992882411,0.6867703494243587,0.780781622075921,0.6520779698418536,0.6457342213764669
scale_only,27,161963140,logistic,b3_logsig,54,C=0.01,0.7254980118149411,0.6947182806208988,0.6925965997488012,0.6883457887295495,0.8010925899985992,0.6263332107392424,0.6567290411248546
scale_only,27,161963140,logistic,b3_rawsig,79,C=1.0,0.7353504494939592,0.7059018509384646,0.7064093275890032,0.7004241567360129,0.7816220759209973,0.675125658943239,0.6609578179511576
scale_only,27,161963140,logistic,logsig,14,C=0.1,0.7294253893118664,0.6977028363010099,0.6948153045925909,0.6926277519692992,0.8069757669141336,0.5994851048179478,0.6866476371709483
scale_only,27,161963140,logistic,rawsig,39,C=1.0,0.733221360315565,0.7054510049767262,0.70616161470494,0.6997374267824682,0.7791007143857683,0.6828490866740223,0.654403213870388
scale_only,27,161963140,logistic,logsig_shuffled,14,C=1.0,0.7209433265987295,0.6998016135847589,0.697123846765905,0.6945263583114523,0.8017929682028295,0.6183645948265294,0.6792472777249181
scale_only,27,161963140,logistic,rawsig_shuffled,39,C=1.0,0.7275358346009332,0.7057401089775411,0.7064447814574515,0.7001817814582912,0.7692954195265443,0.6981733480446243,0.6497515593614547
scale_only,27,161963140,logistic,statistics_logsig_shuffled,25,C=1.0,0.7213469509508129,0.6984696230584015,0.6979802116836753,0.6920622096546152,0.7837232105336882,0.668382983940174,0.6433026747013426
scale_only,27,161963140,logistic,statistics_rawsig_shuffled,50,C=1.0,0.7334070512344549,0.7069187836440557,0.7077158868107635,0.7011512825691779,0.7739179156744642,0.6971925953169057,0.6496458399407972
scale_only,27,161963140,logistic,b3_logsig_shuffled,54,C=0.01,0.7201681474136626,0.6885482537628062,0.686583239914972,0.6821652191476469,0.7918475977027595,0.6258428343753831,0.647954329210276
scale_only,27,161963140,logistic,b3_rawsig_shuffled,79,C=1.0,0.7309968356551498,0.702454516599882,0.7030272205017014,0.6968693193294284,0.7716767054209273,0.6853009684933187,0.6503858758854002
scale_only,27,161963140,gbm,hmm,3,max_leaf_nodes=7,0.71877176013061,0.6889140826250518,0.6916941812095961,0.6857604524338518,0.7663538310687772,0.6108863552776757,0.6895020615287029
scale_only,27,161963140,gbm,statistics,11,max_leaf_nodes=7,0.7235845252792924,0.6964376666952626,0.6978615221196978,0.6920622096546152,0.7671942849138534,0.6535490989334314,0.668569616238503
scale_only,27,161963140,gbm,statistics_logsig,25,max_leaf_nodes=7,0.7290633941464463,0.7034890933118843,0.7047500234755691,0.6992526762270248,0.7767194284913853,0.6535490989334314,0.6801987525108363
scale_only,27,161963140,gbm,statistics_rawsig,50,max_leaf_nodes=7,0.7334219094844313,0.7062649185770766,0.7076634910363374,0.7021207836800646,0.7754587477237709,0.6617629030280741,0.6815731049793847
scale_only,27,161963140,gbm,b3,40,max_leaf_nodes=7,0.7324683251801215,0.6970723946081233,0.6988449263256532,0.6929913148858816,0.7662137554279311,0.6514649993870295,0.6735384290094091
scale_only,27,161963140,gbm,b3_logsig,54,max_leaf_nodes=7,0.7321051697619376,0.7005040360598316,0.7018440833410268,0.6962633811351242,0.7725171592660036,0.6528135343876426,0.6761814145258483
scale_only,27,161963140,gbm,b3_rawsig,79,max_leaf_nodes=7,0.7349425870911555,0.6994548481398667,0.7008739669997798,0.6948495253484145,0.7715366297800812,0.6585754566629889,0.6682524579765303
scale_only,27,161963140,gbm,logsig,14,max_leaf_nodes=7,0.7300673496301185,0.707787466706269,0.7089778819839587,0.7036558271056352,0.7778400336181538,0.6615177148461444,0.684004651654509
scale_only,27,161963140,gbm,rawsig,39,max_leaf_nodes=7,0.7317865207013332,0.7087623036906895,0.7097009538788862,0.7046657240961421,0.7805014707942289,0.6588206448449184,0.686964795432921
scale_only,27,161963140,gbm,logsig_shuffled,14,max_leaf_nodes=7,0.7257452509674218,0.7048155002807405,0.7059296785104935,0.7012724702080387,0.7711164028575431,0.6540394752972907,0.6892906226873877
scale_only,27,161963140,gbm,rawsig_shuffled,39,max_leaf_nodes=7,0.7275336210680562,0.7067704831133054,0.7077266294437555,0.7032518683094324,0.77335761311108,0.6550202280250091,0.691933608203827
scale_only,27,161963140,gbm,statistics_logsig_shuffled,25,max_leaf_nodes=7,0.7283530644648133,0.6977578073407726,0.6993124216351966,0.6935568572005656,0.7667740579913153,0.6546524457521148,0.6718469182788879
scale_only,27,161963140,gbm,statistics_rawsig_shuffled,50,max_leaf_nodes=7,0.728678540579701,0.7005019596625909,0.7019251245969748,0.6963441728943648,0.7690152682448522,0.6574721098443055,0.675018500898615
scale_only,27,161963140,gbm,b3_logsig_shuffled,54,max_leaf_nodes=7,0.7324683251801215,0.6970723946081233,0.6988449263256532,0.6929913148858816,0.7662137554279311,0.6514649993870295,0.6735384290094091
scale_only,27,161963140,gbm,b3_rawsig_shuffled,79,max_leaf_nodes=7,0.7318897064632739,0.695904125454371,0.6975564677710729,0.6919814178953747,0.765933604146239,0.6457030771116832,0.6760756951051908
scale_only,28,3091348244,random_forest,hmm,3,max_depth=6,0.7129933685545217,0.7637943054430631,0.7619944901425565,0.7668349828317511,0.8465075814069103,0.6938125568698817,0.7510627780523974
scale_only,28,3091348244,random_forest,statistics,11,max_depth=6,0.7258234083511778,0.7653365508696642,0.7623170463495662,0.765946273480105,0.837434750186428,0.7186836518046709,0.7398912506178942
scale_only,28,3091348244,random_forest,statistics_logsig,25,max_depth=6,0.7286127827856586,0.7673377922146137,0.7642987030918208,0.7679256715814987,0.8376833209047975,0.721868365180467,0.7424616905585764
scale_only,28,3091348244,random_forest,statistics_rawsig,50,max_depth=6,0.730698382704252,0.7757275957065413,0.7735624270162215,0.7777418703292264,0.8363161819537659,0.7259629966636336,0.7649036085022244
scale_only,28,3091348244,random_forest,b3,40,max_depth=6,0.7287749231379754,0.7684638270933889,0.7655235525541616,0.7693395273682084,0.8380561769823515,0.721413406126782,0.7459218981710332
scale_only,28,3091348244,random_forest,b3_logsig,54,max_depth=6,0.729911206007297,0.7697989496116392,0.7670104663906528,0.7709553625530196,0.8383047477007208,0.721413406126782,0.7496786950074147
scale_only,28,3091348244,random_forest,b3_rawsig,79,max_depth=6,0.7310788851454112,0.7752338461721403,0.7730218147080353,0.7773379115330237,0.8385533184190902,0.7232332423415226,0.7639149777558082
scale_only,28,3091348244,random_forest,logsig,14,max_depth=10,0.7248452899555358,0.7664067988421616,0.76388177327471,0.767683296303777,0.8320904797414864,0.718835304822566,0.7482946119624321
scale_only,28,3091348244,random_forest,rawsig,39,max_depth=10,0.7300151259865522,0.7722444932489677,0.7704518208001857,0.7752777216723894,0.8376833209047975,0.7124658780709736,0.7665842807711319
scale_only,28,3091348244,random_forest,logsig_shuffled,14,max_depth=10,0.7212527027430676,0.7649925474581171,0.762045478518257,0.7654615229246616,0.8345761869251802,0.7208067940552016,0.7395946613939693
scale_only,28,3091348244,random_forest,rawsig_shuffled,39,max_depth=6,0.724297428750826,0.7677988946498818,0.7659059208662536,0.7707533831549181,0.8369376087496893,0.7063997573551714,0.760059317844785
scale_only,28,3091348244,random_forest,statistics_logsig_shuffled,25,max_depth=10,0.7275513168570761,0.7634506366042545,0.7610476653656937,0.7651787517673198,0.8380561769823515,0.7074613284804367,0.7448344043499753
scale_only,28,3091348244,random_forest,statistics_rawsig_shuffled,50,max_depth=6,0.7283659569914126,0.7688721233589519,0.7664107718155101,0.7705917996364371,0.837061894108874,0.7167121625720352,0.7528423133959466
scale_only,28,3091348244,random_forest,b3_logsig_shuffled,54,max_depth=6,0.7289484218768161,0.7694767712994214,0.766598399648274,0.7704302161179559,0.8380561769823515,0.7224749772520473,0.7478991596638656
scale_only,28,3091348244,random_forest,b3_rawsig_shuffled,79,max_depth=6,0.7286440077186053,0.7691361998345904,0.7663911705711909,0.7703898202383357,0.8379318916231668,0.7198968759478314,0.7495798319327731
scale_only,28,3091348244,logistic,hmm,3,C=0.1,0.7131149954870203,0.7647312109310299,0.7632859325132703,0.7681680468592204,0.8435247327864778,0.6942675159235668,0.756401384083045
scale_only,28,3091348244,logistic,statistics,11,C=1.0,0.7257555928187344,0.7620997057654116,0.7586231563310938,0.7632397495455464,0.8507332836191897,0.7020018198362148,0.7335640138408305
scale_only,28,3091348244,logistic,statistics_logsig,25,C=0.1,0.731241881171837,0.761680907411585,0.757984958794157,0.7621894566754192,0.8548347004722844,0.7033666969972703,0.7268413247652002
scale_only,28,3091348244,logistic,statistics_rawsig,50,C=0.01,0.7328752287202969,0.7643445836830267,0.7606395672118653,0.7650575641284589,0.8554561272682079,0.7057931452835912,0.7317844784972812
scale_only,28,3091348244,logistic,b3,40,C=1.0,0.72154056163948,0.7616755224992264,0.7588851702219465,0.7645324176933953,0.8543375590355456,0.6871398240824993,0.7435491843796342
scale_only,28,3091348244,logistic,b3_logsig,54,C=1.0,0.7195838236546752,0.7619715712675234,0.7589568125438538,0.7640476671379519,0.8557046979865772,0.6922960266909312,0.7379139891250618
scale_only,28,3091348244,logistic,b3_rawsig,79,C=0.01,0.7230905537956763,0.7606341525759154,0.7571010177900592,0.762027873156938,0.8615461098682575,0.6915377616014559,0.7288185862580326
scale_only,28,3091348244,logistic,logsig,14,C=1.0,0.7269883467845313,0.7567154257166958,0.7552648013476172,0.7652595435265603,0.8616703952274422,0.6349711859266,0.7735046959960454
scale_only,28,3091348244,logistic,rawsig,39,C=0.1,0.7335521805298413,0.7651535583907284,0.7620419690291218,0.7665926075540295,0.8466318667660949,0.7071580224446467,0.7416707859614434
scale_only,28,3091348244,logistic,logsig_shuffled,14,C=0.1,0.7184128007804896,0.7555253017015279,0.7535101878569511,0.762472227832761,0.8543375590355456,0.648619957537155,0.7636183885318834
scale_only,28,3091348244,logistic,rawsig_shuffled,39,C=0.01,0.7241247077103004,0.7578686106058105,0.7543568684711687,0.7591597657038982,0.8460104399701716,0.6969972702456779,0.7305981216015818
scale_only,28,3091348244,logistic,statistics_logsig_shuffled,25,C=1.0,0.7296038599297815,0.76180529161647,0.7587186249986703,0.7636841042213695,0.8529704200845141,0.6950257810130421,0.7374196737518537
scale_only,28,3091348244,logistic,statistics_rawsig_shuffled,50,C=0.1,0.7318101162178302,0.7613805876168395,0.7584019184574297,0.7632801454251666,0.8523489932885906,0.694570821959357,0.7372219476025704
scale_only,28,3091348244,logistic,b3_logsig_shuffled,54,C=1.0,0.721838423703992,0.7604291771941023,0.7576137132991807,0.7633609371844072,0.8544618443947303,0.6845617227782833,0.7422639644092931
scale_only,28,3091348244,logistic,b3_rawsig_shuffled,79,C=1.0,0.7223329038318553,0.7643925529874762,0.7619580620760212,0.7670369622298525,0.8523489932885906,0.6941158629056718,0.7467128027681661
scale_only,28,3091348244,gbm,hmm,3,max_leaf_nodes=7,0.7128299464561012,0.7628550088752574,0.7613407177296926,0.7663906281559281,0.845016157096694,0.6897179253867152,0.7538309441423628
scale_only,28,3091348244,gbm,statistics,11,max_leaf_nodes=7,0.7191751523531332,0.7571476164498475,0.7557420890688721,0.7615835184811149,0.8381804623415362,0.678343949044586,0.7549184379634206
scale_only,28,3091348244,gbm,statistics_logsig,25,max_leaf_nodes=7,0.7252454106356208,0.7625858633030554,0.7613709221156871,0.7671177539890931,0.8383047477007208,0.6862299059751289,0.7632229362333168
scale_only,28,3091348244,gbm,statistics_rawsig,50,max_leaf_nodes=7,0.7260814739109955,0.7651173672467072,0.7638352851844376,0.7697838820440315,0.8399204573701218,0.6883530482256597,0.76707859614434
scale_only,28,3091348244,gbm,b3,40,max_leaf_nodes=7,0.717974091451019,0.7602298219299352,0.7595895886532995,0.7663906281559281,0.8429033059905543,0.6683348498635123,0.769451309935739
scale_only,28,3091348244,gbm,b3_logsig,54,max_leaf_nodes=7,0.7211746741629259,0.7646086565064092,0.7637022966437271,0.7703090284790951,0.845016157096694,0.6772823779193206,0.771527434503213
scale_only,28,3091348244,gbm,b3_rawsig,79,max_leaf_nodes=15,0.7210272388625247,0.7627664725284155,0.7624113512463432,0.7701878408402343,0.8488690032314193,0.6599939338792842,0.7794364804745427
scale_only,28,3091348244,gbm,logsig,14,max_leaf_nodes=7,0.7266328589342557,0.7690799023950964,0.7680807231662538,0.7739446576449203,0.8345761869251802,0.6963906581740976,0.7762728620860109
scale_only,28,3091348244,gbm,rawsig,39,max_leaf_nodes=7,0.7298617380166329,0.767187529897547,0.765727372078045,0.7710361543122601,0.8359433258762118,0.6997270245677889,0.7658922392486406
scale_only,28,3091348244,gbm,logsig_shuffled,14,max_leaf_nodes=15,0.7208093475164388,0.7640455444214158,0.762543594301567,0.7676025045445365,0.8350733283619189,0.697300576281468,0.7597627286208601
scale_only,28,3091348244,gbm,rawsig_shuffled,39,max_leaf_nodes=7,0.7212743985737747,0.7666046015844709,0.7653830331611494,0.7710765501918805,0.8359433258762118,0.6944191689414619,0.769451309935739
scale_only,28,3091348244,gbm,statistics_logsig_shuffled,25,max_leaf_nodes=7,0.7209169300148132,0.7609704087176499,0.7596609770173656,0.7657038982023834,0.8400447427293065,0.681225356384592,0.761641127039051
scale_only,28,3091348244,gbm,statistics_rawsig_shuffled,50,max_leaf_nodes=7,0.7209336065756036,0.7605056786530054,0.7592267412211875,0.7653403352858008,0.8404175988068605,0.6795571731877464,0.7615422639644093
scale_only,28,3091348244,gbm,b3_logsig_shuffled,54,max_leaf_nodes=7,0.7180219583762462,0.7605972581117356,0.7599879036471738,0.7668753787113715,0.8435247327864778,0.667728237791932,0.7705388037567968
scale_only,28,3091348244,gbm,b3_rawsig_shuffled,79,max_leaf_nodes=7,0.7185904027665311,0.7602505569612815,0.7598396409691954,0.7668753787113715,0.8448918717375093,0.6639369123445557,0.7719228868017796
scale_only,29,3384635071,random_forest,hmm,3,max_depth=6,0.7490141733286567,0.7270903590973732,0.7223517399157608,0.7307210664512219,0.8217856312485469,0.6686333918035401,0.6908520542400324
scale_only,29,3384635071,random_forest,statistics,11,max_depth=4,0.7527616441986287,0.7278389313077902,0.7220056899193872,0.7315289840436275,0.8432922576145082,0.6616169669909105,0.6786075693179519
scale_only,29,3384635071,random_forest,statistics_logsig,25,max_depth=6,0.7572224288609989,0.7352575977403055,0.729896024064106,0.7392445970511008,0.8398046965821901,0.6708658906075586,0.6951022060311678
scale_only,29,3384635071,random_forest,statistics_rawsig,50,max_depth=6,0.7631839018419412,0.7357349729614516,0.7308454284206584,0.7404968693193295,0.8396884445477796,0.6662414287992345,0.7012750455373407
scale_only,29,3384635071,random_forest,b3,40,max_depth=4,0.7580592063424091,0.728650078821414,0.7233154100927708,0.7322965057564128,0.8296907695884678,0.6678360708021049,0.6884233960736693
scale_only,29,3384635071,random_forest,b3_logsig,54,max_depth=6,0.7597535304990117,0.7359584776214999,0.7312885484348645,0.7412239951524945,0.8362008835154615,0.6643278583957901,0.7073466909532483
scale_only,29,3384635071,random_forest,b3_rawsig,79,max_depth=6,0.7641235125874788,0.7385437726803973,0.7339200129725508,0.7439709149666734,0.8398046965821901,0.6654441077977994,0.7103825136612022
scale_only,29,3384635071,random_forest,logsig,14,max_depth=10,0.7552511804448344,0.7281464575808109,0.7235462628433132,0.733185215108059,0.8278307370378981,0.6582682187848828,0.6983404169196519
scale_only,29,3384635071,random_forest,rawsig,39,max_depth=6,0.7636093923751478,0.7347522637178358,0.7299687944692425,0.739567764088063,0.8375959079283888,0.6652846435975124,0.7013762396276058
scale_only,29,3384635071,random_forest,logsig_shuffled,14,max_depth=10,0.7532107912249365,0.7205094607943643,0.7156140295597271,0.725509997980206,0.8281794931411299,0.6480625099665125,0.6852863792754503
scale_only,29,3384635071,random_forest,rawsig_shuffled,39,max_depth=6,0.7582763776310735,0.7313108764814434,0.7261079972010482,0.7356897596445162,0.8346896070681237,0.6646467867963642,0.6945962355798422
scale_only,29,3384635071,random_forest,statistics_logsig_shuffled,25,max_depth=6,0.7572591148095401,0.7328465180959167,0.7275518475793707,0.7370228236719855,0.8381771681004417,0.6668792856003827,0.6934831005869257
scale_only,29,3384635071,random_forest,statistics_rawsig_shuffled,50,max_depth=6,0.7594035393610284,0.7357128565184441,0.7306202374322366,0.7402544940416077,0.8366658916531039,0.6687928560038271,0.7016798218984012
scale_only,29,3384635071,random_forest,b3_logsig_shuffled,54,max_depth=6,0.7588233311497311,0.7317487325294306,0.7271089753549959,0.7372248030700869,0.8353871192745873,0.6574708977834476,0.702388180530257
scale_only,29,3384635071,random_forest,b3_rawsig_shuffled,79,max_depth=6,0.7605093698159138,0.7331791999595813,0.7286231760182341,0.7389214300141386,0.8348058591025342,0.6577898261840217,0.7069419145921878
scale_only,29,3384635071,logistic,hmm,3,C=0.1,0.7479982674572344,0.726040489432121,0.7205080947754289,0.7272874166834983,0.8157405254591955,0.6856960612342529,0.6766848816029144
scale_only,29,3384635071,logistic,statistics,11,C=0.1,0.7467475510556478,0.717160914538265,0.7093782239285868,0.7177135932134923,0.849221111369449,0.6665603571998087,0.6357012750455373
scale_only,29,3384635071,logistic,statistics_logsig,25,C=0.1,0.7587669152528704,0.7252963440958519,0.7178606182613804,0.7263179155726116,0.8518949081608929,0.6734173178121512,0.6505768063145112
scale_only,29,3384635071,logistic,statistics_rawsig,50,C=1.0,0.7612686497122322,0.7412122279406931,0.7334865272076065,0.7400929105231266,0.8411997209951174,0.7134428320841971,0.6689941307427646
scale_only,29,3384635071,logistic,b3,40,C=1.0,0.7404321788365698,0.7102946466591605,0.703827367155773,0.7130276711775398,0.8415484770983492,0.6450326901610588,0.6443027727180732
scale_only,29,3384635071,logistic,b3_logsig,54,C=0.1,0.7467732653033418,0.7197283669428556,0.7129563642700516,0.7222783276105837,0.8518949081608929,0.6553978631797162,0.6518923294879579
scale_only,29,3384635071,logistic,b3_rawsig,79,C=0.01,0.7509690879586408,0.7232545432467209,0.7164341481230606,0.7258331650171682,0.8549174610555684,0.658906075586031,0.655940093098563
scale_only,29,3384635071,logistic,logsig,14,C=1.0,0.748446910739514,0.7191131999419714,0.7140934337257798,0.7288628559886892,0.8727040223203906,0.5978312868760963,0.6868042906294273
scale_only,29,3384635071,logistic,rawsig,39,C=1.0,0.7599651772459713,0.7363882249319477,0.7293010099761243,0.7366996566350232,0.8414322250639387,0.6970180194546325,0.6707144302772718
scale_only,29,3384635071,logistic,logsig_shuffled,14,C=1.0,0.7442197928248717,0.7099655390399698,0.7046613701348337,0.7184407190466573,0.8601488026040456,0.5986286078775315,0.6711192066383324
scale_only,29,3384635071,logistic,rawsig_shuffled,39,C=1.0,0.7565844912798211,0.7283929889836841,0.7210336086413354,0.7279741466370431,0.8308532899325738,0.694944984850901,0.6593806921675774
scale_only,29,3384635071,logistic,statistics_logsig_shuffled,25,C=1.0,0.752387944015043,0.7216054309675745,0.7135595552402857,0.7211876388608361,0.8453847942338991,0.6805932068250677,0.6388382918437563
scale_only,29,3384635071,logistic,statistics_rawsig_shuffled,50,C=1.0,0.756234942950036,0.7339919488380011,0.7258441134025584,0.7323772975156534,0.840734712857475,0.7072237282730027,0.6540174053835256
scale_only,29,3384635071,logistic,b3_logsig_shuffled,54,C=1.0,0.7403902056323907,0.7102524726296483,0.7037244053818542,0.7128660876590588,0.841897233201581,0.6456705469622069,0.6431896377251568
scale_only,29,3384635071,logistic,b3_rawsig_shuffled,79,C=0.1,0.7445417740803557,0.7257770061774901,0.7186613512109886,0.7269238537669158,0.8477098349221112,0.6746930314144475,0.6549281521959117
scale_only,29,3384635071,gbm,hmm,3,max_leaf_nodes=7,0.7471579052149085,0.7245991614570041,0.7196493577398946,0.7277721672389417,0.822018135317368,0.6683144634029661,0.683464885650678
scale_only,29,3384635071,gbm,statistics,11,max_leaf_nodes=7,0.7405801238363598,0.7338126728343487,0.7290933006442067,0.7394061805695819,0.8455010462683097,0.6558762557805773,0.7000607164541591
scale_only,29,3384635071,gbm,statistics_logsig,25,max_leaf_nodes=7,0.7453787978253069,0.7388209309713262,0.7341688388353006,0.7439709149666734,0.8435247616833295,0.6664008929995217,0.7065371382311273
scale_only,29,3384635071,gbm,statistics_rawsig,50,max_leaf_nodes=7,0.7479431256304433,0.740978105178394,0.7367888693319841,0.7472429812159159,0.8455010462683097,0.6609791101897624,0.7164541590771099
scale_only,29,3384635071,gbm,b3,40,max_leaf_nodes=7,0.7442245274402605,0.7252236853295027,0.7215335197112008,0.7339527368208443,0.8420134852359916,0.6239834157231702,0.7096741550293463
scale_only,29,3384635071,gbm,b3_logsig,54,max_leaf_nodes=7,0.749988812604727,0.7314838311843256,0.7279752960548316,0.7400525146435064,0.8429435015112764,0.6332323393398183,0.7182756527018822
scale_only,29,3384635071,gbm,b3_rawsig,79,max_leaf_nodes=7,0.7483921546633603,0.7379170757154125,0.7341550017137192,0.745950313068067,0.8486398511973959,0.6435975123584755,0.7215138635903663
scale_only,29,3384635071,gbm,logsig,14,max_leaf_nodes=7,0.7584397858828039,0.7332338175058908,0.7289913247677511,0.7394465764492022,0.8380609160660312,0.6534842927762717,0.7081562436753693
scale_only,29,3384635071,gbm,rawsig,39,max_leaf_nodes=7,0.7575983918250992,0.7380964565866045,0.7334930242109525,0.7432033932538881,0.8393396884445478,0.6671982140009568,0.7077514673143088
scale_only,29,3384635071,gbm,logsig_shuffled,14,max_leaf_nodes=7,0.7552195232137344,0.7287552518776717,0.723049510585842,0.7315693799232478,0.8286445012787724,0.6740551746132993,0.6835660797409431
scale_only,29,3384635071,gbm,rawsig_shuffled,39,max_leaf_nodes=7,0.75588364180597,0.7273591904564453,0.7218325728789455,0.7306402746919815,0.8295745175540572,0.6686333918035401,0.6838696620117385
scale_only,29,3384635071,gbm,statistics_logsig_shuffled,25,max_leaf_nodes=7,0.7417009314015356,0.7352280418913485,0.7304432858057394,0.740294889921228,0.8408509648918856,0.6630521447934938,0.7017810159886663
scale_only,29,3384635071,gbm,statistics_rawsig_shuffled,50,max_leaf_nodes=7,0.7426844361520292,0.7340186360610046,0.7291312685473201,0.7388810341345183,0.8410834689607068,0.6627332163929198,0.6982392228293868
scale_only,29,3384635071,gbm,b3_logsig_shuffled,54,max_leaf_nodes=7,0.7442245274402605,0.7252236853295027,0.7215335197112008,0.7339527368208443,0.8420134852359916,0.6239834157231702,0.7096741550293463
scale_only,29,3384635071,gbm,b3_rawsig_shuffled,79,max_leaf_nodes=7,0.7448230243268004,0.7262245865549412,0.7225846823579753,0.7347606544132499,0.8392234364101372,0.627651092329772,0.711799230924914
scale_only,30,1727305320,random_forest,hmm,3,max_depth=6,0.7292854632048096,0.72209533680372,0.7233750075944219,0.7174712179357705,0.7734063008430706,0.6946000448129062,0.6982796647551831
scale_only,30,1727305320,random_forest,statistics,11,max_depth=6,0.747135759541468,0.7270242710824529,0.7274312669106759,0.7225610987679256,0.7768081644727112,0.6962805287922922,0.7079841199823556
scale_only,30,1727305320,random_forest,statistics_logsig,25,max_depth=10,0.7492446891759004,0.7276110686753916,0.7259666940918303,0.7223995152494446,0.7873095695902973,0.6662558816939278,0.7292677547419497
scale_only,30,1727305320,random_forest,statistics_rawsig,50,max_depth=6,0.7528185137362632,0.7343628747748888,0.7348429949648366,0.7307210664512219,0.7750332791007247,0.7084920457091642,0.7195632995147773
scale_only,30,1727305320,random_forest,b3,40,max_depth=6,0.7523248234056328,0.7288011902388246,0.7295849715275415,0.7249040597859019,0.7717793225854164,0.7099484651579655,0.7046757829730922
scale_only,30,1727305320,random_forest,b3_logsig,54,max_depth=6,0.752345312371343,0.7295836100474657,0.7302350951304625,0.7256311856190668,0.7732583937287384,0.7090522070356262,0.7064402293780326
scale_only,30,1727305320,random_forest,b3_rawsig,79,max_depth=6,0.7549567929217537,0.7321728128559789,0.7327252934202427,0.7284588971924864,0.7734063008430706,0.7097244006273807,0.7133877370974857
scale_only,30,1727305320,random_forest,logsig,14,max_depth=10,0.7422313066822483,0.7258796789104992,0.7255063535668106,0.7215108058977985,0.7751811862150569,0.686533721711853,0.7159241288045876
scale_only,30,1727305320,random_forest,rawsig,39,max_depth=6,0.7508019835208256,0.7346643987395115,0.7355413295791285,0.7314885881640073,0.7698565300990977,0.7165583688102174,0.7175782973092192
scale_only,30,1727305320,random_forest,logsig_shuffled,14,max_depth=10,0.7409177860843723,0.7282948674704602,0.7282312643775027,0.7243789133508383,0.772223043928413,0.6972888191799238,0.7153727393030437
scale_only,30,1727305320,random_forest,rawsig_shuffled,39,max_depth=6,0.744522411934989,0.7296579808107578,0.7300496496961348,0.726237123813371,0.7680816447271114,0.70177010979162,0.7191221879135421
scale_only,30,1727305320,random_forest,statistics_logsig_shuffled,25,max_depth=10,0.7490898663666434,0.726625306372103,0.7252005452243794,0.7215512017774187,0.7847951486466499,0.6661438494286355,0.7289369210410234
scale_only,30,1727305320,random_forest,statistics_rawsig_shuffled,50,max_depth=6,0.7509389438953805,0.732384881957271,0.732805317488682,0.7286608765905878,0.7738500221860671,0.7079318843827023,0.7153727393030437
scale_only,30,1727305320,random_forest,b3_logsig_shuffled,54,max_depth=6,0.7517268397905491,0.7296665143352029,0.7305266204571758,0.7258735608967886,0.771483508356752,0.7115169168720592,0.7059991177767976
scale_only,30,1727305320,random_forest,b3_rawsig_shuffled,79,max_depth=6,0.7509908505271546,0.729163782661359,0.7296211854929894,0.7253080185821046,0.7719272296997486,0.7065874971991933,0.7089766210851345
scale_only,30,1727305320,logistic,hmm,3,C=0.1,0.7298009056857219,0.7208308014978284,0.7226760717196038,0.7163401333064028,0.7700044372134299,0.7047949809545149,0.6876929863255403
scale_only,30,1727305320,logistic,statistics,11,C=1.0,0.7392658261162834,0.7152042910356151,0.7162881224034282,0.7098363966875378,0.7732583937287384,0.7078198521174098,0.664534627260697
scale_only,30,1727305320,logistic,statistics_logsig,25,C=1.0,0.7478433680602116,0.7200673396435358,0.7208441840379232,0.7146839022419713,0.778139328501701,0.7151019493614161,0.66696074106749
scale_only,30,1727305320,logistic,statistics_rawsig,50,C=0.01,0.7491315975729482,0.7194522509400278,0.7201920304570272,0.7142799434457685,0.774441650643396,0.7277615953394577,0.6561535068372298
scale_only,30,1727305320,logistic,b3,40,C=1.0,0.7332496805367645,0.7070099443823349,0.7086435239442741,0.7021207836800646,0.7599467534388404,0.6993053999551871,0.6617776797529775
scale_only,30,1727305320,logistic,b3_logsig,54,C=1.0,0.7403028994627587,0.7111802591213124,0.7119380380289434,0.7058372046051303,0.769264901641769,0.6989693031593098,0.6653065725628584
scale_only,30,1727305320,logistic,b3_rawsig,79,C=1.0,0.7421766431214766,0.718176915642093,0.7198628029851517,0.713916380529186,0.7632007099541488,0.7294420793188439,0.6618879576532862
scale_only,30,1727305320,logistic,logsig,14,C=1.0,0.7465995129919397,0.719861022536176,0.7164907294614222,0.7133912340941224,0.7935216683922497,0.6510194936141609,0.7150419056021173
scale_only,30,1727305320,logistic,rawsig,39,C=0.01,0.7490637850494272,0.7271392255180779,0.7278413740135171,0.722601494647546,0.7747374648720603,0.7449025319291956,0.6617776797529775
scale_only,30,1727305320,logistic,logsig_shuffled,14,C=0.1,0.7369086102928418,0.715244444539851,0.7124902291198225,0.7093112502524742,0.7824286348173347,0.6580775263275823,0.7052271724746361
scale_only,30,1727305320,logistic,rawsig_shuffled,39,C=1.0,0.7421100365984495,0.727389340552227,0.7296433767825166,0.7246212886285599,0.7552137257802101,0.7578982747031145,0.6690560211733568
scale_only,30,1727305320,logistic,statistics_logsig_shuffled,25,C=1.0,0.742145751638074,0.7179937677846677,0.7193638582468102,0.7131084629367804,0.7704481585564266,0.7174546269325566,0.6660785178650198
scale_only,30,1727305320,logistic,statistics_rawsig_shuffled,50,C=1.0,0.7453482722047062,0.7229204831798794,0.7253510477336668,0.7193294283983034,0.760390474781837,0.7401971767869147,0.6681737979708866
scale_only,30,1727305320,logistic,b3_logsig_shuffled,54,C=1.0,0.7327503835846594,0.7074915946020903,0.7091127660941909,0.7025247424762674,0.7612779174678302,0.6995294644857719,0.6616674018526687
scale_only,30,1727305320,logistic,b3_rawsig_shuffled,79,C=1.0,0.7367754323514898,0.7172113939532578,0.7198490096799417,0.7134316299737427,0.756692796923532,0.7347075957875868,0.6602337891486546
scale_only,30,1727305320,gbm,hmm,3,max_leaf_nodes=7,0.7298138252001114,0.7226941774100283,0.7237178239432699,0.7180771561300747,0.774441650643396,0.6868698185077302,0.706771063078959
scale_only,30,1727305320,gbm,statistics,11,max_leaf_nodes=7,0.7377175633416124,0.7228450052523083,0.7234249718308424,0.71884467784286,0.7683774589557758,0.6804839793860632,0.719673577415086
scale_only,30,1727305320,gbm,statistics_logsig,25,max_leaf_nodes=7,0.7486352509672533,0.7263581346001651,0.726729542295149,0.722035952332862,0.7751811862150569,0.6866457539771454,0.717247463608293
scale_only,30,1727305320,gbm,statistics_rawsig,50,max_leaf_nodes=7,0.7496718742684415,0.7253332980594447,0.7255703202188452,0.7207836800646334,0.7762165360153823,0.691799238180596,0.7079841199823556
scale_only,30,1727305320,gbm,b3,40,max_leaf_nodes=7,0.7432063393051825,0.7159975214385582,0.7164073401241474,0.7108866895576651,0.772962579500074,0.6814922697736948,0.6935377150419056
scale_only,30,1727305320,gbm,b3_logsig,54,max_leaf_nodes=7,0.749073060199073,0.7206344078767472,0.7206487153021895,0.7152090486770349,0.7809495636740127,0.686533721711853,0.6944199382443759
scale_only,30,1727305320,gbm,b3_rawsig,79,max_leaf_nodes=7,0.7467150004734209,0.7193974117981873,0.719246533478556,0.713916380529186,0.780357935216684,0.6845171409365898,0.693317159241288
scale_only,30,1727305320,gbm,logsig,14,max_leaf_nodes=7,0.7465651848601201,0.7282670818706612,0.7289422341372918,0.7242981215915977,0.7716314154710842,0.7156621106878781,0.6975077194530216
scale_only,30,1727305320,gbm,rawsig,39,max_leaf_nodes=7,0.745219482802621,0.7287387632214033,0.729064909404716,0.7242173298323571,0.7779914213873688,0.7167824333408022,0.6914424349360389
scale_only,30,1727305320,gbm,logsig_shuffled,14,max_leaf_nodes=7,0.7404946424727243,0.726321885669135,0.7272074638811171,0.7230054534437488,0.7624611743824878,0.7173425946672641,0.6991618879576533
scale_only,30,1727305320,gbm,rawsig_shuffled,39,max_leaf_nodes=7,0.7413059526250748,0.7248060342234192,0.7257782694162641,0.7214704100181781,0.7609821032391658,0.7185749495854806,0.6948610498456109
scale_only,30,1727305320,gbm,statistics_logsig_shuffled,25,max_leaf_nodes=7,0.7438606273363941,0.7250959368407393,0.7260547961473098,0.7212280347404565,0.768525366070108,0.6938158189558593,0.7129466254962505
scale_only,30,1727305320,gbm,statistics_rawsig_shuffled,50,max_leaf_nodes=7,0.7445479123573843,0.727390203406503,0.7284163152755639,0.7236517875176732,0.7694128087561012,0.6963925610575846,0.7163652404058227
scale_only,30,1727305320,gbm,b3_logsig_shuffled,54,max_leaf_nodes=7,0.7431763255666831,0.7160830500051993,0.7166461286445939,0.7110886689557665,0.7716314154710842,0.6842930764060049,0.6923246581385091
scale_only,30,1727305320,gbm,b3_rawsig_shuffled,79,max_leaf_nodes=7,0.7434303131262855,0.7170300942755162,0.7177882214656771,0.7122197535851343,0.7704481585564266,0.6877660766300695,0.692876047640053
scale_only,31,3892276857,random_forest,hmm,3,max_depth=6,0.7388758672949862,0.717485041389296,0.7086547507712687,0.7554433447788326,0.764461612747465,0.5675675675675675,0.8204259438528557
scale_only,31,3892276857,random_forest,statistics,11,max_depth=6,0.7474538109893683,0.7219131080428683,0.7104831025710908,0.7528580084831347,0.7749879285369387,0.5997542997542997,0.7909970958373669
scale_only,31,3892276857,random_forest,statistics_logsig,25,max_depth=10,0.7506315922942971,0.7245374943184036,0.7124836408025358,0.7541506766309837,0.7705456301303718,0.6076167076167076,0.7954501452081316
scale_only,31,3892276857,random_forest,statistics_rawsig,50,max_depth=10,0.7523606351782125,0.7262252509501316,0.7143278897632309,0.755645324176934,0.7736359246740705,0.61007371007371,0.7949661181026138
scale_only,31,3892276857,random_forest,b3,40,max_depth=6,0.7487459396917701,0.7235001461368155,0.7118441209407461,0.7539083013532619,0.7705456301303718,0.6034398034398034,0.796515004840271
scale_only,31,3892276857,random_forest,b3_logsig,54,max_depth=10,0.7492865806186249,0.730233111939692,0.7161222996507043,0.7556857200565542,0.7673587638821825,0.6297297297297297,0.7936108422071636
scale_only,31,3892276857,random_forest,b3_rawsig,79,max_depth=10,0.7529921831842845,0.7262156886674788,0.7143113311095565,0.7562512623712382,0.7702559150169,0.6076167076167076,0.8007744433688286
scale_only,31,3892276857,random_forest,logsig,14,max_depth=10,0.7376884769127208,0.7150913797330011,0.7036121496673347,0.746233084225409,0.763978754225012,0.5921375921375921,0.7891577928363989
scale_only,31,3892276857,random_forest,rawsig,39,max_depth=6,0.7461707080668848,0.7183530573865363,0.7084159698798564,0.7529388002423753,0.7768227909222598,0.5818181818181818,0.7964181994191675
scale_only,31,3892276857,random_forest,logsig_shuffled,14,max_depth=10,0.7348960638158712,0.7113677460913038,0.6993843724064231,0.7413855786709755,0.7643650410429744,0.5928746928746929,0.776863504356244
scale_only,31,3892276857,random_forest,rawsig_shuffled,39,max_depth=6,0.7379007143674711,0.7103667760058063,0.699755157827796,0.7432437891335084,0.7690004828585224,0.5805896805896806,0.7815101645692158
scale_only,31,3892276857,random_forest,statistics_logsig_shuffled,25,max_depth=10,0.7469556747696718,0.7199336404228748,0.7078777084990125,0.7495051504746516,0.7700627716079189,0.6031941031941032,0.7865440464666021
scale_only,31,3892276857,random_forest,statistics_rawsig_shuffled,50,max_depth=10,0.7476066548433856,0.718040566522133,0.705685694500843,0.7466370430216118,0.7689039111540319,0.6051597051597052,0.7800580832526621
scale_only,31,3892276857,random_forest,b3_logsig_shuffled,54,max_depth=6,0.747510823246431,0.7232983828533491,0.7118099121343687,0.7540294889921229,0.7715113471752777,0.601965601965602,0.7964181994191675
scale_only,31,3892276857,random_forest,b3_rawsig_shuffled,79,max_depth=10,0.7471035137152587,0.723784537564843,0.7107608907720823,0.7515249444556655,0.7650410429744084,0.6142506142506142,0.7920619554695063
scale_only,31,3892276857,logistic,hmm,3,C=0.1,0.7380574571787669,0.7185890154586151,0.7063955698964524,0.7490607957988286,0.7663930468372767,0.5982800982800983,0.7910939012584705
scale_only,31,3892276857,logistic,statistics,11,C=0.01,0.7410201996073195,0.7151838106146041,0.7042143579321793,0.7481720864471824,0.7852245292129406,0.585012285012285,0.7753146176185867
scale_only,31,3892276857,logistic,statistics_logsig,25,C=0.01,0.7470725890460631,0.7308022420209199,0.7180067633587314,0.759280953342759,0.7917914051183004,0.6184275184275184,0.782187802516941
scale_only,31,3892276857,logistic,statistics_rawsig,50,C=1.0,0.7470319074948853,0.7271382112454349,0.7094909896833115,0.7440517067259139,0.774215354901014,0.6604422604422604,0.74675701839303
scale_only,31,3892276857,logistic,b3,40,C=0.01,0.7411327192815023,0.7154630092844302,0.7023370320361001,0.74348616441123,0.7825205214872043,0.6049140049140049,0.7589545014520813
scale_only,31,3892276857,logistic,b3_logsig,54,C=0.01,0.7448111782592961,0.7294155760127791,0.7144924479496032,0.75362553019592,0.7866731047802994,0.6339066339066339,0.7676669893514037
scale_only,31,3892276857,logistic,b3_rawsig,79,C=0.01,0.7478695313785865,0.7227551403803177,0.7050539472802845,0.7403756816804686,0.783293095123129,0.6533169533169533,0.7316553727008712
scale_only,31,3892276857,logistic,logsig,14,C=0.01,0.7365318070602789,0.7155279617152726,0.7098826042688815,0.761745101999596,0.817189763399324,0.5331695331695332,0.7962245885769603
scale_only,31,3892276857,logistic,rawsig,39,C=0.1,0.744666820265913,0.7185360938249091,0.7021114901023907,0.7388810341345183,0.7802993722839208,0.6383292383292384,0.7369796708615682
scale_only,31,3892276857,logistic,logsig_shuffled,14,C=0.01,0.7268580408351933,0.6994042186831749,0.6945832710720646,0.7473237729751565,0.8025108643167552,0.5103194103194103,0.7853823814133591
scale_only,31,3892276857,logistic,rawsig_shuffled,39,C=0.1,0.7319591612593559,0.7088126634335915,0.6926744228516878,0.7293072106645122,0.7694833413809754,0.628009828009828,0.7289448209099709
scale_only,31,3892276857,logistic,statistics_logsig_shuffled,25,C=0.01,0.74475022201722,0.7180535475754147,0.7061143811118679,0.7486568370026258,0.7840656687590536,0.5972972972972973,0.7727976766698935
scale_only,31,3892276857,logistic,statistics_rawsig_shuffled,50,C=1.0,0.7440710449747027,0.7137446677808369,0.6972343627643268,0.7330640274691982,0.7751810719459199,0.6375921375921376,0.728460793804453
scale_only,31,3892276857,logistic,b3_logsig_shuffled,54,C=0.01,0.7414749401154971,0.7177103297333199,0.7043550250471405,0.7451827913552818,0.7841622404635442,0.6093366093366094,0.7596321393998063
scale_only,31,3892276857,logistic,b3_rawsig_shuffled,79,C=0.01,0.7423968953082056,0.7077250327593073,0.6917194042159732,0.728701272470208,0.7794302269435055,0.625061425061425,0.7186834462729913
scale_only,31,3892276857,gbm,hmm,3,max_leaf_nodes=7,0.7384837336346112,0.716779201866633,0.7088257104860519,0.7567360129266815,0.766103331723805,0.558968058968059,0.8252662149080349
scale_only,31,3892276857,gbm,statistics,11,max_leaf_nodes=7,0.741231663927589,0.7130139235230845,0.7014128833832011,0.743768935568572,0.7761467889908257,0.5916461916461917,0.7712487899322362
scale_only,31,3892276857,gbm,statistics_logsig,25,max_leaf_nodes=7,0.7478897947089505,0.7197671673143349,0.7094211151874941,0.7525348414461724,0.7772090777402221,0.5904176904176904,0.791674733785092
scale_only,31,3892276857,gbm,statistics_rawsig,50,max_leaf_nodes=7,0.7484787967418324,0.7177618400708855,0.7072791438180666,0.7502726721874369,0.7769193626267503,0.5894348894348894,0.7869312681510164
scale_only,31,3892276857,gbm,b3,40,max_leaf_nodes=7,0.7406401427230632,0.7172215704884847,0.704539885300087,0.7451827913552818,0.7747947851279575,0.6068796068796068,0.7699903194578896
scale_only,31,3892276857,gbm,b3_logsig,54,max_leaf_nodes=7,0.7448964984220298,0.7277057778563147,0.715246399535709,0.7558876994546556,0.7779816513761468,0.6164619164619165,0.7886737657308809
scale_only,31,3892276857,gbm,b3_rawsig,79,max_leaf_nodes=7,0.7455260667613389,0.721069440339936,0.7090330925897556,0.750434255705918,0.7743119266055046,0.6051597051597052,0.7837366892545983
scale_only,31,3892276857,gbm,logsig,14,max_leaf_nodes=7,0.7413494336009027,0.7173396639135886,0.7076097104893161,0.7514845485760453,0.7775953645581845,0.5825552825552825,0.7918683446272992
scale_only,31,3892276857,gbm,rawsig,39,max_leaf_nodes=7,0.7441301285491893,0.7171801940343497,0.707435053972679,0.7520904867703494,0.7754707870593917,0.5793611793611794,0.7967086156824782
scale_only,31,3892276857,gbm,logsig_shuffled,14,max_leaf_nodes=7,0.7365978508061367,0.7084685555542262,0.6980931545871055,0.7414259745505959,0.7683244809270884,0.5783783783783784,0.778702807357212
scale_only,31,3892276857,gbm,rawsig_shuffled,39,max_leaf_nodes=7,0.7358956245361323,0.7086641167912381,0.6985538439616331,0.742476267420723,0.766103331723805,0.5751842751842752,0.7847047434656341
scale_only,31,3892276857,gbm,statistics_logsig_shuffled,25,max_leaf_nodes=7,0.743952317615442,0.7164462060350191,0.7055027441093031,0.7482528782064229,0.7769193626267503,0.5909090909090909,0.7815101645692158
scale_only,31,3892276857,gbm,statistics_rawsig_shuffled,50,max_leaf_nodes=7,0.7434458365343944,0.7131762035144055,0.7021800662428975,0.744778832559079,0.7751810719459199,0.5884520884520884,0.7758954501452081
scale_only,31,3892276857,gbm,b3_logsig_shuffled,54,max_leaf_nodes=7,0.7406401427230632,0.7172215704884847,0.704539885300087,0.7451827913552818,0.7747947851279575,0.6068796068796068,0.7699903194578896
scale_only,31,3892276857,gbm,b3_rawsig_shuffled,79,max_leaf_nodes=7,0.7412982057423737,0.7164919989483419,0.7037746068242928,0.7444556655221167,0.7746016417189764,0.6061425061425061,0.7687318489835431
scale_only,32,3885075678,random_forest,hmm,3,max_depth=6,0.7163054486564304,0.6876561487313846,0.6903986308277252,0.686083619470814,0.7043804755944931,0.6677231366935896,0.690864833906071
scale_only,32,3885075678,random_forest,statistics,11,max_depth=6,0.7297801583490049,0.7023221484526588,0.7079877908560199,0.705514037568168,0.7065081351689612,0.7290665576116961,0.6713917525773195
scale_only,32,3885075678,random_forest,statistics_logsig,25,max_depth=6,0.7340211561286999,0.7092837229883232,0.7153618742714961,0.7133104423348818,0.7110137672090112,0.7443001738063593,0.6725372279495991
scale_only,32,3885075678,random_forest,statistics_rawsig,50,max_depth=6,0.7331106515867143,0.7114275123766088,0.7171114200249585,0.7142395475661483,0.7102628285356696,0.7367344852264595,0.6872852233676976
scale_only,32,3885075678,random_forest,b3,40,max_depth=6,0.7296896315125846,0.7037589016470903,0.709187618064913,0.7066047263179156,0.7020025031289111,0.7295777527860137,0.679696449026346
scale_only,32,3885075678,random_forest,b3_logsig,54,max_depth=6,0.732188696015326,0.7062222368002358,0.7118187773504411,0.7093920420117148,0.70450563204005,0.7348941825989163,0.6792668957617412
scale_only,32,3885075678,random_forest,b3_rawsig,79,max_depth=6,0.7330024865289481,0.7085532570040423,0.7141979545379092,0.7114926277519693,0.7096370463078848,0.7341785093548717,0.68184421534937
scale_only,32,3885075678,random_forest,logsig,14,max_depth=10,0.7290879237169695,0.7059393008486118,0.7127248098112439,0.7105635225207029,0.6968710888610763,0.7501277987935794,0.6708190148911798
scale_only,32,3885075678,random_forest,rawsig,39,max_depth=6,0.7315585405670824,0.708685349918825,0.7140992390593519,0.7110078771965259,0.7088861076345432,0.7291687966465596,0.6880011454753723
scale_only,32,3885075678,random_forest,logsig_shuffled,14,max_depth=10,0.7242226939329525,0.6986115600470776,0.7041798875100033,0.701878408402343,0.6988735919899874,0.72743073305388,0.6695303550973654
scale_only,32,3885075678,random_forest,rawsig_shuffled,39,max_depth=6,0.723759155531984,0.699169753856611,0.7039155196181239,0.7011512825691779,0.697496871088861,0.7173090686023924,0.6827033218785796
scale_only,32,3885075678,random_forest,statistics_logsig_shuffled,25,max_depth=6,0.7317956869417347,0.7046158074264036,0.7107348456188584,0.7085841244193092,0.7050062578222779,0.7395971782026378,0.6692439862542955
scale_only,32,3885075678,random_forest,statistics_rawsig_shuffled,50,max_depth=6,0.7292218703595718,0.70460275919035,0.7104588684984369,0.7078973944657645,0.6997496871088861,0.7355076168080973,0.6785509736540665
scale_only,32,3885075678,random_forest,b3_logsig_shuffled,54,max_depth=10,0.7296278452790502,0.7022866268664743,0.7077750788385995,0.7049888911331045,0.6988735919899874,0.72743073305388,0.6805555555555556
scale_only,32,3885075678,random_forest,b3_rawsig_shuffled,79,max_depth=4,0.7283000920878941,0.7038339803872972,0.7100960008604237,0.7081801656231065,0.702252816020025,0.7428688273182701,0.6663802978235968
scale_only,32,3885075678,logistic,hmm,3,C=0.01,0.7139001992646977,0.6814534741380621,0.6820834933625538,0.676509796000808,0.6872340425531915,0.6356200797464472,0.7215063001145475
scale_only,32,3885075678,logistic,statistics,11,C=0.1,0.7286210575613609,0.7116944746140647,0.7151487020926334,0.7126641082609574,0.7352941176470589,0.7117881607197628,0.6880011454753723
scale_only,32,3885075678,logistic,statistics_logsig,25,C=0.1,0.7332173748365408,0.7234066874146885,0.7259292464643528,0.7234902039991921,0.7571964956195244,0.7119926387894898,0.7010309278350515
scale_only,32,3885075678,logistic,statistics_rawsig,50,C=1.0,0.7360843326874774,0.722262929774926,0.7257980199011723,0.7227226822864068,0.7396745932415519,0.7200695225437072,0.7070446735395189
scale_only,32,3885075678,logistic,b3,40,C=0.1,0.7264212262648461,0.70148050622871,0.7036689422798065,0.7003837608563926,0.7200250312891114,0.6851037726203865,0.6993127147766323
scale_only,32,3885075678,logistic,b3_logsig,54,C=1.0,0.7282220686488402,0.7061121681915193,0.7081354163454184,0.7049080993738639,0.7309136420525657,0.6865351191084756,0.7008877434135166
scale_only,32,3885075678,logistic,b3_rawsig,79,C=0.1,0.7305780886620497,0.7161494483158192,0.7186068977901588,0.7153706321955161,0.7386733416770964,0.7011553010939576,0.7086197021764032
scale_only,32,3885075678,logistic,logsig,14,C=1.0,0.7254029341310311,0.7180081958698964,0.7143251713348794,0.7120177741870329,0.7919899874843555,0.638380533687762,0.7236540664375716
scale_only,32,3885075678,logistic,rawsig,39,C=0.1,0.733238995472162,0.7183918657618348,0.7220891719581081,0.7190466572409614,0.7409261576971214,0.7160822001840302,0.6981672394043528
scale_only,32,3885075678,logistic,logsig_shuffled,14,C=1.0,0.7212920052609023,0.7086946990906835,0.706072317535175,0.7040193900222177,0.7689612015018773,0.6456395051630712,0.711483390607102
scale_only,32,3885075678,logistic,rawsig_shuffled,39,C=0.1,0.7263418775962981,0.7056464590007788,0.7098467287321992,0.7074126439103211,0.7195244055068836,0.7162866782537572,0.6811282932416953
scale_only,32,3885075678,logistic,statistics_logsig_shuffled,25,C=0.1,0.7298728534972373,0.7191091175350172,0.7219251817694653,0.7196525954352656,0.7505632040050063,0.7126060729986708,0.6941580756013745
scale_only,32,3885075678,logistic,statistics_rawsig_shuffled,50,C=1.0,0.7323150861228527,0.7169010165117266,0.7208909314829458,0.7181579478893153,0.7319148936170212,0.722625498415295,0.6961626575028637
scale_only,32,3885075678,logistic,b3_logsig_shuffled,54,C=1.0,0.7264760285777186,0.6974827584573999,0.6997806739399323,0.696384568773985,0.7153942428035044,0.6813209283304366,0.6957331042382588
scale_only,32,3885075678,logistic,b3_rawsig_shuffled,79,C=0.01,0.7276247724180255,0.7094671646323141,0.7122917538462508,0.709553625530196,0.7375469336670839,0.7001329107453226,0.6907216494845361
scale_only,32,3885075678,gbm,hmm,3,max_leaf_nodes=7,0.7162337389523413,0.6872378114010719,0.6895276278234697,0.6851141183599273,0.7060075093867334,0.6616910336366425,0.6940148911798396
scale_only,32,3885075678,gbm,statistics,11,max_leaf_nodes=7,0.7188229530560634,0.6933281338791127,0.6971470527616761,0.6935972530801858,0.7120150187734668,0.6889888559451999,0.6789805269186713
scale_only,32,3885075678,gbm,statistics_logsig,25,max_leaf_nodes=7,0.7292894971407394,0.7135444683134597,0.716944896223016,0.7138355887699455,0.7292866082603254,0.7104590532665371,0.7008877434135166
scale_only,32,3885075678,gbm,statistics_rawsig,50,max_leaf_nodes=7,0.7295691373429674,0.7164635215713462,0.7197616333595068,0.7165017168248838,0.7315394242803505,0.7113792045803088,0.7064719358533792
scale_only,32,3885075678,gbm,b3,40,max_leaf_nodes=7,0.7212537296286166,0.6941505037832826,0.6971751216682661,0.6933952736820844,0.7041301627033792,0.6838769042020243,0.6944444444444444
scale_only,32,3885075678,gbm,b3_logsig,54,max_leaf_nodes=7,0.7234383998819894,0.7022514443172124,0.7056003786387525,0.7021611795596849,0.7118898623279099,0.6979858910131889,0.6968785796105383
scale_only,32,3885075678,gbm,b3_rawsig,79,max_leaf_nodes=7,0.7257467279691774,0.7038714660363489,0.7072414036728634,0.7038174106241163,0.7115143929912391,0.7006441059196401,0.6994558991981672
scale_only,32,3885075678,gbm,logsig,14,max_leaf_nodes=7,0.7312930380886041,0.7140046952684885,0.717768949025228,0.7142799434457685,0.7235294117647059,0.713015029138125,0.7054696449026346
scale_only,32,3885075678,gbm,rawsig,39,max_leaf_nodes=7,0.7288614575237119,0.7155096029190519,0.719393154983523,0.7158553827509594,0.723279098873592,0.7157754830794397,0.7074742268041238
scale_only,32,3885075678,gbm,logsig_shuffled,14,max_leaf_nodes=7,0.7218986776907416,0.7002816130895736,0.7043127288495018,0.7014340537265199,0.7037546933667084,0.7092321848481751,0.6878579610538373
scale_only,32,3885075678,gbm,rawsig_shuffled,39,max_leaf_nodes=7,0.7226566714670047,0.6976989624568887,0.7018051030199882,0.6988891133104423,0.7028785982478097,0.7063694918719967,0.6838487972508591
scale_only,32,3885075678,gbm,statistics_logsig_shuffled,25,max_leaf_nodes=7,0.7218375863652179,0.7019223831330667,0.7054896072787392,0.7018380125227227,0.7178973717146433,0.695429915141601,0.6924398625429553
scale_only,32,3885075678,gbm,statistics_rawsig_shuffled,50,max_leaf_nodes=7,0.7233321424022091,0.7025923020600459,0.7062274437197047,0.7028075136336094,0.7192740926157697,0.6984970861875064,0.6900057273768614
scale_only,32,3885075678,gbm,b3_logsig_shuffled,54,max_leaf_nodes=7,0.7214502373716888,0.6938914318646603,0.6969302697470021,0.6931528984043628,0.7041301627033792,0.6836724261322973,0.6938717067583047
scale_only,32,3885075678,gbm,b3_rawsig_shuffled,79,max_leaf_nodes=7,0.7196628288435892,0.698640496509476,0.7017109395131683,0.6982023833568975,0.7058823529411765,0.6921582660259687,0.6978808705612829
scale_only,33,2402062183,random_forest,hmm,3,max_depth=6,0.7422139198714377,0.7115674225000079,0.7128851482846432,0.7048273076146233,0.7726857490864799,0.6898402098735988,0.6721763085399449
scale_only,33,2402062183,random_forest,statistics,11,max_depth=4,0.7455245961503532,0.7210927521155769,0.7230009815049239,0.715653403352858,0.7643118148599269,0.7175053660863344,0.6814610754004693
scale_only,33,2402062183,random_forest,statistics_logsig,25,max_depth=10,0.7498418313222799,0.728601990747205,0.7297463103030765,0.7241365380731165,0.7790803897685749,0.691390412592416,0.7153351698806244
scale_only,33,2402062183,random_forest,statistics_rawsig,50,max_depth=10,0.7532418417240634,0.7298923942567005,0.7302253756423719,0.7255503938598263,0.7838002436053593,0.6826854280944431,0.723191511070299
scale_only,33,2402062183,random_forest,b3,40,max_depth=10,0.7479011934426728,0.7279264247276189,0.7291704612117043,0.7239345586750151,0.7774056029232643,0.684712616265204,0.7216610549943884
scale_only,33,2402062183,random_forest,b3_logsig,54,max_depth=10,0.7515543576305811,0.7268047286190393,0.7281027154034708,0.7230862452029893,0.77557856272838,0.6804197471977105,0.7244158759310274
scale_only,33,2402062183,random_forest,b3_rawsig,79,max_depth=10,0.7533906559853261,0.7305216368421131,0.731234016638628,0.726519894970713,0.7830389768574909,0.6805389935606964,0.7279869401081522
scale_only,33,2402062183,random_forest,logsig,14,max_depth=10,0.7410128888785298,0.7176626918401735,0.7199163084906856,0.7133912340941224,0.7658343483556638,0.6823276890054853,0.7048260381593715
scale_only,33,2402062183,random_forest,rawsig,39,max_depth=10,0.7499040909040673,0.7284251763827267,0.7280245651520811,0.7233690163603312,0.7904993909866017,0.6750536608633436,0.7197224772982349
scale_only,33,2402062183,random_forest,logsig_shuffled,14,max_depth=10,0.743772926497304,0.7181406234610638,0.7198348111375962,0.7135124217329832,0.7667478684531059,0.68805151442881,0.6996224875012754
scale_only,33,2402062183,random_forest,rawsig_shuffled,39,max_depth=6,0.7458892426217162,0.720162994472538,0.7218690854297615,0.7152494445566552,0.7638550548112059,0.7062962079656571,0.6903377206407509
scale_only,33,2402062183,random_forest,statistics_logsig_shuffled,25,max_depth=6,0.7480311460675292,0.7257118598697804,0.727678363250173,0.7207432841850131,0.7658343483556638,0.7209635106129263,0.6903377206407509
scale_only,33,2402062183,random_forest,statistics_rawsig_shuffled,50,max_depth=6,0.7494188530365878,0.724963952288984,0.726837553212971,0.7197333871945062,0.7661388550548112,0.7223944669687574,0.6863585348433834
scale_only,33,2402062183,random_forest,b3_logsig_shuffled,54,max_depth=10,0.7499659177280394,0.7282281490238312,0.7295279711967745,0.7242577257119773,0.7771010962241169,0.6860243262580491,0.7215590245893276
scale_only,33,2402062183,random_forest,b3_rawsig_shuffled,79,max_depth=10,0.7501974402979427,0.725418373422365,0.7267790130135229,0.7213896182589375,0.7749695493300852,0.6826854280944431,0.7186001428425671
scale_only,33,2402062183,logistic,hmm,3,C=0.1,0.7411042468690928,0.7112396134967501,0.7121889340069151,0.7042617652999394,0.7766443361753959,0.6838778917243024,0.673196612590552
scale_only,33,2402062183,logistic,statistics,11,C=0.1,0.7432256995906371,0.7168934229293048,0.7136767444329989,0.7050292870127247,0.8067904993909866,0.7190555688051514,0.6248342005917763
scale_only,33,2402062183,logistic,statistics_logsig,25,C=0.01,0.747239414528076,0.7157242567625411,0.7108766544480583,0.7030902847909514,0.8256699147381242,0.6855473408061055,0.6359555147433935
scale_only,33,2402062183,logistic,statistics_rawsig,50,C=0.1,0.7527444847626265,0.7237704285707247,0.721487213855679,0.7137547970107049,0.8045066991473813,0.7145242070116862,0.6522803795531068
scale_only,33,2402062183,logistic,b3,40,C=0.1,0.7354224992022006,0.6930505957235336,0.6910239225518938,0.6825287820642294,0.7933922046285018,0.6478654901025519,0.637894092439547
scale_only,33,2402062183,logistic,b3_logsig,54,C=0.01,0.7390330349587306,0.6972287116332815,0.6927834010264897,0.6855584730357503,0.8144031668696712,0.6336751729072263,0.6436077951229466
scale_only,33,2402062183,logistic,b3_rawsig,79,C=1.0,0.7478746896983455,0.7034932309273995,0.7019422396160433,0.6942839830337305,0.7950669914738124,0.6553780109706654,0.6600346903377207
scale_only,33,2402062183,logistic,logsig,14,C=0.1,0.7458043373464439,0.7185621659663785,0.7120566624751339,0.7071298727529792,0.8369366626065774,0.6481039828285238,0.6706458524640343
scale_only,33,2402062183,logistic,rawsig,39,C=1.0,0.7526559463603378,0.7221779502236725,0.7204186095910647,0.7125025247424762,0.7967417783191231,0.7210827569759123,0.6487093153759821
scale_only,33,2402062183,logistic,logsig_shuffled,14,C=1.0,0.7357091969106921,0.7128583152249296,0.7072581935913882,0.7022015754393052,0.8183617539585871,0.6582399236823276,0.6619732680338741
scale_only,33,2402062183,logistic,rawsig_shuffled,39,C=1.0,0.7419873283972684,0.7171976588909907,0.7158787187197189,0.7078569985861443,0.7825822168087698,0.7312186978297162,0.6377920620344862
scale_only,33,2402062183,logistic,statistics_logsig_shuffled,25,C=0.01,0.7461912203826567,0.7137217179539713,0.7092143002796427,0.7013532619672793,0.8166869671132765,0.6948485571190078,0.6296296296296297
scale_only,33,2402062183,logistic,statistics_rawsig_shuffled,50,C=1.0,0.7483998952587423,0.7216641969698775,0.7205053601426988,0.7117753989093113,0.792783191230207,0.7321726687336036,0.6400367309458218
scale_only,33,2402062183,logistic,b3_logsig_shuffled,54,C=0.01,0.7358994474006804,0.6933644024321288,0.6897485160719873,0.6817208644718239,0.8058769792935444,0.6399952301454805,0.6342209978573615
scale_only,33,2402062183,logistic,b3_rawsig_shuffled,79,C=1.0,0.7401166726639907,0.7012899770353508,0.7002042756973594,0.6919006261361341,0.7900426309378806,0.662771285475793,0.6510560146923783
scale_only,33,2402062183,gbm,hmm,3,max_leaf_nodes=7,0.7424051790771208,0.712147324638159,0.7134926485344008,0.7057160169662694,0.7732947624847747,0.6849511089911757,0.6781961024385267
scale_only,33,2402062183,gbm,statistics,11,max_leaf_nodes=7,0.7419523243340839,0.7138609777133675,0.7143931828409431,0.7074126439103211,0.7830389768574909,0.6686143572621035,0.6899295990205081
scale_only,33,2402062183,gbm,statistics_logsig,25,max_leaf_nodes=7,0.7493477437124884,0.7193261960581557,0.7198435080761766,0.7147242981215916,0.779993909866017,0.6612210827569759,0.7167635955514743
scale_only,33,2402062183,gbm,statistics_rawsig,50,max_leaf_nodes=7,0.7506185097120127,0.7192711350021476,0.7200427631915195,0.7150474651585538,0.7781668696711328,0.6585976627712855,0.7210488725640241
scale_only,33,2402062183,gbm,b3,40,max_leaf_nodes=7,0.7426497116444915,0.709433213733197,0.7098960187869743,0.7038174106241163,0.7758830694275274,0.6558549964226091,0.6965615753494542
scale_only,33,2402062183,gbm,b3_logsig,54,max_leaf_nodes=7,0.7487335568714252,0.7124415100145057,0.7126897258353818,0.7070490809937386,0.7793848964677222,0.6538278082518483,0.7041118253239466
scale_only,33,2402062183,gbm,b3_rawsig,79,max_leaf_nodes=7,0.748233074509387,0.715624199214294,0.7160934815912521,0.7105635225207029,0.7793848964677222,0.6584784164082995,0.7090092847668605
scale_only,33,2402062183,gbm,logsig,14,max_leaf_nodes=7,0.7475638441199456,0.7236812717196669,0.7240569374747577,0.7183599272874167,0.7845615103532277,0.6776770808490341,0.7088052239567391
scale_only,33,2402062183,gbm,rawsig,39,max_leaf_nodes=7,0.7504885409044383,0.7258702516434976,0.7255475656487554,0.7207836800646334,0.790347137637028,0.6675411399952301,0.7197224772982349
scale_only,33,2402062183,gbm,logsig_shuffled,14,max_leaf_nodes=7,0.745222046056111,0.7224569610511361,0.7236002824194173,0.7178751767319733,0.7684226552984166,0.6975912234676842,0.7013570043873074
scale_only,33,2402062183,gbm,rawsig_shuffled,39,max_leaf_nodes=7,0.7464637593087483,0.7219300148487376,0.7229479742631536,0.7172288426580489,0.7684226552984166,0.6979489625566421,0.699418426691154
scale_only,33,2402062183,gbm,statistics_logsig_shuffled,25,max_leaf_nodes=7,0.7443229043286569,0.714665988734827,0.7156344136997378,0.708988083215512,0.7772533495736906,0.6709992845218221,0.6957453321089685
scale_only,33,2402062183,gbm,statistics_rawsig_shuffled,50,max_leaf_nodes=7,0.7450348585976735,0.7149889805182856,0.7158537955352097,0.7094728337709554,0.7769488428745432,0.6699260672549487,0.6980920314253648
scale_only,33,2402062183,gbm,b3_logsig_shuffled,54,max_leaf_nodes=7,0.7426497116444915,0.709433213733197,0.7098960187869743,0.7038174106241163,0.7758830694275274,0.6558549964226091,0.6965615753494542
scale_only,33,2402062183,gbm,b3_rawsig_shuffled,79,max_leaf_nodes=15,0.7418057796075006,0.7017261353067624,0.7011889348761223,0.6965461522924662,0.7781668696711328,0.6176961602671118,0.7093153759820426
scale_only,34,3906362348,random_forest,hmm,3,max_depth=10,0.7462364126334307,0.7334363275789527,0.7334102852965927,0.7242577257119773,0.8000631213507969,0.7111989459815546,0.6890469154045068
scale_only,34,3906362348,random_forest,statistics,11,max_depth=6,0.7460253182848389,0.7517369517161385,0.7493275575180868,0.7385174712179358,0.7991163010888434,0.7870882740447958,0.6690062800147765
scale_only,34,3906362348,random_forest,statistics_logsig,25,max_depth=10,0.7513290244270987,0.7506309481793908,0.749682861007171,0.7419107251060392,0.8024301720056809,0.7454545454545455,0.704008127077946
scale_only,34,3906362348,random_forest,statistics_rawsig,50,max_depth=6,0.752803912094774,0.75189744855787,0.7500969851517646,0.7390830135326196,0.7970648571879438,0.7872200263504612,0.671407462135205
scale_only,34,3906362348,random_forest,b3,40,max_depth=10,0.7458832368838473,0.7537963533200216,0.7532090594956923,0.7461522924661684,0.8052706327915418,0.7408432147562583,0.7152752124122645
scale_only,34,3906362348,random_forest,b3_logsig,54,max_depth=10,0.7481806457969021,0.7522578562604177,0.7517184031551007,0.7440517067259139,0.80306138551365,0.744532279314888,0.7091799039527151
scale_only,34,3906362348,random_forest,b3_rawsig,79,max_depth=4,0.750497201028757,0.7513232327861838,0.7487476036480823,0.7373863865885679,0.7953290200410289,0.7968379446640316,0.661802733653491
scale_only,34,3906362348,random_forest,logsig,14,max_depth=10,0.7501683537304226,0.7510098408991036,0.7509946967707473,0.7412239951524945,0.791857345747199,0.7691699604743083,0.6920022164758035
scale_only,34,3906362348,random_forest,rawsig,39,max_depth=6,0.7525397857195845,0.7502700939461371,0.7484419247464795,0.7371844071904665,0.7992741044658356,0.7823451910408432,0.6691909863317326
scale_only,34,3906362348,random_forest,logsig_shuffled,14,max_depth=10,0.7425545297935666,0.7453586713148154,0.7433682409606979,0.732458089274894,0.7912261322392299,0.780368906455863,0.6644809752493536
scale_only,34,3906362348,random_forest,rawsig_shuffled,39,max_depth=4,0.742727814417043,0.7424158298841541,0.7385536305220892,0.7259947485356494,0.7921729525011836,0.7989459815546772,0.6361285555966014
scale_only,34,3906362348,random_forest,statistics_logsig_shuffled,25,max_depth=6,0.7464131592384139,0.7521681039354181,0.7495243754127957,0.7386790547364169,0.7956446267950135,0.7949934123847168,0.6658662726265239
scale_only,34,3906362348,random_forest,statistics_rawsig_shuffled,50,max_depth=6,0.7463315110965713,0.750430270856462,0.7481135945033993,0.7371844071904665,0.793593182894114,0.7918313570487484,0.6658662726265239
scale_only,34,3906362348,random_forest,b3_logsig_shuffled,54,max_depth=10,0.7459170874458984,0.7540879049347202,0.753510272746206,0.7465562512623712,0.8025879753826732,0.7444005270092227,0.7152752124122645
scale_only,34,3906362348,random_forest,b3_rawsig_shuffled,79,max_depth=10,0.7467683578785907,0.7499460062551605,0.7494189191776371,0.7420723086245203,0.7984850875808742,0.7428194993412385,0.708533431843369
scale_only,34,3906362348,logistic,hmm,3,C=0.01,0.7476570632488029,0.7322450567553226,0.7315835122432336,0.7218339729347607,0.8019567618747041,0.7151515151515152,0.6796268932397488
scale_only,34,3906362348,logistic,statistics,11,C=1.0,0.7438542757059553,0.7364509105425517,0.7317598288318866,0.723328620480711,0.8254694650465519,0.7133069828722003,0.6705762837089029
scale_only,34,3906362348,logistic,statistics_logsig,25,C=1.0,0.7552479345596336,0.7404712952258041,0.7365283930500738,0.726964249646536,0.820735363736784,0.7324110671936759,0.6682674547469524
scale_only,34,3906362348,logistic,statistics_rawsig,50,C=1.0,0.7588148565766382,0.7516459798712241,0.7491735464793629,0.7392445970511008,0.8122139813792015,0.7624505928853755,0.680273365349095
scale_only,34,3906362348,logistic,b3,40,C=1.0,0.737703834320755,0.7314855719091131,0.7279259710211878,0.7189254696021006,0.8229446110146758,0.7006587615283267,0.6708533431843369
scale_only,34,3906362348,logistic,b3_logsig,54,C=0.1,0.7464205108888646,0.7330158232747284,0.7291712333846405,0.7199353665926076,0.8253116616695597,0.7050065876152832,0.6687292205393425
scale_only,34,3906362348,logistic,b3_rawsig,79,C=1.0,0.7521722956532796,0.7429589949106431,0.7407801487997139,0.7314885881640073,0.814265425280101,0.7317523056653491,0.6828592537864795
scale_only,34,3906362348,logistic,logsig,14,C=1.0,0.7538199177626642,0.7394647236006394,0.7334393308593882,0.7290244395071702,0.84551049392457,0.6722002635046114,0.7006834133727373
scale_only,34,3906362348,logistic,rawsig,39,C=1.0,0.755826091381886,0.7518323124617874,0.749248012853613,0.738840638254898,0.8133186050181473,0.7658761528326745,0.6763021795345401
scale_only,34,3906362348,logistic,logsig_shuffled,14,C=1.0,0.7405462393219908,0.734274072023517,0.7278597742986014,0.7241365380731165,0.8341486507811268,0.6732542819499341,0.6954192833394902
scale_only,34,3906362348,logistic,rawsig_shuffled,39,C=1.0,0.7469052393651591,0.7472051003678141,0.7447221327663613,0.7348010502928701,0.8016411551207195,0.7665349143610013,0.6734392316217215
scale_only,34,3906362348,logistic,statistics_logsig_shuffled,25,C=1.0,0.7471616479451558,0.7406377051252693,0.736224087880402,0.7271662290446375,0.8221555941297144,0.730566534914361,0.6691909863317326
scale_only,34,3906362348,logistic,statistics_rawsig_shuffled,50,C=1.0,0.7536242855686871,0.7485659235159347,0.7460793600909925,0.7366996566350232,0.8079532902004103,0.7569169960474308,0.6808274842999631
scale_only,34,3906362348,logistic,b3_logsig_shuffled,54,C=1.0,0.7376362783742918,0.7306856686134254,0.7269149964631155,0.7180367602504545,0.823102414391668,0.6992094861660079,0.6697451052826007
scale_only,34,3906362348,logistic,b3_rawsig_shuffled,79,C=1.0,0.7451946745691247,0.7410951405111778,0.7385709351498582,0.7290244395071702,0.8123717847561938,0.7345191040843215,0.6763945326930181
scale_only,34,3906362348,gbm,hmm,3,max_leaf_nodes=7,0.7478429962036596,0.7336101722008476,0.7334028354053149,0.7238537669157746,0.7997475145968124,0.7164690382081687,0.6846139637975619
scale_only,34,3906362348,gbm,statistics,11,max_leaf_nodes=7,0.7378636295683864,0.7380487776249791,0.7364693988356003,0.7289032518683094,0.800694334858766,0.7210803689064559,0.6923716291097155
scale_only,34,3906362348,gbm,statistics_logsig,25,max_leaf_nodes=7,0.7450615032031834,0.7433291636342297,0.7422261414407672,0.7343162997374267,0.8016411551207195,0.7313570487483531,0.6969892870336165
scale_only,34,3906362348,gbm,statistics_rawsig,50,max_leaf_nodes=7,0.744924372869339,0.7476321959973596,0.7469972650950657,0.7394869723288224,0.8032191888906423,0.7328063241106719,0.7068710749907647
scale_only,34,3906362348,gbm,b3,40,max_leaf_nodes=7,0.7374889614949273,0.7372556068928362,0.7366339979514352,0.7301959200161584,0.8027457787596655,0.700395256916996,0.708625785001847
scale_only,34,3906362348,gbm,b3_logsig,54,max_leaf_nodes=7,0.7416440404505603,0.7393919860025912,0.739588601776009,0.7332256109876792,0.8065330598074799,0.6934123847167325,0.7182305134835612
scale_only,34,3906362348,gbm,b3_rawsig,79,max_leaf_nodes=7,0.7421606400021664,0.7388381589507933,0.7381526629335576,0.731448192284387,0.8074798800694335,0.7001317523056654,0.7089028444772811
scale_only,34,3906362348,gbm,logsig,14,max_leaf_nodes=7,0.7515066609783707,0.7504795367536642,0.7488833893502483,0.7387598464956574,0.8032191888906423,0.7669301712779973,0.6812892500923532
scale_only,34,3906362348,gbm,rawsig,39,max_leaf_nodes=7,0.7440923310577187,0.7505834930579539,0.748806043945922,0.7392445970511008,0.8093735205933407,0.7557312252964427,0.6866457332840783
scale_only,34,3906362348,gbm,logsig_shuffled,14,max_leaf_nodes=7,0.7396278855006232,0.7426394402733525,0.7407498121298094,0.7301151282569178,0.7940665930250908,0.7670619235836628,0.6667898042113041
scale_only,34,3906362348,gbm,rawsig_shuffled,39,max_leaf_nodes=7,0.738467133142919,0.7436652131656194,0.7412238446139255,0.7306806705716017,0.7953290200410289,0.7712779973649538,0.6643886220908755
scale_only,34,3906362348,gbm,statistics_logsig_shuffled,25,max_leaf_nodes=7,0.7401191103472872,0.740314411400071,0.7391278222681773,0.7318117552009695,0.7984850875808742,0.7246376811594203,0.6978204654599187
scale_only,34,3906362348,gbm,statistics_rawsig_shuffled,50,max_leaf_nodes=7,0.7405085664216147,0.7429863013503519,0.7418563434230908,0.7348414461724904,0.7991163010888434,0.7274044795783926,0.7024381233838197
scale_only,34,3906362348,gbm,b3_logsig_shuffled,54,max_leaf_nodes=7,0.7374889614949273,0.7372556068928362,0.7366339979514352,0.7301959200161584,0.8027457787596655,0.700395256916996,0.708625785001847
scale_only,34,3906362348,gbm,b3_rawsig_shuffled,79,max_leaf_nodes=7,0.7364265619860991,0.7365268850965158,0.7361193056968754,0.729428398303373,0.8013255483667351,0.7009222661396575,0.7073328407831548
scale_only,35,1659033537,random_forest,hmm,3,max_depth=6,0.7329639018567766,0.7238624122092935,0.7284356339895846,0.7257523732579277,0.7197264315408342,0.7105985722130698,0.7412622328739764
scale_only,35,1659033537,random_forest,statistics,11,max_depth=6,0.7491549110956077,0.7280746413003,0.729843999350877,0.7260351444152696,0.741853292208663,0.7336628226249313,0.7087078090673058
scale_only,35,1659033537,random_forest,statistics_logsig,25,max_depth=10,0.7556119120188466,0.7329629212307971,0.7356589860586821,0.7329428398303373,0.7425238031379912,0.7241900054914882,0.732174955062912
scale_only,35,1659033537,random_forest,statistics_rawsig,50,max_depth=6,0.7601110179240625,0.7437091954446263,0.7462586178771478,0.743768935568572,0.7435966206249162,0.743272926963207,0.7442580387457559
scale_only,35,1659033537,random_forest,b3,40,max_depth=10,0.7534005150896436,0.7274519062621727,0.7302725263737115,0.7287416683498283,0.742926109695588,0.7012630422844591,0.738166566806471
scale_only,35,1659033537,random_forest,b3_logsig,54,max_depth=10,0.754276938118502,0.7333410286620822,0.7360315128884408,0.7337911533023631,0.7468150730856913,0.7166392092257001,0.7365688036748552
scale_only,35,1659033537,random_forest,b3_rawsig,79,max_depth=10,0.7583773310541074,0.7370486385589515,0.7397002162711126,0.7373863865885679,0.7488266058736758,0.7229544206479956,0.7393648891551827
scale_only,35,1659033537,random_forest,logsig,14,max_depth=10,0.7453782614175913,0.7386702799988681,0.7416185178031368,0.73912340941224,0.7358186938447097,0.7372322899505767,0.7429598562013181
scale_only,35,1659033537,random_forest,rawsig,39,max_depth=6,0.7554591716656339,0.7480236634198079,0.7503873341685002,0.7478893152898405,0.7488266058736758,0.7484898407468424,0.7467545436389055
scale_only,35,1659033537,random_forest,logsig_shuffled,14,max_depth=10,0.7437656910077308,0.7395170375278872,0.7419981574288298,0.7395273682084428,0.7339412632425909,0.7446457990115322,0.7399640503295386
scale_only,35,1659033537,random_forest,rawsig_shuffled,39,max_depth=6,0.7481379428768812,0.7414766023906528,0.7438376612743842,0.7416683498283175,0.7407804747217379,0.7403898956617243,0.7432594367884962
scale_only,35,1659033537,random_forest,statistics_logsig_shuffled,25,max_depth=10,0.7541427491740841,0.7312358477248981,0.7338713462591208,0.7318925469602101,0.7410486790934693,0.7160900604063701,0.7365688036748552
scale_only,35,1659033537,random_forest,statistics_rawsig_shuffled,50,max_depth=10,0.7550442062239591,0.7338406005697959,0.7363237734986106,0.7348010502928701,0.7462786643422288,0.7134816035145525,0.7417615338526063
scale_only,35,1659033537,random_forest,b3_logsig_shuffled,54,max_depth=10,0.7535872387512654,0.7304255652082139,0.7332811624235145,0.7317309634417289,0.7430602118814537,0.7067545304777595,0.7414619532654284
scale_only,35,1659033537,random_forest,b3_rawsig_shuffled,79,max_depth=10,0.7536940041735685,0.72987609714461,0.7326558981628204,0.7311250252474247,0.7446694381118413,0.7046952224052718,0.7402636309167165
scale_only,35,1659033537,logistic,hmm,3,C=1.0,0.7327067906138494,0.7231330459765819,0.7285178792068386,0.7266814784891941,0.7131554244334183,0.7003020318506316,0.755941681645696
scale_only,35,1659033537,logistic,statistics,11,C=1.0,0.7434328826279738,0.7225715803320106,0.7247325787610327,0.7214300141385579,0.7370256135175003,0.7193849533223503,0.7113041741561813
scale_only,35,1659033537,logistic,statistics_logsig,25,C=1.0,0.7499923058741892,0.7289118731255512,0.7312987659101379,0.728256917794385,0.7460104599704975,0.7188358045030203,0.7218893549031357
scale_only,35,1659033537,logistic,statistics_rawsig,50,C=0.01,0.7560025649168894,0.7363084125128476,0.7382567901827101,0.7356089678852757,0.7566045326538823,0.7236408566721582,0.7286798482125025
scale_only,35,1659033537,logistic,b3,40,C=0.01,0.7472984079592301,0.7205581679544336,0.7228005497040652,0.7211068471015957,0.74654686871396,0.6912410763316859,0.7238865588176553
scale_only,35,1659033537,logistic,b3_logsig,54,C=0.01,0.7486616893720329,0.7291810047959467,0.7314352105821315,0.7297515653403353,0.7572750435832104,0.6976935749588138,0.7325743958458159
scale_only,35,1659033537,logistic,b3_rawsig,79,C=0.01,0.7532996833707499,0.731597705081025,0.7339659818421711,0.7320137345990709,0.7536542845648384,0.707166392092257,0.7339724385859796
scale_only,35,1659033537,logistic,logsig,14,C=0.01,0.7433811743766192,0.738977532383753,0.73982956319069,0.7422742880226217,0.7980421080863618,0.6537616694124108,0.7651288196524865
scale_only,35,1659033537,logistic,rawsig,39,C=0.01,0.7562437182767145,0.7493158941615713,0.750733151861128,0.7484144617249041,0.7631755397612981,0.7445085118066996,0.7402636309167165
scale_only,35,1659033537,logistic,logsig_shuffled,14,C=0.01,0.742073189004086,0.7333661442216558,0.7347025370898267,0.736659260755403,0.7726967949577578,0.6666666666666666,0.7607349710405432
scale_only,35,1659033537,logistic,rawsig_shuffled,39,C=0.1,0.747338072564097,0.7448307369513673,0.7466483926771414,0.7442940820036357,0.7401099637924098,0.7541186161449753,0.7402636309167165
scale_only,35,1659033537,logistic,statistics_logsig_shuffled,25,C=1.0,0.7471052912822538,0.7255131238953493,0.7276949440957577,0.7246212886285599,0.7370256135175003,0.7228171334431631,0.7166966247253844
scale_only,35,1659033537,logistic,statistics_rawsig_shuffled,50,C=1.0,0.7531480066558996,0.7331848295533909,0.7359724363383701,0.7333467986265401,0.7344776719860534,0.7305052169137837,0.7345715997603355
scale_only,35,1659033537,logistic,b3_logsig_shuffled,54,C=0.01,0.7476295651900425,0.7209758675330752,0.7231868133235148,0.7212684306200767,0.7484242993160789,0.692613948380011,0.7218893549031357
scale_only,35,1659033537,logistic,b3_rawsig_shuffled,79,C=0.01,0.7495061715435366,0.7266215813838411,0.7288562455377806,0.726519894970713,0.7473514818291538,0.7081274025260845,0.7243858597962852
scale_only,35,1659033537,gbm,hmm,3,max_leaf_nodes=7,0.7322721213925153,0.7245001201653126,0.7290796382037784,0.7268026661280549,0.720128738098431,0.7077155409115871,0.7456560814859197
scale_only,35,1659033537,gbm,statistics,11,max_leaf_nodes=7,0.7432523193888564,0.7169204639605103,0.7190653992405687,0.7171480508988083,0.735684591658844,0.6972817133443163,0.7177950868783702
scale_only,35,1659033537,gbm,statistics_logsig,25,max_leaf_nodes=7,0.7472355971685986,0.7247587693661576,0.7273276652429151,0.7260351444152696,0.7446694381118413,0.6945359692476661,0.7350709007389654
scale_only,35,1659033537,gbm,statistics_rawsig,50,max_leaf_nodes=7,0.7504399493638813,0.7272799964618996,0.7297997445513307,0.7279741466370431,0.7430602118814537,0.7062053816584294,0.7325743958458159
scale_only,35,1659033537,gbm,b3,40,max_leaf_nodes=7,0.7407243388922704,0.7150188022241853,0.71836716601706,0.7172288426580489,0.7368915113316347,0.6744920373421197,0.7336728579988017
scale_only,35,1659033537,gbm,b3_logsig,54,max_leaf_nodes=7,0.7451128877900436,0.7194911621598082,0.723013744302149,0.7218339729347607,0.7442671315542443,0.6750411861614497,0.7391651687637307
scale_only,35,1659033537,gbm,b3_rawsig,79,max_leaf_nodes=7,0.7438590477984569,0.7172662103848143,0.7208004115622769,0.7196121995556454,0.7389030441196192,0.6757276221856123,0.7371679648492111
scale_only,35,1659033537,gbm,logsig,14,max_leaf_nodes=7,0.7513169569934558,0.7431789126885558,0.7459826540298833,0.7442940820036357,0.7517768539627195,0.7250137287204832,0.7527461553824646
scale_only,35,1659033537,gbm,rawsig,39,max_leaf_nodes=7,0.7509167518297186,0.7443185680454635,0.7469506549012661,0.7453443748737629,0.7533860801931072,0.7265238879736409,0.7530457359696425
scale_only,35,1659033537,gbm,logsig_shuffled,14,max_leaf_nodes=7,0.7494343213259609,0.7414452326981245,0.743797716369318,0.7419511209856595,0.7426579053238568,0.735722130697419,0.7459556620730977
scale_only,35,1659033537,gbm,rawsig_shuffled,39,max_leaf_nodes=7,0.7482587312219352,0.7415231718434647,0.7440115924311801,0.742314683902242,0.7438648249966474,0.7321526633717738,0.7485520271619732
scale_only,35,1659033537,gbm,statistics_logsig_shuffled,25,max_leaf_nodes=7,0.7431844681083298,0.7209519279777328,0.7233632927293705,0.7219551605736215,0.7378302266326942,0.6960461285008237,0.7289794287996805
scale_only,35,1659033537,gbm,statistics_rawsig_shuffled,50,max_leaf_nodes=7,0.7451794844860508,0.7216351208833607,0.7238536674435849,0.7222379317309634,0.7376961244468285,0.7011257550796266,0.7260834831236269
scale_only,35,1659033537,gbm,b3_logsig_shuffled,54,max_leaf_nodes=7,0.7411663100704843,0.7151757839801268,0.7184640655946789,0.7172692385376691,0.7370256135175003,0.6757276221856123,0.7327741162372678
scale_only,35,1659033537,gbm,b3_rawsig_shuffled,79,max_leaf_nodes=7,0.7420467708984532,0.7121274322687392,0.7156769088887573,0.7144415269642497,0.7363551025881722,0.6684514003294892,0.731575793888556
scale_only,36,1175426631,random_forest,hmm,3,max_depth=10,0.7086962911925433,0.7184003380031668,0.721100415766724,0.7217531811755201,0.7904305152799465,0.6631796461319902,0.701590852597564
scale_only,36,1175426631,random_forest,statistics,11,max_depth=4,0.7141687131362549,0.7253975751289977,0.7277987104416027,0.7290244395071702,0.8129600713807718,0.6949502776701537,0.6682823763360676
scale_only,36,1175426631,random_forest,statistics_logsig,25,max_depth=6,0.7196451607625439,0.7323843520226726,0.7344411038660551,0.7362149060795798,0.8221057327682355,0.6918507038615523,0.6831966194382302
scale_only,36,1175426631,random_forest,statistics_rawsig,50,max_depth=6,0.7284354581335452,0.7372388262259347,0.739191849929667,0.7411028075136336,0.8245594467990185,0.6866847475138835,0.7004722843649018
scale_only,36,1175426631,random_forest,b3,40,max_depth=6,0.7243651499049225,0.7300166562415343,0.7320494866124746,0.7340739244597051,0.8235556546955164,0.6825519824357484,0.6839423315933383
scale_only,36,1175426631,random_forest,b3_logsig,54,max_depth=10,0.7283225649720522,0.7318014660286352,0.7339395411310083,0.7358513431629974,0.8248940441668525,0.6835851737052822,0.6869251802137708
scale_only,36,1175426631,random_forest,b3_rawsig,79,max_depth=10,0.7306668937320544,0.7357651978260016,0.7378975959328246,0.7396485558473036,0.823667187151461,0.6853932584269663,0.6982351478995774
scale_only,36,1175426631,random_forest,logsig,14,max_depth=10,0.7221552046869183,0.7291451240736765,0.7315114295959754,0.732458089274894,0.8074949810394825,0.6963709156657626,0.6835694755157843
scale_only,36,1175426631,random_forest,rawsig,39,max_depth=6,0.7278222113469677,0.7404340482553522,0.7424960116080657,0.7439709149666734,0.8217711354004015,0.6984372982048301,0.7010937111608253
scale_only,36,1175426631,random_forest,logsig_shuffled,14,max_depth=10,0.7195273750227805,0.7252488607085503,0.7276316417433382,0.7289032518683094,0.8102832924380995,0.6848766627921994,0.6805866268953518
scale_only,36,1175426631,random_forest,rawsig_shuffled,39,max_depth=6,0.7209258063889554,0.7302521435670694,0.7320909853553896,0.7345586750151485,0.8275708231095249,0.6738990055534031,0.6892866020382798
scale_only,36,1175426631,random_forest,statistics_logsig_shuffled,25,max_depth=6,0.7190698265403156,0.7292862925627007,0.7313212400809127,0.7332660068672995,0.8216596029444568,0.684618364974816,0.6815809097688292
scale_only,36,1175426631,random_forest,statistics_rawsig_shuffled,50,max_depth=6,0.7238075901591445,0.7317114020805033,0.7336123746391471,0.7358109472833771,0.8248940441668525,0.6797107064445306,0.6905294556301268
scale_only,36,1175426631,random_forest,b3_logsig_shuffled,54,max_depth=6,0.7251809598078894,0.7308482882115674,0.7328440078937773,0.7348818420521107,0.8241133169752398,0.6844892160661242,0.6839423315933383
scale_only,36,1175426631,random_forest,b3_rawsig_shuffled,79,max_depth=6,0.7267274216963546,0.7316409020579719,0.7335785113313128,0.7357301555241366,0.8247825117109079,0.6803564509879891,0.6897837434750187
scale_only,36,1175426631,logistic,hmm,3,C=0.1,0.7094353372720402,0.7197505812246289,0.7224117158290513,0.7230054534437488,0.7879768012491635,0.6609841146842309,0.7102908277404921
scale_only,36,1175426631,logistic,statistics,11,C=0.1,0.7093804137006758,0.7173705389683714,0.7186342750468698,0.7229650575641284,0.8450814186928396,0.6480692238150587,0.658960974397216
scale_only,36,1175426631,logistic,statistics_logsig,25,C=0.01,0.7114218972069102,0.7309440409861541,0.7316744347435261,0.736659260755403,0.8550078072719162,0.6407077360196306,0.6971165796669152
scale_only,36,1175426631,logistic,statistics_rawsig,50,C=1.0,0.7210652353835583,0.7368934518531919,0.7387802822309874,0.7409412239951525,0.8266785634619674,0.6788066640836885,0.7051951280139199
scale_only,36,1175426631,logistic,b3,40,C=0.01,0.714697991590456,0.7122485347721237,0.7133902577034159,0.7176731973338719,0.828909212580861,0.6232726333462483,0.6845637583892618
scale_only,36,1175426631,logistic,b3_logsig,54,C=0.01,0.7133538933745106,0.722488644208768,0.7236318915220369,0.7277721672389417,0.8368280169529333,0.6379956089371045,0.6926423067362665
scale_only,36,1175426631,logistic,b3_rawsig,79,C=1.0,0.71914100372951,0.7244765838826916,0.7265044359876196,0.7284588971924864,0.8096140977024314,0.6576262430582461,0.7061894108873975
scale_only,36,1175426631,logistic,logsig,14,C=0.01,0.7093130494867214,0.7254034963970196,0.7236984903379825,0.7329832357099576,0.8788757528440776,0.5721296655043265,0.7252050708426547
scale_only,36,1175426631,logistic,rawsig,39,C=1.0,0.7230994219632914,0.7375028864666614,0.7395913080612427,0.7413855786709755,0.8245594467990185,0.684618364974816,0.7033308476261496
scale_only,36,1175426631,logistic,logsig_shuffled,14,C=0.01,0.707122535022429,0.719888752252554,0.717822094383877,0.7275701878408403,0.8737452598706223,0.5594730724525377,0.7264479244345016
scale_only,36,1175426631,logistic,rawsig_shuffled,39,C=1.0,0.7236142301552548,0.728591950935625,0.730770839032933,0.7325388810341346,0.8192058889136739,0.6812604933488312,0.6853094705443699
scale_only,36,1175426631,logistic,statistics_logsig_shuffled,25,C=0.01,0.7148463911357424,0.7231741879015771,0.724095134815219,0.72898404362755,0.8507695739460183,0.635929226398037,0.6828237633606761
scale_only,36,1175426631,logistic,statistics_rawsig_shuffled,50,C=1.0,0.724568609074986,0.7305745292973045,0.7325218897917477,0.7348414461724904,0.8266785634619674,0.6737698566447113,0.6912751677852349
scale_only,36,1175426631,logistic,b3_logsig_shuffled,54,C=0.01,0.715076225909533,0.7120794717589997,0.7132888933371868,0.7174712179357705,0.8284630827570824,0.6249515691592405,0.6828237633606761
scale_only,36,1175426631,logistic,b3_rawsig_shuffled,79,C=1.0,0.7237010673136881,0.7180880943896524,0.7201371894120879,0.7223995152494446,0.8109524871737676,0.6478109259976753,0.6955008699975143
scale_only,36,1175426631,gbm,hmm,3,max_leaf_nodes=7,0.7098930993383319,0.7198656768298086,0.7224248675153141,0.7234094122399515,0.7957840731652911,0.6608549657755391,0.7029579915485956
scale_only,36,1175426631,gbm,statistics,11,max_leaf_nodes=7,0.7077424439166192,0.7216295060290777,0.723509572683772,0.7261563320541304,0.8215480704885122,0.6551724137931034,0.6881680338056178
scale_only,36,1175426631,gbm,statistics_logsig,25,max_leaf_nodes=7,0.714423048212986,0.7293163140708973,0.7307145501843825,0.7339931327004645,0.8280169529333036,0.6469068836368332,0.7130251056425553
scale_only,36,1175426631,gbm,statistics_rawsig,50,max_leaf_nodes=7,0.720248983660118,0.7325607086611167,0.7340734008562744,0.7369824277923652,0.8269016283738568,0.6577553919669379,0.7130251056425553
scale_only,36,1175426631,gbm,b3,40,max_leaf_nodes=7,0.7163120322729998,0.7222702015001499,0.7241318292618448,0.7267622702484346,0.817086772250725,0.6431615652847733,0.7065622669649515
scale_only,36,1175426631,gbm,b3_logsig,54,max_leaf_nodes=7,0.7164578532557296,0.7277930099766969,0.7293814213546207,0.7322157139971723,0.8190943564577292,0.6436781609195402,0.7206065125528213
scale_only,36,1175426631,gbm,b3_rawsig,79,max_leaf_nodes=7,0.7216485387538318,0.727141973238695,0.7289233577460976,0.7315693799232478,0.8206558108409547,0.649360712901976,0.7114093959731543
scale_only,36,1175426631,gbm,logsig,14,max_leaf_nodes=7,0.723377824619481,0.7377959698794294,0.7393705364435621,0.7421934962633812,0.8321436538032567,0.6649877308536742,0.7162565249813572
scale_only,36,1175426631,gbm,rawsig,39,max_leaf_nodes=7,0.7224474202415555,0.7358523654438599,0.7375426198010441,0.7401333064027469,0.8281284853892483,0.6662792199405915,0.71314939100174
scale_only,36,1175426631,gbm,logsig_shuffled,14,max_leaf_nodes=7,0.7199145367827217,0.7291292459575986,0.7308343249115471,0.7336699656635023,0.8298014722284185,0.6638253906754488,0.6937608749689287
scale_only,36,1175426631,gbm,rawsig_shuffled,39,max_leaf_nodes=7,0.7195267928016547,0.7290447294568532,0.7306574374756766,0.7337103615431226,0.8322551862592015,0.6612424125016143,0.693636589609744
scale_only,36,1175426631,gbm,statistics_logsig_shuffled,25,max_leaf_nodes=7,0.7139852983170325,0.722340015011047,0.7239817776722773,0.7270046455261563,0.8214365380325674,0.6421283740152396,0.7034551329853344
scale_only,36,1175426631,gbm,statistics_rawsig_shuffled,50,max_leaf_nodes=7,0.7149293891167415,0.7236197255845896,0.725321871593451,0.7281357301555241,0.820209681017176,0.6479400749063671,0.7027094208302263
scale_only,36,1175426631,gbm,b3_logsig_shuffled,54,max_leaf_nodes=7,0.7163120322729998,0.7222702015001499,0.7241318292618448,0.7267622702484346,0.817086772250725,0.6431615652847733,0.7065622669649515
scale_only,36,1175426631,gbm,b3_rawsig_shuffled,79,max_leaf_nodes=7,0.7163422078507095,0.7228246214135353,0.7246360779760135,0.7273682084427389,0.8187597590898952,0.6429032674673899,0.7068108376833209
scale_only,37,1682895718,random_forest,hmm,3,max_depth=6,0.7332552289090816,0.7531612914232179,0.7548958147631036,0.7574631387598465,0.7611591493339566,0.6867353951890034,0.8115893297466936
scale_only,37,1682895718,random_forest,statistics,11,max_depth=6,0.7401733835629328,0.7674883949871708,0.7689228446640962,0.7719248636639063,0.7751811170834307,0.699106529209622,0.82817753866846
scale_only,37,1682895718,random_forest,statistics_logsig,25,max_depth=10,0.7448287809615267,0.76810831170407,0.769576322936122,0.7728135730155524,0.7721430240710446,0.6964948453608247,0.8356870656803407
scale_only,37,1682895718,random_forest,statistics_rawsig,50,max_depth=6,0.7506908178856125,0.7677656881735588,0.7692839596488034,0.7718440719046658,0.7730778219210096,0.7052920962199313,0.8249271463797355
scale_only,37,1682895718,random_forest,b3,40,max_depth=6,0.7443877921181837,0.7682635765746593,0.7696344353637615,0.772611593617451,0.7736620705772377,0.7017182130584192,0.829410446088321
scale_only,37,1682895718,random_forest,b3_logsig,54,max_depth=10,0.7466429636012375,0.7651957999422736,0.7668235913892931,0.7703898202383357,0.7713250759523254,0.6857731958762887,0.8384891279982066
scale_only,37,1682895718,random_forest,b3_rawsig,79,max_depth=6,0.7500782300649228,0.7689667283581825,0.7704737180572305,0.7730963441728944,0.7743631689647114,0.7057044673539519,0.8268325487558843
scale_only,37,1682895718,random_forest,logsig,14,max_depth=10,0.7462895608777681,0.7608982866500252,0.7625761665910974,0.765501918804282,0.7541481654592195,0.6931958762886598,0.8353508182021968
scale_only,37,1682895718,random_forest,rawsig,39,max_depth=6,0.7494817045054036,0.7653378348465179,0.7668308017516404,0.7690567562108664,0.7698060294461323,0.7084536082474227,0.8177538668459986
scale_only,37,1682895718,random_forest,logsig_shuffled,14,max_depth=10,0.7408693749242335,0.7596768087534018,0.7611627319039638,0.763482124823268,0.7556672119654125,0.7033676975945017,0.8199955167002914
scale_only,37,1682895718,random_forest,rawsig_shuffled,39,max_depth=6,0.7437709141612587,0.7633767532774246,0.764695923413831,0.7670369622298525,0.7698060294461323,0.7069415807560138,0.8133826496301277
scale_only,37,1682895718,random_forest,statistics_logsig_shuffled,25,max_depth=6,0.7439511911685841,0.7684496831076165,0.7698606120424408,0.7724904059785902,0.7750642673521851,0.7062542955326461,0.8240304864380184
scale_only,37,1682895718,random_forest,statistics_rawsig_shuffled,50,max_depth=10,0.746837870395785,0.7626796653903485,0.7640785346219823,0.7674005251464351,0.7752979668146763,0.6889347079037801,0.8238063214525891
scale_only,37,1682895718,random_forest,b3_logsig_shuffled,54,max_depth=6,0.7454084829952086,0.7688089632158137,0.7702026401572589,0.7730155524136538,0.7726104229960271,0.7047422680412371,0.8290741986101771
scale_only,37,1682895718,random_forest,b3_rawsig_shuffled,79,max_depth=6,0.7471319755044036,0.7661503620744128,0.7675810815334477,0.7703090284790951,0.7723767235335359,0.7022680412371134,0.8238063214525891
scale_only,37,1682895718,logistic,hmm,3,C=0.1,0.7308823016968269,0.7546905751335453,0.7562294659302529,0.7593213492223794,0.7783360598270624,0.6798625429553264,0.8058731226182471
scale_only,37,1682895718,logistic,statistics,11,C=1.0,0.7336616405872748,0.7583298928915818,0.7591895959218045,0.7621086649161786,0.7948118719326945,0.6934707903780069,0.7867070163640439
scale_only,37,1682895718,logistic,statistics_logsig,25,C=1.0,0.7433845764109379,0.7626337602515605,0.7633725331881963,0.7672389416279539,0.8115213835008179,0.6826116838487972,0.7937682134050661
scale_only,37,1682895718,logistic,statistics_rawsig,50,C=1.0,0.74959928151848,0.7624067771280426,0.7636856277203905,0.7665522116744092,0.7936433746202384,0.6931958762886598,0.8003810804752298
scale_only,37,1682895718,logistic,b3,40,C=1.0,0.7342402136744733,0.7508513371563734,0.7515825429614204,0.7548778024641487,0.7901378826828698,0.6816494845360824,0.7807666442501682
scale_only,37,1682895718,logistic,b3_logsig,54,C=1.0,0.7395432788358929,0.7512636097051758,0.7519937795623856,0.7554433447788326,0.7987847627950456,0.6779381443298969,0.777067921990585
scale_only,37,1682895718,logistic,b3_rawsig,79,C=1.0,0.7460869947347492,0.755803950570443,0.7569992824995114,0.7601292668147849,0.7909558308015892,0.6830240549828178,0.7934319659269222
scale_only,37,1682895718,logistic,logsig,14,C=1.0,0.7344930660693963,0.7556751102720591,0.7555404149872529,0.7640880630175723,0.8344239308249591,0.6118213058419244,0.8207800941492939
scale_only,37,1682895718,logistic,rawsig,39,C=1.0,0.7510608778342274,0.7663499854109377,0.7675989407558497,0.7704706119975763,0.7903715821453611,0.699106529209622,0.8095718448778301
scale_only,37,1682895718,logistic,logsig_shuffled,14,C=1.0,0.7278579239595868,0.7501783746358978,0.7505296637654367,0.7573823470006059,0.8135078289319935,0.6279037800687285,0.8091235149069715
scale_only,37,1682895718,logistic,rawsig_shuffled,39,C=1.0,0.744948585064452,0.7607054310603751,0.761879219269947,0.7641284588971925,0.7755316662771675,0.705979381443299,0.800605245460659
scale_only,37,1682895718,logistic,statistics_logsig_shuffled,25,C=1.0,0.7362297663261758,0.7591699230226392,0.7599386416438128,0.7632397495455464,0.7983173638700631,0.6893470790378007,0.7898453261600538
scale_only,37,1682895718,logistic,statistics_rawsig_shuffled,50,C=1.0,0.7473123285581851,0.7603245535955887,0.7614927667302536,0.7641284588971925,0.7854638934330451,0.697594501718213,0.7979152656355077
scale_only,37,1682895718,logistic,b3_logsig_shuffled,54,C=1.0,0.7343937212040452,0.7501744248974936,0.7509138533552894,0.7541910725106039,0.7895536340266417,0.6810996563573883,0.779869984308451
scale_only,37,1682895718,logistic,b3_rawsig_shuffled,79,C=1.0,0.7425238878858976,0.7529757715480997,0.7540517729148384,0.7572207634821249,0.7826594998831503,0.6826116838487972,0.7936561309123515
scale_only,37,1682895718,gbm,hmm,3,max_leaf_nodes=7,0.7328212919232849,0.7532698548654221,0.7550153697907905,0.7581902645930115,0.7657162888525356,0.6765635738831615,0.8175297018605694
scale_only,37,1682895718,gbm,statistics,11,max_leaf_nodes=7,0.7375906469236381,0.747762844414331,0.749188011009222,0.7529388002423753,0.7701565786398691,0.6650171821305841,0.8081147724725398
scale_only,37,1682895718,gbm,statistics_logsig,25,max_leaf_nodes=7,0.7455838129857199,0.7573833544462087,0.7587728973766227,0.7625530195920016,0.7764664641271325,0.6754639175257732,0.8202196816857207
scale_only,37,1682895718,gbm,statistics_rawsig,50,max_leaf_nodes=7,0.746049945594563,0.7574308245555769,0.7588488253777923,0.7629973742678247,0.7839448469268521,0.6679037800687285,0.82044384667115
scale_only,37,1682895718,gbm,b3,40,max_leaf_nodes=7,0.7399627356813757,0.7470277155587981,0.748534660727568,0.7537871137144011,0.7747137181584483,0.6393127147766323,0.8270567137413136
scale_only,37,1682895718,gbm,b3_logsig,54,max_leaf_nodes=7,0.7405259404448342,0.7533658381410429,0.7548989864775084,0.7599272874166835,0.7771675625146062,0.6494845360824743,0.8334454158260479
scale_only,37,1682895718,gbm,b3_rawsig,79,max_leaf_nodes=7,0.7423630704182062,0.7523195455399518,0.7538268264230589,0.7589577863057968,0.7761159149333956,0.6472852233676976,0.8335574983187626
scale_only,37,1682895718,gbm,logsig,14,max_leaf_nodes=7,0.7487139351865525,0.7648607922125844,0.7664069550232337,0.7704302161179559,0.7831268988081327,0.6771134020618557,0.8343420757677651
scale_only,37,1682895718,gbm,rawsig,39,max_leaf_nodes=7,0.7468211716087345,0.7595094292425353,0.7609717550358669,0.7653403352858008,0.782425800420659,0.6668041237113402,0.8292983635956064
scale_only,37,1682895718,gbm,logsig_shuffled,14,max_leaf_nodes=7,0.7424412578896834,0.7595420554662167,0.7609270713472401,0.7640880630175723,0.7748305678896938,0.6878350515463918,0.8159605469625645
scale_only,37,1682895718,gbm,rawsig_shuffled,39,max_leaf_nodes=7,0.7421877495150578,0.7577679651370911,0.759234504760789,0.7623510401939002,0.7749474176209394,0.685085910652921,0.8132705671374131
scale_only,37,1682895718,gbm,statistics_logsig_shuffled,25,max_leaf_nodes=7,0.7396842192517833,0.75113717135979,0.7526078986539328,0.7562916582508584,0.7728441224585183,0.6688659793814433,0.8117014122394082
scale_only,37,1682895718,gbm,statistics_rawsig_shuffled,50,max_leaf_nodes=7,0.7407529360175573,0.7516044074342768,0.75306572268538,0.756816804685922,0.7745968684272027,0.6681786941580756,0.8120376597175522
scale_only,37,1682895718,gbm,b3_logsig_shuffled,54,max_leaf_nodes=7,0.7399627356813757,0.7470277155587981,0.748534660727568,0.7537871137144011,0.7747137181584483,0.6393127147766323,0.8270567137413136
scale_only,37,1682895718,gbm,b3_rawsig_shuffled,79,max_leaf_nodes=7,0.7388613696774841,0.747474480685094,0.7489875860306568,0.7543930519087053,0.7750642673521851,0.6373883161512027,0.8299708585518942
scale_only,38,2019104162,random_forest,hmm,3,max_depth=6,0.7456106392791337,0.7530311723876343,0.7475112411567345,0.7440113108462937,0.7754599449514704,0.7039467849223947,0.7796867872890375
scale_only,38,2019104162,random_forest,statistics,11,max_depth=6,0.7584403044504708,0.7578297997047793,0.7542308633656883,0.751444152696425,0.7771983195712009,0.7228381374722838,0.773452942070853
scale_only,38,2019104162,random_forest,statistics_logsig,25,max_depth=6,0.7602178574442995,0.7655489808845078,0.7625353755530452,0.7600888709351646,0.7811096624655947,0.7356984478935699,0.7798388322943591
scale_only,38,2019104162,random_forest,statistics_rawsig,50,max_depth=6,0.7638311650452536,0.7744604666053464,0.7707689149627286,0.7686527974146637,0.7898015355642475,0.7427937915742794,0.7907860726775126
scale_only,38,2019104162,random_forest,b3,40,max_depth=6,0.7576929901799123,0.7612426623551,0.7563429781054635,0.7533831549181983,0.7792264232942199,0.7185809312638581,0.7859206325072221
scale_only,38,2019104162,random_forest,b3_logsig,54,max_depth=6,0.7592973092635056,0.7657796045990315,0.7618712429130389,0.7592405574631388,0.78197884977546,0.73019955654102,0.7851604074806142
scale_only,38,2019104162,random_forest,b3_rawsig,79,max_depth=6,0.7632737001758402,0.7739918121697184,0.770261951001661,0.767966067461119,0.7864696508764305,0.7413747228381374,0.7941310627945872
scale_only,38,2019104162,random_forest,logsig,14,max_depth=10,0.7600215376082576,0.7663157643576962,0.7656868982422042,0.7640880630175723,0.7635810517166449,0.7547671840354767,0.780599057320967
scale_only,38,2019104162,random_forest,rawsig,39,max_depth=6,0.7653209845584404,0.772740945246615,0.769590394357401,0.767683296303777,0.7857453281182095,0.7451884700665189,0.7872890375551164
scale_only,38,2019104162,random_forest,logsig_shuffled,14,max_depth=10,0.7562791902956908,0.7635730658835604,0.7621461632980376,0.7605736214906079,0.7687961755758366,0.7474057649667406,0.774517257108104
scale_only,38,2019104162,random_forest,rawsig_shuffled,39,max_depth=4,0.7578203064713634,0.7630432585096888,0.763020460911497,0.7619066855180772,0.7729972475735187,0.7563636363636363,0.7597688915919112
scale_only,38,2019104162,random_forest,statistics_logsig_shuffled,25,max_depth=6,0.75992786985188,0.7618413621237322,0.7586482019179567,0.7561300747323773,0.7764739968129799,0.7307317073170732,0.7783183822411434
scale_only,38,2019104162,random_forest,statistics_rawsig_shuffled,50,max_depth=6,0.75893270787408,0.7682990145180361,0.764660903020562,0.7625530195920016,0.7851658699116326,0.7368514412416851,0.7828797324007907
scale_only,38,2019104162,random_forest,b3_logsig_shuffled,54,max_depth=6,0.7579941682089609,0.7635190851193276,0.7592224377453155,0.7564936376489598,0.7792264232942199,0.7254101995565411,0.7859206325072221
scale_only,38,2019104162,random_forest,b3_rawsig_shuffled,79,max_depth=6,0.7583820812399491,0.7662350354969195,0.7621156267050478,0.7596445162593416,0.7812545270172389,0.7304656319290466,0.7869849475444731
scale_only,38,2019104162,logistic,hmm,3,C=1.0,0.7438232529725209,0.7501822484653745,0.7472062273221223,0.7441728943647747,0.7722729248152977,0.7169844789356985,0.761289341645127
scale_only,38,2019104162,logistic,statistics,11,C=0.1,0.7485642916933496,0.7571199938704396,0.7514620755699696,0.7487780246414866,0.8055917716934666,0.7098004434589801,0.7559677664588719
scale_only,38,2019104162,logistic,statistics_logsig,25,C=0.1,0.7538070240762705,0.7649616965789204,0.758265648058024,0.7556857200565542,0.8095031145878604,0.7129933481152994,0.7723886270336019
scale_only,38,2019104162,logistic,statistics_rawsig,50,C=1.0,0.7586886975511785,0.7709191266957852,0.7659064217010435,0.763482124823268,0.8006663769375634,0.7296674057649667,0.7824235973848259
scale_only,38,2019104162,logistic,b3,40,C=0.1,0.747319631739734,0.7617224915788773,0.7537629542275575,0.7504746515855383,0.8105171664493699,0.6990687361419069,0.7755815721453551
scale_only,38,2019104162,logistic,b3_logsig,54,C=0.1,0.7521557939806004,0.7680860952309937,0.7604262016438593,0.7572611593617451,0.815442561205273,0.7077605321507761,0.7810551923369318
scale_only,38,2019104162,logistic,b3_rawsig,79,C=1.0,0.7551801699278821,0.7734460463706324,0.7671633578630743,0.7643708341749141,0.8097928436911488,0.7231042128603105,0.7874410825604379
scale_only,38,2019104162,logistic,logsig,14,C=0.1,0.7515901063813932,0.7639890343254913,0.7507420061914929,0.7471621894566755,0.8384760249167029,0.6701552106430155,0.7833358674167553
scale_only,38,2019104162,logistic,rawsig,39,C=1.0,0.7614862670680234,0.7698364834241138,0.7657835357695127,0.7636841042213695,0.8035636679704476,0.7350776053215078,0.7708681769803862
scale_only,38,2019104162,logistic,logsig_shuffled,14,C=1.0,0.7442153658138713,0.7660490646365822,0.753527079969016,0.7504746515855383,0.8400695349847892,0.6788470066518847,0.7792306522730729
scale_only,38,2019104162,logistic,rawsig_shuffled,39,C=1.0,0.7537908569673224,0.7645120577157088,0.7630260303551646,0.7617047061199758,0.7876285672895842,0.7481152993348116,0.7577923065227308
scale_only,38,2019104162,logistic,statistics_logsig_shuffled,25,C=0.1,0.7510188615467888,0.763079571028225,0.7571335199450474,0.7545142395475661,0.8076198754164856,0.7148558758314856,0.7667629618367037
scale_only,38,2019104162,logistic,statistics_rawsig_shuffled,50,C=1.0,0.7556415299447535,0.7674070136996605,0.7637441697064501,0.7615027267218744,0.7964653049398812,0.7342793791574279,0.7714763570016725
scale_only,38,2019104162,logistic,b3_logsig_shuffled,54,C=0.1,0.7471631362248644,0.7612220087358077,0.7535156595576834,0.7502322763078166,0.8083441981747066,0.7000443458980045,0.7752774821347119
scale_only,38,2019104162,logistic,b3_rawsig_shuffled,79,C=1.0,0.7510060660408339,0.7657082570998486,0.7598259762284614,0.7569783882044031,0.802404751557294,0.7171618625277162,0.7775581572145355
scale_only,38,2019104162,gbm,hmm,3,max_leaf_nodes=15,0.745498311382845,0.752182433382821,0.7451161260858378,0.7413855786709755,0.7808199333623063,0.6933037694013304,0.7824235973848259
scale_only,38,2019104162,gbm,statistics,11,max_leaf_nodes=7,0.747128934437141,0.7509589410584064,0.741551268558732,0.7378711371440113,0.7899464001158917,0.6792904656319291,0.7836399574273986
scale_only,38,2019104162,gbm,statistics_logsig,25,max_leaf_nodes=7,0.7544327904628062,0.7599867042940431,0.750842155232789,0.7471621894566755,0.7931334202520643,0.690110864745011,0.796715827885054
scale_only,38,2019104162,gbm,statistics_rawsig,50,max_leaf_nodes=7,0.7560151827513639,0.7652107987014145,0.7573846672294025,0.7542718642698445,0.786759379979719,0.7060753880266075,0.802797628097917
scale_only,38,2019104162,gbm,b3,40,max_leaf_nodes=7,0.7458766228406111,0.7600267241001625,0.7492636641639067,0.7452635831145223,0.7986382732145444,0.6795565410199557,0.8018853580659875
scale_only,38,2019104162,gbm,b3_logsig,54,max_leaf_nodes=7,0.7522852402520227,0.7606450127132076,0.7509099612985644,0.7470410018178146,0.7977690859046791,0.6863858093126386,0.797780142922305
scale_only,38,2019104162,gbm,b3_rawsig,79,max_leaf_nodes=7,0.75297604293121,0.7635935123516528,0.7550255906502534,0.7515249444556655,0.7974793568013907,0.697649667405765,0.795651512847803
scale_only,38,2019104162,gbm,logsig,14,max_leaf_nodes=7,0.7598798858588629,0.7680292016507836,0.7612600317123981,0.7584326398707332,0.8055917716934666,0.7148558758314856,0.7836399574273986
scale_only,38,2019104162,gbm,rawsig,39,max_leaf_nodes=7,0.7583948602632663,0.7650916398730931,0.7587823728791919,0.7560492829731368,0.802404751557294,0.7148558758314856,0.7780142922305002
scale_only,38,2019104162,gbm,logsig_shuffled,14,max_leaf_nodes=7,0.7518479774600116,0.7650071303824513,0.7604451992022025,0.7583518481114926,0.7893669419093148,0.7282483370288249,0.777406112209214
scale_only,38,2019104162,gbm,rawsig_shuffled,39,max_leaf_nodes=7,0.7499069551182865,0.7627642022800593,0.7578466691043793,0.7556857200565542,0.7916847747356222,0.723458980044346,0.7731488520602098
scale_only,38,2019104162,gbm,statistics_logsig_shuffled,25,max_leaf_nodes=7,0.7488456508300866,0.7543172843591887,0.7449062250595097,0.7414663704302161,0.7906707228741127,0.684079822616408,0.7882013075870458
scale_only,38,2019104162,gbm,statistics_rawsig_shuffled,50,max_leaf_nodes=7,0.7488830091596528,0.7559119183117454,0.7466875661852694,0.7431226014946476,0.7905258583224685,0.686119733924612,0.7910901626881557
scale_only,38,2019104162,gbm,b3_logsig_shuffled,54,max_leaf_nodes=7,0.7451211165202531,0.7600103843427468,0.7496211432538112,0.7456675419107252,0.798348544111256,0.6817738359201774,0.7999087729968071
scale_only,38,2019104162,gbm,b3_rawsig_shuffled,79,max_leaf_nodes=7,0.748031946405299,0.7562610917329073,0.7459078489699578,0.7417895374671784,0.7934231493553527,0.6774279379157427,0.7979321879276265
scale_only,39,3152620351,random_forest,hmm,3,max_depth=10,0.7236776193623372,0.7579462139858482,0.7449356329229753,0.7764088063017572,0.8027519087171743,0.6723484848484849,0.7987382483918852
scale_only,39,3152620351,random_forest,statistics,11,max_depth=6,0.73802851338111,0.7524035281387564,0.7407607296676432,0.7737426782468189,0.8087087842939844,0.6586700336700336,0.7898317664522514
scale_only,39,3152620351,random_forest,statistics_logsig,25,max_depth=10,0.7412110890707416,0.7567011601197374,0.7455572835645081,0.778994142597455,0.8163436529910227,0.6597222222222222,0.7940376051459673
scale_only,39,3152620351,random_forest,statistics_rawsig,50,max_depth=6,0.7420323451758755,0.766153649975332,0.7543528253274081,0.786225005049485,0.8248175182481752,0.6845538720538721,0.7890895596239486
scale_only,39,3152620351,random_forest,b3,40,max_depth=6,0.7426941098014522,0.7581940549625191,0.7464420570075787,0.7787921631993536,0.8138266633106804,0.6691919191919192,0.7915635823849579
scale_only,39,3152620351,random_forest,b3_logsig,54,max_depth=6,0.7428441566217584,0.7605117624562153,0.7486836897217192,0.7807715613007473,0.8154207567748972,0.6731902356902357,0.7929242949035131
scale_only,39,3152620351,random_forest,b3_rawsig,79,max_depth=6,0.7439197170051742,0.7670148572926384,0.7553294119545186,0.7874772773177136,0.8259921134323349,0.6828703703703703,0.7921820880752103
scale_only,39,3152620351,random_forest,logsig,14,max_depth=10,0.729252681295427,0.7596218082175912,0.7481760534302101,0.7807311654211271,0.8187767430153536,0.6708754208754208,0.789213260761999
scale_only,39,3152620351,random_forest,rawsig,39,max_depth=6,0.7362126587271836,0.7678679819994468,0.7556903379549585,0.7869521308826499,0.8250692172162094,0.6919191919191919,0.7866155368629392
scale_only,39,3152620351,random_forest,logsig_shuffled,14,max_depth=10,0.7289244577017961,0.7562443719155661,0.7448565227282443,0.7772167238941627,0.8172665492071483,0.6706649831649831,0.7808015833745671
scale_only,39,3152620351,random_forest,rawsig_shuffled,39,max_depth=6,0.7317822362133767,0.7594641413363342,0.7478313602281915,0.7797616643102404,0.8213776323517074,0.6799242424242424,0.777090549233053
scale_only,39,3152620351,random_forest,statistics_logsig_shuffled,25,max_depth=6,0.7402411368396763,0.7584500210595353,0.7462608684831826,0.7779842456069481,0.8135749643426462,0.6767676767676768,0.785007422068283
scale_only,39,3152620351,random_forest,statistics_rawsig_shuffled,50,max_depth=6,0.7392328880920614,0.7613749678673608,0.749307755461663,0.7809331448192285,0.8177699471432167,0.680976430976431,0.7853785254824345
scale_only,39,3152620351,random_forest,b3_logsig_shuffled,54,max_depth=6,0.7429936629237931,0.7597743106941058,0.7477551959387077,0.7796808725509998,0.8154207567748972,0.6759259259259259,0.7879762493814944
scale_only,39,3152620351,random_forest,b3_rawsig_shuffled,79,max_depth=6,0.7416674454443247,0.7588491750057885,0.7472904542314976,0.7797212684306201,0.816595351959057,0.6702441077441077,0.7897080653142009
scale_only,39,3152620351,logistic,hmm,3,C=0.1,0.7227962170357144,0.7595831442102924,0.7428427647306934,0.7697434861644112,0.7934390468999077,0.7230639730639731,0.7622464126669966
scale_only,39,3152620351,logistic,statistics,11,C=1.0,0.7333307488285774,0.7492356486865347,0.7394426887546516,0.7731771359321349,0.8309421931370081,0.6654040404040404,0.7513607125185552
scale_only,39,3152620351,logistic,statistics_logsig,25,C=0.01,0.7397218860480222,0.7574779671677448,0.7482363886835478,0.7828721470410018,0.8488967195234499,0.6740319865319865,0.7495051954477981
scale_only,39,3152620351,logistic,statistics_rawsig,50,C=0.1,0.7411107090297177,0.7548164314983575,0.7426258221214151,0.7740658452837811,0.8271667086164947,0.6950757575757576,0.7422068283028204
scale_only,39,3152620351,logistic,b3,40,C=0.1,0.7228968310562695,0.7500751802015326,0.7388026390406927,0.7712381337103615,0.831948989009145,0.6870791245791246,0.7311974270163285
scale_only,39,3152620351,logistic,b3_logsig,54,C=0.01,0.7291414617303803,0.7518566933774474,0.7415625107650371,0.7750353463946678,0.8422686466985485,0.6837121212121212,0.7295893122216724
scale_only,39,3152620351,logistic,b3_rawsig,79,C=0.01,0.7309501974399956,0.7554771223932701,0.7439957074605995,0.7764088063017572,0.8386609614900579,0.6957070707070707,0.7320633349826818
scale_only,39,3152620351,logistic,logsig,14,C=1.0,0.7411273280806511,0.760220345890143,0.7538119296420204,0.7906685518077156,0.8654249517576978,0.6550925925925926,0.7601434933201385
scale_only,39,3152620351,logistic,rawsig,39,C=0.01,0.7393890358419016,0.7612887307376242,0.7507878547164951,0.7836800646334074,0.8504908129876667,0.69760101010101,0.7357743691241959
scale_only,39,3152620351,logistic,logsig_shuffled,14,C=0.01,0.7342168723954936,0.7439024531988138,0.7407969023497497,0.7815794788931529,0.8664317476298348,0.6050084175084175,0.760267194458189
scale_only,39,3152620351,logistic,rawsig_shuffled,39,C=0.01,0.73465771097247,0.7521303657603978,0.7434724675595592,0.7779034538477075,0.8488128198674385,0.6719276094276094,0.7356506679861454
scale_only,39,3152620351,logistic,statistics_logsig_shuffled,25,C=1.0,0.7336073870176035,0.7478393762880476,0.7378350295568548,0.7715613007473238,0.8304387952009397,0.6666666666666666,0.7464126669965364
scale_only,39,3152620351,logistic,statistics_rawsig_shuffled,50,C=0.1,0.7369371997176778,0.7519476388265235,0.7406760709417245,0.7731771359321349,0.8295158989848141,0.6835016835016835,0.7428253339930727
scale_only,39,3152620351,logistic,b3_logsig_shuffled,54,C=0.1,0.7222642446381111,0.7506396440653612,0.7393616156342944,0.7716824883861846,0.8316133903850994,0.6875,0.7328055418109847
scale_only,39,3152620351,logistic,b3_rawsig_shuffled,79,C=0.1,0.7254486545632748,0.7524949112138629,0.7396678006486819,0.7705917996364371,0.8238107223760383,0.7001262626262627,0.7335477486392875
scale_only,39,3152620351,gbm,hmm,3,max_leaf_nodes=7,0.7239831701044013,0.7587240344385499,0.745705409827286,0.7770955362553019,0.8040943032133568,0.6744528619528619,0.797624938149431
scale_only,39,3152620351,gbm,statistics,11,max_leaf_nodes=7,0.7202193492095357,0.7301956116278893,0.7201804621588828,0.7558876994546556,0.802080711469083,0.6220538720538721,0.7664522513607125
scale_only,39,3152620351,gbm,statistics_logsig,25,max_leaf_nodes=7,0.7324702395792456,0.7389072482871629,0.7288079667319206,0.7640072712583317,0.8105545767262354,0.6348905723905723,0.7712765957446809
scale_only,39,3152620351,gbm,statistics_rawsig,50,max_leaf_nodes=7,0.7341880234343527,0.7419428959775867,0.7314018825221433,0.7659058776004848,0.8094638811980871,0.6416245791245792,0.774740227610094
scale_only,39,3152620351,gbm,b3,40,max_leaf_nodes=7,0.7254936315447341,0.7459050027526791,0.7345214346381542,0.7677236921833973,0.8051010990854938,0.6519360269360269,0.7806778822365166
scale_only,39,3152620351,gbm,b3_logsig,54,max_leaf_nodes=7,0.7286720652178795,0.7510167672180149,0.7392378645951002,0.7721268430620076,0.8088765836060072,0.6607744107744108,0.7833993072736269
scale_only,39,3152620351,gbm,b3_rawsig,79,max_leaf_nodes=7,0.7325134392759437,0.7523368145777988,0.740765873217584,0.7737426782468189,0.8111418743183153,0.6609848484848485,0.7848837209302325
scale_only,39,3152620351,gbm,logsig,14,max_leaf_nodes=7,0.7349838862312286,0.7635378749591272,0.7513575059299878,0.7831145223187235,0.8234751237519926,0.6870791245791246,0.7800593765462642
scale_only,39,3152620351,gbm,rawsig,39,max_leaf_nodes=7,0.7361029270724426,0.7629674362865418,0.7505915992478586,0.7817814582912543,0.817014850239114,0.685395622895623,0.7864918357248887
scale_only,39,3152620351,gbm,logsig_shuffled,14,max_leaf_nodes=7,0.7323801140625662,0.7589603401158319,0.7477271202647015,0.7799232478287215,0.82213272925581,0.6759259259259259,0.7788223651657595
scale_only,39,3152620351,gbm,rawsig_shuffled,39,max_leaf_nodes=7,0.7310000002590241,0.7588992190982456,0.7476599389308453,0.7798020601898606,0.8224683278798557,0.6767676767676768,0.7774616526472043
scale_only,39,3152620351,gbm,statistics_logsig_shuffled,25,max_leaf_nodes=7,0.7247877421056939,0.7343138742540014,0.7238161685425063,0.7586750151484548,0.8031714069972313,0.6325757575757576,0.7671944581890153
scale_only,39,3152620351,gbm,statistics_rawsig_shuffled,50,max_leaf_nodes=7,0.723583165479701,0.734094062117704,0.723880710062613,0.7592001615835184,0.8059400956456079,0.6302609427609428,0.7660811479465611
scale_only,39,3152620351,gbm,b3_logsig_shuffled,54,max_leaf_nodes=7,0.7254936315447341,0.7459050027526791,0.7345214346381542,0.7677236921833973,0.8051010990854938,0.6519360269360269,0.7806778822365166
scale_only,39,3152620351,gbm,b3_rawsig_shuffled,79,max_leaf_nodes=7,0.7240857814749989,0.7458766315708824,0.7345135398748116,0.7678448798222581,0.8066112928936991,0.6525673400673401,0.7784512617516082
scale_only,40,660207312,random_forest,hmm,3,max_depth=6,0.6917701481338714,0.7177118611692738,0.7218232788404547,0.7200969501110887,0.7183438295591585,0.6242642642642643,0.8105274896843984
scale_only,40,660207312,random_forest,statistics,11,max_depth=10,0.7021317159155284,0.7148536800426576,0.7180087112996553,0.7175520096950111,0.709366206619322,0.6236636636636637,0.8115311698449872
scale_only,40,660207312,random_forest,statistics_logsig,25,max_depth=10,0.7078522813218591,0.7225454049434711,0.7257630209927849,0.7252272268228641,0.7168698914645585,0.6324324324324324,0.8183338909334226
scale_only,40,660207312,random_forest,statistics_rawsig,50,max_depth=10,0.7143917531580802,0.7229962183499525,0.7265132474115436,0.7256311856190668,0.7187458126758676,0.6313513513513513,0.8188914910226386
scale_only,40,660207312,random_forest,b3,40,max_depth=10,0.7036154734363915,0.7144485489134329,0.7179495038807618,0.7173096344172895,0.7081602572691947,0.6188588588588588,0.8163265306122449
scale_only,40,660207312,random_forest,b3_logsig,54,max_depth=10,0.7072892362365529,0.7183607369300976,0.7217597181598459,0.7212684306200767,0.7092322122470857,0.6276276276276276,0.8182223709155794
scale_only,40,660207312,random_forest,b3_rawsig,79,max_depth=10,0.71159423295537,0.7189528608266419,0.7224428565452251,0.7217531811755201,0.7127160659252312,0.6255855855855856,0.818556930969109
scale_only,40,660207312,random_forest,logsig,14,max_depth=10,0.7025796222442393,0.7055116689564729,0.7098130047880472,0.7083417491415875,0.6966367412568673,0.6171771771771771,0.8027210884353742
scale_only,40,660207312,random_forest,rawsig,39,max_depth=10,0.7112630871498565,0.7182896637695566,0.7221353689374772,0.7204605130276712,0.722899638215195,0.6237837837837837,0.8081855693096911
scale_only,40,660207312,random_forest,logsig_shuffled,14,max_depth=10,0.6947715450917764,0.7021241814482849,0.7069505449912971,0.7049080993738639,0.6860511858501943,0.6324324324324324,0.7878889260622282
scale_only,40,660207312,random_forest,rawsig_shuffled,39,max_depth=10,0.701056239153479,0.7090692887705661,0.7124318945975298,0.7112098565946273,0.7141900040198311,0.6145345345345345,0.7984833277573324
scale_only,40,660207312,random_forest,statistics_logsig_shuffled,25,max_depth=10,0.7041668054092582,0.7122635565170338,0.7155443279732102,0.7148858816400727,0.7085622403859038,0.6198198198198198,0.8084086093453775
scale_only,40,660207312,random_forest,statistics_rawsig_shuffled,50,max_depth=10,0.7065471865011923,0.7117457273636344,0.7150466234683388,0.7143203393253889,0.7096341953637947,0.6174174174174174,0.8081855693096911
scale_only,40,660207312,random_forest,b3_logsig_shuffled,54,max_depth=10,0.7047805806014577,0.7141824787387266,0.7176523282663626,0.7171480508988083,0.7046764035910492,0.6221021021021022,0.8157689305230289
scale_only,40,660207312,random_forest,b3_rawsig_shuffled,79,max_depth=10,0.7044547609327484,0.7119048308083991,0.7155662872208445,0.7146435063623511,0.7052123810799946,0.621981981981982,0.8085201293632207
scale_only,40,660207312,logistic,hmm,3,C=0.1,0.6908222072191474,0.720723435930316,0.7252944080134044,0.7221975358513432,0.7227656438429586,0.6590990990990991,0.7803055648488904
scale_only,40,660207312,logistic,statistics,11,C=0.1,0.706493319518296,0.7167029102495279,0.7192479377601936,0.7175116138153909,0.7360310866943588,0.6402402402402403,0.7738374038139846
scale_only,40,660207312,logistic,statistics_logsig,25,C=0.1,0.7129586353441023,0.7224749824654616,0.7252540121610394,0.7234094122399515,0.7387109741390862,0.6484084084084084,0.7803055648488904
scale_only,40,660207312,logistic,statistics_rawsig,50,C=0.1,0.7155892044451132,0.727629233849855,0.7312623936265518,0.7285800848313472,0.738308991022377,0.6659459459459459,0.7786327645812423
scale_only,40,660207312,logistic,b3,40,C=0.1,0.7032104460229397,0.72311112957247,0.7250613490575306,0.7241769339527369,0.7440707490285408,0.632912912912913,0.7923497267759563
scale_only,40,660207312,logistic,b3_logsig,54,C=0.1,0.7067223920034182,0.7249082668956829,0.727064853515242,0.7257119773783074,0.7495645182902319,0.6361561561561562,0.7890041262406602
scale_only,40,660207312,logistic,b3_rawsig,79,C=0.01,0.7123689958392575,0.7329491915796437,0.735784630469607,0.7339527368208443,0.7496985126624682,0.655015015015015,0.7941340470614475
scale_only,40,660207312,logistic,logsig,14,C=0.01,0.7015885028163414,0.715078730747587,0.7158831292488944,0.7155322157139972,0.7565322256465229,0.6004804804804805,0.7882234861157578
scale_only,40,660207312,logistic,rawsig,39,C=0.1,0.7101747184385028,0.7232000951303766,0.7273432444992397,0.7238133710361543,0.731341283666086,0.6804804804804805,0.7577785212445634
scale_only,40,660207312,logistic,logsig_shuffled,14,C=1.0,0.6943506885381788,0.7079804015202348,0.7080380000974716,0.7085033326600687,0.7502344901514136,0.5888288288288288,0.7848778855804617
scale_only,40,660207312,logistic,rawsig_shuffled,39,C=0.01,0.7019634011028089,0.7100581369073079,0.7135084682068152,0.7104827307614623,0.725847514404395,0.6566966966966967,0.747630199620832
scale_only,40,660207312,logistic,statistics_logsig_shuffled,25,C=1.0,0.7076906673617062,0.7194097193584312,0.7219794707253607,0.7203797212684306,0.7354951092054134,0.6443243243243243,0.7784097245455559
scale_only,40,660207312,logistic,statistics_rawsig_shuffled,50,C=1.0,0.7101317435815773,0.7220327696602565,0.7257828696053545,0.7235709957584326,0.727321452498995,0.6503303303303303,0.7884465261514442
scale_only,40,660207312,logistic,b3_logsig_shuffled,54,C=0.1,0.7033879046127182,0.7230600819810727,0.7250388195073022,0.7241365380731165,0.7436687659118317,0.6332732732732733,0.7922382067581131
scale_only,40,660207312,logistic,b3_rawsig_shuffled,79,C=1.0,0.7090506124482013,0.7244110264339397,0.7279130987981995,0.726237123813371,0.7270534637545223,0.6478078078078078,0.7983718077394892
scale_only,40,660207312,gbm,hmm,3,max_leaf_nodes=15,0.6924375999717283,0.7160262830927886,0.7201849146646265,0.718400323167037,0.7167358970923221,0.6228228228228229,0.8085201293632207
scale_only,40,660207312,gbm,statistics,11,max_leaf_nodes=7,0.7033202008758156,0.7147979261375026,0.7179106551052946,0.7174308220561503,0.7099021841082674,0.6247447447447447,0.8097468495594959
scale_only,40,660207312,gbm,statistics_logsig,25,max_leaf_nodes=7,0.709226964168932,0.719577639289881,0.7228287559684551,0.7221167440921026,0.7171378802090312,0.6273873873873874,0.8142076502732241
scale_only,40,660207312,gbm,statistics_rawsig,50,max_leaf_nodes=7,0.709833890216644,0.7182583477290135,0.7214010790770321,0.7208644718238739,0.7168698914645585,0.621021021021021,0.8168841307014609
scale_only,40,660207312,gbm,b3,40,max_leaf_nodes=7,0.7050101443209774,0.7200762436908409,0.723367841036215,0.722763078166027,0.7176738576979766,0.6221021021021022,0.8204527712724434
scale_only,40,660207312,gbm,b3_logsig,54,max_leaf_nodes=7,0.7078319726552933,0.7230925949450467,0.7267817688894412,0.7256715814986872,0.7212917057483585,0.6278678678678679,0.8201182112189138
scale_only,40,660207312,gbm,b3_rawsig,79,max_leaf_nodes=7,0.7124991797740535,0.721045560064922,0.7247291330919493,0.7234902039991921,0.7208897226316495,0.6271471471471471,0.8150998104159697
scale_only,40,660207312,gbm,logsig,14,max_leaf_nodes=7,0.7100479366555614,0.7121302825077356,0.7156532391393625,0.713916380529186,0.7259815087766314,0.6108108108108108,0.7995985279357645
scale_only,40,660207312,gbm,rawsig,39,max_leaf_nodes=7,0.7105528610186754,0.7178384103138952,0.7219641167414812,0.7196525954352656,0.7222296663540131,0.6375975975975976,0.7936879669900747
scale_only,40,660207312,gbm,logsig_shuffled,14,max_leaf_nodes=15,0.7015077802375927,0.7067717170346443,0.7105875830709546,0.7087457079377903,0.7095002009915583,0.6242642642642643,0.7865506858481097
scale_only,40,660207312,gbm,rawsig_shuffled,39,max_leaf_nodes=15,0.7010640970043879,0.7059035895475336,0.7095127655033387,0.7079781862250051,0.7089642235026129,0.6187387387387387,0.790007806401249
scale_only,40,660207312,gbm,statistics_logsig_shuffled,25,max_leaf_nodes=7,0.7055774622490305,0.7162521479940654,0.7194455604173643,0.71884467784286,0.7121800884362857,0.6258258258258258,0.8107505297200848
scale_only,40,660207312,gbm,statistics_rawsig_shuffled,50,max_leaf_nodes=7,0.7053943073175756,0.7167149690183136,0.7199005871028509,0.7193294283983034,0.7125820715529948,0.6255855855855856,0.81197724991636
scale_only,40,660207312,gbm,b3_logsig_shuffled,54,max_leaf_nodes=7,0.7050101443209774,0.7200762436908409,0.723367841036215,0.722763078166027,0.7176738576979766,0.6221021021021022,0.8204527712724434
scale_only,40,660207312,gbm,b3_rawsig_shuffled,79,max_leaf_nodes=7,0.7039108934140555,0.7185463911712656,0.7217723656472709,0.7212280347404565,0.7166019027200857,0.6196996996996997,0.8193375710940114
scale_only,41,3214725941,random_forest,hmm,3,max_depth=6,0.7266642262846906,0.7267140138616767,0.7306732038379992,0.7263179155726116,0.7414710079128292,0.7173721894234393,0.7212988442487617
scale_only,41,3214725941,random_forest,statistics,11,max_depth=6,0.7392120302219315,0.7328626318125785,0.7348759426602584,0.731448192284387,0.7544428589959787,0.7375957794246953,0.7065492570170611
scale_only,41,3214725941,random_forest,statistics_logsig,25,max_depth=10,0.7445410427657261,0.7346636926356457,0.7375087307728916,0.7335487780246415,0.7487352445193929,0.7419922120336642,0.71326362135388
scale_only,41,3214725941,random_forest,statistics_rawsig,50,max_depth=6,0.747956658077749,0.7338992027598069,0.7369798051644488,0.7328620480710968,0.747178622389415,0.7404848637105891,0.7140341221794166
scale_only,41,3214725941,random_forest,b3,40,max_depth=10,0.7458525530816335,0.732631584981053,0.7353250540574768,0.7315693799232478,0.7535348294201583,0.7304358748900892,0.7139240506329114
scale_only,41,3214725941,random_forest,b3_logsig,54,max_depth=6,0.7469491160038334,0.7360266440252402,0.7386018721152879,0.7347606544132499,0.7475677779219094,0.7497801783695516,0.7107319757842597
scale_only,41,3214725941,random_forest,b3_rawsig,79,max_depth=6,0.7502910187858348,0.7360038821644035,0.7390172982313167,0.7348818420521107,0.7462705928135945,0.7481472176862203,0.7135938359933957
scale_only,41,3214725941,random_forest,logsig,14,max_depth=10,0.7403596611349351,0.7299648099929495,0.7334265631591642,0.7293072106645122,0.7338176157737709,0.7397311895490516,0.7163456246560265
scale_only,41,3214725941,random_forest,rawsig,39,max_depth=6,0.7476512558359039,0.7263522513406174,0.7299506266539276,0.7254696021005858,0.7360228304579064,0.7339530209772641,0.7090809025866813
scale_only,41,3214725941,random_forest,logsig_shuffled,14,max_depth=10,0.7359828955610418,0.7236264203457973,0.7264488805385803,0.7223995152494446,0.7345959268387598,0.7372189423439266,0.6990643918547056
scale_only,41,3214725941,random_forest,rawsig_shuffled,39,max_depth=6,0.7369488918534327,0.7225010065081312,0.7253743823993574,0.7214300141385579,0.7344662083279284,0.7314407737721392,0.7015960374243259
scale_only,41,3214725941,random_forest,statistics_logsig_shuffled,25,max_depth=6,0.741624100139156,0.7355175083740839,0.7376665285018267,0.7341143203393254,0.7524970813335063,0.7456349704810954,0.70842047330765
scale_only,41,3214725941,random_forest,statistics_rawsig_shuffled,50,max_depth=6,0.7411325821642163,0.7329248740218993,0.7354545267644049,0.7319733387194506,0.7470489038785835,0.7365908805426454,0.715134837644469
scale_only,41,3214725941,random_forest,b3_logsig_shuffled,54,max_depth=6,0.7461628555104266,0.7355144529905889,0.7380397791076705,0.7343162997374267,0.745622000259437,0.749528953649039,0.7113924050632912
scale_only,41,3214725941,random_forest,b3_rawsig_shuffled,79,max_depth=6,0.7445062747953828,0.7346423344057786,0.7372515292956026,0.7335083821450212,0.7438059411077961,0.7483984424067328,0.7117226197028068
scale_only,41,3214725941,logistic,hmm,3,C=0.01,0.7259102359593698,0.7255311126706472,0.7292547966425064,0.7249040597859019,0.7441950966402906,0.7164929029016455,0.7159053384700055
scale_only,41,3214725941,logistic,statistics,11,C=0.1,0.7360055776653155,0.7213291091054699,0.7217105993463658,0.7188042819632398,0.7792190945647944,0.7060670770003769,0.6787011557512383
scale_only,41,3214725941,logistic,statistics_logsig,25,C=0.1,0.7492337262468123,0.7301685697313336,0.7308003100408258,0.7278529589981821,0.791412634582955,0.7061926893606331,0.6929003852504128
scale_only,41,3214725941,logistic,statistics_rawsig,50,C=1.0,0.7481044021170268,0.7380128799499622,0.7392095958296663,0.735649363764896,0.7827214943572448,0.7353347569400829,0.6959823885525591
scale_only,41,3214725941,logistic,b3,40,C=1.0,0.7425182311163162,0.7239286291260054,0.7248329164899049,0.7219551605736215,0.7779219094564794,0.7012938073106394,0.6925701706108971
scale_only,41,3214725941,logistic,b3_logsig,54,C=0.1,0.747312669272359,0.7295568897374576,0.730092104015548,0.7270046455261563,0.7882993903229991,0.7138550433362643,0.6865162355531095
scale_only,41,3214725941,logistic,b3_rawsig,79,C=1.0,0.7477831337247847,0.7315291377964104,0.7325590360587654,0.7291456271460312,0.7845375535088858,0.7191307624670268,0.6909190974133187
scale_only,41,3214725941,logistic,logsig,14,C=1.0,0.7351898491095709,0.7261056742299564,0.7246752109099802,0.7248232680266613,0.8247502918666494,0.6335887451325211,0.7199779856906989
scale_only,41,3214725941,logistic,rawsig,39,C=1.0,0.7461231047592155,0.7359422940506297,0.7380768424267085,0.7339527368208443,0.7737709171098716,0.7334505715362392,0.7006053935057788
scale_only,41,3214725941,logistic,logsig_shuffled,14,C=0.01,0.7233742106582643,0.715704846222527,0.7150578012552186,0.7146031104827307,0.7988065897003502,0.6382364024620023,0.7100715465052284
scale_only,41,3214725941,logistic,rawsig_shuffled,39,C=1.0,0.7354404078384333,0.7271218179344853,0.7293178294243697,0.7253888103413452,0.747178622389415,0.7407360884311016,0.693450742982939
scale_only,41,3214725941,logistic,statistics_logsig_shuffled,25,C=0.1,0.743076271505099,0.7261869724446068,0.7267593314400465,0.723772975156534,0.7799974056297834,0.7134782062554955,0.6850853054485415
scale_only,41,3214725941,logistic,statistics_rawsig_shuffled,50,C=1.0,0.7436893457472641,0.7382305354543969,0.7395905514110809,0.7359725308018582,0.7745492281748606,0.7434995603567391,0.6966428178315905
scale_only,41,3214725941,logistic,b3_logsig_shuffled,54,C=1.0,0.7423062479468657,0.7244610032072468,0.7253865831198363,0.7225610987679256,0.7781813464781424,0.7005401331491019,0.6946615299944964
scale_only,41,3214725941,logistic,b3_rawsig_shuffled,79,C=1.0,0.7431886457959971,0.7276160521054645,0.728839225300988,0.7254696021005858,0.776754442858996,0.7147343298580581,0.6913593835993396
scale_only,41,3214725941,gbm,hmm,3,max_leaf_nodes=7,0.7274802465640412,0.7256263809000317,0.7294143533056401,0.7257119773783074,0.744065378129459,0.7011681949503831,0.7316455696202532
scale_only,41,3214725941,gbm,statistics,11,max_leaf_nodes=7,0.7337756740466448,0.7206096118502797,0.7232509397414885,0.7194910119167844,0.7491244000518874,0.7103378972490894,0.7023665382498624
scale_only,41,3214725941,gbm,statistics_logsig,25,max_leaf_nodes=7,0.7406984657119681,0.724352662135022,0.7273225684673275,0.7232074328418502,0.7554806070826307,0.7114684084913956,0.7061089708310402
scale_only,41,3214725941,gbm,statistics_rawsig,50,max_leaf_nodes=7,0.742366151187554,0.726783069364309,0.7296168625279559,0.7255907897394466,0.7580749772992607,0.7147343298580581,0.7075399009356081
scale_only,41,3214725941,gbm,b3,40,max_leaf_nodes=7,0.7414594555226709,0.7196381430061384,0.7227623943980502,0.7186023025651384,0.7585938513425866,0.6947619645773144,0.7055586130985141
scale_only,41,3214725941,gbm,b3_logsig,54,max_leaf_nodes=7,0.7450211247041922,0.722480095323566,0.7254507081315763,0.7211472429812159,0.7622259696458684,0.7031779927144831,0.7020363236103467
scale_only,41,3214725941,gbm,b3_rawsig,79,max_leaf_nodes=7,0.7473307141781923,0.7216592414128481,0.7247897223584219,0.7205009089072915,0.758723569853418,0.7017962567516643,0.7044578976334618
scale_only,41,3214725941,gbm,logsig,14,max_leaf_nodes=7,0.7467081086836677,0.7281498731470443,0.7316103140183596,0.7273682084427389,0.7576858217667661,0.709207386006783,0.7175564116675839
scale_only,41,3214725941,gbm,rawsig,39,max_leaf_nodes=7,0.7476381674891588,0.7301975631649741,0.7331409351301207,0.7291456271460312,0.7658580879491503,0.7097098354478081,0.7150247660979637
scale_only,41,3214725941,gbm,logsig_shuffled,14,max_leaf_nodes=15,0.7354278904628733,0.7213602008718145,0.7241725439816755,0.7203797212684306,0.7452328447269425,0.713729430976008,0.7051183269124931
scale_only,41,3214725941,gbm,rawsig_shuffled,39,max_leaf_nodes=7,0.7354933152335007,0.7226338581114643,0.7253535664874557,0.7214300141385579,0.7426384745103126,0.7246577063183017,0.7006053935057788
scale_only,41,3214725941,gbm,statistics_logsig_shuffled,25,max_leaf_nodes=7,0.7365148987365026,0.722412334741079,0.7250109469972847,0.7211472429812159,0.7523673628226748,0.7136038186157518,0.7012658227848101
scale_only,41,3214725941,gbm,statistics_rawsig_shuffled,50,max_leaf_nodes=7,0.737387376176671,0.7231939756336079,0.7258571985800231,0.7219955564532418,0.7514593332468543,0.7149855545785705,0.703137039075399
scale_only,41,3214725941,gbm,b3_logsig_shuffled,54,max_leaf_nodes=7,0.7414594555226709,0.7196381430061384,0.7227623943980502,0.7186023025651384,0.7585938513425866,0.6947619645773144,0.7055586130985141
scale_only,41,3214725941,gbm,b3_rawsig_shuffled,79,max_leaf_nodes=7,0.7412538261331377,0.7165750317427309,0.7196322114561889,0.7154514239547566,0.7576858217667661,0.6909935937696269,0.7010456796917997
scale_only,42,3519752463,random_forest,hmm,3,max_depth=6,0.7322065941309095,0.7057155310464046,0.701171803679406,0.7287820642294486,0.7973489468976173,0.7535267078776351,0.5662709383639616
scale_only,42,3519752463,random_forest,statistics,11,max_depth=10,0.7453024913584727,0.7088924847691981,0.7059003014535649,0.7384366794586952,0.8268683418720013,0.7467110477096212,0.5530980647259717
scale_only,42,3519752463,random_forest,statistics_logsig,25,max_depth=10,0.747630191109014,0.7091703191607465,0.7051025833496881,0.7378711371440113,0.8232089127429454,0.7677920431130132,0.5365100016262807
scale_only,42,3519752463,random_forest,statistics_rawsig,50,max_depth=6,0.7474510917177302,0.7104142367820406,0.7044375575914389,0.7374671783478085,0.8172725054891437,0.7899825645902678,0.5239876402667101
scale_only,42,3519752463,random_forest,b3,40,max_depth=6,0.7471691095343171,0.7066337341554626,0.7025634553625878,0.7347202585336295,0.8182483532568919,0.7633539388175622,0.5382989103919337
scale_only,42,3519752463,random_forest,b3_logsig,54,max_depth=6,0.7472389792197274,0.7092428613023011,0.7048805927145132,0.7367400525146435,0.8183296739042043,0.7719131399587891,0.5374857700439096
scale_only,42,3519752463,random_forest,b3_rawsig,79,max_depth=6,0.7484386409223095,0.7110141152575314,0.7058036839339072,0.7382750959402141,0.8188989184353908,0.7833254081470915,0.5308180191901122
scale_only,42,3519752463,random_forest,logsig,14,max_depth=10,0.737184994718838,0.7016158068263793,0.6951840003895358,0.7271662290446375,0.8022281857363585,0.7887145347915676,0.5139046999512116
scale_only,42,3519752463,random_forest,rawsig,39,max_depth=6,0.7424157604153748,0.706685682890948,0.7004441111464758,0.7338719450616037,0.8139383589493372,0.7917261055634808,0.514392584160026
scale_only,42,3519752463,random_forest,logsig_shuffled,14,max_depth=10,0.7351122773083146,0.700351477356382,0.6940851036330548,0.7259139567764088,0.8010083760266732,0.7876050087177049,0.5124410473247683
scale_only,42,3519752463,random_forest,rawsig_shuffled,39,max_depth=6,0.7384372256298365,0.7032693354717435,0.6971883956922823,0.729711169460715,0.8075140278116614,0.7887145347915676,0.5135794438120019
scale_only,42,3519752463,random_forest,statistics_logsig_shuffled,25,max_depth=10,0.7460086742083671,0.7116922800002438,0.7082926455948001,0.7401737022823672,0.8251606082784418,0.7582818196227611,0.5516344120995283
scale_only,42,3519752463,random_forest,statistics_rawsig_shuffled,50,max_depth=6,0.7447328284661129,0.7061558287681239,0.7011005027625504,0.7340335285800849,0.8164592990160202,0.7809478522745285,0.5210603350138234
scale_only,42,3519752463,random_forest,b3_logsig_shuffled,54,max_depth=10,0.7458883844728748,0.7093753745594172,0.706103325760688,0.7380327206624925,0.8236155159795072,0.7535267078776351,0.5509838998211091
scale_only,42,3519752463,random_forest,b3_rawsig_shuffled,79,max_depth=6,0.746710338322847,0.7082670532096125,0.7037090054951576,0.735649363764896,0.8168659022525819,0.7719131399587891,0.5360221174174663
scale_only,42,3519752463,logistic,hmm,3,C=0.1,0.7307049603151379,0.7040792059299311,0.7002600446727452,0.7291052312664108,0.8036919573879808,0.7484545886828341,0.5600910717189787
scale_only,42,3519752463,logistic,statistics,11,C=0.1,0.7374028910758845,0.6850730676767934,0.6849634929414584,0.723328620480711,0.8383345531430431,0.7148517990172769,0.5020328508700602
scale_only,42,3519752463,logistic,statistics_logsig,25,C=0.01,0.7404920862158489,0.7039216958067703,0.7040012344224839,0.7416683498283175,0.8552492477840123,0.7292756379774925,0.5272402016588064
scale_only,42,3519752463,logistic,statistics_rawsig,50,C=1.0,0.743684259048198,0.7073660960819899,0.7043390219108465,0.7401737022823672,0.8380092705537936,0.7633539388175622,0.5207350788746138
scale_only,42,3519752463,logistic,b3,40,C=1.0,0.7396903068420099,0.688971846802468,0.6897438249882201,0.728256917794385,0.8469545417581524,0.6966238706609605,0.5233371279882908
scale_only,42,3519752463,logistic,b3_logsig,54,C=1.0,0.7380013322266188,0.69155120126215,0.6920225205562273,0.7310038376085639,0.8500447263560218,0.7055000792518624,0.5191087981785656
scale_only,42,3519752463,logistic,b3_rawsig,79,C=0.01,0.7389368700233282,0.6930386497178219,0.6933453604725272,0.7341951120985659,0.8582581117345695,0.7121572356950389,0.5087006017238576
scale_only,42,3519752463,logistic,logsig,14,C=0.01,0.731690599797378,0.6985900431890905,0.7034048038075932,0.7440517067259139,0.8826543059282752,0.6596925027738152,0.5534233208651813
scale_only,42,3519752463,logistic,rawsig,39,C=1.0,0.7391682442741468,0.7061501894846461,0.7029342149929837,0.7399313270046455,0.8406115312677889,0.7660485021398002,0.511790535046349
scale_only,42,3519752463,logistic,logsig_shuffled,14,C=1.0,0.7267909398601452,0.6830411783080228,0.6883519056169289,0.7287416683498283,0.8682605513539888,0.6367094626723728,0.544153520897707
scale_only,42,3519752463,logistic,rawsig_shuffled,39,C=1.0,0.7385685040802654,0.7006404746918641,0.6983564274414334,0.7339931327004645,0.833699276246239,0.748137581233159,0.5200845665961945
scale_only,42,3519752463,logistic,statistics_logsig_shuffled,25,C=0.1,0.7407179886834641,0.698093463991913,0.6973442650356886,0.7342759038578065,0.8428885093925348,0.7324457124742432,0.5189461701089608
scale_only,42,3519752463,logistic,statistics_rawsig_shuffled,50,C=1.0,0.7451012457534222,0.7059178005104721,0.7030638535966879,0.7376287618662897,0.8322355045946166,0.7584403233475987,0.5270775735892015
scale_only,42,3519752463,logistic,b3_logsig_shuffled,54,C=1.0,0.739810128423057,0.68862084974573,0.6893648171246652,0.7278933548778025,0.8465479385215906,0.696465366936123,0.5228492437794764
scale_only,42,3519752463,logistic,b3_rawsig_shuffled,79,C=1.0,0.7402662389633509,0.6992251756036696,0.6986834463538569,0.7350434255705918,0.8428885093925348,0.7207164368362656,0.5340705805822085
scale_only,42,3519752463,gbm,hmm,3,max_leaf_nodes=7,0.7323965548122643,0.7071418295863469,0.7025023439734491,0.7295091900626136,0.796129137187932,0.7484545886828341,0.5768417628882745
scale_only,42,3519752463,gbm,statistics,11,max_leaf_nodes=7,0.7394776162707944,0.6998804367752238,0.6983857504819141,0.7322561098767926,0.8296332438806213,0.7232524964336662,0.546755570011384
scale_only,42,3519752463,gbm,statistics_logsig,25,max_leaf_nodes=7,0.7439132868076671,0.707156966844754,0.7046482895785662,0.7386386588567966,0.8329673904204278,0.743699476937708,0.5448040331761262
scale_only,42,3519752463,gbm,statistics_rawsig,50,max_leaf_nodes=7,0.7429764413193795,0.7100048662063981,0.7072132178885534,0.7402544940416077,0.8307717329429942,0.7497226184815343,0.5495202471946657
scale_only,42,3519752463,gbm,b3,40,max_leaf_nodes=7,0.7340589487658029,0.7059252547408432,0.704184455795442,0.7375075742274289,0.8327234284784907,0.7200824219369155,0.5649699138071231
scale_only,42,3519752463,gbm,b3_logsig,54,max_leaf_nodes=7,0.7368466112002897,0.7135843665769407,0.7115761349226318,0.7439305190870531,0.8351630478978612,0.7370423204945317,0.5685477313384291
scale_only,42,3519752463,gbm,b3_rawsig,79,max_leaf_nodes=7,0.7388274998269488,0.7106135711532365,0.7090080141038518,0.7409412239951525,0.832316825241929,0.7264225709304168,0.5731013172873638
scale_only,42,3519752463,gbm,logsig,14,max_leaf_nodes=7,0.7367766376988357,0.7080205740049377,0.7043268793976161,0.7392042011714806,0.8321541839473042,0.7628784276430496,0.5290291104244592
scale_only,42,3519752463,gbm,rawsig,39,max_leaf_nodes=7,0.73953384526502,0.7095558841325099,0.7058563847620786,0.7400525146435064,0.830934374237619,0.7639879537169123,0.5337453244429988
scale_only,42,3519752463,gbm,logsig_shuffled,14,max_leaf_nodes=7,0.7346667471235776,0.6979500150142711,0.694958115115964,0.7299535447384367,0.8254858908676913,0.7489300998573466,0.5194340543177752
scale_only,42,3519752463,gbm,rawsig_shuffled,39,max_leaf_nodes=7,0.7351836414053917,0.698091637019035,0.6947854349128121,0.7301555241365381,0.8257298528096284,0.7544777302266603,0.5140673280208163
scale_only,42,3519752463,gbm,statistics_logsig_shuffled,25,max_leaf_nodes=7,0.7410772254986036,0.7008622839687494,0.6989960519321912,0.732902443950717,0.8291453199967471,0.7288001268029799,0.5446414051065214
scale_only,42,3519752463,gbm,statistics_rawsig_shuffled,50,max_leaf_nodes=7,0.7414488708476297,0.703270464968937,0.701339015412044,0.7345990708947687,0.8287387167601854,0.7292756379774925,0.5517970401691332
scale_only,42,3519752463,gbm,b3_logsig_shuffled,54,max_leaf_nodes=7,0.7340589487658029,0.7059252547408432,0.704184455795442,0.7375075742274289,0.8327234284784907,0.7200824219369155,0.5649699138071231
scale_only,42,3519752463,gbm,b3_rawsig_shuffled,79,max_leaf_nodes=7,0.735583211224347,0.7077421991127587,0.7058752483668802,0.7383962835790749,0.8307717329429942,0.7230939927088287,0.5693608716864531
scale_only,43,3209911946,random_forest,hmm,3,max_depth=10,0.7016211120813146,0.7184068269918993,0.7164773555128177,0.7361745101999596,0.8356024821709734,0.6674382716049383,0.652179727199786
scale_only,43,3209911946,random_forest,statistics,11,max_depth=10,0.7157280182847758,0.7215672510139557,0.7193356140869156,0.7379519289032519,0.8280077799388719,0.6691358024691358,0.6675581706338594
scale_only,43,3209911946,random_forest,statistics_logsig,25,max_depth=10,0.7211366694068916,0.72847123361373,0.7260199016322625,0.744778832559079,0.8358803371306844,0.6811728395061728,0.6683605242043327
scale_only,43,3209911946,random_forest,statistics_rawsig,50,max_depth=10,0.7237322041179232,0.7311424859351012,0.7289530504553922,0.7481316905675621,0.8401407798462536,0.6722222222222223,0.6810644557368281
scale_only,43,3209911946,random_forest,b3,40,max_depth=10,0.7204946147590686,0.7249762919781692,0.7226291641524333,0.7415067663098364,0.8323608409743447,0.6720679012345679,0.670500133725595
scale_only,43,3209911946,random_forest,b3_logsig,54,max_depth=10,0.7225036411188808,0.7264646259344244,0.7240909515008607,0.7429610179761664,0.8334722608131888,0.6731481481481482,0.6727734688419363
scale_only,43,3209911946,random_forest,b3_rawsig,79,max_depth=10,0.7251495172369181,0.7304017214380164,0.7281283407669138,0.7472429812159159,0.8388441233676021,0.6733024691358025,0.6790585718106446
scale_only,43,3209911946,random_forest,logsig,14,max_depth=10,0.7049568973225494,0.7253429648505224,0.722943207005453,0.7410624116340133,0.828563489858294,0.6787037037037037,0.6687617009895694
scale_only,43,3209911946,random_forest,rawsig,39,max_depth=10,0.7177715099849592,0.7257855850265448,0.724160873574025,0.7445768531609775,0.8419005279244235,0.6458333333333334,0.6896228938218775
scale_only,43,3209911946,random_forest,logsig_shuffled,14,max_depth=10,0.7046018897296532,0.7223323632446671,0.7199053577025584,0.7383154918198344,0.828285634898583,0.6782407407407407,0.6604707140946777
scale_only,43,3209911946,random_forest,rawsig_shuffled,39,max_depth=10,0.7070240765497489,0.7196986854390376,0.7177272921809514,0.7372651989497071,0.8325460776141521,0.6592592592592592,0.6672907194437016
scale_only,43,3209911946,random_forest,statistics_logsig_shuffled,25,max_depth=10,0.7178758946025311,0.725480329884193,0.7230303662083554,0.7415471621894567,0.8306937112160785,0.6768518518518518,0.6688954265846483
scale_only,43,3209911946,random_forest,statistics_rawsig_shuffled,50,max_depth=10,0.7178698498696411,0.7267869936759941,0.7243041193827247,0.7428802262169258,0.8321756043345374,0.6780864197530864,0.6700989569403584
scale_only,43,3209911946,random_forest,b3_logsig_shuffled,54,max_depth=10,0.7200589007215247,0.7235876814558658,0.7212735364719877,0.7404160775600889,0.8332870241733815,0.6709876543209876,0.6664883658732281
scale_only,43,3209911946,random_forest,b3_rawsig_shuffled,79,max_depth=10,0.7191825816569692,0.7244480726665676,0.7220917302957623,0.7409412239951525,0.831434657775308,0.671141975308642,0.6707675849157528
scale_only,43,3209911946,logistic,hmm,3,C=0.01,0.696536457926748,0.7178790420766678,0.7154774604378812,0.7369420319127449,0.8528294896730574,0.6938271604938272,0.6069804760631184
scale_only,43,3209911946,logistic,statistics,11,C=1.0,0.7153456615773827,0.7207659553129603,0.7197724395517785,0.7423550797818622,0.8632953598221729,0.6592592592592592,0.6397432468574485
scale_only,43,3209911946,logistic,statistics_logsig,25,C=0.1,0.7154616209953978,0.7211236492727043,0.7199667435253287,0.7431629973742678,0.8688524590163934,0.6657407407407407,0.6287777480609789
scale_only,43,3209911946,logistic,statistics_rawsig,50,C=1.0,0.716428236653179,0.7302059804772322,0.7281694497073493,0.7487780246414866,0.856071130869686,0.6881172839506173,0.6464295266113934
scale_only,43,3209911946,logistic,b3,40,C=1.0,0.708640060798316,0.727048870844777,0.7256575062662716,0.7480105029287013,0.8672779475780309,0.6734567901234568,0.640411874832843
scale_only,43,3209911946,logistic,b3_logsig,54,C=1.0,0.7075741831450154,0.7261338091171341,0.7247532151219831,0.7474853564936377,0.8699638788552375,0.6748456790123457,0.6335918694838192
scale_only,43,3209911946,logistic,b3_rawsig,79,C=1.0,0.7095448623098607,0.7276512847865023,0.7260968356895007,0.7476065441324985,0.8599611003056404,0.6726851851851852,0.6503075688686815
scale_only,43,3209911946,logistic,logsig,14,C=0.01,0.7088024379380281,0.7180732943610878,0.7182559951929924,0.7446980407998384,0.8903399092340465,0.6305555555555555,0.6333244182936614
scale_only,43,3209911946,logistic,rawsig,39,C=0.1,0.7138945840356103,0.7288753382634522,0.7275361530474606,0.7495051504746516,0.8629248865425582,0.662962962962963,0.6607381652848355
scale_only,43,3209911946,logistic,logsig_shuffled,14,C=0.1,0.7068233719267164,0.7096903960529226,0.7098876603250798,0.7357301555241366,0.8757062146892656,0.615895061728395,0.6374699117411072
scale_only,43,3209911946,logistic,rawsig_shuffled,39,C=0.1,0.7107388341450299,0.7182545055761839,0.7169024162704397,0.7387194506160372,0.8528294896730574,0.658179012345679,0.6437550147098154
scale_only,43,3209911946,logistic,statistics_logsig_shuffled,25,C=1.0,0.7165627684890056,0.7220178327457303,0.720786786599061,0.7433649767723692,0.8639436880614986,0.6645061728395062,0.6376036373361862
scale_only,43,3209911946,logistic,statistics_rawsig_shuffled,50,C=1.0,0.7183519593654591,0.7276921017645496,0.725490559515611,0.7457483336699656,0.8513475965545985,0.6910493827160494,0.6406793260230008
scale_only,43,3209911946,logistic,b3_logsig_shuffled,54,C=1.0,0.7086384920086658,0.7274226962054858,0.7259550845288595,0.7482124823268027,0.8670000926183199,0.6759259259259259,0.6393420700722118
scale_only,43,3209911946,logistic,b3_rawsig_shuffled,79,C=1.0,0.7116290322446419,0.7248873629673662,0.7231342910866102,0.7444556655221167,0.8565342224692044,0.6773148148148148,0.6408130516180797
scale_only,43,3209911946,gbm,hmm,3,max_leaf_nodes=7,0.7019080099582088,0.7181668107362448,0.716280132368135,0.736093718440719,0.8361581920903954,0.6658950617283951,0.6524471783899438
scale_only,43,3209911946,gbm,statistics,11,max_leaf_nodes=7,0.7156960900468321,0.7183929259066777,0.716736856701839,0.7369016360331246,0.8379179401685654,0.6567901234567901,0.6604707140946777
scale_only,43,3209911946,gbm,statistics_logsig,25,max_leaf_nodes=7,0.7220811484629975,0.7245352980868649,0.7228895532200944,0.7428398303373056,0.8436602760025933,0.6666666666666666,0.6632789515913345
scale_only,43,3209911946,gbm,statistics_rawsig,50,max_leaf_nodes=7,0.7224369153681326,0.7221892508699157,0.7206896507077478,0.7411432033932539,0.8430119477632676,0.653858024691358,0.6696977801551217
scale_only,43,3209911946,gbm,b3,40,max_leaf_nodes=7,0.7145388847385297,0.7190689447977924,0.717735685043714,0.739284992930721,0.8467166805594146,0.6421296296296296,0.6683605242043327
scale_only,43,3209911946,gbm,b3_logsig,54,max_leaf_nodes=7,0.7174770654081325,0.7222791106694665,0.7208546840414414,0.7421934962633812,0.849217375196814,0.6504629629629629,0.6671569938486226
scale_only,43,3209911946,gbm,b3_rawsig,79,max_leaf_nodes=7,0.7176849960349792,0.720550722074161,0.7192084840165535,0.7409008281155323,0.849495230156525,0.6445987654320988,0.6675581706338594
scale_only,43,3209911946,gbm,logsig,14,max_leaf_nodes=7,0.716843335959899,0.7286022487546665,0.7269502182623615,0.7472833770955363,0.8477354820783551,0.6614197530864198,0.6766515110992244
scale_only,43,3209911946,gbm,rawsig,39,max_leaf_nodes=7,0.717044551197391,0.7282489887021463,0.7265596256620285,0.7469198141789537,0.8472723904788367,0.6609567901234568,0.6765177855041455
scale_only,43,3209911946,gbm,logsig_shuffled,14,max_leaf_nodes=7,0.7087209247495969,0.7210607946787629,0.7189156123020624,0.7382750959402141,0.8344910623321293,0.6712962962962963,0.6573950254078631
scale_only,43,3209911946,gbm,rawsig_shuffled,39,max_leaf_nodes=15,0.7082461013662332,0.7196683355109673,0.7178504770878913,0.7377903453847707,0.8364360470501065,0.6584876543209877,0.664081305161808
scale_only,43,3209911946,gbm,statistics_logsig_shuffled,25,max_leaf_nodes=7,0.7187216324305488,0.7181254062487376,0.7165568850961991,0.7367400525146435,0.8380105584884691,0.6550925925925926,0.6612730676651511
scale_only,43,3209911946,gbm,statistics_rawsig_shuffled,50,max_leaf_nodes=7,0.7183277212345148,0.720230869930124,0.7186276777355834,0.7385982629771763,0.8382884134481801,0.6572530864197531,0.6651511099224392
scale_only,43,3209911946,gbm,b3_logsig_shuffled,54,max_leaf_nodes=7,0.7145388847385297,0.7190689447977924,0.717735685043714,0.739284992930721,0.8467166805594146,0.6421296296296296,0.6683605242043327
scale_only,43,3209911946,gbm,b3_rawsig_shuffled,79,max_leaf_nodes=7,0.7149932498836943,0.7197993567031852,0.7183971580049389,0.7397293476065442,0.8460683523200889,0.6453703703703704,0.667959347419096
scale_only,44,2734190334,random_forest,hmm,3,max_depth=6,0.7454763357252396,0.7257679863197732,0.7268934444389396,0.726237123813371,0.7772867874502872,0.6717391304347826,0.7282780410742496
scale_only,44,2734190334,random_forest,statistics,11,max_depth=6,0.7510420116641884,0.7312222152475617,0.7334099999440706,0.7327812563118562,0.7694432169686257,0.7080091533180778,0.7162142754559816
scale_only,44,2734190334,random_forest,statistics_logsig,25,max_depth=10,0.7570515911955873,0.7382391463259629,0.739715634212783,0.7390830135326196,0.7746354396818382,0.70720823798627,0.7328737613097802
scale_only,44,2734190334,random_forest,statistics_rawsig,50,max_depth=6,0.7629202023598053,0.7378482510974681,0.7397793838835344,0.7396889517269238,0.7876712328767124,0.7049199084668192,0.7209536119488726
scale_only,44,2734190334,random_forest,b3,40,max_depth=6,0.7556172019964347,0.7330231255348293,0.7356070191034045,0.7348010502928701,0.7669023420238621,0.7179633867276888,0.714203647852937
scale_only,44,2734190334,random_forest,b3_logsig,54,max_depth=6,0.7579505095239063,0.7333077130823317,0.7359609352477631,0.7354069884871743,0.7714317277949624,0.7177345537757437,0.7107568576762889
scale_only,44,2734190334,random_forest,b3_rawsig,79,max_depth=6,0.7631980219987923,0.7393548632123107,0.74132230054651,0.7412239951524945,0.7861246133451171,0.7104118993135011,0.7215280769783139
scale_only,44,2734190334,random_forest,logsig,14,max_depth=10,0.7538654702797364,0.7248668883577812,0.7272096496482668,0.7263987073318522,0.7635881573133009,0.7006864988558352,0.7103260089042079
scale_only,44,2734190334,random_forest,rawsig,39,max_depth=6,0.761899368319015,0.7348960112485242,0.7368112832059937,0.7367804483942638,0.7870083959346,0.6998855835240274,0.7177940542869453
scale_only,44,2734190334,random_forest,logsig_shuffled,14,max_depth=10,0.7518840107603838,0.7230611246979995,0.7257988566032818,0.7251464350636235,0.7628148475475033,0.7053775743707094,0.7009909521757863
scale_only,44,2734190334,random_forest,rawsig_shuffled,39,max_depth=6,0.7550699003120688,0.7277720576010719,0.7300096935501332,0.7299131488588164,0.7778391515687141,0.6987414187643021,0.7067356024701996
scale_only,44,2734190334,random_forest,statistics_logsig_shuffled,25,max_depth=10,0.7532336919287782,0.7339188603671998,0.7355890119559939,0.7351242173298324,0.7745249668581529,0.702974828375286,0.7242567858681602
scale_only,44,2734190334,random_forest,statistics_rawsig_shuffled,50,max_depth=6,0.7565614980404721,0.7325558101427903,0.7344609013000895,0.7343162997374267,0.7791648254529385,0.7022883295194507,0.7162142754559816
scale_only,44,2734190334,random_forest,b3_logsig_shuffled,54,max_depth=6,0.7567918729931921,0.7322156379429702,0.7346524203762654,0.7341547162189457,0.7712107821475916,0.7133867276887872,0.7120494039925319
scale_only,44,2734190334,random_forest,b3_rawsig_shuffled,79,max_depth=6,0.7574379028388681,0.73266780497419,0.7349768709599078,0.7345990708947687,0.7741935483870968,0.7107551487414188,0.7130547177940543
scale_only,44,2734190334,logistic,hmm,3,C=0.01,0.7471110935672524,0.7227777776613568,0.7268284555555456,0.726237123813371,0.7782810428634556,0.705720823798627,0.6843314663219876
scale_only,44,2734190334,logistic,statistics,11,C=1.0,0.7540128821569577,0.7264179277351445,0.7291714960855745,0.7306402746919815,0.8070039770216527,0.6905034324942791,0.6817463736895016
scale_only,44,2734190334,logistic,statistics_logsig,25,C=1.0,0.7580095430989809,0.7257225076761092,0.7284256624071678,0.7303171076550192,0.8177198409191339,0.6815789473684211,0.6778687347407727
scale_only,44,2734190334,logistic,statistics_rawsig,50,C=1.0,0.7630225341522635,0.7339412892490857,0.7371134693295384,0.7385982629771763,0.8094343791427309,0.7100686498855835,0.682320838718943
scale_only,44,2734190334,logistic,b3,40,C=0.1,0.7486141196274522,0.7181626645212346,0.7198164594790873,0.7206624924257725,0.7966195315952276,0.6607551487414187,0.6971133132270573
scale_only,44,2734190334,logistic,b3_logsig,54,C=1.0,0.75277304143826,0.7180384662001975,0.7201009806415306,0.7212280347404565,0.8020326999558108,0.6637299771167048,0.688352721528077
scale_only,44,2734190334,logistic,b3_rawsig,79,C=1.0,0.7578672361140312,0.7312635300942727,0.7335887469343358,0.7345990708947687,0.8046840477242598,0.6914187643020595,0.6976877782564986
scale_only,44,2734190334,logistic,logsig,14,C=0.1,0.7471429789244793,0.7209837222588994,0.7194600414403493,0.7232882246010907,0.8431285903667698,0.6094965675057208,0.7103260089042079
scale_only,44,2734190334,logistic,rawsig,39,C=1.0,0.7633751349515836,0.7331953607391316,0.7363944589686581,0.7375479701070491,0.806783031374282,0.7073226544622425,0.6854803963808703
scale_only,44,2734190334,logistic,logsig_shuffled,14,C=0.1,0.7432454177934361,0.7230527267891796,0.7214429020983087,0.7248636639062815,0.8376049491825011,0.6136155606407323,0.7179376705443056
scale_only,44,2734190334,logistic,rawsig_shuffled,39,C=1.0,0.7581843777424339,0.7336329665926756,0.7371747372693599,0.7377499495051505,0.7917587273530712,0.7226544622425629,0.6864857101823927
scale_only,44,2734190334,logistic,statistics_logsig_shuffled,25,C=0.1,0.7570631681573513,0.726842489200354,0.7294463023953209,0.7310846293678045,0.8123066725585506,0.6854691075514874,0.682751687491024
scale_only,44,2734190334,logistic,statistics_rawsig_shuffled,50,C=1.0,0.760356361795464,0.7348121332941361,0.7382384186896719,0.7395273682084428,0.8042421564295184,0.7188787185354691,0.6813155249174206
scale_only,44,2734190334,logistic,b3_logsig_shuffled,54,C=0.1,0.7481309809573345,0.718131887377684,0.7197772129703148,0.7207028883053929,0.7975033141847105,0.6606407322654462,0.6962516156828953
scale_only,44,2734190334,logistic,b3_rawsig_shuffled,79,C=1.0,0.7536117462798986,0.7268367024119394,0.7294266119343327,0.7299535447384367,0.7917587273530712,0.6939359267734554,0.6948154531092919
scale_only,44,2734190334,gbm,hmm,3,max_leaf_nodes=7,0.7450518937686237,0.7264368915471545,0.7273334061690719,0.7265602908503332,0.7745249668581529,0.6716247139588101,0.733160993824501
scale_only,44,2734190334,gbm,statistics,11,max_leaf_nodes=7,0.7447866108083464,0.7288480018853511,0.7296376448734546,0.729711169460715,0.7777286787450287,0.6834096109839817,0.725405715927043
scale_only,44,2734190334,gbm,statistics_logsig,25,max_leaf_nodes=7,0.7503473424472832,0.7286107728592458,0.7293352691781791,0.7295899818218542,0.783141847105612,0.6781464530892448,0.724544018382881
scale_only,44,2734190334,gbm,statistics_rawsig,50,max_leaf_nodes=7,0.75527840379548,0.7307050297113443,0.7312684131892538,0.7318925469602101,0.7906539991162174,0.6767734553775744,0.7246876346402413
scale_only,44,2734190334,gbm,b3,40,max_leaf_nodes=7,0.7486529663747273,0.727559868502226,0.7291562280347,0.7283377095536255,0.7639195757843571,0.6956521739130435,0.7231078558092776
scale_only,44,2734190334,gbm,b3_logsig,54,max_leaf_nodes=7,0.7543263961056512,0.7289074348529917,0.7299498725432046,0.7291052312664108,0.7639195757843571,0.6905034324942791,0.732299296280339
scale_only,44,2734190334,gbm,b3_rawsig,79,max_leaf_nodes=7,0.7562735826484249,0.7272456109049835,0.728404348266516,0.7276105837204605,0.7653557224922669,0.6875286041189931,0.7288525061036909
scale_only,44,2734190334,gbm,logsig,14,max_leaf_nodes=7,0.7581620872592575,0.7305703751334605,0.7313580109422514,0.7319329428398303,0.7961776403004861,0.6724256292906179,0.7231078558092776
scale_only,44,2734190334,gbm,rawsig,39,max_leaf_nodes=7,0.7587219404038934,0.7347475767337498,0.7353007315304394,0.7359725308018582,0.8008174988952718,0.674141876430206,0.7292833548757719
scale_only,44,2734190334,gbm,logsig_shuffled,14,max_leaf_nodes=7,0.7549029887993569,0.7293790217955776,0.730720460777802,0.7310442334881843,0.7873398144056563,0.6844393592677346,0.716357891713342
scale_only,44,2734190334,gbm,rawsig_shuffled,39,max_leaf_nodes=7,0.7549141251445088,0.7305978810614634,0.7320948223590723,0.7322965057564128,0.7859036676977463,0.6892448512585813,0.7166451242280626
scale_only,44,2734190334,gbm,statistics_logsig_shuffled,25,max_leaf_nodes=7,0.7462269900160984,0.7265693560542396,0.7276156478653836,0.7275701878408403,0.7756296950950067,0.682837528604119,0.7212408444635933
scale_only,44,2734190334,gbm,statistics_rawsig_shuffled,50,max_leaf_nodes=7,0.7472058858220917,0.728114638893293,0.7292225795979616,0.7293476065441326,0.7786124613345117,0.6859267734553776,0.7198046818899899
scale_only,44,2734190334,gbm,b3_logsig_shuffled,54,max_leaf_nodes=7,0.7479177147386968,0.7268791592545663,0.728390856485913,0.7276105837204605,0.7642509942554132,0.6931350114416476,0.723251472066638
scale_only,44,2734190334,gbm,b3_rawsig_shuffled,79,max_leaf_nodes=7,0.749905413440096,0.7281803654438912,0.7296341196200383,0.7289436477479297,0.7655766681396377,0.6948512585812358,0.7241131696108
scale_only,45,3156882560,random_forest,hmm,3,max_depth=6,0.7159171692275216,0.7486619698409983,0.7376782290451535,0.7352858008483135,0.834889979420611,0.6914550417735131,0.7196408883288707
scale_only,45,3156882560,random_forest,statistics,11,max_depth=6,0.7277175620811352,0.756940937859671,0.749282152842083,0.7483336699656635,0.8325154345417128,0.7202415418975928,0.7180658371397071
scale_only,45,3156882560,random_forest,statistics_logsig,25,max_depth=10,0.731939897344899,0.75698858200294,0.7488146281583928,0.7474449606140173,0.8361564033560235,0.7162709901563404,0.7185383524964561
scale_only,45,3156882560,random_forest,statistics_rawsig,50,max_depth=10,0.7324442166468881,0.7627110221584146,0.7527103539917283,0.7504746515855383,0.84502137090391,0.7103978823724046,0.7327138131989289
scale_only,45,3156882560,random_forest,b3,40,max_depth=6,0.7260023569637876,0.7579352619918295,0.7506550320744978,0.7493435669561704,0.8359981003640968,0.7213168996608487,0.7164907859505434
scale_only,45,3156882560,random_forest,b3_logsig,54,max_depth=10,0.7284253487606676,0.7557550504969098,0.7482429756315687,0.746515855382751,0.8355231913883172,0.7163537099842833,0.7153882501181288
scale_only,45,3156882560,random_forest,b3_rawsig,79,max_depth=10,0.7299475093958402,0.7611839366641212,0.7516041324342955,0.7493435669561704,0.8407471901218933,0.7105633220282902,0.7322412978421798
scale_only,45,3156882560,random_forest,logsig,14,max_depth=10,0.7264750648413635,0.7542013350332152,0.7437306307159849,0.7421127045041406,0.8538863384517967,0.7026222185457854,0.7060954481020634
scale_only,45,3156882560,random_forest,rawsig,39,max_depth=6,0.7320369522788223,0.7623990795582762,0.7506167560539274,0.7481316905675621,0.8545195504195029,0.701381421126644,0.7312962671286817
scale_only,45,3156882560,random_forest,logsig_shuffled,14,max_depth=10,0.7241802665263236,0.7514518073281344,0.7403451274859093,0.7387598464956574,0.8466044008231756,0.6972454297295062,0.7105055914317215
scale_only,45,3156882560,random_forest,rawsig_shuffled,39,max_depth=6,0.7272362794984663,0.756853137014969,0.7438150409790817,0.741304786911735,0.846446097831249,0.6902969641823145,0.7338163490313435
scale_only,45,3156882560,random_forest,statistics_logsig_shuffled,25,max_depth=10,0.7289208586999946,0.7594797608412707,0.7507308427180884,0.7493435669561704,0.8353648883963907,0.7161882703283977,0.7268861237990235
scale_only,45,3156882560,random_forest,statistics_rawsig_shuffled,50,max_depth=6,0.728167720559869,0.7612862858948373,0.7501061058468736,0.7480912946879418,0.8466044008231756,0.7048556539002399,0.7323988029610963
scale_only,45,3156882560,random_forest,b3_logsig_shuffled,54,max_depth=10,0.7268813303170201,0.7556210904905966,0.747089961016632,0.745223187234902,0.8358397973721703,0.7112250806518322,0.7197983934477871
scale_only,45,3156882560,random_forest,b3_rawsig_shuffled,79,max_depth=6,0.727547966851476,0.7611553900082852,0.7509272601529074,0.7488588164007272,0.8426468260250118,0.708578046157664,0.7322412978421798
scale_only,45,3156882560,logistic,hmm,3,C=0.1,0.7150226100029262,0.7417430217018758,0.7351801757130514,0.7353261967279338,0.8399556751622606,0.7146165935974853,0.6706567963458813
scale_only,45,3156882560,logistic,statistics,11,C=1.0,0.7192106602484548,0.7348477876612716,0.7228446739403167,0.7210260553423551,0.8393224631945544,0.6758209942923319,0.6893999054969286
scale_only,45,3156882560,logistic,statistics_logsig,25,C=0.1,0.7233172680916636,0.7410196395254071,0.7283034293862128,0.7260351444152696,0.8456545828716163,0.6769790718835305,0.7004252638210742
scale_only,45,3156882560,logistic,statistics_rawsig,50,C=1.0,0.7310131546657758,0.7595935462517994,0.7501616145420705,0.7480912946879418,0.8480291277505145,0.7104806022003475,0.7202709088045361
scale_only,45,3156882560,logistic,b3,40,C=1.0,0.7174697264817137,0.7352471543359543,0.7243301773110581,0.7223995152494446,0.8306157986385942,0.6803705848291836,0.6947550795400851
scale_only,45,3156882560,logistic,b3_logsig,54,C=1.0,0.7207440123681336,0.735025382319953,0.7247887642982239,0.7228034740456474,0.8312490106063004,0.6828521796674663,0.6909749566860923
scale_only,45,3156882560,logistic,b3_rawsig,79,C=1.0,0.7279123659431416,0.7514544615100291,0.7422025007725703,0.7400929105231266,0.8407471901218933,0.7029530978575564,0.7106630965506379
scale_only,45,3156882560,logistic,logsig,14,C=0.1,0.7213226845987398,0.7450561183683098,0.718501130044985,0.7139567764088063,0.8849137248694,0.6117131276366945,0.7385415025988344
scale_only,45,3156882560,logistic,rawsig,39,C=1.0,0.7320693138724574,0.7660679042141547,0.7555945284397468,0.7537467178347809,0.8608516700965648,0.7134585160062867,0.7238935265396126
scale_only,45,3156882560,logistic,logsig_shuffled,14,C=0.1,0.7134970838389169,0.7347703776023667,0.7104301588656007,0.7067663098363967,0.8741491214183948,0.6147737612705766,0.7153882501181288
scale_only,45,3156882560,logistic,rawsig_shuffled,39,C=1.0,0.7255489163646841,0.7539465654059622,0.7441444283830779,0.7429610179761664,0.8472376127908817,0.7070890892546944,0.7075129941723106
scale_only,45,3156882560,logistic,statistics_logsig_shuffled,25,C=1.0,0.7214819876743516,0.7395930581660561,0.7282812264376447,0.7264391032114724,0.8413804020895995,0.6834312184630656,0.6939675539455032
scale_only,45,3156882560,logistic,statistics_rawsig_shuffled,50,C=0.1,0.7267962682244867,0.7536428031746131,0.7440281147488538,0.7421127045041406,0.8478708247585879,0.7044420547605261,0.7086155300047251
scale_only,45,3156882560,logistic,b3_logsig_shuffled,54,C=1.0,0.7177036831497717,0.7354397110722616,0.7243004592563763,0.7222783276105837,0.8312490106063004,0.679212507237985,0.6958576153724996
scale_only,45,3156882560,logistic,b3_rawsig_shuffled,79,C=1.0,0.7232520328392162,0.7471140670712176,0.7383425571252688,0.7364572813573016,0.8323571315497863,0.7016295806104723,0.7073554890533942
scale_only,45,3156882560,gbm,hmm,3,max_leaf_nodes=7,0.7164804979015047,0.7494936599387284,0.7388508633490298,0.7365784689961624,0.8344150704448314,0.6942675159235668,0.7197983934477871
scale_only,45,3156882560,gbm,statistics,11,max_leaf_nodes=7,0.7218795730639144,0.753159720023724,0.7419522426913977,0.7396485558473036,0.8344150704448314,0.6953428736868227,0.729721215939518
scale_only,45,3156882560,gbm,statistics_logsig,25,max_leaf_nodes=7,0.7255903102030904,0.7560027446366279,0.7446212672839511,0.7421531003837608,0.8413804020895995,0.6967491107618496,0.7298787210584344
scale_only,45,3156882560,gbm,statistics_rawsig,50,max_leaf_nodes=7,0.7256775245175343,0.7594427458562528,0.748453922510164,0.7459099171884468,0.8432800379927181,0.7015468607825296,0.7335013387935108
scale_only,45,3156882560,gbm,b3,40,max_leaf_nodes=7,0.7218282186349457,0.7441291072398318,0.731439862388477,0.7284992930721066,0.8347316764286845,0.6772272313673587,0.7204284139234525
scale_only,45,3156882560,gbm,b3_logsig,54,max_leaf_nodes=7,0.7259994267735786,0.7477259818759695,0.7347263781635238,0.7315289840436275,0.8396390691784075,0.6783853089585574,0.7251535674909435
scale_only,45,3156882560,gbm,b3_rawsig,79,max_leaf_nodes=7,0.7269419291813004,0.7500334803681684,0.7371826163039302,0.7343970914966673,0.8401139781541871,0.6831003391512945,0.7268861237990235
scale_only,45,3156882560,gbm,logsig,14,max_leaf_nodes=7,0.7321802623518519,0.7595643199466816,0.7446670856596271,0.7412239951524945,0.8608516700965648,0.6810323434527256,0.7368089462907544
scale_only,45,3156882560,gbm,rawsig,39,max_leaf_nodes=7,0.7281065158313186,0.7624308620869727,0.748401598667732,0.7454655625126237,0.8586354282095932,0.689800645214658,0.7388565128366672
scale_only,45,3156882560,gbm,logsig_shuffled,14,max_leaf_nodes=7,0.725459465781765,0.7553907042883443,0.7418174550172703,0.73912340941224,0.8473959157828083,0.6857473736454628,0.7330288234367617
scale_only,45,3156882560,gbm,rawsig_shuffled,39,max_leaf_nodes=7,0.7256129881679773,0.7569435476126208,0.7428883140495905,0.7399717228842658,0.8483457337343676,0.6842584167424932,0.7382264923610017
scale_only,45,3156882560,gbm,statistics_logsig_shuffled,25,max_leaf_nodes=7,0.7229352544066993,0.7548122843409772,0.7442403786540174,0.7419915168652798,0.8364730093398766,0.6999751840516172,0.727988659631438
scale_only,45,3156882560,gbm,statistics_rawsig_shuffled,50,max_leaf_nodes=7,0.722082877902649,0.7553336831785203,0.7441693879809145,0.7419107251060392,0.838372645242995,0.6979071883530482,0.729721215939518
scale_only,45,3156882560,gbm,b3_logsig_shuffled,54,max_leaf_nodes=7,0.7218282186349457,0.7441291072398318,0.731439862388477,0.7284992930721066,0.8347316764286845,0.6772272313673587,0.7204284139234525
scale_only,45,3156882560,gbm,b3_rawsig_shuffled,79,max_leaf_nodes=7,0.7225865899555343,0.7443809901310411,0.7315650598404085,0.7288628559886892,0.8369479183156562,0.6779717098188436,0.7182233422586234
scale_only,46,1642128921,random_forest,hmm,3,max_depth=6,0.733559409252536,0.7228351808042518,0.7050750963271243,0.7171480508988083,0.7563134842978287,0.6410737958462218,0.7711182622687047
scale_only,46,1642128921,random_forest,statistics,11,max_depth=6,0.7498945349217293,0.7490053796109327,0.7306370800154708,0.7440921026055343,0.7845494362128413,0.6690234202386213,0.7934432823813354
scale_only,46,1642128921,random_forest,statistics_logsig,25,max_depth=6,0.7528451219463319,0.7512328968494861,0.7335791874095762,0.7473237729751565,0.7907930295405834,0.6716747680070703,0.7912308930008045
scale_only,46,1642128921,random_forest,statistics_rawsig,50,max_depth=6,0.756455462715835,0.7584010067775729,0.7428067289083201,0.7555645324176934,0.792936352623241,0.6924436588599204,0.7898230088495575
scale_only,46,1642128921,random_forest,b3,40,max_depth=6,0.7505245137045944,0.7504117700010736,0.7326024439082977,0.7463138759846496,0.78771782685677,0.6728899690676093,0.7906275140788415
scale_only,46,1642128921,random_forest,b3_logsig,54,max_depth=6,0.7515366648868156,0.7495339205371926,0.7323001794685166,0.7463138759846496,0.789208834218619,0.6739946973044632,0.7853982300884956
scale_only,46,1642128921,random_forest,b3_rawsig,79,max_depth=6,0.7563456964378288,0.753194431301483,0.7368714460108708,0.7502726721874369,0.7903270897400055,0.6830534688466637,0.7862027353177795
scale_only,46,1642128921,random_forest,logsig,14,max_depth=10,0.752573806510055,0.7450855590125928,0.7313250447732965,0.7454655625126237,0.7890224582983878,0.6853733981440565,0.7608608205953339
scale_only,46,1642128921,random_forest,rawsig,39,max_depth=6,0.7528402523796046,0.7515709058461342,0.7368230300157362,0.7507574227428803,0.7988071941105209,0.6799602297834733,0.7759452936444087
scale_only,46,1642128921,random_forest,logsig_shuffled,14,max_depth=10,0.7467737431120623,0.7458114888204165,0.7321765130166589,0.7463138759846496,0.7873450750163079,0.690234202386213,0.7598551890587288
scale_only,46,1642128921,random_forest,rawsig_shuffled,39,max_depth=10,0.7471801218202468,0.7447214513169441,0.7321626132896606,0.7468390224197132,0.7921908489423166,0.6905656208572691,0.7514078841512469
scale_only,46,1642128921,random_forest,statistics_logsig_shuffled,25,max_depth=6,0.7522027028791122,0.7509409354774776,0.7331346144291767,0.7466370430216118,0.7873450750163079,0.6734423331860362,0.7920353982300885
scale_only,46,1642128921,random_forest,statistics_rawsig_shuffled,50,max_depth=6,0.7519478651447856,0.7527719609164475,0.737367396615197,0.7511209856594627,0.7906066536203522,0.68935041979673,0.7783588093322606
scale_only,46,1642128921,random_forest,b3_logsig_shuffled,54,max_depth=6,0.7509614870654039,0.7499607621686377,0.7322517220628187,0.7461522924661684,0.789208834218619,0.6714538223596995,0.7892196299275945
scale_only,46,1642128921,random_forest,b3_rawsig_shuffled,79,max_depth=6,0.7519792735518612,0.7520859303706325,0.7360313540063307,0.7499091092708544,0.7911657813810455,0.683716305788776,0.7813757039420757
scale_only,46,1642128921,logistic,hmm,3,C=0.1,0.7332204315607269,0.7212873474406084,0.7046581586652811,0.7159765703898202,0.7455036809244245,0.6548828988068935,0.7634754625905068
scale_only,46,1642128921,logistic,statistics,11,C=0.1,0.7471170453013997,0.7584707617130203,0.7500678218576725,0.7650575641284589,0.8262044543844935,0.7028281042863456,0.746379726468222
scale_only,46,1642128921,logistic,statistics_logsig,25,C=0.1,0.7532890522234049,0.7693817305208549,0.7610089259434315,0.7760452433851747,0.8303047246295778,0.7238179407865665,0.75402252614642
scale_only,46,1642128921,logistic,statistics_rawsig,50,C=1.0,0.759848026232059,0.7712662774283147,0.7621928097219591,0.7752777216723894,0.8095238095238095,0.7416040653999116,0.7626709573612228
scale_only,46,1642128921,logistic,b3,40,C=0.1,0.7341449237913609,0.7587348077693786,0.7523075662409875,0.7673197333871945,0.8171652222532849,0.7283473265576668,0.7306918744971842
scale_only,46,1642128921,logistic,b3_logsig,54,C=0.1,0.7407911426412976,0.7688668186531914,0.7622752710672772,0.7763684104221369,0.8204268008573292,0.7416040653999116,0.7445695897023331
scale_only,46,1642128921,logistic,b3_rawsig,79,C=1.0,0.7452887308422144,0.7676475212369801,0.7604548020550803,0.7737022823671985,0.805237163358494,0.7513256738842244,0.746379726468222
scale_only,46,1642128921,logistic,logsig,14,C=1.0,0.7535122938977635,0.7562009258112067,0.7431552184312529,0.7598464956574429,0.8530425868977728,0.6416261599646487,0.7739340305711987
scale_only,46,1642128921,logistic,rawsig,39,C=1.0,0.7584254444409325,0.76124397273742,0.7531517679242198,0.7675621086649161,0.8124126362873917,0.7273530711444984,0.7439662107803701
scale_only,46,1642128921,logistic,logsig_shuffled,14,C=0.1,0.7440447865947388,0.7425188030242517,0.7296918372678975,0.7470006059381943,0.8404622122821731,0.6314626601855944,0.7556315366049879
scale_only,46,1642128921,logistic,rawsig_shuffled,39,C=1.0,0.7497007050756297,0.7528250295407383,0.745812170651833,0.760290850333266,0.7978753145093654,0.7345338046840477,0.7260659694288013
scale_only,46,1642128921,logistic,statistics_logsig_shuffled,25,C=0.1,0.7456863709081345,0.7599564050778916,0.7515213043272193,0.7672793375075743,0.8276022737862269,0.708904109589041,0.7433628318584071
scale_only,46,1642128921,logistic,statistics_rawsig_shuffled,50,C=1.0,0.7530470985568961,0.7646420035567331,0.7559586351689673,0.7699050696828923,0.8081259901220762,0.7351966416261599,0.7506033789219629
scale_only,46,1642128921,logistic,b3_logsig_shuffled,54,C=1.0,0.7343147754147602,0.7584456658412279,0.751693967009769,0.7666330034336498,0.8146491473301649,0.7287892178524084,0.7318986323411102
scale_only,46,1642128921,logistic,b3_rawsig_shuffled,79,C=1.0,0.7395352797866191,0.7621673343532942,0.7556844957107097,0.769703090284791,0.8041189078371075,0.7486743261157756,0.7337087691069992
scale_only,46,1642128921,gbm,hmm,3,max_leaf_nodes=7,0.7338229650911013,0.7227181460726317,0.7041459104003343,0.716663300343365,0.7618115739446464,0.630799823243482,0.7755430410297667
scale_only,46,1642128921,gbm,statistics,11,max_leaf_nodes=7,0.7319128261628799,0.7412496113268668,0.72707524146273,0.7406180569581903,0.7859472556145746,0.6743261157755193,0.7634754625905068
scale_only,46,1642128921,gbm,statistics_logsig,25,max_leaf_nodes=7,0.7426888672861724,0.7464852605291358,0.7321363415223511,0.7451019995960412,0.7879042027770012,0.6796288113124171,0.7719227674979887
scale_only,46,1642128921,gbm,statistics_rawsig,50,max_leaf_nodes=7,0.7388193872923042,0.7482668288115729,0.7351903489448469,0.7488184205211068,0.7943341720249744,0.6865885992045957,0.7638777152051488
scale_only,46,1642128921,gbm,b3,40,max_leaf_nodes=7,0.7257574806106432,0.7297767811674539,0.718598044793738,0.7351646132094526,0.7923772248625478,0.6741051701281485,0.7228479485116653
scale_only,46,1642128921,gbm,b3_logsig,54,max_leaf_nodes=7,0.7299798013408276,0.7379900049227933,0.727125807339352,0.7426782468188244,0.7957319914267077,0.684931506849315,0.7333065164923572
scale_only,46,1642128921,gbm,b3_rawsig,79,max_leaf_nodes=7,0.729253253555015,0.7366869504753275,0.7247670879784455,0.7406584528378105,0.7958251793868232,0.6773088820150243,0.7369267900241352
scale_only,46,1642128921,gbm,logsig,14,max_leaf_nodes=7,0.7532486974713852,0.7544752353187448,0.7386229099292475,0.7522924661684508,0.8008573292330631,0.6757622624834291,0.7868061142397426
scale_only,46,1642128921,gbm,rawsig,39,max_leaf_nodes=7,0.7468388735389985,0.7507258389165316,0.7351326046156003,0.7496667339931327,0.8061690429596496,0.6660406539991163,0.7799678197908286
scale_only,46,1642128921,gbm,logsig_shuffled,14,max_leaf_nodes=7,0.7454748096375878,0.7431812566509803,0.7300174463714125,0.7446172490405979,0.7887428944180412,0.687582854617764,0.753218020917136
scale_only,46,1642128921,gbm,rawsig_shuffled,39,max_leaf_nodes=7,0.7456471881808162,0.7422180689295038,0.728814013255135,0.7433649767723692,0.7897679619793123,0.6820592134334954,0.754827031375704
scale_only,46,1642128921,gbm,statistics_logsig_shuffled,25,max_leaf_nodes=7,0.7310686167015518,0.7429062859046551,0.7293919187713347,0.7429610179761664,0.7853881278538812,0.6832744144940345,0.7600563153660499
scale_only,46,1642128921,gbm,statistics_rawsig_shuffled,50,max_leaf_nodes=7,0.732963470890188,0.743823504196218,0.7294592627150286,0.7427186426984448,0.7860404435746902,0.677529827662395,0.7679002413515688
scale_only,46,1642128921,gbm,b3_logsig_shuffled,54,max_leaf_nodes=7,0.7257574806106432,0.7297767811674539,0.718598044793738,0.7351646132094526,0.7923772248625478,0.6741051701281485,0.7228479485116653
scale_only,46,1642128921,gbm,b3_rawsig_shuffled,79,max_leaf_nodes=7,0.7252289757956206,0.7280453425564996,0.7172526025878098,0.7337103615431226,0.7920976609822011,0.6720061864781264,0.7200321802091714
scale_only,47,2372062856,random_forest,hmm,3,max_depth=4,0.7555686086528434,0.7738227826782191,0.7761025044569646,0.7819834376893556,0.7782221648819507,0.7209015128125965,0.8223446703401102
scale_only,47,2372062856,random_forest,statistics,11,max_depth=4,0.768047589710182,0.7767562174512986,0.777644466972533,0.782750959402141,0.776157915107728,0.740506329113924,0.813604408132244
scale_only,47,2372062856,random_forest,statistics_logsig,25,max_depth=6,0.7695418135367155,0.7803773535056521,0.7811999414367884,0.786225005049485,0.7829957424848407,0.7428218585983328,0.815314459433783
scale_only,47,2372062856,random_forest,statistics_rawsig,50,max_depth=6,0.7748604149153882,0.7843906900029651,0.7844552991790835,0.7892950919006262,0.7868662108115082,0.7527014510651435,0.813604408132244
scale_only,47,2372062856,random_forest,b3,40,max_depth=6,0.7705302257675265,0.7796244314466172,0.7799991121427686,0.7847707533831549,0.7822216488195072,0.746372337141093,0.8102793083792513
scale_only,47,2372062856,random_forest,b3_logsig,54,max_depth=6,0.7704215069115069,0.7809442885890706,0.7809969363897191,0.7854170874570794,0.7779641336601729,0.755634455078728,0.8092342770283109
scale_only,47,2372062856,random_forest,b3_rawsig,79,max_depth=6,0.7747116555558153,0.7854826439943613,0.7850618799145649,0.7895778630579681,0.7850599922590633,0.7607286199444273,0.8106593197795934
scale_only,47,2372062856,random_forest,logsig,14,max_depth=10,0.7641801119713462,0.7872489824768372,0.7854373626756258,0.7888103413451828,0.780931492710618,0.7820314912009879,0.7987839635189056
scale_only,47,2372062856,random_forest,rawsig,39,max_depth=6,0.7726395407869568,0.7909108698151334,0.7896052337392719,0.7936174510199959,0.7846729454263965,0.7786353812905218,0.8094242827284819
scale_only,47,2372062856,random_forest,logsig_shuffled,14,max_depth=10,0.7627448549318215,0.7851738027010615,0.7834426489891877,0.7869925267622703,0.7811895239323958,0.7767829577029948,0.7975489264677941
scale_only,47,2372062856,random_forest,rawsig_shuffled,39,max_depth=6,0.7675414282609946,0.7858990492780192,0.784926198700612,0.7894566754191072,0.7838988517610631,0.7655140475455388,0.8082842485274558
scale_only,47,2372062856,random_forest,statistics_logsig_shuffled,25,max_depth=4,0.7687162913102621,0.7812824917491845,0.7814113124220278,0.7861038174106241,0.7804154302670623,0.7523927138005557,0.8110393311799354
scale_only,47,2372062856,random_forest,statistics_rawsig_shuffled,50,max_depth=6,0.7690568094284499,0.7824077504686401,0.7826986003289672,0.7876388608361947,0.7849309766481745,0.7486878666255017,0.813604408132244
scale_only,47,2372062856,random_forest,b3_logsig_shuffled,54,max_depth=6,0.7708671808902202,0.7802931894326983,0.780349828981442,0.7847303575035346,0.7793833053799509,0.753782031491201,0.8077142314269428
scale_only,47,2372062856,random_forest,b3_rawsig_shuffled,79,max_depth=6,0.7694793521145598,0.7824880890040289,0.7823143074369122,0.7867905473641689,0.780802477099729,0.7573325100339611,0.8093292798783963
scale_only,47,2372062856,logistic,hmm,3,C=0.1,0.7551599821652001,0.7747791779728822,0.7765863939082779,0.7823470006059382,0.7842858985937299,0.7219820932386539,0.8180695420862626
scale_only,47,2372062856,logistic,statistics,11,C=0.1,0.7638980342540317,0.779051165425441,0.7788564090927479,0.7843667945869521,0.7973164752935105,0.7340228465575795,0.8058141744252327
scale_only,47,2372062856,logistic,statistics_logsig,25,C=0.1,0.7714325655651421,0.7846640607030867,0.7837952525945687,0.7889719248636639,0.8029931621726228,0.7457548626119173,0.8052441573247198
scale_only,47,2372062856,logistic,statistics_rawsig,50,C=1.0,0.7723040692304376,0.7849825928993273,0.784770625708869,0.7899010300949303,0.7911237259708425,0.7506946588453226,0.8131293938818165
scale_only,47,2372062856,logistic,b3,40,C=0.1,0.7574586820645779,0.7735254387990683,0.7730895751989569,0.7773783074126439,0.788672429363953,0.7395801173201605,0.7923237697130914
scale_only,47,2372062856,logistic,b3_logsig,54,C=0.01,0.7624464972725592,0.7760921106051765,0.7748481597572981,0.7790749343566956,0.8063475680557347,0.7371102192034579,0.7848185445563367
scale_only,47,2372062856,logistic,b3_rawsig,79,C=1.0,0.7649316676583556,0.7810749414954855,0.780609500512278,0.7846899616239144,0.7884143981421752,0.7539364001234949,0.8008740262207866
scale_only,47,2372062856,logistic,logsig,14,C=0.01,0.7602551351286139,0.7856995084732672,0.7842156612242935,0.7913956776408806,0.8415688298284092,0.7125656066687249,0.8029640889226677
scale_only,47,2372062856,logistic,rawsig,39,C=1.0,0.7696900230161502,0.7905877680701795,0.7886266838576924,0.792163199353666,0.7966713972390659,0.7767829577029948,0.7983089492684781
scale_only,47,2372062856,logistic,logsig_shuffled,14,C=1.0,0.7529406459638625,0.784598575640529,0.7826157849088208,0.7889719248636639,0.8254418784672946,0.7298548934856437,0.7984989549686491
scale_only,47,2372062856,logistic,rawsig_shuffled,39,C=1.0,0.764178774408863,0.7843278542542172,0.7820349395613131,0.7859018380125227,0.7837698361501741,0.7750849027477617,0.794128823864716
scale_only,47,2372062856,logistic,statistics_logsig_shuffled,25,C=1.0,0.7655085773565536,0.7816452648936516,0.7810540696534111,0.7864673803272066,0.7988646626241775,0.7403519604816301,0.8057191715751473
scale_only,47,2372062856,logistic,statistics_rawsig_shuffled,50,C=1.0,0.7693333591906649,0.7832140825172801,0.7831707182346586,0.7886487578267016,0.787124242033286,0.7472985489348565,0.8152194565836975
scale_only,47,2372062856,logistic,b3_logsig_shuffled,54,C=0.1,0.7579068289229518,0.773409593814451,0.7730356915210232,0.7773783074126439,0.7889304605857309,0.7384995368941031,0.7927987839635189
scale_only,47,2372062856,logistic,b3_rawsig_shuffled,79,C=1.0,0.7621974857782355,0.776227878156527,0.776119659483666,0.7804887901434053,0.7813185395432848,0.7466810744056808,0.8006840205206156
scale_only,47,2372062856,gbm,hmm,3,max_leaf_nodes=7,0.7547223180544637,0.773342758240438,0.7759066215104599,0.7825085841244193,0.7851890078699523,0.7091694967582587,0.8256697700931028
scale_only,47,2372062856,gbm,statistics,11,max_leaf_nodes=7,0.7513639388001566,0.7587924516872177,0.7611732843650408,0.7683296303777015,0.7841568829828409,0.6830811979005866,0.8091392741782254
scale_only,47,2372062856,gbm,statistics_logsig,25,max_leaf_nodes=7,0.7572635409894849,0.768425937321748,0.7704885370569198,0.777822662088467,0.787253257644175,0.6980549552330967,0.8199695990879726
scale_only,47,2372062856,gbm,statistics_rawsig,50,max_leaf_nodes=7,0.7582127968875897,0.7719765366040114,0.7736191479785196,0.780004039587962,0.7881563669203974,0.7117937635072553,0.8159794793843815
scale_only,47,2372062856,gbm,b3,40,max_leaf_nodes=7,0.7516081863572853,0.7510292767763153,0.7540359230523582,0.7613815390830135,0.7672558379563927,0.6765977153442421,0.8092342770283109
scale_only,47,2372062856,gbm,b3_logsig,54,max_leaf_nodes=7,0.754259617465315,0.7549748386194954,0.7580761406209993,0.7657442940820036,0.7779641336601729,0.6733559740660697,0.813604408132244
scale_only,47,2372062856,gbm,b3_rawsig,79,max_leaf_nodes=7,0.7563914465271672,0.7586772819886013,0.7614308391250312,0.7682892344980812,0.7775770868275061,0.6869404137079346,0.8115143454303629
scale_only,47,2372062856,gbm,logsig,14,max_leaf_nodes=7,0.7675030943417923,0.7859759593072396,0.7859522961291026,0.7911936982427792,0.7902206166946201,0.7511577647422044,0.8165494964848945
scale_only,47,2372062856,gbm,rawsig,39,max_leaf_nodes=7,0.7653745142550982,0.7905982574330922,0.7894495628709991,0.7936982427792365,0.7970584440717327,0.7672121025007719,0.8075242257267718
scale_only,47,2372062856,gbm,logsig_shuffled,14,max_leaf_nodes=15,0.7655323166986229,0.7803153818327161,0.7800954019852764,0.7850939204201172,0.7797703522126177,0.7514665020067922,0.8097092912787384
scale_only,47,2372062856,gbm,rawsig_shuffled,39,max_leaf_nodes=15,0.7656383934711471,0.7803734266803586,0.7799689062255545,0.7848111492627752,0.7791252741581731,0.7540907687557888,0.8079042371271138
scale_only,47,2372062856,gbm,statistics_logsig_shuffled,25,max_leaf_nodes=7,0.7542417328580262,0.7636550212239265,0.765513093631133,0.772167238941628,0.7827377112630628,0.6985180611299784,0.8097092912787384
scale_only,47,2372062856,gbm,statistics_rawsig_shuffled,50,max_leaf_nodes=7,0.7530981282571584,0.7654670881244399,0.7670666806334442,0.7733791153302363,0.7819636175977294,0.7057733868477926,0.8086642599277978
scale_only,47,2372062856,gbm,b3_logsig_shuffled,54,max_leaf_nodes=7,0.7513759895689563,0.7509862715726855,0.7540353373111408,0.7613411432033933,0.7671268223455038,0.6765977153442421,0.8092342770283109
scale_only,47,2372062856,gbm,b3_rawsig_shuffled,79,max_leaf_nodes=7,0.750257999205013,0.7533621289711819,0.7564282961146049,0.7638456877398505,0.7659656818475036,0.6806112997838839,0.8135094052821584
scale_only,48,1311514250,random_forest,hmm,3,max_depth=4,0.7346460605705802,0.6747739202345832,0.6681884973957399,0.6587356089678853,0.7287942801429964,0.6917237272997916,0.603803753260961
scale_only,48,1311514250,random_forest,statistics,11,max_depth=6,0.7371192773509602,0.6888549702484607,0.6820321874157741,0.6749747525752373,0.7203444913877153,0.7204525156296517,0.6257679037280148
scale_only,48,1311514250,random_forest,statistics_logsig,25,max_depth=10,0.7445872884729292,0.6955443230788863,0.6892032066081715,0.6831347202585336,0.7268443288917777,0.7203036618041083,0.6394849785407726
scale_only,48,1311514250,random_forest,statistics_rawsig,50,max_depth=10,0.7472109390687748,0.7008016727814527,0.6944074711073184,0.689557665118158,0.7352941176470589,0.7164334623399822,0.6506774383573172
scale_only,48,1311514250,random_forest,b3,40,max_depth=4,0.7396859883581772,0.6909011107617458,0.6845558794445507,0.6785295899818219,0.7175820604484888,0.720601369455195,0.6345199023815534
scale_only,48,1311514250,random_forest,b3_logsig,54,max_depth=6,0.7404692103851334,0.6943870759506007,0.6878658043557682,0.6819228438699253,0.7232694182645434,0.7220899077106282,0.6378019018766304
scale_only,48,1311514250,random_forest,b3_rawsig,79,max_depth=10,0.7454101451620048,0.6962702761427093,0.6898787375726997,0.6842254090082811,0.7349691257718557,0.7110747246204228,0.6427669780358495
scale_only,48,1311514250,random_forest,logsig,14,max_depth=10,0.7402118801225247,0.6928433699300632,0.6880373136504782,0.6832559078973944,0.709782255443614,0.7200059541530217,0.6487419001935538
scale_only,48,1311514250,random_forest,rawsig,39,max_depth=6,0.7428062264588972,0.697483699486683,0.6916234219094038,0.686083619470814,0.7144946376340592,0.7332539446263769,0.6447025161996129
scale_only,48,1311514250,random_forest,logsig_shuffled,14,max_depth=10,0.7341663686561524,0.6885916405794995,0.6828918126118343,0.6785295899818219,0.7013324666883328,0.7226853230128014,0.6417571320373643
scale_only,48,1311514250,random_forest,rawsig_shuffled,39,max_depth=6,0.7348694747782137,0.6891541874841391,0.6831049166061778,0.6790143405372652,0.7024699382515437,0.722983030663888,0.6420095935369856
scale_only,48,1311514250,random_forest,statistics_logsig_shuffled,25,max_depth=10,0.7384634572924376,0.6958071564353189,0.6892339616833351,0.6840234296101798,0.7234319142021449,0.7216433462339982,0.642346208869814
scale_only,48,1311514250,random_forest,statistics_rawsig_shuffled,50,max_depth=10,0.7397911063575681,0.6938447558000487,0.6877080613499195,0.6834174914158756,0.7192070198245044,0.7156891932122655,0.6466380543633763
scale_only,48,1311514250,random_forest,b3_logsig_shuffled,54,max_depth=6,0.7389281179793467,0.6936327174724973,0.6870211867360303,0.6811553221571399,0.722294442638934,0.7216433462339982,0.6369603635445594
scale_only,48,1311514250,random_forest,b3_rawsig_shuffled,79,max_depth=6,0.7392991613960264,0.6918297642153797,0.6853441997901978,0.6794990910927086,0.7182320441988951,0.7216433462339982,0.6356139022132458
scale_only,48,1311514250,logistic,hmm,3,C=0.1,0.7333236327240703,0.6742596013706331,0.6655934435593308,0.6554231468390225,0.7378940526486838,0.6939565346829414,0.5909282167802743
scale_only,48,1311514250,logistic,statistics,11,C=0.1,0.7363013045981969,0.6938823009869393,0.6854253002420174,0.6789335487780246,0.7508937276568086,0.7022923489133671,0.628460826390642
scale_only,48,1311514250,logistic,statistics_logsig,25,C=1.0,0.7427682646010405,0.6988190570651512,0.6904448433360956,0.6847505554433447,0.7660058498537536,0.6917237272997916,0.6387275940419086
scale_only,48,1311514250,logistic,statistics_rawsig,50,C=0.01,0.7462200032018632,0.6957996113960198,0.687300502395177,0.6805089880832155,0.7595060123496913,0.6984221494492409,0.6294706723891274
scale_only,48,1311514250,logistic,b3,40,C=1.0,0.7375510147718192,0.6825445380302874,0.6756208201550807,0.6689961623914361,0.7487812804679883,0.674010122060137,0.6248422115627367
scale_only,48,1311514250,logistic,b3_logsig,54,C=0.01,0.7414074148198336,0.6937323435038864,0.683870471362883,0.6787315693799233,0.7890802729931752,0.6598690086335219,0.6322477488849617
scale_only,48,1311514250,logistic,b3_rawsig,79,C=0.01,0.7440491178825658,0.6922698732600341,0.683907836933025,0.6771561300747324,0.7728306792330192,0.6753498064900267,0.6286291340570563
scale_only,48,1311514250,logistic,logsig,14,C=1.0,0.7400560238228584,0.7038630832966168,0.6939740875705657,0.6949303171076551,0.7946051348716282,0.6460256028579935,0.670958512160229
scale_only,48,1311514250,logistic,rawsig,39,C=0.01,0.7461406300781489,0.7003519498673784,0.6918764085219529,0.6875782670167643,0.7544686382840429,0.7015480797856505,0.6450391315324413
scale_only,48,1311514250,logistic,logsig_shuffled,14,C=0.1,0.7330909216614537,0.6938697101881903,0.6852309280669638,0.6863259947485356,0.7627559311017225,0.6536171479607026,0.6652360515021459
scale_only,48,1311514250,logistic,rawsig_shuffled,39,C=0.01,0.7389211687211219,0.6896729300674247,0.68125830922431,0.6769137547970107,0.7307442313942152,0.7052694254242334,0.6330051333838256
scale_only,48,1311514250,logistic,statistics_logsig_shuffled,25,C=1.0,0.7386729242465108,0.6963261913064048,0.688480279770161,0.6827307614623308,0.7517062073448164,0.7000595415302173,0.6372128250441808
scale_only,48,1311514250,logistic,statistics_rawsig_shuffled,50,C=0.01,0.7424840554395434,0.6890529485408452,0.6815864165167693,0.6755806907695415,0.7393565160870978,0.6978267341470675,0.6299755953883699
scale_only,48,1311514250,logistic,b3_logsig_shuffled,54,C=0.01,0.7375392934493905,0.6845855671058776,0.6759687213497347,0.6704908099373864,0.768443288917777,0.6591247395058053,0.6261886728940503
scale_only,48,1311514250,logistic,b3_rawsig_shuffled,79,C=0.01,0.740321985297194,0.6833258168145872,0.6758677759619331,0.6696828923449808,0.7534936626584335,0.6708841917237273,0.6255995960616006
scale_only,48,1311514250,gbm,hmm,3,max_leaf_nodes=7,0.7340297655832364,0.6784615380987474,0.6729879103880769,0.6666935972530802,0.737081572960676,0.6698422149449241,0.628460826390642
scale_only,48,1311514250,gbm,statistics,11,max_leaf_nodes=7,0.7283520244529079,0.6807982837157137,0.6749575282186964,0.6707735810947283,0.7278193045173871,0.6766894909199166,0.6378860557098376
scale_only,48,1311514250,gbm,statistics_logsig,25,max_leaf_nodes=7,0.7349809664172304,0.6911627159096166,0.6851100598974122,0.6811149262775197,0.7398440038999025,0.685323012801429,0.6483211310275183
scale_only,48,1311514250,gbm,statistics_rawsig,50,max_leaf_nodes=7,0.7364543529937819,0.6903642589306779,0.6836766726304723,0.6796202787315694,0.7383815404614885,0.688597796963382,0.6441134393671631
scale_only,48,1311514250,gbm,b3,40,max_leaf_nodes=7,0.7261724503056035,0.6759906744598759,0.6708257859154635,0.6659260755402949,0.7302567435814105,0.6640369157487347,0.6336783640494824
scale_only,48,1311514250,gbm,b3_logsig,54,max_leaf_nodes=7,0.7302621997796949,0.6863973562208873,0.6806830160547847,0.6752575237325793,0.7434189145271368,0.6765406370943733,0.6392325170411512
scale_only,48,1311514250,gbm,b3_rawsig,79,max_leaf_nodes=7,0.7341004318321579,0.6852005932584535,0.679042863780222,0.6745707937790345,0.7377315567110823,0.6778803215242631,0.6399899015400151
scale_only,48,1311514250,gbm,logsig,14,max_leaf_nodes=7,0.7417992320559134,0.6988315751495241,0.6932221363997305,0.6890729145627146,0.7331816704582386,0.7075022328073831,0.6558108221829504
scale_only,48,1311514250,gbm,rawsig,39,max_leaf_nodes=7,0.7415515999484721,0.696408893435848,0.6907382008351458,0.6870127247020804,0.7331816704582386,0.7006549568323905,0.6553900530169149
scale_only,48,1311514250,gbm,logsig_shuffled,14,max_leaf_nodes=7,0.7338749908689327,0.6882268542855016,0.6815450555541238,0.6770753383154918,0.7089697757556062,0.7186662697231319,0.6370445173777666
scale_only,48,1311514250,gbm,rawsig_shuffled,39,max_leaf_nodes=7,0.7345717750506777,0.6877431467897637,0.6812987855346476,0.676671379519289,0.708644783880403,0.7176242929443287,0.6369603635445594
scale_only,48,1311514250,gbm,statistics_logsig_shuffled,25,max_leaf_nodes=7,0.7257355326133831,0.6842315068513742,0.6785685824577216,0.6750555443344779,0.7296067598310042,0.6778803215242631,0.6452074391988555
scale_only,48,1311514250,gbm,statistics_rawsig_shuffled,50,max_leaf_nodes=7,0.7254129990854414,0.6845993878203154,0.6795429038588389,0.6761462330842254,0.7257068573285668,0.6795177136052396,0.6485735925271396
scale_only,48,1311514250,gbm,b3_logsig_shuffled,54,max_leaf_nodes=7,0.7263873250575429,0.6767477372345362,0.6717185899494623,0.6667743890123208,0.7300942476438089,0.6653766001786245,0.6347723638811748
scale_only,48,1311514250,gbm,b3_rawsig_shuffled,79,max_leaf_nodes=7,0.726749351444921,0.6742799849496984,0.6694974217563195,0.6646738032720663,0.7302567435814105,0.6582316165525454,0.6343515947151392
scale_only,49,200586297,random_forest,hmm,3,max_depth=6,0.7555756464691344,0.7283673261041276,0.7290537406952292,0.7268834578872955,0.7458945548833189,0.736591989137814,0.7026154342912496
scale_only,49,200586297,random_forest,statistics,11,max_depth=10,0.7655232803456364,0.7359345266973243,0.7354304163433517,0.7330236315895778,0.7455241387825657,0.7674134419551935,0.6948659993542138
scale_only,49,200586297,random_forest,statistics_logsig,25,max_depth=10,0.7710151484932064,0.7377810611755188,0.7369302371059591,0.7343566956170471,0.7447833065810594,0.7774609640190088,0.691098912926488
scale_only,49,200586297,random_forest,statistics_rawsig,50,max_depth=10,0.7732517954761985,0.7433610685570936,0.7423905110093835,0.7398101393657847,0.7497221879244351,0.7850644942294637,0.6952965235173824
scale_only,49,200586297,random_forest,b3,40,max_depth=6,0.7672841199232527,0.7369658380202545,0.7359934761397273,0.7334275903857806,0.7439190023459686,0.7781398506449423,0.6888386610698526
scale_only,49,200586297,random_forest,b3_logsig,54,max_depth=10,0.7696604262193562,0.7375789167545515,0.7365241076657716,0.7337507574227429,0.7454006667489813,0.7819416157501697,0.6853944677645033
scale_only,49,200586297,random_forest,b3_rawsig,79,max_depth=10,0.7731072728236645,0.7417489669378714,0.7406115301240939,0.7377903453847707,0.7484874675885912,0.788458927359131,0.6883005058658918
scale_only,49,200586297,random_forest,logsig,14,max_depth=10,0.7629245209906929,0.73128049619251,0.7309306193323044,0.7282165219147647,0.7455241387825657,0.761846571622539,0.686470778172425
scale_only,49,200586297,random_forest,rawsig,39,max_depth=6,0.7693844205702828,0.7386923421404511,0.7375581002672319,0.7345182791355281,0.7533028768983825,0.7832993890020367,0.6794747605209343
scale_only,49,200586297,random_forest,logsig_shuffled,14,max_depth=10,0.7588008023419178,0.7273884729390055,0.7258987941771619,0.7223995152494446,0.748117051487838,0.778682959945689,0.6553654073834894
scale_only,49,200586297,random_forest,rawsig_shuffled,39,max_depth=6,0.7631113436358511,0.7328273891332536,0.7318728765396978,0.7288224601090689,0.7524385726632917,0.7721656483367277,0.6738779463997416
scale_only,49,200586297,random_forest,statistics_logsig_shuffled,25,max_depth=10,0.7665586133534811,0.7382503786905555,0.7375760774005246,0.7350838214502121,0.7461414989504878,0.7740665308893415,0.6945431062318372
scale_only,49,200586297,random_forest,statistics_rawsig_shuffled,50,max_depth=10,0.7669738057345269,0.7389050407454754,0.7379456141672707,0.735366592607554,0.7500926040251883,0.7774609640190088,0.689161554192229
scale_only,49,200586297,random_forest,b3_logsig_shuffled,54,max_depth=6,0.7670504427047914,0.7358791466202289,0.7350257972692397,0.7324984851545142,0.7441659464131374,0.7742023082145282,0.6892691852330212
scale_only,49,200586297,random_forest,b3_rawsig_shuffled,79,max_depth=6,0.7671270033228598,0.7377749349894739,0.7367920691706377,0.7342355079781863,0.7473762192863317,0.7773251866938221,0.6886233989882682
scale_only,49,200586297,logistic,hmm,3,C=0.01,0.7538462132556166,0.7270286569930685,0.7278275632217562,0.7253888103413452,0.7425608099765403,0.7384928716904277,0.7000322893122376
scale_only,49,200586297,logistic,statistics,11,C=0.1,0.7619655899838643,0.7355466620147896,0.7341747054919489,0.7324176933952736,0.7779972836152611,0.7494908350305499,0.6791518673985577
scale_only,49,200586297,logistic,statistics_logsig,25,C=0.01,0.7742512478040005,0.7466436043675194,0.7451668577187737,0.7444152696424965,0.7997283615261144,0.7424304141208418,0.6977720374556022
scale_only,49,200586297,logistic,statistics_rawsig,50,C=1.0,0.781839202890215,0.7560265318396505,0.7549381151126814,0.752898404362755,0.7703420175330288,0.7873727087576374,0.7103648692282855
scale_only,49,200586297,logistic,b3,40,C=0.1,0.7646264656869658,0.7339947552443236,0.7324887044106468,0.7308018582104625,0.7721940980367946,0.7513917175831636,0.6783984501130126
scale_only,49,200586297,logistic,b3_logsig,54,C=1.0,0.7723600848065714,0.7374689456835628,0.7359549392323732,0.7342355079781863,0.7766390912458329,0.754786150712831,0.6809815950920245
scale_only,49,200586297,logistic,b3_rawsig,79,C=1.0,0.778012758646574,0.7457396971217581,0.7446820443585298,0.7423954756614826,0.7670082726262502,0.7755600814663951,0.6946507372726294
scale_only,49,200586297,logistic,logsig,14,C=1.0,0.7681474354716321,0.7372084807548488,0.735859788324726,0.7362956978388204,0.8124459809853068,0.7023761031907672,0.6968033580884727
scale_only,49,200586297,logistic,rawsig,39,C=1.0,0.7754660399560319,0.7451254733516072,0.743941205154859,0.7409816198747727,0.7657735522904062,0.7856076035302104,0.6839952642342051
scale_only,49,200586297,logistic,logsig_shuffled,14,C=0.1,0.7582239801377518,0.7241476702254261,0.723269017638617,0.7239749545546355,0.7991110013581924,0.6799728445349627,0.6933591647831234
scale_only,49,200586297,logistic,rawsig_shuffled,39,C=0.01,0.7648309558718869,0.7333500543475985,0.7310409167606897,0.7284588971924864,0.7772564514137548,0.7690427698574338,0.653750941771607
scale_only,49,200586297,logistic,statistics_logsig_shuffled,25,C=0.01,0.7671585656137125,0.7419399804011716,0.7403509832808833,0.7395273682084428,0.7945425361155698,0.7403937542430414,0.6908836508449037
scale_only,49,200586297,logistic,statistics_rawsig_shuffled,50,C=1.0,0.7764448288791946,0.7492995521844104,0.7480601953901176,0.7459099171884468,0.7645388319545623,0.7834351663272233,0.6999246582714455
scale_only,49,200586297,logistic,b3_logsig_shuffled,54,C=0.1,0.7642895453203548,0.7333135114842636,0.7318610963717047,0.7301959200161584,0.7717002099024571,0.7496266123557366,0.6786137121945969
scale_only,49,200586297,logistic,b3_rawsig_shuffled,79,C=1.0,0.7705660359296383,0.7437644837741617,0.7423169484466791,0.7400929105231266,0.7668848005926657,0.7766463000678887,0.6877623506619309
scale_only,49,200586297,gbm,hmm,3,max_leaf_nodes=7,0.756510509351552,0.728620149670275,0.7293754640425251,0.7275701878408403,0.7467588591184097,0.7308893414799729,0.7082122484124421
scale_only,49,200586297,gbm,statistics,11,max_leaf_nodes=7,0.7661765340549328,0.7380159054869507,0.7376100656172281,0.7354877802464148,0.7535498209655513,0.7608961303462322,0.699601765149069
scale_only,49,200586297,gbm,statistics_logsig,25,max_leaf_nodes=7,0.7732760568224281,0.7446632210967646,0.7443034952370198,0.7421127045041406,0.7542906531670577,0.7714867617107943,0.7082122484124421
scale_only,49,200586297,gbm,statistics_rawsig,50,max_leaf_nodes=7,0.7726466787105902,0.7445221634406473,0.7442907902128336,0.7419915168652798,0.7541671811334733,0.7710794297352342,0.7083198794532343
scale_only,49,200586297,gbm,b3,40,max_leaf_nodes=7,0.7687053845871116,0.7383149139444153,0.7384867256592188,0.7368208442738841,0.7499691319916039,0.7503054989816701,0.714670110859972
scale_only,49,200586297,gbm,b3_logsig,54,max_leaf_nodes=7,0.7734407897290252,0.7422127040895594,0.7423458304411659,0.7406180569581903,0.7479935794542536,0.7591310251188051,0.7195135076956194
scale_only,49,200586297,gbm,b3_rawsig,79,max_leaf_nodes=7,0.7750916772035016,0.7445082337917444,0.7444691549218391,0.742759038578065,0.7479935794542536,0.7648336727766463,0.7206974491443332
scale_only,49,200586297,gbm,logsig,14,max_leaf_nodes=7,0.7723825937401502,0.7424863155511328,0.742085826414638,0.7397697434861644,0.759723422644771,0.76673455532926,0.7010009686793671
scale_only,49,200586297,gbm,rawsig,39,max_leaf_nodes=7,0.7695130427378439,0.7432108145730113,0.7424897049636399,0.7396889517269238,0.7575009260402519,0.779633401221996,0.6924981164567862
scale_only,49,200586297,gbm,logsig_shuffled,14,max_leaf_nodes=7,0.7614196275704682,0.7355534761039778,0.7347193788945092,0.7318925469602101,0.7533028768983825,0.771622539035981,0.6817350123775697
scale_only,49,200586297,gbm,rawsig_shuffled,39,max_leaf_nodes=7,0.7626804062796673,0.7341475807056863,0.7332471978077493,0.7302363158957786,0.752191628596123,0.7732518669382213,0.6769992465827145
scale_only,49,200586297,gbm,statistics_logsig_shuffled,25,max_leaf_nodes=7,0.7677401882239275,0.7430227200282772,0.7427084135318639,0.7406584528378105,0.7529324607976293,0.7672776646300068,0.7088580346571951
scale_only,49,200586297,gbm,statistics_rawsig_shuffled,50,max_leaf_nodes=7,0.7665733018494945,0.7428577175935825,0.7424461001339457,0.7403352858008483,0.7549080133349796,0.7678207739307535,0.7058443655150145
scale_only,49,200586297,gbm,b3_logsig_shuffled,54,max_leaf_nodes=7,0.7687053845871116,0.7383149139444153,0.7384867256592188,0.7368208442738841,0.7499691319916039,0.7503054989816701,0.714670110859972
scale_only,49,200586297,gbm,b3_rawsig_shuffled,79,max_leaf_nodes=7,0.7692952685432282,0.7389588227121071,0.7390668131356293,0.7373055948293274,0.747499691319916,0.7549219280380176,0.7144548487783877
scale_only,50,4027218559,random_forest,hmm,3,max_depth=10,0.7038933471025551,0.7871570605795357,0.7746131611969798,0.8003635629165825,0.8528976034858388,0.7514359279065161,0.757137650346252
scale_only,50,4027218559,random_forest,statistics,11,max_depth=10,0.7168299101020227,0.8088576069049697,0.7959639611060592,0.8205211068471016,0.8757298474945534,0.7862943157060804,0.7645486575142753
scale_only,50,4027218559,random_forest,statistics_logsig,25,max_depth=10,0.7232212989930673,0.8157945246373736,0.8022623234842406,0.8256109876792567,0.8738126361655774,0.7985739750445633,0.7749969627019803
scale_only,50,4027218559,random_forest,statistics_rawsig,50,max_depth=10,0.73075364951616,0.8182824918078776,0.8051507181940573,0.8282771157341952,0.8742483660130719,0.7975836799366212,0.78301542947394
scale_only,50,4027218559,random_forest,b3,40,max_depth=10,0.7216700356038842,0.817859253322221,0.8060032192279115,0.8298525550393859,0.8793899782135076,0.7872846108140226,0.7869031709391325
scale_only,50,4027218559,random_forest,b3_logsig,54,max_depth=10,0.7238051429031559,0.8201365129005018,0.8080874139681083,0.8316703696222986,0.8807843137254902,0.7922360863537334,0.7873891386222817
scale_only,50,4027218559,random_forest,b3_rawsig,79,max_depth=10,0.7297641999836167,0.8228074383855613,0.810286463227276,0.8332054130478691,0.8779956427015251,0.7981778570013864,0.7922488154537723
scale_only,50,4027218559,random_forest,logsig,14,max_depth=10,0.7181361076815338,0.8093653505731707,0.7937632233546451,0.8164411230054535,0.8607407407407407,0.8066943949296891,0.7606609160490827
scale_only,50,4027218559,random_forest,rawsig,39,max_depth=10,0.7275329088500526,0.8098113554593005,0.7957761255873163,0.8190668551807716,0.8630065359477124,0.792038027332145,0.774389503098044
scale_only,50,4027218559,random_forest,logsig_shuffled,14,max_depth=10,0.7115469535553031,0.8088546517004214,0.7939016337640785,0.8168450818016563,0.8651851851851852,0.8041196276490394,0.7572591422670393
scale_only,50,4027218559,random_forest,rawsig_shuffled,39,max_depth=10,0.717585473230209,0.8093197340344781,0.794756051874065,0.8184205211068472,0.8767755991285403,0.8072885719944544,0.7438950309804399
scale_only,50,4027218559,random_forest,statistics_logsig_shuffled,25,max_depth=10,0.7199186240740346,0.8165223076836513,0.802941430538516,0.8263381135124217,0.8771241830065359,0.8019409784115666,0.7705017616328514
scale_only,50,4027218559,random_forest,statistics_rawsig_shuffled,50,max_depth=10,0.721662117041476,0.8168704670978952,0.802651437462961,0.8260553423550798,0.8800871459694989,0.809863339275104,0.7606609160490827
scale_only,50,4027218559,random_forest,b3_logsig_shuffled,54,max_depth=10,0.7219550662019883,0.8189533774613613,0.8069731604095497,0.8307816602706524,0.8808714596949891,0.7900574371162606,0.7859312355728344
scale_only,50,4027218559,random_forest,b3_rawsig_shuffled,79,max_depth=10,0.7227549292172265,0.8192973608966234,0.8069184724857545,0.830579680872551,0.8815686274509804,0.7950089126559715,0.7813145425829182
scale_only,50,4027218559,logistic,hmm,3,C=0.01,0.7035865522374776,0.787697793070023,0.772769397465531,0.7970107049080993,0.845925925925926,0.7746088334323629,0.7425586198517798
scale_only,50,4027218559,logistic,statistics,11,C=0.1,0.7091042136562159,0.804092170330566,0.7876302108944779,0.8119975762472228,0.880958605664488,0.8209546444840562,0.7103632608431539
scale_only,50,4027218559,logistic,statistics_logsig,25,C=1.0,0.7209320835165755,0.8124094756254858,0.7955343605421256,0.818541708745708,0.8798257080610021,0.8334323628441276,0.7239703559713279
scale_only,50,4027218559,logistic,statistics_rawsig,50,C=1.0,0.7279176361843965,0.8153985740696905,0.7982940228253774,0.821005857402545,0.8752941176470588,0.8328381857793622,0.7380634187826509
scale_only,50,4027218559,logistic,b3,40,C=1.0,0.7110963653130256,0.7957044335696061,0.7785806781318176,0.8034336497677237,0.8745969498910675,0.8160031689443454,0.6965131818734054
scale_only,50,4027218559,logistic,b3_logsig,54,C=0.1,0.7183396307265295,0.7995790811461839,0.7833399112581155,0.8080387800444355,0.8761655773420479,0.8118439294909883,0.7107277366055157
scale_only,50,4027218559,logistic,b3_rawsig,79,C=1.0,0.724220336678894,0.8049273978895376,0.7883955152048494,0.8121995556453242,0.8712854030501089,0.8160031689443454,0.7274936216741587
scale_only,50,4027218559,logistic,logsig,14,C=1.0,0.7205506200185381,0.7942732582614807,0.7856345036233057,0.8133306402746919,0.8943790849673202,0.7480689245395128,0.7403717652776091
scale_only,50,4027218559,logistic,rawsig,39,C=1.0,0.7256694810315606,0.8098923760607354,0.7924127442857555,0.8149060795798828,0.8665795206971677,0.8286789463260051,0.7344186611590329
scale_only,50,4027218559,logistic,logsig_shuffled,14,C=1.0,0.7121319020939497,0.8069427585204622,0.795813534946941,0.8215310038376086,0.8974291938997822,0.7857001386413152,0.7376989430202892
scale_only,50,4027218559,logistic,rawsig_shuffled,39,C=1.0,0.7140982026029586,0.8085829753283974,0.7902402969070148,0.812603514441527,0.8659694989106754,0.8358090711031888,0.7239703559713279
scale_only,50,4027218559,logistic,statistics_logsig_shuffled,25,C=0.01,0.7143200890406419,0.8103399841557595,0.7954473838807918,0.8199151686527975,0.8899346405228759,0.8169934640522876,0.7240918478921152
scale_only,50,4027218559,logistic,statistics_rawsig_shuffled,50,C=1.0,0.7196488342105426,0.8148023587447478,0.7973617115663642,0.8201979398101393,0.8767755991285403,0.8360071301247772,0.7316243469809258
scale_only,50,4027218559,logistic,b3_logsig_shuffled,54,C=1.0,0.7111223551372626,0.7960152080902664,0.7788746169427022,0.8036356291658251,0.874161220043573,0.8163992869875223,0.6974851172397035
scale_only,50,4027218559,logistic,b3_rawsig_shuffled,79,C=1.0,0.7174477658020159,0.8022957383494425,0.785176291553202,0.8092506564330438,0.8725054466230937,0.8197662903545256,0.7146154780707082
scale_only,50,4027218559,gbm,hmm,3,max_leaf_nodes=7,0.704032708134155,0.7897676461199822,0.7764626498670743,0.801737022823672,0.8551633986928104,0.7633194692018221,0.7508200704653141
scale_only,50,4027218559,gbm,statistics,11,max_leaf_nodes=7,0.7144328735004298,0.8030597224108127,0.7891194447010274,0.8132902443950717,0.8670152505446623,0.7886710239651417,0.753492892722634
scale_only,50,4027218559,gbm,statistics_logsig,25,max_leaf_nodes=7,0.7240931374869474,0.8050986457528916,0.7912123987044127,0.8149464754595032,0.8658823529411764,0.7904535551594375,0.7589600291580609
scale_only,50,4027218559,gbm,statistics_rawsig,50,max_leaf_nodes=7,0.7242243993067895,0.8041559005310104,0.7904456990084817,0.8144617249040598,0.8660566448801743,0.7870865517924341,0.7593245049204228
scale_only,50,4027218559,gbm,b3,40,max_leaf_nodes=7,0.7141985101911018,0.8015223390853063,0.7892748005991753,0.8146637043021612,0.8709368191721133,0.7700534759358288,0.7635767221479771
scale_only,50,4027218559,gbm,b3_logsig,54,max_leaf_nodes=7,0.7203969640044462,0.802949736890625,0.791401754087758,0.8166431024035549,0.8695424836601308,0.7643097643097643,0.7749969627019803
scale_only,50,4027218559,gbm,b3_rawsig,79,max_leaf_nodes=7,0.7199493604821129,0.8076231386227789,0.7956155699325994,0.8201979398101393,0.87119825708061,0.7746088334323629,0.7770623253553639
scale_only,50,4027218559,gbm,logsig,14,max_leaf_nodes=7,0.7295134951510204,0.8094062409020922,0.7954773003782346,0.8187840840234296,0.8650980392156863,0.7932263814616756,0.7698943020289151
scale_only,50,4027218559,gbm,rawsig,39,max_leaf_nodes=7,0.7259249629171448,0.8101922155866476,0.7958739992834261,0.8189456675419107,0.8650108932461874,0.797979797979798,0.767585955533957
scale_only,50,4027218559,gbm,logsig_shuffled,14,max_leaf_nodes=7,0.7174225462004187,0.8103464447956457,0.7963647830512097,0.8201979398101393,0.8774727668845316,0.8021390374331551,0.7514275300692504
scale_only,50,4027218559,gbm,rawsig_shuffled,39,max_leaf_nodes=7,0.7175512347105633,0.8114414858791569,0.7973788662706817,0.8209654615229247,0.8779084967320261,0.8051099227569816,0.7513060381484631
scale_only,50,4027218559,gbm,statistics_logsig_shuffled,25,max_leaf_nodes=7,0.714714014305274,0.8012516059660642,0.7874802633788729,0.811876388608362,0.8664923747276688,0.7851059615765498,0.752156481593974
scale_only,50,4027218559,gbm,statistics_rawsig_shuffled,50,max_leaf_nodes=7,0.7162007181495472,0.8021503590332099,0.7888077830465803,0.8135730155524137,0.8708496732026144,0.7833234303822539,0.7522779735147612
scale_only,50,4027218559,gbm,b3_logsig_shuffled,54,max_leaf_nodes=7,0.7141985101911018,0.8015223390853063,0.7892748005991753,0.8146637043021612,0.8709368191721133,0.7700534759358288,0.7635767221479771
scale_only,50,4027218559,gbm,b3_rawsig_shuffled,79,max_leaf_nodes=7,0.7145260428998741,0.8035357086186924,0.7912125571318382,0.8161583518481115,0.8695424836601308,0.7726282432164785,0.7684363989794679
