contrast,detector,learner,baseline,target,n,delta_detection_probability,delta_detection_probability_ci_low,delta_detection_probability_ci_high,delta_detection_probability_positive,delta_mean_delay,delta_mean_delay_ci_low,delta_mean_delay_ci_high,delta_mean_delay_positive,delta_false_alarms_per_1000,delta_false_alarms_per_1000_ci_low,delta_false_alarms_per_1000_ci_high,delta_false_alarms_per_1000_positive,delta_state_detection_probability,delta_state_detection_probability_ci_low,delta_state_detection_probability_ci_high,delta_state_detection_probability_positive,delta_detector_balanced_accuracy,delta_detector_balanced_accuracy_ci_low,delta_detector_balanced_accuracy_ci_high,delta_detector_balanced_accuracy_positive
b3 minus chance,b3,gbm,chance,0.5,50,-0.0162544070624499,-0.028882610555093977,-0.0036262035698058255,13,,,,,,,,,,,,,,,,
b3 minus chance,b3,logistic,chance,0.5,50,-0.0111368285351533,-0.02450120818450536,0.0022275511141987593,16,,,,,,,,,,,,,,,,
b3 minus chance,b3,random_forest,chance,0.5,50,-0.015598800914297795,-0.02865235687318626,-0.00254524495540933,19,,,,,,,,,,,,,,,,
b3 minus chance,b3,selected,chance,0.5,50,-0.01890522656616835,-0.032220998317406366,-0.005589454814930336,16,,,,,,,,,,,,,,,,
b3_logsig minus chance,b3_logsig,gbm,chance,0.5,50,-0.018589811211676466,-0.03244888835496684,-0.004730734068386089,15,,,,,,,,,,,,,,,,
b3_logsig minus chance,b3_logsig,logistic,chance,0.5,50,-0.018594908749018188,-0.03120118876925372,-0.005988628728782655,16,,,,,,,,,,,,,,,,
b3_logsig minus chance,b3_logsig,random_forest,chance,0.5,50,-0.010678097877813684,-0.02438715239569526,0.0030309566400678924,19,,,,,,,,,,,,,,,,
b3_logsig minus chance,b3_logsig,selected,chance,0.5,50,-0.015369945194383774,-0.028506054475433733,-0.002233835913333815,17,,,,,,,,,,,,,,,,
b3_rawsig minus chance,b3_rawsig,gbm,chance,0.5,50,-0.014610605443523945,-0.0273696595811545,-0.0018515513058933904,15,,,,,,,,,,,,,,,,
b3_rawsig minus chance,b3_rawsig,logistic,chance,0.5,50,0.014030659189697805,-0.0007299574253047635,0.028791275804700374,26,,,,,,,,,,,,,,,,
b3_rawsig minus chance,b3_rawsig,random_forest,chance,0.5,50,-0.016769466356889043,-0.031119416772696116,-0.00241951594108197,15,,,,,,,,,,,,,,,,
b3_rawsig minus chance,b3_rawsig,selected,chance,0.5,50,0.014030659189697805,-0.0007299574253047635,0.028791275804700374,26,,,,,,,,,,,,,,,,
cusum minus chance,cusum,none,chance,0.5,50,-0.04561492474806324,-0.05708488944113397,-0.034144960054992506,5,,,,,,,,,,,,,,,,
hmm minus chance,hmm,gbm,chance,0.5,50,-0.017650529966232308,-0.030154727246366267,-0.005146332686098348,15,,,,,,,,,,,,,,,,
hmm minus chance,hmm,logistic,chance,0.5,50,-0.007634815229301651,-0.013515840321872441,-0.0017537901367308609,14,,,,,,,,,,,,,,,,
hmm minus chance,hmm,random_forest,chance,0.5,50,-0.03882197744390396,-0.051517543822392924,-0.026126411065415002,10,,,,,,,,,,,,,,,,
hmm_filter minus chance,hmm_filter,none,chance,0.5,50,-0.018686286779699593,-0.03089987736337746,-0.006472696196021727,14,,,,,,,,,,,,,,,,
statistics minus chance,statistics,gbm,chance,0.5,50,-0.017848473960205568,-0.03368785023358494,-0.0020090976868261945,13,,,,,,,,,,,,,,,,
statistics minus chance,statistics,logistic,chance,0.5,50,-0.012222405081606894,-0.02776087690089509,0.0033160667376813027,15,,,,,,,,,,,,,,,,
statistics minus chance,statistics,random_forest,chance,0.5,50,-0.0257339509167883,-0.03795452929968681,-0.01351337253388979,12,,,,,,,,,,,,,,,,
statistics minus chance,statistics,selected,chance,0.5,50,-0.017513593899390424,-0.0304411904262299,-0.004585997372550948,14,,,,,,,,,,,,,,,,
statistics_logsig minus chance,statistics_logsig,gbm,chance,0.5,50,-0.010376657113678286,-0.02498764036542008,0.004234326138063507,19,,,,,,,,,,,,,,,,
statistics_logsig minus chance,statistics_logsig,logistic,chance,0.5,50,-0.019730176976920467,-0.032150305021704545,-0.007310048932136387,17,,,,,,,,,,,,,,,,
statistics_logsig minus chance,statistics_logsig,random_forest,chance,0.5,50,-0.013744290147558135,-0.02907302607212533,0.001584445777009058,21,,,,,,,,,,,,,,,,
statistics_logsig minus chance,statistics_logsig,selected,chance,0.5,50,-0.015206282875332213,-0.026995604801738286,-0.003416960948926141,17,,,,,,,,,,,,,,,,
statistics_rawsig minus chance,statistics_rawsig,gbm,chance,0.5,50,-0.014236839822227596,-0.02823003142916736,-0.0002436482152878318,20,,,,,,,,,,,,,,,,
statistics_rawsig minus chance,statistics_rawsig,logistic,chance,0.5,50,0.0013387612933562143,-0.012975199942938168,0.0156527225296506,26,,,,,,,,,,,,,,,,
statistics_rawsig minus chance,statistics_rawsig,random_forest,chance,0.5,50,-0.02437908983649055,-0.03753321269276323,-0.011224966980217868,13,,,,,,,,,,,,,,,,
statistics_rawsig minus chance,statistics_rawsig,selected,chance,0.5,50,0.0013387612933562143,-0.012975199942938168,0.0156527225296506,26,,,,,,,,,,,,,,,,
statistics_logsig minus statistics,statistics_logsig,gbm,statistics,0.5,50,0.012693345358844126,-0.007381099659239578,0.03276779037692783,27,2.6085729499258923,-4.23252582345339,9.449671723305174,28.0,-0.0008079175924055737,-0.05959832662028913,0.057982491435477984,25.0,0.013764382665700826,-0.0007588033261025241,0.028287568657504175,27.0,0.023389858232755866,0.00922956585231988,0.03755015061319185,35.0
statistics_rawsig minus statistics,statistics_rawsig,gbm,statistics,0.5,50,0.012684012827008683,-0.006263949777492504,0.03163197543150987,24,-1.6824355415826013,-10.325298968410422,6.96042788524522,23.0,0.01858210462532821,-0.040832706060862534,0.07799691531151896,23.0,0.006606311905359854,-0.006348638362527816,0.019561262173247523,23.0,-0.00035847252625138213,-0.016772620123266906,0.016055675070764143,27.0
b3_logsig minus b3,b3_logsig,gbm,b3,0.5,50,-0.0030212665368903814,-0.0218534602392697,0.015810927165488937,20,0.2776693803272758,-8.293324943968932,8.848663704623482,23.0,0.004847505554433434,-0.037771198667841246,0.04746620977670811,24.0,-0.000645027062864206,-0.012418849730912762,0.01112879560518435,16.0,0.01150689290808684,-0.0016039878688201958,0.024617773684993877,28.0
b3_rawsig minus b3,b3_rawsig,gbm,b3,0.5,50,-0.008784302890340765,-0.02707321514016616,0.009504609359484628,22,-2.677260517260517,-11.816506378115347,6.461985343594312,24.0,-0.03231670369622299,-0.0825998245337376,0.017966417141291623,22.0,-0.007566084042481012,-0.01923447262346327,0.0041023045385012455,16.0,0.012554764592013426,-0.002460383351893646,0.027569912535920497,26.0
statistics minus CUSUM,statistics,gbm,cusum,0.5,50,0.06849768889859982,0.03964380517284846,0.09735157262435118,37,33.01889086403792,18.396174488553353,47.641607239522486,36.0,0.06948091294687941,-0.013889369927348044,0.15285119582110687,28.0,,,,,,,,
statistics minus HMM filter,statistics,gbm,hmm_filter,0.5,50,0.0031425961160700643,-0.020014810069035008,0.026300002301175136,22,0.9194437555908156,-10.131964634488194,11.970852145669825,25.0,0.0072712583316501735,-0.05945659438250606,0.0739991110458064,23.0,0.028626484608986806,0.0136509381533721,0.04360203106460151,36.0,0.05204317820988951,0.030709475063322417,0.0733768813564566,41.0
statistics_logsig minus CUSUM,statistics_logsig,gbm,cusum,0.5,50,0.08119103425744394,0.05387723993238057,0.1085048285825073,39,35.62746381396382,22.087561660755497,49.167365967172145,39.0,0.06867299535447385,-0.008121147739624981,0.14546713844857267,30.0,,,,,,,,
statistics_logsig minus HMM filter,statistics_logsig,gbm,hmm_filter,0.5,50,0.015835941474914187,-0.005568687654652099,0.03724057060448047,27,3.5280167055167078,-7.212677398811222,14.268710809844636,24.0,0.0064633407392445915,-0.06025120845143313,0.07317788992992232,23.0,0.04239086727468764,0.028933903531170514,0.055847831018204765,42.0,0.07543303644264537,0.05227659615369125,0.0985894767315995,43.0
statistics_rawsig minus CUSUM,statistics_rawsig,gbm,cusum,0.5,50,0.08118170172560848,0.055602861199553044,0.10676054225166393,38,31.336455322455322,16.439378832066264,46.233531812844376,36.0,0.08806301757220762,0.009350991128629,0.16677504401578624,30.0,,,,,,,,
statistics_rawsig minus HMM filter,statistics_rawsig,gbm,hmm_filter,0.5,50,0.01582660894307875,-0.009104190121613401,0.040757408007770904,26,-0.7629917859917861,-12.675842624744309,11.149859052760736,28.0,0.02585336295697838,-0.053947047634879466,0.10565377354883622,26.0,0.035232796514346666,0.01766246383675031,0.05280312919194302,36.0,0.05168470568363813,0.02886545696902959,0.07450395439824667,37.0
b3 minus CUSUM,b3,gbm,cusum,0.5,50,0.07432040191715387,0.051432716506688764,0.09720808732761899,41,32.257714230214226,15.67440410614002,48.841024354288436,31.0,0.07432841850131286,-0.002574577791499194,0.1512314147941249,27.0,,,,,,,,
b3 minus HMM filter,b3,gbm,hmm_filter,0.5,50,0.008965309134624122,-0.014205450698443072,0.03213606896769132,27,0.15826712176712066,-13.749764457018536,14.066298700552778,28.0,0.012118763886083626,-0.06049880761150073,0.08473633538366798,27.0,0.03740027339787649,0.021812051759243875,0.05298849503650911,33.0,0.05090994329085148,0.030431042077156314,0.07138884450454665,37.0
b3_logsig minus CUSUM,b3_logsig,gbm,cusum,0.5,50,0.07129913538026349,0.04591148451563227,0.09668678624489471,36,32.5353836105415,18.71849379751112,46.35227342357189,36.0,0.0791759240557463,-0.002166814454689747,0.16051866256618236,28.0,,,,,,,,
b3_logsig minus HMM filter,b3_logsig,gbm,hmm_filter,0.5,50,0.005944042597733743,-0.01919349527963731,0.031081580475104793,25,0.435936502094397,-10.957611818758084,11.829484822946876,27.0,0.01696626944051706,-0.05471330932453508,0.0886458482055692,23.0,0.03675524633501229,0.02037065467098145,0.05313983799904312,34.0,0.062416836198938314,0.040566488527308917,0.08426718387056771,40.0
b3_rawsig minus CUSUM,b3_rawsig,gbm,cusum,0.5,50,0.06553609902681311,0.04261008072096324,0.08846211733266297,39,29.580453712953712,14.71202820252649,44.448879223380935,37.0,0.042011714805089875,-0.03752535189051916,0.12154878150069891,28.0,,,,,,,,
b3_rawsig minus HMM filter,b3_rawsig,gbm,hmm_filter,0.5,50,0.00018100624428335764,-0.02530187268136508,0.025663885169931795,23,-2.518993395493395,-16.23258679244265,11.194600001455859,25.0,-0.020197939810139367,-0.09688693341207145,0.056491053791792714,23.0,0.029834189355395484,0.012949260900609848,0.04671911781018112,31.0,0.0634647078828649,0.04301117849370299,0.08391823727202681,42.0
statistics_logsig minus statistics,statistics_logsig,logistic,statistics,0.5,50,0.0001703880662270868,-0.022670940483210885,0.02301171661566506,23,5.6422556201967975,-4.476161036025912,15.760672276419507,29.0,0.031508786103817396,-0.03406427911186807,0.09708185131950287,29.0,0.013882179006625672,0.0019306740153399293,0.025833683997911416,26.0,0.0032473141756145405,-0.01295137582886316,0.019446004180092243,27.0
statistics_rawsig minus statistics,statistics_rawsig,logistic,statistics,0.5,50,0.03145547759364384,0.00428956877853948,0.0586213864087482,29,3.8991824235521717,-5.50899312574695,13.307357972851293,22.0,0.02504544536457281,-0.03748732113014328,0.08757821185928891,26.0,0.03656380133125838,0.019646189188651797,0.05348141347386497,33.0,0.046768882703772885,0.028834528830594192,0.06470323657695158,38.0
b3_logsig minus b3,b3_logsig,logistic,b3,0.5,50,-0.003225374681975529,-0.024928752268865116,0.01847800290491406,23,0.6650694043851307,-8.469848412585534,9.799987221355796,25.0,0.02342961017976166,-0.022144434327431475,0.0690036546869548,23.0,0.00600038698774786,-0.008924119508526309,0.020924893484022027,25.0,0.011053748119076752,-0.00588989382953563,0.027997390067689136,27.0
b3_rawsig minus b3,b3_rawsig,logistic,b3,0.5,50,0.0414633128358912,0.014372178376564473,0.06855444729521792,30,1.4641596116302005,-7.072378606888811,10.000697830149212,29.0,0.0024237527772167167,-0.052970774532935236,0.05781828008736867,24.0,0.03723892946490889,0.019153270833629662,0.05532458809618812,33.0,0.05362943364295083,0.03324742952157808,0.07401143776432358,39.0
statistics minus CUSUM,statistics,logistic,cusum,0.5,50,0.06733124340732623,0.04066843455958985,0.0939940522550626,36,29.777239283991985,15.940669958802273,43.613808609181696,37.0,0.035548374065845295,-0.040802815759084066,0.11189956389077466,22.0,,,,,,,,
statistics minus HMM filter,statistics,logistic,hmm_filter,0.5,50,0.001976150624796469,-0.020734273325734832,0.024686574575327774,22,-4.10995164299486,-15.961567258974059,7.741663972984339,22.0,-0.026661280549383964,-0.09947711756903184,0.04615455647026391,23.0,0.01968268093746147,0.004943418409385553,0.03442194346553739,29.0,0.04613391492958361,0.02850533157157989,0.06376249828758733,41.0
statistics_logsig minus CUSUM,statistics_logsig,logistic,cusum,0.5,50,0.0675016314735533,0.041766705938029364,0.09323655700907724,36,33.561105006105,18.688382125176147,48.43382788703386,36.0,0.06705716016966269,-0.009433761074516739,0.14354808141384212,28.0,,,,,,,,
statistics_logsig minus HMM filter,statistics_logsig,logistic,hmm_filter,0.5,50,0.0021465386910235556,-0.023871091456475427,0.028164168838522536,23,1.4616578976578978,-10.513415003580807,13.436730798896601,26.0,0.00484750555443344,-0.07825132584327886,0.08794633695214575,27.0,0.033564859944087144,0.016759836074991496,0.05036988381318279,34.0,0.04938122910519814,0.027030343549185536,0.07173211466121074,37.0
statistics_rawsig minus CUSUM,statistics_rawsig,logistic,cusum,0.5,50,0.09878672100097008,0.07026906907423293,0.12730437292770722,39,32.57489327339327,19.847789071332354,45.301997475454186,35.0,0.06059381943041808,-0.015000065526764875,0.13618770438760103,26.0,,,,,,,,
statistics_rawsig minus HMM filter,statistics_rawsig,logistic,hmm_filter,0.5,50,0.03343162821844031,0.007789093842081377,0.05907416259479925,32,0.4754461649461653,-11.120545020236653,12.071437350128983,26.0,-0.0016158351848111442,-0.08699197853508531,0.08376030816546301,24.0,0.056246482268719845,0.03802080881645434,0.07447215572098535,40.0,0.09290279763335647,0.07306919702842285,0.1127363982382901,47.0
b3 minus CUSUM,b3,logistic,cusum,0.5,50,0.06659063159287121,0.04080946091876292,0.0923718022669795,35,33.26607142857143,20.173111903086877,46.35903095405598,36.0,0.026661280549383964,-0.05180843231168378,0.1051309934104517,26.0,,,,,,,,
b3 minus HMM filter,b3,logistic,hmm_filter,0.5,50,0.0012355388103414626,-0.023661223658972327,0.02613230127965525,24,1.1666243201243207,-10.158856999415404,12.492105639664045,22.0,-0.035548374065845295,-0.11147563855076807,0.04037889041907748,19.0,0.02016921001794286,0.004181821344390827,0.03615659869149489,30.0,0.02735684698022032,0.0059177714078072555,0.04879592255263338,36.0
b3_logsig minus CUSUM,b3_logsig,logistic,cusum,0.5,50,0.06336525691089569,0.039014440666585735,0.08771607315520563,39,34.497795351906994,21.353328447979464,47.642262255834524,37.0,0.05009089072914561,-0.02312831631745515,0.12331009777574636,27.0,,,,,,,,
b3_logsig minus HMM filter,b3_logsig,logistic,hmm_filter,0.5,50,-0.0019898358716340663,-0.02403773936785538,0.02005806762458725,28,2.677951363695661,-8.45713847987759,13.813041207268911,28.0,-0.012118763886083623,-0.09432624339460123,0.07008871562243398,23.0,0.026169597005690718,0.010594727624259972,0.04174446638712147,32.0,0.038410595099297076,0.0187431182456537,0.05807807195294046,35.0
b3_rawsig minus CUSUM,b3_rawsig,logistic,cusum,0.5,50,0.10805394442876243,0.07943314189842182,0.13667474695910303,43,34.73023104020163,22.694001797654366,46.766460282748895,39.0,0.02908503332660068,-0.050859510193876904,0.10902957684707826,25.0,,,,,,,,
b3_rawsig minus HMM filter,b3_rawsig,logistic,hmm_filter,0.5,50,0.042698851646232674,0.01878217226199361,0.06661553103047174,33,2.6307839317545216,-7.84959802505238,13.111165888561423,25.0,-0.03312462128862858,-0.11422660475394583,0.047977362176688666,22.0,0.057408139482851755,0.039040509860247694,0.07577576910545582,41.0,0.08098628062317113,0.06273189002858477,0.0992406712177575,44.0
statistics_logsig minus statistics,statistics_logsig,random_forest,statistics,0.5,50,0.007948194452879073,-0.010934904393535835,0.02683129329929398,25,9.295978847541349,-0.35831703929700787,18.950274734379704,29.0,-0.03958796202787314,-0.09245218967376137,0.0132762656180151,19.0,0.006569953793921061,-0.0031319340109830073,0.01627184159882513,22.0,0.024252086862997874,0.01043357423954006,0.038070599486455685,33.0
statistics_rawsig minus statistics,statistics_rawsig,random_forest,statistics,0.5,50,-0.0040985831005293325,-0.026252590909954875,0.018055424708896206,24,1.6478131243756244,-8.602300665827274,11.897926914578521,21.0,-0.025045445364572805,-0.09023178624176376,0.04014089551261815,21.0,0.0020810733017720216,-0.012949624929470181,0.017111771533014224,21.0,0.005380731036074115,-0.011095044352569847,0.021856506424718078,25.0
b3_logsig minus b3,b3_logsig,random_forest,b3,0.5,50,0.007538879241223286,-0.006885394698150313,0.021963153180596884,23,0.08632767459298213,-8.279231454360396,8.451886803546358,25.0,-0.0016158351848111479,-0.05200369259869142,0.04877202222906912,19.0,0.00881135707139354,-0.0004360590475902329,0.01805877319037731,20.0,0.0035500757129404603,-0.008426343500176625,0.015526494926057545,27.0
b3_rawsig minus b3,b3_rawsig,random_forest,b3,0.5,50,-0.0011284398397721001,-0.01940291531918247,0.017146035639638266,22,4.0046311398352215,-6.4888991052703675,14.498161384940811,24.0,0.0016158351848111524,-0.05065844397156243,0.05389011434118474,24.0,0.0017570288207218387,-0.010395903033001055,0.013909960674444732,17.0,-0.007855632895198309,-0.020647989551104924,0.004936723760708308,23.0
statistics minus CUSUM,statistics,random_forest,cusum,0.5,50,0.060538529180258524,0.032579539228694505,0.08849751913182255,37,29.223931508306507,14.877105236049285,43.570757780563724,37.0,0.08402342961017975,-0.011995847694020428,0.18004270691437993,32.0,,,,,,,,
statistics minus HMM filter,statistics,random_forest,hmm_filter,0.5,50,-0.004816563602271228,-0.02781774542400077,0.018184618219458312,19,-2.1099833037333036,-13.50452514168321,9.284558534216604,28.0,0.02181377499495051,-0.05120863009723642,0.09483618008713743,26.0,0.018979976673234332,0.002429631014080648,0.035530322332388016,28.0,0.030068282295994023,0.008244638877079779,0.05189192571490826,33.0
statistics_logsig minus CUSUM,statistics_logsig,random_forest,cusum,0.5,50,0.0684867236331376,0.04058624184183085,0.09638720542444434,37,39.76800283050283,24.88541191235312,54.65059374865254,37.0,0.04443546758230661,-0.039070532235310956,0.12794146739992418,28.0,,,,,,,,
statistics_logsig minus HMM filter,statistics_logsig,random_forest,hmm_filter,0.5,50,0.00313163085060785,-0.020740142346947266,0.02700340404816297,22,7.668555722055725,-3.1923540811994258,18.529465525310876,30.0,-0.01777418703292264,-0.08301291077554679,0.0474645367097015,22.0,0.025549930467155396,0.00931295401372257,0.04178690692058822,29.0,0.05432036915899188,0.03593844381441206,0.07270229450357171,43.0
statistics_rawsig minus CUSUM,statistics_rawsig,random_forest,cusum,0.5,50,0.05643994607972919,0.029781122167444864,0.08309876999201352,36,30.7484304029304,15.774197548540366,45.722663257320434,34.0,0.05897798424560694,-0.019615032270837544,0.13757100076205142,29.0,,,,,,,,
statistics_rawsig minus HMM filter,statistics_rawsig,random_forest,hmm_filter,0.5,50,-0.00891514670280056,-0.03148413932688747,0.013653845921286347,17,-1.3510167055167057,-14.06141827054567,11.359384859512257,27.0,-0.003231670369622307,-0.07276843673598485,0.06630509599674023,21.0,0.021061049975006355,0.0016746562061076761,0.040447443743905034,29.0,0.03544901333206814,0.017665887478814087,0.053232139185322186,38.0
b3 minus CUSUM,b3,random_forest,cusum,0.5,50,0.06148054973799837,0.036217205846862305,0.08674389362913444,33,30.816900266400268,16.209517831471118,45.42428270132942,36.0,0.0315087861038174,-0.04931412794377992,0.11233170015141472,25.0,,,,,,,,
b3 minus HMM filter,b3,random_forest,hmm_filter,0.5,50,-0.003874543044531385,-0.02843406265271506,0.020684976563652285,18,-1.2825468420468422,-13.704437148505365,11.139343464411679,25.0,-0.03070086851141184,-0.10468750918181399,0.04328577215899032,22.0,0.022408482346520656,0.006260314986389036,0.03855664970665228,31.0,0.03938269233426817,0.020736713036103444,0.0580286716324329,33.0
b3_logsig minus CUSUM,b3_logsig,random_forest,cusum,0.5,50,0.06901942897922166,0.043260534366915356,0.09477832359152796,34,30.778742912416376,15.961032520618472,45.59645330421428,35.0,0.029892950919006255,-0.050547002523082966,0.11033290436109547,25.0,,,,,,,,
b3_logsig minus HMM filter,b3_logsig,random_forest,hmm_filter,0.5,50,0.0036643361966919013,-0.020409657859945154,0.027738330253328954,24,-1.3091282866793061,-14.33617239041112,11.717915817052509,25.0,-0.032316703696222984,-0.10613737975242012,0.04150397235997415,23.0,0.031219839417914196,0.013837413866895538,0.04860226496893286,29.0,0.04293276804720863,0.022581217138230754,0.0632843189561865,38.0
b3_rawsig minus CUSUM,b3_rawsig,random_forest,cusum,0.5,50,0.06035210989822628,0.03561310868728726,0.0850911111091653,36,34.69704637765862,19.946107694673707,49.44798506064354,34.0,0.03312462128862856,-0.042768981288278385,0.1090182238655355,30.0,,,,,,,,
b3_rawsig minus HMM filter,b3_rawsig,random_forest,hmm_filter,0.5,50,-0.005002982884303485,-0.027760731475636995,0.017754765707030027,19,2.609175178562934,-10.016129549635101,15.234479906760969,25.0,-0.029085033326600687,-0.10061247423005855,0.042442407576857175,25.0,0.024165511167242495,0.008201114031101457,0.04012990830338353,32.0,0.03152705943906987,0.012755096084409012,0.05029902279373072,37.0
statistics_logsig minus statistics,statistics_logsig,selected,statistics,0.5,50,0.0013085582930824813,-0.02233571127298115,0.02495282785914611,20,8.326258263114882,-1.7963001478021585,18.448816674031924,29.0,-0.012926681478489202,-0.08111982690285725,0.05526646394587885,24.0,0.019995526315026955,0.008297845296589767,0.031693207333464146,28.0,0.010632786077412502,-0.008557664398579294,0.029823236553404298,28.0
statistics_rawsig minus statistics,statistics_rawsig,selected,statistics,0.5,50,0.031922571522195305,0.005288623602997814,0.0585565194413928,27,3.9055503252194423,-4.607626954844454,12.418727605283339,25.0,0.003231670369622317,-0.07127230996269816,0.07773565070194279,24.0,0.03981586391673821,0.024963044555460924,0.0546686832780155,36.0,0.0480486905304995,0.027470240745940202,0.06862714031505879,38.0
b3_logsig minus b3,b3_logsig,selected,b3,0.5,50,0.005071666211023162,-0.01220029883323238,0.022343631255278707,25,-1.9151661263906166,-9.934884323713632,6.1045520709323995,26.0,-0.004039587962027868,-0.0617103059107192,0.05363112998666347,20.0,0.008127458187837461,-0.0007280873346088672,0.01698300371028379,21.0,0.003325192275592761,-0.010360809267508897,0.01701119381869442,25.0
b3_rawsig minus b3,b3_rawsig,selected,b3,0.5,50,0.04312085628409704,0.016445920693495954,0.06979579187469812,32,3.060322837293425,-7.2255070716060565,13.346152746192907,28.0,-0.02746919814178954,-0.0994240573449086,0.04448566106132952,24.0,0.033199063363468416,0.014978680799994235,0.0514194459269426,31.0,0.04391516578445374,0.025706865944102323,0.062123465624805155,39.0
statistics minus CUSUM,statistics,selected,cusum,0.5,50,0.06686414947877477,0.03876689912598789,0.09496139983156165,38,28.87153757530596,15.687469287580575,42.055605863031346,37.0,0.057362149060795786,-0.028426658189219328,0.1431509563108109,30.0,,,,,,,,
statistics minus HMM filter,statistics,selected,hmm_filter,0.5,50,0.0015090566962450115,-0.01978852659614163,0.022806639988631652,23,-4.983210570067187,-16.14386898059347,6.177447840459098,25.0,-0.004847505554433457,-0.07751654487497944,0.06782153376611252,23.0,0.01643061835198164,0.0011355731587529873,0.031725663545210295,27.0,0.044854107102857,0.02369369251557584,0.06601452169013816,36.0
statistics_logsig minus CUSUM,statistics_logsig,selected,cusum,0.5,50,0.06817270777185724,0.04314686301566579,0.0931985525280487,36,35.348772893772896,20.98889951631987,49.70864627122592,37.0,0.04443546758230659,-0.0235130836833174,0.11238401884793059,26.0,,,,,,,,
statistics_logsig minus HMM filter,statistics_logsig,selected,hmm_filter,0.5,50,0.0028176149893274893,-0.020865508954408057,0.02650073893306304,24,3.2493257853257864,-8.18921113206159,14.687862702713161,24.0,-0.01777418703292265,-0.09001705484969216,0.05446868078384687,26.0,0.036426144667008595,0.02029996313636011,0.05255232619765708,36.0,0.05548689318026948,0.03214418158047544,0.07882960478006353,39.0
statistics_rawsig minus CUSUM,statistics_rawsig,selected,cusum,0.5,50,0.09878672100097008,0.07026906907423293,0.12730437292770722,39,32.57489327339327,19.847789071332354,45.301997475454186,35.0,0.06059381943041808,-0.015000065526764875,0.13618770438760103,26.0,,,,,,,,
statistics_rawsig minus HMM filter,statistics_rawsig,selected,hmm_filter,0.5,50,0.03343162821844031,0.007789093842081377,0.05907416259479925,32,0.4754461649461653,-11.120545020236653,12.071437350128983,26.0,-0.0016158351848111442,-0.08699197853508531,0.08376030816546301,24.0,0.056246482268719845,0.03802080881645434,0.07447215572098535,40.0,0.09290279763335647,0.07306919702842285,0.1127363982382901,47.0
b3 minus CUSUM,b3,selected,cusum,0.5,50,0.06493308814466538,0.041189602020137536,0.08867657426919322,36,31.6699082029082,16.60051749722365,46.73929890859275,37.0,0.05655423146839022,-0.021274954977726517,0.13438341791450695,26.0,,,,,,,,
b3 minus HMM filter,b3,selected,hmm_filter,0.5,50,-0.0004220046378643716,-0.02441533561532554,0.023571326339596795,20,-0.42953890553890445,-13.074276942855638,12.215199131777828,25.0,-0.005655423146839025,-0.08027376059877991,0.06896291430510187,23.0,0.02420907611938334,0.00806110600363157,0.04035704623513511,29.0,0.0370711148387174,0.018135841061718127,0.056006388615716676,32.0
b3_logsig minus CUSUM,b3_logsig,selected,cusum,0.5,50,0.07000475435568855,0.047156159279856155,0.09285334943152095,38,30.059229999025913,15.987061986164255,44.13139801188757,36.0,0.05251464350636234,-0.01684434802072142,0.1218736350334461,27.0,,,,,,,,
b3_logsig minus HMM filter,b3_logsig,selected,hmm_filter,0.5,50,0.004649661573158794,-0.015144678459690353,0.02444400160600794,24,-1.7606139891854171,-12.146601325237807,8.625373346866972,24.0,-0.009695011108866895,-0.08948868014994504,0.07009865793221126,23.0,0.032336534307220804,0.01813288883104132,0.04654017978340029,33.0,0.040396307114310165,0.01923912562305504,0.06155348860556529,35.0
b3_rawsig minus CUSUM,b3_rawsig,selected,cusum,0.5,50,0.10805394442876243,0.07943314189842182,0.13667474695910303,43,34.73023104020163,22.694001797654366,46.766460282748895,39.0,0.02908503332660068,-0.050859510193876904,0.10902957684707826,25.0,,,,,,,,
b3_rawsig minus HMM filter,b3_rawsig,selected,hmm_filter,0.5,50,0.042698851646232674,0.01878217226199361,0.06661553103047174,33,2.6307839317545216,-7.84959802505238,13.111165888561423,25.0,-0.03312462128862858,-0.11422660475394583,0.047977362176688666,22.0,0.057408139482851755,0.039040509860247694,0.07577576910545582,41.0,0.08098628062317113,0.06273189002858477,0.0992406712177575,44.0
HMM filter minus CUSUM,hmm_filter,none,cusum,0.5,50,0.06535509278252975,0.040562037874815965,0.09014814769024354,37,32.09944710844711,16.149776963683834,48.04911725321038,36.0,0.062209654615229246,-0.01933949219592168,0.14375880142638017,29.0,,,,,,,,
b3 minus chance,b3,gbm,chance,1.0,50,-0.02220404829035495,-0.03992678184421719,-0.004481314736492704,18,,,,,,,,,,,,,,,,
b3 minus chance,b3,logistic,chance,1.0,50,-0.013384261070662871,-0.03214484411403321,0.005376321972707472,24,,,,,,,,,,,,,,,,
b3 minus chance,b3,random_forest,chance,1.0,50,-0.01704845092346234,-0.035968074369615896,0.0018711725226912106,18,,,,,,,,,,,,,,,,
b3 minus chance,b3,selected,chance,1.0,50,-0.02033777437411854,-0.038416872993947485,-0.0022586757542895977,15,,,,,,,,,,,,,,,,
b3_logsig minus chance,b3_logsig,gbm,chance,1.0,50,-0.013431851481150149,-0.029299319977401504,0.002435617015101206,18,,,,,,,,,,,,,,,,
b3_logsig minus chance,b3_logsig,logistic,chance,1.0,50,-0.01904515669131022,-0.038734057869811836,0.0006437444871913965,17,,,,,,,,,,,,,,,,
b3_logsig minus chance,b3_logsig,random_forest,chance,1.0,50,-0.023550753913738322,-0.04252417024280208,-0.0045773375846745665,21,,,,,,,,,,,,,,,,
b3_logsig minus chance,b3_logsig,selected,chance,1.0,50,-0.019285599286761983,-0.038520277665484215,-5.0920908039747e-05,21,,,,,,,,,,,,,,,,
b3_rawsig minus chance,b3_rawsig,gbm,chance,1.0,50,-0.01663781076038828,-0.03534239428293691,0.0020667727621603467,20,,,,,,,,,,,,,,,,
b3_rawsig minus chance,b3_rawsig,logistic,chance,1.0,50,0.008045222195306906,-0.008033472946682657,0.02412391733729647,28,,,,,,,,,,,,,,,,
b3_rawsig minus chance,b3_rawsig,random_forest,chance,1.0,50,-0.03065588656473934,-0.04785965126547451,-0.013452121864004168,18,,,,,,,,,,,,,,,,
b3_rawsig minus chance,b3_rawsig,selected,chance,1.0,50,0.008045222195306906,-0.008033472946682657,0.02412391733729647,28,,,,,,,,,,,,,,,,
cusum minus chance,cusum,none,chance,1.0,50,-0.06883797405241367,-0.08572973232773132,-0.051946215777096016,5,,,,,,,,,,,,,,,,
hmm minus chance,hmm,gbm,chance,1.0,50,-0.03628323987205218,-0.052674151035811814,-0.019892328708292547,12,,,,,,,,,,,,,,,,
hmm minus chance,hmm,logistic,chance,1.0,50,-0.01240240522382512,-0.0210479773871999,-0.0037568330604503403,12,,,,,,,,,,,,,,,,
hmm minus chance,hmm,random_forest,chance,1.0,50,-0.04722996678829088,-0.0636617818525286,-0.030798151724053157,8,,,,,,,,,,,,,,,,
hmm_filter minus chance,hmm_filter,none,chance,1.0,50,-0.021982415079491703,-0.04264205948895219,-0.001322770670031219,14,,,,,,,,,,,,,,,,
statistics minus chance,statistics,gbm,chance,1.0,50,-0.028523216818566167,-0.05096697471506506,-0.006079458922067269,18,,,,,,,,,,,,,,,,
statistics minus chance,statistics,logistic,chance,1.0,50,-0.006305610164033272,-0.02313224196134044,0.010521021633273894,22,,,,,,,,,,,,,,,,
statistics minus chance,statistics,random_forest,chance,1.0,50,-0.03644511253968591,-0.05434779811183883,-0.018542426967532985,12,,,,,,,,,,,,,,,,
statistics minus chance,statistics,selected,chance,1.0,50,-0.01899950596487779,-0.034815623441195334,-0.0031833884885602397,19,,,,,,,,,,,,,,,,
statistics_logsig minus chance,statistics_logsig,gbm,chance,1.0,50,-0.016754236942102933,-0.03493592978026492,0.0014274558960590544,21,,,,,,,,,,,,,,,,
statistics_logsig minus chance,statistics_logsig,logistic,chance,1.0,50,-0.01625378661883411,-0.03505692815796882,0.0025493549203006,19,,,,,,,,,,,,,,,,
statistics_logsig minus chance,statistics_logsig,random_forest,chance,1.0,50,-0.02233622213316097,-0.03892468751477341,-0.0057477567515485314,20,,,,,,,,,,,,,,,,
statistics_logsig minus chance,statistics_logsig,selected,chance,1.0,50,-0.011312690790895167,-0.02815389127467969,0.005528509692889356,19,,,,,,,,,,,,,,,,
statistics_rawsig minus chance,statistics_rawsig,gbm,chance,1.0,50,-0.017766763740678235,-0.035339900061943805,-0.0001936274194126661,17,,,,,,,,,,,,,,,,
statistics_rawsig minus chance,statistics_rawsig,logistic,chance,1.0,50,0.020398729762780086,0.0025004262792992435,0.03829703324626093,29,,,,,,,,,,,,,,,,
statistics_rawsig minus chance,statistics_rawsig,random_forest,chance,1.0,50,-0.03126116859740112,-0.047595480306394225,-0.014926856888408013,14,,,,,,,,,,,,,,,,
statistics_rawsig minus chance,statistics_rawsig,selected,chance,1.0,50,0.020398729762780086,0.0025004262792992435,0.03829703324626093,29,,,,,,,,,,,,,,,,
statistics_logsig minus statistics,statistics_logsig,gbm,statistics,1.0,50,0.02732260647713571,0.0012303846135930836,0.05341482834067833,30,3.5620865097758037,-3.022929384601512,10.14710240415312,29.0,0.038780044435467585,-0.031912205227722,0.10947229409865716,22.0,0.022190338480246905,0.0035250055102676106,0.0408556714502262,31.0,0.023985548640135867,0.009727865477027657,0.03824323180324408,36.0
statistics_rawsig minus statistics,statistics_rawsig,gbm,statistics,1.0,50,0.026800467330455255,0.00426348990844674,0.049337444752463766,29,3.332606014179208,-3.037804209380166,9.703016237738582,27.0,0.04201171480508987,-0.038232385885864216,0.12225581549604395,25.0,0.02225295227716072,0.008205360018269884,0.036300544536051554,31.0,0.02206473356432621,0.0042990582207225805,0.03983040890792984,35.0
b3_logsig minus b3,b3_logsig,gbm,b3,1.0,50,0.014181676719008678,-0.006469000553656188,0.034832353991673545,26,-4.357972618999433,-10.750857372739532,2.0349121347406642,23.0,0.010502928701272472,-0.06172690658239172,0.08273276398493667,24.0,0.022847861229342226,0.008713366434329505,0.03698235602435495,29.0,0.011657576830851642,-0.0016223409327999413,0.024937494594503225,30.0
b3_rawsig minus b3,b3_rawsig,gbm,b3,1.0,50,0.009172587512136217,-0.008074243470761475,0.02641941849503391,25,-1.82839640667808,-6.898075983382784,3.241283170026623,22.0,0.006463340739244598,-0.06215917638007478,0.07508585785856398,24.0,0.015640104510902992,0.003310353617380614,0.02796985540442537,27.0,0.017093767204490698,0.004574093985419268,0.029613440423562128,34.0
statistics minus CUSUM,statistics,gbm,cusum,1.0,50,0.09935018412676902,0.06417388027351452,0.13452648798002353,38,19.81968547174746,8.883131532370621,30.756239411124298,37.0,0.11553221571399717,0.0013389484412993785,0.22972548298669498,32.0,,,,,,,,
statistics minus HMM filter,statistics,gbm,hmm_filter,1.0,50,-0.005406163159280827,-0.03228442658498981,0.021472100266428158,21,-1.4810367705573324,-9.38622843047548,6.424154889360816,25.0,0.009695011108866895,-0.0926885396127806,0.11207856183051439,27.0,0.03740814128889992,0.018122511792502974,0.05669377078529686,31.0,0.06753421535338418,0.04545670022645065,0.0896117304803177,38.0
statistics_logsig minus CUSUM,statistics_logsig,gbm,cusum,1.0,50,0.1266727906039047,0.09096906864835974,0.16237651255944968,42,23.38177198152326,12.09698268531732,34.6665612777292,38.0,0.15431226014946475,0.0365547433715811,0.2720697769273484,30.0,,,,,,,,
statistics_logsig minus HMM filter,statistics_logsig,gbm,hmm_filter,1.0,50,0.021916443317854886,-0.005308458548729189,0.04914134518443896,28,2.081049739218472,-6.5120320050532605,10.674131483490203,23.0,0.04847505554433448,-0.058216765337963466,0.15516687642663243,26.0,0.059598479769146825,0.03933455907184914,0.07986240046644451,40.0,0.09151976399352005,0.06877952402470768,0.11426000396233242,44.0
statistics_rawsig minus CUSUM,statistics_rawsig,gbm,cusum,1.0,50,0.12615065145722426,0.09124953522326426,0.16105176769118426,43,23.15229148592666,12.739343185486263,33.56523978636706,41.0,0.15754393051908705,0.038954262348929625,0.2761335986892445,31.0,,,,,,,,
statistics_rawsig minus HMM filter,statistics_rawsig,gbm,hmm_filter,1.0,50,0.021394304171174428,-0.004753413791065555,0.04754202213341441,29,1.8515692436218756,-6.631596510588377,10.334734997832129,25.0,0.05170672591395676,-0.055739756412344625,0.15915320824025814,25.0,0.05966109356606064,0.041577866264959414,0.07774432086716188,38.0,0.08959894891771039,0.06525316040243737,0.11394473743298342,44.0
b3 minus CUSUM,b3,gbm,cusum,1.0,50,0.11625020322214556,0.08505596706203891,0.1474444393822522,42,21.219154393046168,11.005476096399839,31.432832689692496,37.0,0.15108058977984248,0.01951161395729381,0.2826495656023912,29.0,,,,,,,,
b3 minus HMM filter,b3,gbm,hmm_filter,1.0,50,0.011493855936095714,-0.021182354119769944,0.04417006599196137,25,-0.08156784925862069,-7.285331502955053,7.122195804437812,24.0,0.04524338517471218,-0.07602398397932822,0.1665107543287526,26.0,0.0359571772906407,0.014808649006547596,0.0571057055747338,32.0,0.07266709600692749,0.0496958137024856,0.09563837831136937,43.0
b3_logsig minus CUSUM,b3_logsig,gbm,cusum,1.0,50,0.13043187994115424,0.09519764024600734,0.16566611963630112,44,16.861181774046734,5.624339168111604,28.098024379981865,35.0,0.16158351848111493,0.027780794702421063,0.2953862422598088,32.0,,,,,,,,
b3_logsig minus HMM filter,b3_logsig,gbm,hmm_filter,1.0,50,0.025675532655104392,-0.006871247859032221,0.05822231316924101,28,-4.439540468258054,-12.584854456639157,3.7057735201230493,21.0,0.055746313875984645,-0.07328523317574084,0.18477786092771012,24.0,0.058805038519982936,0.03636123904766819,0.08124883799229768,37.0,0.08432467283777913,0.06314410077602237,0.10550524489953589,45.0
b3_rawsig minus CUSUM,b3_rawsig,gbm,cusum,1.0,50,0.12542279073428178,0.08936973160863859,0.16147584985992497,41,19.390757986368087,9.311893797779367,29.469622174956804,35.0,0.15754393051908708,0.018279249659280017,0.29680861137889414,33.0,,,,,,,,
b3_rawsig minus HMM filter,b3_rawsig,gbm,hmm_filter,1.0,50,0.020666443448231934,-0.010124158346898882,0.05145704524336275,27,-1.9099642559367007,-9.453634848172875,5.633706336299475,25.0,0.05170672591395679,-0.06923637341513908,0.17264982524305267,25.0,0.05159728180154369,0.029932808597676445,0.07326175500541093,35.0,0.0897608632114182,0.0683617150926334,0.11116001133020299,46.0
statistics_logsig minus statistics,statistics_logsig,logistic,statistics,1.0,50,-0.01287042322350851,-0.04199898415605477,0.016258137709037754,19,0.9460228147437738,-5.1039218594931315,6.995967488980679,26.0,0.007271258331650181,-0.08091702403664214,0.0954595406999425,21.0,0.0092796106480637,-0.01205596615829779,0.03061518745442519,25.0,0.009714069757168155,-0.007011018405844309,0.026439157920180617,32.0
statistics_rawsig minus statistics,statistics_rawsig,logistic,statistics,1.0,50,0.03164032547710741,-0.0013370404783888262,0.06461769143260365,26,0.980578955948306,-6.122277948284881,8.083435860181494,27.0,-0.03716420925065642,-0.13013780180418733,0.05580938330287447,21.0,0.04901981085712014,0.02552133055133556,0.07251829116290473,35.0,0.0452143252266108,0.029100812955508724,0.061327837497712874,39.0
b3_logsig minus b3,b3_logsig,logistic,b3,1.0,50,-0.006313992998765419,-0.02696019187063044,0.014332205873099604,19,-2.851646523668969,-10.463056990085217,4.75976394274728,24.0,0.0024237527772167145,-0.07303337372753257,0.07788087928196599,24.0,0.008253455124277043,-0.0074821311810979625,0.02398904142965205,29.0,0.021854134962996933,0.007029124521202633,0.03667914540479123,31.0
b3_rawsig minus b3,b3_rawsig,logistic,b3,1.0,50,0.03371042228298673,0.004047642985481811,0.06337320158049164,27,1.1873142458676522,-5.743288646416148,8.117917138151451,24.0,0.01131084629367803,-0.07384700309370347,0.09646869568105952,25.0,0.045778795947924056,0.023484198147049384,0.06807339374879873,32.0,0.05147560542894628,0.03495213242687521,0.06799907843101735,40.0
statistics minus CUSUM,statistics,logistic,cusum,1.0,50,0.13246016961187088,0.10046849622998431,0.16445184299375742,43,20.707195709841727,9.815360835709528,31.599030583973928,34.0,0.1236113916380529,0.004814143573879007,0.2424086397022268,30.0,,,,,,,,
statistics minus HMM filter,statistics,logistic,hmm_filter,1.0,50,0.027703822325821026,-0.004009916010444488,0.05941756066208654,28,-0.5935265324630637,-9.499779610977981,8.312726546051852,19.0,0.01777418703292264,-0.08085188214151057,0.11640025620735586,29.0,0.03559034250979843,0.010914741940189099,0.06026594307940776,31.0,0.07359166859811304,0.05453381443027079,0.0926495227659553,43.0
statistics_logsig minus CUSUM,statistics_logsig,logistic,cusum,1.0,50,0.11958974638836237,0.08531838141137832,0.15386111136534641,44,21.6532185245855,10.464697743318663,32.84173930585234,34.0,0.1308826499697031,0.00890933193816476,0.25285596800124144,33.0,,,,,,,,
statistics_logsig minus HMM filter,statistics_logsig,logistic,hmm_filter,1.0,50,0.014833399102312518,-0.01278821080080387,0.04245500900542891,26,0.3524962822807097,-8.156630895268584,8.861623459830003,23.0,0.025045445364572812,-0.09452994217851123,0.14462083290765684,27.0,0.04486995315786214,0.021179374088608746,0.06856053222711553,31.0,0.08330573835528118,0.0621006823947663,0.10451079431579607,45.0
statistics_rawsig minus CUSUM,statistics_rawsig,logistic,cusum,1.0,50,0.16410049508897828,0.12762656193876204,0.20057442823919452,48,21.687774665790034,10.893260916037574,32.48228841554249,33.0,0.0864471823873965,-0.03628348241705191,0.2091778471918449,30.0,,,,,,,,
statistics_rawsig minus HMM filter,statistics_rawsig,logistic,hmm_filter,1.0,50,0.059344147802928446,0.02448511565154586,0.09420317995431103,35,0.3870524234852422,-8.897537231224366,9.67164207819485,21.0,-0.01939002221773378,-0.13478368341582667,0.0960036389803591,19.0,0.08461015336691859,0.061546253297613526,0.10767405343622365,42.0,0.11880599382472386,0.10088081075066327,0.13673117689878445,49.0
b3 minus CUSUM,b3,logistic,cusum,1.0,50,0.11651994221408085,0.08668897736213521,0.1463509070660265,43,23.635183267004198,13.504197102645017,33.76616943136338,41.0,0.09371844071904667,-0.03490701450751918,0.22234389594561252,32.0,,,,,,,,
b3 minus HMM filter,b3,logistic,hmm_filter,1.0,50,0.011763594928031019,-0.016971791371447848,0.04049898122750989,25,2.334461024699415,-7.142950498181229,11.811872547580059,23.0,-0.012118763886083612,-0.10826149873705462,0.0840239709648874,22.0,0.035232208402787395,0.0138657510545982,0.05659866575097659,31.0,0.0632145093000521,0.042271762537273286,0.0841572560628309,42.0
b3_logsig minus CUSUM,b3_logsig,logistic,cusum,1.0,50,0.11020594921531546,0.07615863271778928,0.14425326571284164,42,20.783536743335233,10.978948604503477,30.588124882166987,35.0,0.09614219349626339,-0.03857987895431149,0.2308642659468383,30.0,,,,,,,,
b3_logsig minus HMM filter,b3_logsig,logistic,hmm_filter,1.0,50,0.0054496019292655995,-0.024088892559652155,0.03498809641818335,25,-0.5171854989695543,-9.307588798255257,8.273217800316147,24.0,-0.009695011108866893,-0.12935292469502144,0.10996290247728766,25.0,0.043485663527064435,0.0230752086435263,0.06389611841060257,31.0,0.08506864426304903,0.06663574372266626,0.1035015448034318,46.0
b3_rawsig minus CUSUM,b3_rawsig,logistic,cusum,1.0,50,0.15023036449706761,0.11677020330880192,0.1836905256853333,46,24.822497512871852,15.362735958378332,34.28225906736537,38.0,0.1050292870127247,-0.019117535561019652,0.22917610958646906,29.0,,,,,,,,
b3_rawsig minus HMM filter,b3_rawsig,logistic,hmm_filter,1.0,50,0.045474017211017764,0.01136990149329304,0.0795781329287425,30,3.5217752705670673,-5.227520568637168,12.271071109771302,26.0,-0.0008079175924055693,-0.12044177633137011,0.11882594114655896,24.0,0.08101100435071147,0.059173087515549505,0.10284892118587344,40.0,0.11469011472899839,0.09813546648584913,0.13124476297214763,49.0
statistics_logsig minus statistics,statistics_logsig,random_forest,statistics,1.0,50,0.013079409127271551,-0.008851264450275662,0.035010082704818764,24,2.5441209130977582,-2.9469878445269884,8.035229670722504,28.0,-0.03635629165825087,-0.11130696476824598,0.038594381451744236,18.0,0.007999096190871427,-0.009976010954509808,0.025974203336252662,25.0,0.019450593471596028,0.0049062698370008016,0.03399491710619126,35.0
statistics_rawsig minus statistics,statistics_rawsig,random_forest,statistics,1.0,50,-0.008146696389230096,-0.031107647341929223,0.014814254563469033,18,-0.5752624820117899,-8.923946418144963,7.773421454121384,23.0,-0.06382548980004038,-0.16077172188869904,0.03312074228861828,18.0,0.005222992347199036,-0.012881574847191227,0.0233275595415893,20.0,0.021757879187974866,0.006935830702116423,0.03657992767383331,32.0
b3_logsig minus b3,b3_logsig,random_forest,b3,1.0,50,-0.008657015299833868,-0.02694348120974302,0.009629450610075281,15,2.9154710687489307,-3.529338520208768,9.36028065770663,28.0,0.0032316703696223113,-0.058257910183075634,0.06472125092232026,24.0,-0.003890455280118119,-0.01599343901381673,0.008212528453580491,13.0,0.001879560464320949,-0.007323685269186673,0.01108280619782857,26.0
b3_rawsig minus b3,b3_rawsig,random_forest,b3,1.0,50,-0.02215543414793662,-0.041506211746035485,-0.002804656549837751,18,0.4275539072210879,-6.0488744883727525,6.903982302814929,28.0,-0.010502928701272474,-0.08164463183148804,0.06063877442894309,20.0,-0.018576850307457374,-0.032268484563836436,-0.004885216051078315,15.0,0.0016797814799547157,-0.011538769256811226,0.014898332216720656,21.0
statistics minus CUSUM,statistics,random_forest,cusum,1.0,50,0.10049031002399601,0.07050042618646868,0.13048019386152335,39,21.37397087234467,10.29698511627001,32.450956628419334,35.0,0.1688547768127651,0.03655430841375995,0.30115524521177023,32.0,,,,,,,,
statistics minus HMM filter,statistics,random_forest,hmm_filter,1.0,50,-0.004266037262053828,-0.033804450253374134,0.02527237572926648,21,0.07324863003988838,-7.813037510882719,7.959534770962495,25.0,0.06301757220763482,-0.04592353843865102,0.17195868285392066,23.0,0.030084728725526824,0.005645551580138762,0.054523905870914886,27.0,0.05933962923791556,0.03902871350837102,0.0796505449674601,40.0
statistics_logsig minus CUSUM,statistics_logsig,random_forest,cusum,1.0,50,0.11356971915126758,0.08071400403093588,0.14642543427159926,41,23.918091785442435,13.096673174653338,34.73951039623153,36.0,0.13249848515451423,0.016065237148180395,0.24893173316084807,34.0,,,,,,,,
statistics_logsig minus HMM filter,statistics_logsig,random_forest,hmm_filter,1.0,50,0.008813371865217726,-0.021801561791306566,0.03942830552174202,23,2.6173695431376474,-4.833087532095913,10.067826618371207,28.0,0.026661280549383964,-0.0794138683995476,0.13273642949831554,28.0,0.03808382491639825,0.015186572891191935,0.06098107694160457,34.0,0.0787902227095116,0.05488163616634763,0.10269880925267556,44.0
statistics_rawsig minus CUSUM,statistics_rawsig,random_forest,cusum,1.0,50,0.09234361363476593,0.05967672828521924,0.1250104989843126,38,20.798708390332887,11.45022403841347,30.147192742252304,39.0,0.1050292870127247,-0.007431109410906994,0.21748968343635638,34.0,,,,,,,,
statistics_rawsig minus HMM filter,statistics_rawsig,random_forest,hmm_filter,1.0,50,-0.012412733651283925,-0.04236198511370144,0.017536517811133596,20,-0.5020138519719012,-8.827259080842417,7.823231376898615,28.0,-0.0008079175924055803,-0.11091141466261253,0.10929557947780139,22.0,0.03530772107272586,0.010734088348970446,0.059881353796481275,29.0,0.08109750842589042,0.060902565006092604,0.10129245184568823,46.0
b3 minus CUSUM,b3,random_forest,cusum,1.0,50,0.11551026863695349,0.07930187130707647,0.1517186659668305,40,19.05622111838571,8.208463079427899,29.90397915734352,35.0,0.11795596849121388,0.002338751775382869,0.2335731852070449,34.0,,,,,,,,
b3 minus HMM filter,b3,random_forest,hmm_filter,1.0,50,0.010753921350903637,-0.0178839319784179,0.03939177468022517,26,-2.2445011239190786,-9.408208755952652,4.919206508114494,25.0,0.012118763886083598,-0.09300476791891044,0.11724229569107764,22.0,0.05465356031260967,0.03334820935579667,0.07595891126942267,34.0,0.07394489269214027,0.05252582535848338,0.09536396002579717,42.0
b3_logsig minus CUSUM,b3_logsig,random_forest,cusum,1.0,50,0.1068532533371196,0.07187711192920881,0.1418293947450304,42,21.971692187134646,11.875659455496606,32.06772491877268,35.0,0.12118763886083621,0.010681545956384667,0.23169373176528774,32.0,,,,,,,,
b3_logsig minus HMM filter,b3_logsig,random_forest,hmm_filter,1.0,50,0.002096906051069765,-0.030677125750553678,0.034870937852693205,25,0.6709699448298514,-6.6905197590135606,8.032459648673264,27.0,0.015350434255705925,-0.09970824811105626,0.13040911662246812,24.0,0.050763105032491554,0.028308452339009492,0.07321775772597361,33.0,0.07582445315646122,0.05409289667622471,0.09755600963669772,43.0
b3_rawsig minus CUSUM,b3_rawsig,random_forest,cusum,1.0,50,0.09335483448901688,0.0591539922826602,0.12755567669537354,39,19.4837750256068,9.967726367919466,28.99982368329413,37.0,0.10745303978994142,0.004648694727931502,0.21025738485195133,30.0,,,,,,,,
b3_rawsig minus HMM filter,b3_rawsig,random_forest,hmm_filter,1.0,50,-0.011401512797032982,-0.04187642751057498,0.01907340191650901,24,-1.8169472166979912,-10.392936731820374,6.759042298424391,24.0,0.001615835184811134,-0.1121751171233458,0.11540678749296807,25.0,0.03607671000515229,0.013022336510733569,0.05913108349957102,31.0,0.07562467417209498,0.05566810678159165,0.09558124156259831,46.0
statistics_logsig minus statistics,statistics_logsig,selected,statistics,1.0,50,-0.0014687768198431545,-0.03459442750301397,0.031656873863327654,21,5.579376997185821,-0.8786221441078599,12.037376138479502,31.0,-0.040395879620278755,-0.12130893194940966,0.04051717270885215,18.0,0.01855417136244048,-0.0026523284683267236,0.03976067119320768,26.0,0.02410147753462886,0.007374220419829675,0.040828734649428045,32.0
statistics_rawsig minus statistics,statistics_rawsig,selected,statistics,1.0,50,0.0398096737110216,0.009564123030459306,0.07005522439158389,31,4.44472090979769,-3.3050212538516206,12.194463073447,31.0,-0.06544132498485154,-0.16078733277165363,0.029904682801950563,21.0,0.053405215307599695,0.0328805650859843,0.0739298655292151,35.0,0.0556441049286517,0.03887836675298603,0.07240984310431736,41.0
b3_logsig minus b3,b3_logsig,selected,b3,1.0,50,0.00042068355519172873,-0.022070047832553084,0.02291141494293654,21,-0.4580105965473814,-7.377876268032545,6.461855074937783,27.0,-0.0056554231468390085,-0.10765600593956329,0.09634515964588528,24.0,0.005320767443465589,-0.009887607055996589,0.020529141942927768,22.0,0.007973617874183823,-0.0026961217454080522,0.0186433574937757,30.0
b3_rawsig minus b3,b3_rawsig,selected,b3,1.0,50,0.032287779033515235,0.001709712768076018,0.06286584529895445,27,5.202121247700562,-2.558797146066148,12.963039641467272,25.0,-0.036356291658250856,-0.14163323256610152,0.06892064924959981,24.0,0.0320372935536656,0.009920171650340582,0.05415441545699062,29.0,0.04000272745775271,0.024357114685308327,0.0556483402301971,36.0
statistics minus CUSUM,statistics,selected,cusum,1.0,50,0.12429082137795672,0.09315210273270765,0.15542954002320578,42,17.243053755992342,6.881166305909577,27.604941206075107,34.0,0.15188850737224802,0.05125381835788395,0.2525231963866121,35.0,,,,,,,,
statistics minus HMM filter,statistics,selected,hmm_filter,1.0,50,0.01953447409190685,-0.013315982831084278,0.05238493101489798,28,-4.057668486312449,-12.904483265788343,4.789146293163445,21.0,0.04605130276711776,-0.029640724705325985,0.1217433302395615,28.0,0.0312049380593189,0.0046706556997239135,0.057739220418913884,28.0,0.06316188889607216,0.04271422593661845,0.08360955185552588,40.0
statistics_logsig minus CUSUM,statistics_logsig,selected,cusum,1.0,50,0.12282204455811355,0.08957083699685187,0.15607325211937523,45,22.822430753178164,12.050122696864165,33.59473880949216,37.0,0.11149262775196929,-0.007285373255603411,0.230270628759542,33.0,,,,,,,,
statistics_logsig minus HMM filter,statistics_logsig,selected,hmm_filter,1.0,50,0.018065697272063697,-0.007852105007017676,0.04398349955114507,28,1.5217085108733721,-6.6869977786415955,9.73041480038834,24.0,0.005655423146839014,-0.10281183944383356,0.1141226857375116,26.0,0.04975910942175937,0.02916721573636445,0.0703510031071543,36.0,0.087263366430701,0.06480562024295641,0.10972111261844558,44.0
statistics_rawsig minus CUSUM,statistics_rawsig,selected,cusum,1.0,50,0.16410049508897828,0.12762656193876204,0.20057442823919452,48,21.687774665790034,10.893260916037574,32.48228841554249,33.0,0.0864471823873965,-0.03628348241705191,0.2091778471918449,30.0,,,,,,,,
statistics_rawsig minus HMM filter,statistics_rawsig,selected,hmm_filter,1.0,50,0.059344147802928446,0.02448511565154586,0.09420317995431103,35,0.3870524234852422,-8.897537231224366,9.67164207819485,21.0,-0.01939002221773378,-0.13478368341582667,0.0960036389803591,19.0,0.08461015336691859,0.061546253297613526,0.10767405343622365,42.0,0.11880599382472386,0.10088081075066327,0.13673117689878445,49.0
b3 minus CUSUM,b3,selected,cusum,1.0,50,0.11794258546355238,0.08452305926423709,0.15136211166286767,40,19.62037626517129,8.567923864863861,30.672828665478722,37.0,0.14138557867097556,0.024947479457376118,0.257823677884575,35.0,,,,,,,,
b3 minus HMM filter,b3,selected,hmm_filter,1.0,50,0.013186238177502524,-0.014275719746240105,0.040648196101245156,26,-1.6803459771334963,-9.246766918783997,5.886074964517004,25.0,0.035548374065845274,-0.0712603605587834,0.14235710869047397,22.0,0.048973710797045863,0.028378674532562848,0.06956874706152888,32.0,0.07468738727124567,0.05501152849076101,0.09436324605173033,43.0
b3_logsig minus CUSUM,b3_logsig,selected,cusum,1.0,50,0.1183632690187441,0.08522605944029266,0.15150047859719554,42,19.16236566862391,8.887753767207544,29.436977570040277,33.0,0.13573015552413653,0.012632943211385694,0.25882736783688737,33.0,,,,,,,,
b3_logsig minus HMM filter,b3_logsig,selected,hmm_filter,1.0,50,0.013606921732694253,-0.016697068155724762,0.04391091162111327,29,-2.138356573680877,-9.95697507945423,5.680261932092476,23.0,0.029892950919006265,-0.09680187469109619,0.1565877765291087,25.0,0.05429447824051145,0.03320600518630524,0.07538295129471767,34.0,0.0826610051454295,0.06373589133112584,0.10158611895973316,45.0
b3_rawsig minus CUSUM,b3_rawsig,selected,cusum,1.0,50,0.15023036449706761,0.11677020330880192,0.1836905256853333,46,24.822497512871852,15.362735958378332,34.28225906736537,38.0,0.1050292870127247,-0.019117535561019652,0.22917610958646906,29.0,,,,,,,,
b3_rawsig minus HMM filter,b3_rawsig,selected,hmm_filter,1.0,50,0.045474017211017764,0.01136990149329304,0.0795781329287425,30,3.5217752705670673,-5.227520568637168,12.271071109771302,26.0,-0.0008079175924055693,-0.12044177633137011,0.11882594114655896,24.0,0.08101100435071147,0.059173087515549505,0.10284892118587344,40.0,0.11469011472899839,0.09813546648584913,0.13124476297214763,49.0
HMM filter minus CUSUM,hmm_filter,none,cusum,1.0,50,0.10475634728604984,0.06831998323993169,0.14119271133216799,42,21.300722242304786,11.343358964350976,31.258085520258597,37.0,0.1058372046051303,-0.030768413184072946,0.24244282239433354,34.0,,,,,,,,
b3 minus chance,b3,gbm,chance,2.0,50,-0.022799535165850718,-0.043542953628895265,-0.0020561167028061746,18,,,,,,,,,,,,,,,,
b3 minus chance,b3,logistic,chance,2.0,50,-0.02269807704317894,-0.04354121478464461,-0.0018549393017132758,20,,,,,,,,,,,,,,,,
b3 minus chance,b3,random_forest,chance,2.0,50,-0.0320883549061433,-0.0547903655941918,-0.0093863442180948,17,,,,,,,,,,,,,,,,
b3 minus chance,b3,selected,chance,2.0,50,-0.019448725751174414,-0.04010520746870334,0.0012077559663545082,19,,,,,,,,,,,,,,,,
b3_logsig minus chance,b3_logsig,gbm,chance,2.0,50,-0.025198997317286666,-0.04402283170220268,-0.006375162932370646,20,,,,,,,,,,,,,,,,
b3_logsig minus chance,b3_logsig,logistic,chance,2.0,50,-0.018169808016819614,-0.040271779795736956,0.003932163762097731,19,,,,,,,,,,,,,,,,
b3_logsig minus chance,b3_logsig,random_forest,chance,2.0,50,-0.041287446420209185,-0.06506113102477007,-0.017513761815648298,15,,,,,,,,,,,,,,,,
b3_logsig minus chance,b3_logsig,selected,chance,2.0,50,-0.029731904265456226,-0.052662472280395584,-0.006801336250516873,16,,,,,,,,,,,,,,,,
b3_rawsig minus chance,b3_rawsig,gbm,chance,2.0,50,-0.00964378071315134,-0.031040389412959626,0.01175282798665695,21,,,,,,,,,,,,,,,,
b3_rawsig minus chance,b3_rawsig,logistic,chance,2.0,50,0.009995734993852819,-0.010806174060370339,0.030797644048075976,27,,,,,,,,,,,,,,,,
b3_rawsig minus chance,b3_rawsig,random_forest,chance,2.0,50,-0.047395326401647765,-0.06788475222775575,-0.02690590057553978,13,,,,,,,,,,,,,,,,
b3_rawsig minus chance,b3_rawsig,selected,chance,2.0,50,0.009995734993852819,-0.010806174060370339,0.030797644048075976,27,,,,,,,,,,,,,,,,
cusum minus chance,cusum,none,chance,2.0,50,-0.09472074270697597,-0.11385042550368754,-0.07559105991026441,6,,,,,,,,,,,,,,,,
hmm minus chance,hmm,gbm,chance,2.0,50,-0.054909020404212666,-0.0740188299685698,-0.03579921083985553,10,,,,,,,,,,,,,,,,
hmm minus chance,hmm,logistic,chance,2.0,50,-0.016954440399759508,-0.02663602523240363,-0.007272855567115388,12,,,,,,,,,,,,,,,,
hmm minus chance,hmm,random_forest,chance,2.0,50,-0.07055867189955778,-0.09324667669072453,-0.04787066710839102,9,,,,,,,,,,,,,,,,
hmm_filter minus chance,hmm_filter,none,chance,2.0,50,-0.020337427317860274,-0.037517161523424505,-0.00315769311229604,18,,,,,,,,,,,,,,,,
statistics minus chance,statistics,gbm,chance,2.0,50,-0.04453966907032573,-0.06827215602784248,-0.020807182112808974,15,,,,,,,,,,,,,,,,
statistics minus chance,statistics,logistic,chance,2.0,50,-0.014870098880599186,-0.03383859813971695,0.00409840037851858,21,,,,,,,,,,,,,,,,
statistics minus chance,statistics,random_forest,chance,2.0,50,-0.046829475816958295,-0.06881501281046849,-0.024843938823448097,13,,,,,,,,,,,,,,,,
statistics minus chance,statistics,selected,chance,2.0,50,-0.03135640006313377,-0.05260088276334195,-0.010111917362925594,16,,,,,,,,,,,,,,,,
statistics_logsig minus chance,statistics_logsig,gbm,chance,2.0,50,-0.01932336823397379,-0.03955802162827309,0.0009112851603255145,20,,,,,,,,,,,,,,,,
statistics_logsig minus chance,statistics_logsig,logistic,chance,2.0,50,-0.02481498124257732,-0.04804511250465385,-0.001584849980500791,17,,,,,,,,,,,,,,,,
statistics_logsig minus chance,statistics_logsig,random_forest,chance,2.0,50,-0.021569148089318594,-0.041981129963291286,-0.001157166215345902,17,,,,,,,,,,,,,,,,
statistics_logsig minus chance,statistics_logsig,selected,chance,2.0,50,-0.01643978812052325,-0.03693469766855631,0.004055121427509811,21,,,,,,,,,,,,,,,,
statistics_rawsig minus chance,statistics_rawsig,gbm,chance,2.0,50,-0.027766675167367527,-0.04478682243123054,-0.010746527903504513,15,,,,,,,,,,,,,,,,
statistics_rawsig minus chance,statistics_rawsig,logistic,chance,2.0,50,0.00902766463863205,-0.013043872053694344,0.03109920133095844,24,,,,,,,,,,,,,,,,
statistics_rawsig minus chance,statistics_rawsig,random_forest,chance,2.0,50,-0.0377104178767382,-0.06138100177484469,-0.014039833978631708,21,,,,,,,,,,,,,,,,
statistics_rawsig minus chance,statistics_rawsig,selected,chance,2.0,50,0.00902766463863205,-0.013043872053694344,0.03109920133095844,24,,,,,,,,,,,,,,,,
statistics_logsig minus statistics,statistics_logsig,gbm,statistics,2.0,50,0.03032857778970043,0.0029445277170193594,0.0577126278623815,25,-2.2882992492444005,-7.592688933539647,3.016090435050846,24.0,-0.008079175924055762,-0.10257820350349206,0.08641985165538055,21.0,0.024410817457504227,0.003813275105768465,0.04500835980923999,27.0,0.029670401435186844,0.019213775505791127,0.04012702736458256,41.0
statistics_rawsig minus statistics,statistics_rawsig,gbm,statistics,2.0,50,0.024758258362237138,-0.00359031556705406,0.053106832291528336,29,-2.6734906573739794,-9.617583693207983,4.2706023784600236,22.0,0.033124621288628565,-0.09915551471310166,0.16540475729035878,24.0,0.015483156305509617,-0.003777800496569053,0.034744113107588286,27.0,0.01791147260015051,0.0039145421375822165,0.031908403062718804,36.0
b3_logsig minus b3,b3_logsig,gbm,b3,2.0,50,-0.0033616283443323102,-0.023804171525931922,0.0170809148372673,19,-1.1848943126886777,-5.75867087443708,3.3888822490597246,26.0,0.0016158351848111563,-0.08438810084468032,0.08761977121430264,24.0,0.007302430924057028,-0.005361771389284105,0.01996663323739816,24.0,0.007344380619702625,-0.004301318179678921,0.01899007941908417,26.0
b3_rawsig minus b3,b3_rawsig,gbm,b3,2.0,50,0.012892286622257023,-0.0074540025557726895,0.03323857580028673,27,2.5245100023397087,-2.472867988291527,7.521887992970944,26.0,-0.022621692587356117,-0.11709680774882462,0.07185342257411238,20.0,0.01894777016919727,0.0018799614462620684,0.03601557889213247,32.0,0.011361283972013152,-0.0003049307834606281,0.023027498727486932,29.0
statistics minus CUSUM,statistics,gbm,cusum,2.0,50,0.09357986245058988,0.061119397191126315,0.12604032771005347,39,9.787392782094342,2.360896384020174,17.213889180168508,33.0,0.13734599070894768,-0.0009641972941711874,0.27565617871206655,29.0,,,,,,,,
statistics minus HMM filter,statistics,gbm,hmm_filter,2.0,50,-0.009623767077050841,-0.04186129602034448,0.022613761866242796,19,1.1652949898966098,-5.548763420049445,7.879353399842666,27.0,0.11310846293678045,-0.036649265193977626,0.2628661910675385,28.0,0.049959931918536524,0.027128424335350378,0.07279143950172268,35.0,0.083292205118808,0.06765598315071143,0.09892842708690457,46.0
statistics_logsig minus CUSUM,statistics_logsig,gbm,cusum,2.0,50,0.12390844024029032,0.09168314484528606,0.1561337356352946,43,7.499093532849943,1.1288639372206024,13.869323128479284,30.0,0.1292668147848919,-0.014572609274833365,0.27310623884461716,28.0,,,,,,,,
statistics_logsig minus HMM filter,statistics_logsig,gbm,hmm_filter,2.0,50,0.02070481071264959,-0.010763434212404152,0.05217305563770333,22,-1.1230042593477905,-7.358157896572294,5.1121493778767135,24.0,0.10502928701272468,-0.05614727886591045,0.2662058528913598,29.0,0.07437074937604077,0.049307634084636225,0.0994338646674453,39.0,0.11296260655399483,0.09583777525348597,0.1300874378545037,49.0
statistics_rawsig minus CUSUM,statistics_rawsig,gbm,cusum,2.0,50,0.11833812081282705,0.08486519625682931,0.15181104536882478,43,7.113902124720363,-0.21148224896581258,14.439286498406538,36.0,0.17047061199757624,0.03773172398607327,0.3032095000090792,29.0,,,,,,,,
statistics_rawsig minus HMM filter,statistics_rawsig,gbm,hmm_filter,2.0,50,0.015134491285186286,-0.014856326996827178,0.04512530956719975,24,-1.5081956674773696,-9.519973379718927,6.503582044764187,20.0,0.146233084225409,-0.006598355310361154,0.2990645237611792,29.0,0.06544308822404615,0.042685169280690397,0.08820100716740191,38.0,0.1012036777189585,0.08288693019221895,0.11952042524569804,47.0
b3 minus CUSUM,b3,gbm,cusum,2.0,50,0.1297018114399425,0.09338264300201024,0.16602097987787476,41,4.212429316997589,-1.804234950174049,10.229093584169227,32.0,0.1906685518077156,0.0455809042305832,0.335756199384848,36.0,,,,,,,,
b3 minus HMM filter,b3,gbm,hmm_filter,2.0,50,0.026498181912301747,-0.011275665582128228,0.06427202940673173,28,-4.409668475200143,-10.732344388772132,1.9130074383718458,24.0,0.16643102403554838,0.028595389769388635,0.3042666583017081,32.0,0.06440396574720307,0.03876098287831147,0.09004694861609466,38.0,0.09482742369543642,0.07629104927855405,0.1133637981123188,46.0
b3_logsig minus CUSUM,b3_logsig,gbm,cusum,2.0,50,0.12634018309561018,0.09381779665956694,0.15886256953165342,40,3.027535004308912,-3.3538792604689482,9.408949269086772,30.0,0.1922843869925268,0.06491728055761725,0.3196514934274364,30.0,,,,,,,,
b3_logsig minus HMM filter,b3_logsig,gbm,hmm_filter,2.0,50,0.023136553567969433,-0.014066326291974324,0.06033943342791319,22,-5.594562787888821,-12.228740039598081,1.03961446382044,19.0,0.16804685922035956,0.017923893172689415,0.3181698252680297,28.0,0.07170639667126011,0.044773450052743316,0.0986393432897769,35.0,0.10217180431513903,0.08339998012327135,0.12094362850700671,45.0
b3_rawsig minus CUSUM,b3_rawsig,gbm,cusum,2.0,50,0.1425940980621995,0.10735679220235106,0.17783140392204794,44,6.736939319337299,0.240562391869795,13.233316246804804,33.0,0.1680468592203595,0.03417660783737761,0.30191711060334137,32.0,,,,,,,,
b3_rawsig minus HMM filter,b3_rawsig,gbm,hmm_filter,2.0,50,0.03939046853455877,0.003466522297198453,0.07531441477191908,26,-1.8851584728604336,-7.9004909367221465,4.1301739910012785,20.0,0.14380933144819227,-0.012472637656654018,0.30009130055303856,31.0,0.08335173591640034,0.0568073205277665,0.10989615130503419,40.0,0.10618870766744956,0.08876805957117673,0.1236093557637224,49.0
statistics_logsig minus statistics,statistics_logsig,logistic,statistics,2.0,50,9.691744580869188e-05,-0.03160446270065358,0.03179829759227096,22,0.21397500767288222,-5.424710849784464,5.852660865130229,26.0,0.07271258331650171,-0.05659196470643571,0.20201713133943913,29.0,0.01868691383539255,-0.0012754268610386775,0.03864925453182377,24.0,0.02720951914897877,0.015756725496977514,0.03866231280098002,36.0
statistics_rawsig minus statistics,statistics_rawsig,logistic,statistics,2.0,50,0.03710181989097809,0.002139283132097103,0.07206435664985908,29,-2.4675600463960965,-8.749403891358002,3.8142837985658087,25.0,0.03312462128862855,-0.11022196480224458,0.1764712073795017,23.0,0.060411947701004026,0.034640149192843125,0.08618374620916493,35.0,0.06278547327839927,0.04951860214941117,0.07605234440738737,47.0
b3_logsig minus b3,b3_logsig,logistic,b3,2.0,50,0.012354957565169265,-0.011241499831883297,0.03595141496222183,27,2.2454421995691756,-3.239237368969143,7.7301217681074945,26.0,0.0339325388810341,-0.0929436766084403,0.16080875437050848,25.0,0.01991001938257777,0.0022543575939094306,0.037565681171246104,29.0,0.027424598096095786,0.014091943288003289,0.04075725290418828,37.0
b3_rawsig minus b3,b3_rawsig,logistic,b3,2.0,50,0.036556367270271714,0.007298789760799434,0.06581394477974399,30,1.6511968631439953,-4.140385323532841,7.442779049820831,25.0,-0.038780044435467564,-0.19505857128959475,0.11749848241865962,21.0,0.055449872372666346,0.03297106864949924,0.07792867609583345,34.0,0.05557600346618611,0.04219879911022306,0.06895320782214916,45.0
statistics minus CUSUM,statistics,logistic,cusum,2.0,50,0.12453622136859796,0.09009828697383104,0.15897415576336488,44,7.50899213590392,2.0752547888364035,12.942729482971437,31.0,0.10179761664310241,-0.05585658998874782,0.25945182327495264,29.0,,,,,,,,
statistics minus HMM filter,statistics,logistic,hmm_filter,2.0,50,0.021332591840957208,-0.015845364197135555,0.05851054787904997,25,-1.1131056562938124,-6.97925143270267,4.753040120115045,20.0,0.07756008887093517,-0.06769061023069885,0.2228107879725692,30.0,0.05408152202110875,0.02811197212644093,0.08005107191577657,31.0,0.08389209117377279,0.06745901302817087,0.10032516931937471,46.0
statistics_logsig minus CUSUM,statistics_logsig,logistic,cusum,2.0,50,0.12463313881440664,0.09042376880684455,0.15884250882196874,39,7.722967143576803,1.4664536250718285,13.979480662081777,31.0,0.17451019995960415,0.008865663070911745,0.34015473684829656,29.0,,,,,,,,
statistics_logsig minus HMM filter,statistics_logsig,logistic,hmm_filter,2.0,50,0.0214295092867659,-0.015945354836819293,0.05880437341035109,26,-0.8991306486209296,-7.5073325049438955,5.709071207702036,25.0,0.1502726721874369,-0.0021207886147638078,0.3026661329896376,28.0,0.07276843585650128,0.04658878738752922,0.09894808432547333,39.0,0.11110161032275157,0.09443414331610198,0.12776907732940115,49.0
statistics_rawsig minus CUSUM,statistics_rawsig,logistic,cusum,2.0,50,0.16163804125957604,0.1279012594419944,0.19537482307715767,45,5.041432089507824,-1.27270780938463,11.355571988400278,29.0,0.13492223793173092,-0.006780944237049974,0.27662542010051183,30.0,,,,,,,,
statistics_rawsig minus HMM filter,statistics_rawsig,logistic,hmm_filter,2.0,50,0.05843441173193529,0.02239341924512351,0.09447540421874706,31,-3.5806657026899096,-10.975006814743473,3.813675409363653,22.0,0.11068471015956373,-0.050905364478130224,0.2722747847972577,27.0,0.11449346972211277,0.085503604945727,0.14348333449849854,43.0,0.14667756445217206,0.13155975323768251,0.1617953756666616,50.0
b3 minus CUSUM,b3,logistic,cusum,2.0,50,0.11888522692799496,0.0891196899701992,0.1486507638857907,41,4.885245116819886,-1.7701358659754334,11.540626099615205,32.0,0.12684306200767526,-0.040490894429557445,0.29417701844490796,30.0,,,,,,,,
b3 minus HMM filter,b3,logistic,hmm_filter,2.0,50,0.015681597400354214,-0.023452390934846218,0.054815585735554645,25,-3.736852675377848,-9.915750959683052,2.4420456089273554,23.0,0.10260553423550797,-0.059986831889702136,0.2651979003607181,30.0,0.04560551886215516,0.019863919132147637,0.07134711859216268,33.0,0.08007424908144474,0.06258298445943603,0.09756551370345345,46.0
b3_logsig minus CUSUM,b3_logsig,logistic,cusum,2.0,50,0.13124018449316424,0.1005371307060962,0.16194323828023227,44,7.130687316389061,1.7899813807601141,12.471393252018007,33.0,0.16077560088870932,0.0056453371162893395,0.3159058646611293,29.0,,,,,,,,
b3_logsig minus HMM filter,b3_logsig,logistic,hmm_filter,2.0,50,0.028036554965523482,-0.00765891454869878,0.06373202447974574,26,-1.491410475808672,-8.179937567404739,5.197116615787396,26.0,0.1365380731165421,-0.025900038304417117,0.2989761845375013,30.0,0.06551553824473294,0.041191108055006656,0.08983996843445922,38.0,0.10749884717754049,0.0871223986509365,0.1278752957041445,46.0
b3_rawsig minus CUSUM,b3_rawsig,logistic,cusum,2.0,50,0.15544159419826667,0.11796008834583413,0.1929231000506992,43,6.53644197996388,1.0077349334576917,12.065149026470067,32.0,0.08806301757220764,-0.06104112517829252,0.2371671603227078,25.0,,,,,,,,
b3_rawsig minus HMM filter,b3_rawsig,logistic,hmm_filter,2.0,50,0.052237964670625935,0.013619803321089682,0.09085612602016219,30,-2.085655812233852,-8.693712679661765,4.522401055194061,20.0,0.06382548980004038,-0.08888622525957235,0.2165372048596531,28.0,0.10105539123482149,0.07402397420578594,0.12808680826385704,42.0,0.13565025254763083,0.11808762611092899,0.15321287898433267,50.0
statistics_logsig minus statistics,statistics_logsig,random_forest,statistics,2.0,50,0.011361479088486148,-0.013600372043891645,0.03632333022086394,20,0.5731078012432724,-3.7312660970750504,4.877481699561596,27.0,-0.13330640274691977,-0.25223580519268496,-0.014377000301154602,17.0,0.007881458692481233,-0.010425398669494497,0.026188316054456963,20.0,0.020351093011068678,0.00864942705880267,0.032052758963334683,35.0
statistics_rawsig minus statistics,statistics_rawsig,random_forest,statistics,2.0,50,0.0073351416953360525,-0.023392327051251677,0.038062610441923786,26,0.5668020005760356,-5.470083481935594,6.603687483087665,27.0,-0.02585336295697838,-0.15282282429298297,0.10111609837902621,21.0,0.016108327645488432,-0.011261725272175453,0.043478380563152313,25.0,0.02398436091218203,0.009599414385721667,0.03836930743864239,33.0
b3_logsig minus b3,b3_logsig,random_forest,b3,2.0,50,-0.011037091073908942,-0.03099688360603349,0.008922701458215604,14,0.3948605230702836,-4.1800088619211975,4.9697299080617645,24.0,0.000807917592405567,-0.08267359857429095,0.08428943375910207,22.0,-0.006703130682724248,-0.02054082317242589,0.007134561806977393,19.0,0.007012674767137798,-0.0023210325225954224,0.016346382056871018,27.0
b3_rawsig minus b3,b3_rawsig,random_forest,b3,2.0,50,-0.024502911082666255,-0.05233355452219394,0.003327732356861429,16,0.8512257749529697,-4.68501137937212,6.387462929278059,26.0,-0.04281963239749545,-0.16582175677770614,0.08018249198271524,22.0,-0.008894435296660477,-0.02685166781704447,0.009062797223723516,19.0,0.008968112542872771,-0.0034269380495312116,0.021363163135276753,29.0
statistics minus CUSUM,statistics,random_forest,cusum,2.0,50,0.094225926579845,0.0600729244255919,0.12837892873409812,40,8.263152406366729,1.5512923408400177,14.97501247189344,35.0,0.1720864471823874,0.019591178584635188,0.3245817157801396,31.0,,,,,,,,
statistics minus HMM filter,statistics,random_forest,hmm_filter,2.0,50,-0.008977702947795742,-0.04877965559455239,0.030824249698960908,23,-0.3589453858310023,-6.413525971776876,5.695635200114872,24.0,0.14784891941022016,-0.01248451273301654,0.30818235155345686,30.0,0.04522589015044553,0.016781725088412455,0.0736700552124786,32.0,0.0806765322792878,0.06214336269356032,0.09920970186501527,45.0
statistics_logsig minus CUSUM,statistics_logsig,random_forest,cusum,2.0,50,0.10558740566833118,0.07142321382687436,0.139751597509788,37,8.836260207610003,2.568668936006598,15.103851479213407,37.0,0.03878004443546761,-0.0937899396209704,0.17135002849190564,28.0,,,,,,,,
statistics_logsig minus HMM filter,statistics_logsig,random_forest,hmm_filter,2.0,50,0.0023837761406904057,-0.035003298679485866,0.03977085096086668,24,0.21416241541227038,-6.233794984205138,6.66211981502968,23.0,0.014542516663300385,-0.1356592642514862,0.16474429757808698,25.0,0.05310734884292676,0.024595826210233623,0.0816188714756199,33.0,0.10102762529035646,0.08285580401835894,0.11919944656235397,47.0
statistics_rawsig minus CUSUM,statistics_rawsig,random_forest,cusum,2.0,50,0.10156106827518106,0.06244424905701609,0.14067788749334603,37,8.829954406942768,2.3137970318442616,15.346111782041275,32.0,0.14623308422540904,0.005190489296109602,0.2872756791547085,28.0,,,,,,,,
statistics_rawsig minus HMM filter,statistics_rawsig,random_forest,hmm_filter,2.0,50,-0.0016425612524596889,-0.03540236445179155,0.032117241946872176,23,0.20785661474503314,-6.770133493101711,7.185846722591777,28.0,0.12199555645324182,-0.04327589221799512,0.2872670051244788,28.0,0.06133421779593396,0.03552456264560021,0.08714387294626771,37.0,0.10466089319146982,0.08622059327717461,0.12310119310576502,46.0
b3 minus CUSUM,b3,random_forest,cusum,2.0,50,0.10357909774839583,0.06330616061084873,0.14385203488594292,39,5.285302606636626,-1.9193509869682952,12.489956200241547,34.0,0.12845889719248638,-0.035721787646403796,0.2926395820313765,30.0,,,,,,,,
b3 minus HMM filter,b3,random_forest,hmm_filter,2.0,50,0.0003754682207550508,-0.0331437016061833,0.0338946380476934,23,-3.336795185561107,-8.668576711816494,1.9949863406942794,20.0,0.10422136942031913,-0.037433970580330725,0.245876709420969,28.0,0.06621566682835182,0.041737907352772885,0.09069342630393076,38.0,0.08979329908943534,0.07223461149472392,0.10735198668414676,47.0
b3_logsig minus CUSUM,b3_logsig,random_forest,cusum,2.0,50,0.09254200667448685,0.05212514969218574,0.13295886365678797,36,5.6801631297069095,-0.7852240395832428,12.145550298997062,30.0,0.12926681478489194,-0.021814171523510784,0.28034780109329466,33.0,,,,,,,,
b3_logsig minus HMM filter,b3_logsig,random_forest,hmm_filter,2.0,50,-0.010661622853153897,-0.049156079613620625,0.02783283390731283,20,-2.941934662490823,-9.571029985339242,3.6871606603575966,25.0,0.1050292870127247,-0.04787446995155335,0.25793304397700273,27.0,0.05951253614562758,0.03450924296340333,0.08451582932785182,36.0,0.09680597385657315,0.07873808702731752,0.11487386068582878,47.0
b3_rawsig minus CUSUM,b3_rawsig,random_forest,cusum,2.0,50,0.07907618666572955,0.04435930555566407,0.11379306777579502,35,6.136528381589596,-0.3100281835693295,12.58308494674852,31.0,0.08563926479499093,-0.05774390674870852,0.22902243633869038,30.0,,,,,,,,
b3_rawsig minus HMM filter,b3_rawsig,random_forest,hmm_filter,2.0,50,-0.0241274428619112,-0.05664964662783855,0.008394760904016148,19,-2.485569410608137,-9.38148954789399,4.410350726677715,24.0,0.06140173702282369,-0.08684395552897883,0.20964742957462623,26.0,0.05732123153169135,0.030482121667910613,0.08416034139547209,36.0,0.0987614116323081,0.07992769968735003,0.11759512357726618,45.0
statistics_logsig minus statistics,statistics_logsig,selected,statistics,2.0,50,0.021318715091278737,-0.010595764931035027,0.0532331951135925,27,2.7739439962443715,-2.665731404563757,8.2136193970525,31.0,0.015350434255705911,-0.09970824811105627,0.1304091166224681,23.0,0.023131291566557435,0.003780134405033029,0.04248244872808184,26.0,0.03093767017376267,0.018956910614678017,0.042918429732847325,36.0
statistics_rawsig minus statistics,statistics_rawsig,selected,statistics,2.0,50,0.05578971622817494,0.021712650136282687,0.0898667823200672,34,-1.161186478772274,-7.537655171998742,5.215282214454194,25.0,0.02908503332660067,-0.10556015042399725,0.1637302170771986,26.0,0.06515482282258846,0.03754425273268999,0.09276539291248692,32.0,0.06701478655514231,0.05212179291733812,0.0819077801929465,46.0
b3_logsig minus b3,b3_logsig,selected,b3,2.0,50,0.0004069278714821406,-0.026111134518965733,0.026924990261930015,19,0.47084747159489526,-4.730753514796835,5.672448457986627,22.0,0.08725509997980203,-0.04086581157083645,0.2153760115304405,24.0,0.005276101463758041,-0.011912570651611974,0.022464773579128055,23.0,0.01520024549319301,0.0005897775302284684,0.029810713456157552,30.0
b3_rawsig minus b3,b3_rawsig,selected,b3,2.0,50,0.027160332808832555,-0.005316381728679553,0.05963704734634466,28,1.4608726774786698,-4.361405946234848,7.283151301192188,27.0,-0.07109674813169055,-0.1960977435999307,0.053904247336549624,22.0,0.031427169836991474,0.008919774008488184,0.05393456566549476,27.0,0.043827336262038046,0.02827655141984522,0.059378121104230866,43.0
statistics minus CUSUM,statistics,selected,cusum,2.0,50,0.1058483250314011,0.07196414221133843,0.13973250785146377,41,6.202618568280099,-0.3738553158481457,12.779092452408342,31.0,0.10583720460513027,-0.02408762414918439,0.23576203335944493,29.0,,,,,,,,
statistics minus HMM filter,statistics,selected,hmm_filter,2.0,50,0.002644695503760359,-0.03396009034885278,0.03924948135637349,26,-2.4194792239176355,-8.453949765125452,3.6149913172901815,22.0,0.08159967683296303,-0.06597771508441937,0.22917706875034544,27.0,0.04933864689952431,0.022945390459072283,0.07573190333997634,33.0,0.07966277789702973,0.061750284123387233,0.09757527167067223,45.0
statistics_logsig minus CUSUM,statistics_logsig,selected,cusum,2.0,50,0.12716704012267985,0.09467966887795182,0.15965441136740788,39,8.976562564524468,2.7899375134204982,15.163187615628438,31.0,0.12118763886083618,-0.03903486450468628,0.28141014222635863,25.0,,,,,,,,
statistics_logsig minus HMM filter,statistics_logsig,selected,hmm_filter,2.0,50,0.02396341059503909,-0.00797030334953953,0.055897124539617704,28,0.354464772326736,-6.1482201104777054,6.8571496551311775,27.0,0.09695011108866895,-0.059139664362689456,0.25303988654002735,26.0,0.07246993846608174,0.0479446317051169,0.09699524522704658,40.0,0.1106004480707924,0.09309698948247921,0.1281039066591056,50.0
statistics_rawsig minus CUSUM,statistics_rawsig,selected,cusum,2.0,50,0.16163804125957604,0.1279012594419944,0.19537482307715767,45,5.041432089507824,-1.27270780938463,11.355571988400278,29.0,0.13492223793173092,-0.006780944237049974,0.27662542010051183,30.0,,,,,,,,
statistics_rawsig minus HMM filter,statistics_rawsig,selected,hmm_filter,2.0,50,0.05843441173193529,0.02239341924512351,0.09447540421874706,31,-3.5806657026899096,-10.975006814743473,3.813675409363653,22.0,0.11068471015956373,-0.050905364478130224,0.2722747847972577,27.0,0.11449346972211277,0.085503604945727,0.14348333449849854,43.0,0.14667756445217206,0.13155975323768251,0.1617953756666616,50.0
b3 minus CUSUM,b3,selected,cusum,2.0,50,0.12828126138943413,0.09311509528655182,0.16344742749231644,43,5.07556930248521,-1.4250359514059685,11.576174556376388,35.0,0.15915976570389823,0.003373400524077169,0.31494613088371926,31.0,,,,,,,,
b3 minus HMM filter,b3,selected,hmm_filter,2.0,50,0.02507763186179337,-0.005062181049596826,0.05521744477318356,28,-3.546528489712522,-8.65905240825357,1.565995428828526,22.0,0.13492223793173097,-0.0028932950420809678,0.2727377709055429,26.0,0.06962822139783004,0.0467167796313959,0.09253966316426418,40.0,0.0918229162855928,0.0754826308840282,0.1081632016871574,47.0
b3_logsig minus CUSUM,b3_logsig,selected,cusum,2.0,50,0.12868818926091627,0.0930685847301934,0.16430779379163912,41,5.546416774080106,0.38829445747931235,10.7045390906809,31.0,0.24641486568370025,0.09508039134011731,0.3977493400272832,34.0,,,,,,,,
b3_logsig minus HMM filter,b3_logsig,selected,hmm_filter,2.0,50,0.025484559733275507,-0.011920429440413813,0.06288954890696483,23,-3.075681018117627,-9.145063851704323,2.9937018154690698,24.0,0.222177337911533,0.06883004340563414,0.37552463241743184,30.0,0.07490432286158807,0.051171489837407796,0.09863715588576835,41.0,0.10702316177878579,0.08717349244926584,0.12687283110830574,46.0
b3_rawsig minus CUSUM,b3_rawsig,selected,cusum,2.0,50,0.15544159419826667,0.11796008834583413,0.1929231000506992,43,6.53644197996388,1.0077349334576917,12.065149026470067,32.0,0.08806301757220764,-0.06104112517829252,0.2371671603227078,25.0,,,,,,,,
b3_rawsig minus HMM filter,b3_rawsig,selected,hmm_filter,2.0,50,0.052237964670625935,0.013619803321089682,0.09085612602016219,30,-2.085655812233852,-8.693712679661765,4.522401055194061,20.0,0.06382548980004038,-0.08888622525957235,0.2165372048596531,28.0,0.10105539123482149,0.07402397420578594,0.12808680826385704,42.0,0.13565025254763083,0.11808762611092899,0.15321287898433267,50.0
HMM filter minus CUSUM,hmm_filter,none,cusum,2.0,50,0.10320362952764077,0.06756695033182261,0.13884030872345893,40,8.622097792197733,2.972810815726132,14.271384768669336,34.0,0.02423752777216724,-0.15668955750276714,0.2051646130471016,27.0,,,,,,,,
b3 minus chance,b3,gbm,chance,5.0,50,-0.029470272524244338,-0.04738896690369123,-0.011551578144797445,17,,,,,,,,,,,,,,,,
b3 minus chance,b3,logistic,chance,5.0,50,-0.010602304053075542,-0.026457816775539197,0.0052532086693881114,21,,,,,,,,,,,,,,,,
b3 minus chance,b3,random_forest,chance,5.0,50,-0.05373520041734148,-0.0783355705107809,-0.029134830323902062,13,,,,,,,,,,,,,,,,
b3 minus chance,b3,selected,chance,5.0,50,-0.04829674349616038,-0.06820728055969612,-0.028386206432624645,11,,,,,,,,,,,,,,,,
b3_logsig minus chance,b3_logsig,gbm,chance,5.0,50,-0.02799679202689132,-0.045638308345401286,-0.01035527570838135,17,,,,,,,,,,,,,,,,
b3_logsig minus chance,b3_logsig,logistic,chance,5.0,50,-0.01147474476031917,-0.02997341893633618,0.007023929415697839,24,,,,,,,,,,,,,,,,
b3_logsig minus chance,b3_logsig,random_forest,chance,5.0,50,-0.058136915823101896,-0.0800242508674992,-0.03624958077870459,11,,,,,,,,,,,,,,,,
b3_logsig minus chance,b3_logsig,selected,chance,5.0,50,-0.03036981925194927,-0.04949440809719112,-0.011245230406707423,19,,,,,,,,,,,,,,,,
b3_rawsig minus chance,b3_rawsig,gbm,chance,5.0,50,-0.02122334016924383,-0.03849727529202204,-0.003949405046465623,19,,,,,,,,,,,,,,,,
b3_rawsig minus chance,b3_rawsig,logistic,chance,5.0,50,0.0037517434591149133,-0.012619352761648913,0.02012283967987874,26,,,,,,,,,,,,,,,,
b3_rawsig minus chance,b3_rawsig,random_forest,chance,5.0,50,-0.04367085265171017,-0.06344453379790443,-0.02389717150551591,11,,,,,,,,,,,,,,,,
b3_rawsig minus chance,b3_rawsig,selected,chance,5.0,50,0.0037517434591149133,-0.012619352761648913,0.02012283967987874,26,,,,,,,,,,,,,,,,
cusum minus chance,cusum,none,chance,5.0,50,-0.08651031375583944,-0.1074642358430744,-0.06555639166860448,5,,,,,,,,,,,,,,,,
hmm minus chance,hmm,gbm,chance,5.0,50,-0.05399419430411052,-0.07756177312707294,-0.03042661548114809,12,,,,,,,,,,,,,,,,
hmm minus chance,hmm,logistic,chance,5.0,50,-0.03496809109442549,-0.051810131124449835,-0.01812605106440114,12,,,,,,,,,,,,,,,,
hmm minus chance,hmm,random_forest,chance,5.0,50,-0.07895837932408221,-0.10082706855512856,-0.05708969009303587,8,,,,,,,,,,,,,,,,
hmm_filter minus chance,hmm_filter,none,chance,5.0,50,-0.0037486449640680773,-0.024537117573442128,0.017039827645305972,24,,,,,,,,,,,,,,,,
statistics minus chance,statistics,gbm,chance,5.0,50,-0.03771246428356584,-0.058262103851699054,-0.017162824715432623,15,,,,,,,,,,,,,,,,
statistics minus chance,statistics,logistic,chance,5.0,50,-0.016274749335261223,-0.031019625906890863,-0.0015298727636315849,19,,,,,,,,,,,,,,,,
statistics minus chance,statistics,random_forest,chance,5.0,50,-0.06450193473501104,-0.08942672777247951,-0.03957714169754257,12,,,,,,,,,,,,,,,,
statistics minus chance,statistics,selected,chance,5.0,50,-0.033612935584721934,-0.05367388840816091,-0.013551982761282954,19,,,,,,,,,,,,,,,,
statistics_logsig minus chance,statistics_logsig,gbm,chance,5.0,50,-0.02279135371986217,-0.04513432590194634,-0.0004483815377779969,19,,,,,,,,,,,,,,,,
statistics_logsig minus chance,statistics_logsig,logistic,chance,5.0,50,-0.03819530891471765,-0.060228244631688736,-0.01616237319774657,15,,,,,,,,,,,,,,,,
statistics_logsig minus chance,statistics_logsig,random_forest,chance,5.0,50,-0.039815626467231156,-0.061737471096345656,-0.017893781838116653,12,,,,,,,,,,,,,,,,
statistics_logsig minus chance,statistics_logsig,selected,chance,5.0,50,-0.03392276072051196,-0.05611836441633122,-0.011727157024692698,15,,,,,,,,,,,,,,,,
statistics_rawsig minus chance,statistics_rawsig,gbm,chance,5.0,50,-0.03810423196115762,-0.05412040957304211,-0.022088054349273138,14,,,,,,,,,,,,,,,,
statistics_rawsig minus chance,statistics_rawsig,logistic,chance,5.0,50,-0.0010492032036629295,-0.020875558053299124,0.018777151645973267,26,,,,,,,,,,,,,,,,
statistics_rawsig minus chance,statistics_rawsig,random_forest,chance,5.0,50,-0.060837446789708365,-0.08419258731801074,-0.037482306261405994,10,,,,,,,,,,,,,,,,
statistics_rawsig minus chance,statistics_rawsig,selected,chance,5.0,50,-0.0010492032036629295,-0.020875558053299124,0.018777151645973267,26,,,,,,,,,,,,,,,,
statistics_logsig minus statistics,statistics_logsig,gbm,statistics,5.0,50,0.012930509973487308,-0.010330601561026418,0.03619162150800104,25,1.3344544480534837,-2.8623291746796755,5.531238070786642,27.0,-0.05413047869117342,-0.24906405558657618,0.14080309820422932,28.0,0.007068035616186742,-0.013622251880629096,0.027758323113002577,26.0,0.013885616164427773,0.003451638799263152,0.024319593529592395,31.0
statistics_rawsig minus statistics,statistics_rawsig,gbm,statistics,5.0,50,-0.00035123215076487746,-0.021751368709587212,0.02104890440805746,19,1.1939577749661254,-2.860205109584724,5.2481206595169745,24.0,-0.02666128054938394,-0.2352335394771451,0.18191097837837722,21.0,-0.0016017323521774428,-0.0272678488492351,0.024064384144880217,16.0,0.01858069620244125,0.010675878017682317,0.02648551438720018,38.0
b3_logsig minus b3,b3_logsig,gbm,b3,5.0,50,-0.0059150020031769925,-0.023788458546439375,0.01195845454008539,21,1.0436075423178761,-2.800884617123148,4.8880997017589,26.0,-0.10906887497475255,-0.25767718670374523,0.03953943675424011,19.0,0.002169310729228126,-0.013622236132464445,0.017960857590920698,24.0,0.004181084558514827,-0.004554179785612007,0.01291634890264166,28.0
b3_rawsig minus b3,b3_rawsig,gbm,b3,5.0,50,0.004770548480448471,-0.012478841329366934,0.022019938290263878,23,1.6391093065839437,-2.5140247241616125,5.7922433373294995,27.0,-0.07109674813169058,-0.20070381778189328,0.05851032151851211,23.0,0.009379127705861894,-0.011707367724605174,0.030465623136328963,24.0,0.007006347422290511,-0.0002208675761658143,0.014233562420746837,31.0
statistics minus CUSUM,statistics,gbm,cusum,5.0,50,0.054316095534521824,0.02322967010695934,0.08540252096208431,34,4.105195896412274,-1.0228038248042521,9.233195617628802,32.0,-0.029085033326600715,-0.30170966162805374,0.24353959497485228,22.0,,,,,,,,
statistics minus HMM filter,statistics,gbm,hmm_filter,5.0,50,-0.04046132703346336,-0.06824663614473454,-0.012676017922192181,19,0.831551275468962,-3.689875776818846,5.3529783277567695,24.0,-0.013734599070894778,-0.24190397455422727,0.21443477641243772,22.0,0.05743029596628615,0.03099269602949567,0.08386789590307663,36.0,0.08298341789049177,0.0667274237389679,0.09923941204201564,47.0
statistics_logsig minus CUSUM,statistics_logsig,gbm,cusum,5.0,50,0.06724660550800914,0.03441025846241258,0.10008295255360569,33,5.439650344465758,-0.40789778124022025,11.287198470171734,29.0,-0.08321551201777418,-0.3309605066865564,0.16452948265100803,21.0,,,,,,,,
statistics_logsig minus HMM filter,statistics_logsig,gbm,hmm_filter,5.0,50,-0.02753081705997605,-0.05635333775465434,0.0012917036347022438,18,2.1660057235224457,-3.276534307276246,7.6085457543211374,30.0,-0.06786507776206822,-0.29766522558627867,0.1619350700621422,21.0,0.0644983315824729,0.036623118381515385,0.0923735447834304,34.0,0.09686903405491956,0.08007654242753529,0.11366152568230384,49.0
statistics_rawsig minus CUSUM,statistics_rawsig,gbm,cusum,5.0,50,0.05396486338375695,0.023519775607002295,0.08440995116051161,34,5.2991536713784,0.09971281663929776,10.498594526117504,31.0,-0.05574631387598465,-0.28864434125803085,0.17715171350606157,20.0,,,,,,,,
statistics_rawsig minus HMM filter,statistics_rawsig,gbm,hmm_filter,5.0,50,-0.04081255918422823,-0.06452395806782699,-0.017101160300629466,16,2.025509050435087,-2.831616083533048,6.882634184403223,30.0,-0.040395879620278706,-0.26691348119170233,0.1861217219511449,21.0,0.05582856361410871,0.026500238351942595,0.08515688887627483,31.0,0.10156411409293303,0.08707536282487538,0.11605286536099069,50.0
b3 minus CUSUM,b3,gbm,cusum,5.0,50,0.0768833127766412,0.04383015675120395,0.10993646880207847,36,2.4940344135818946,-2.6855141664321747,7.673582993595964,24.0,0.17127852958998183,-0.06237670088790831,0.40493376006787196,23.0,,,,,,,,
b3 minus HMM filter,b3,gbm,hmm_filter,5.0,50,-0.01789410979134398,-0.042259559984027195,0.006471340401339235,17,-0.7796102073614175,-6.664588503692098,5.1053680889692625,20.0,0.18662896384568775,-0.022101599718867382,0.3953595274102429,30.0,0.06624518208365716,0.03706740876199845,0.09542295540531588,33.0,0.09514839113645274,0.07957950136888028,0.11071728090402519,47.0
b3_logsig minus CUSUM,b3_logsig,gbm,cusum,5.0,50,0.0709683107734642,0.03769345358211863,0.10424316796480977,31,3.537641955899771,-1.6927646176086646,8.768048529408206,26.0,0.062209654615229246,-0.1886941455833689,0.3131134548138274,23.0,,,,,,,,
b3_logsig minus HMM filter,b3_logsig,gbm,hmm_filter,5.0,50,-0.02380911179452097,-0.04854821612212798,0.0009299925330860381,20,0.2639973349564585,-5.205602681039343,5.733597350952261,22.0,0.0775600888709352,-0.16403325361971627,0.3191534313615867,30.0,0.06841449281288528,0.042630765295803986,0.09419822032996658,38.0,0.09932947569496756,0.08284946453652912,0.11580948685340599,49.0
b3_rawsig minus CUSUM,b3_rawsig,gbm,cusum,5.0,50,0.08165386125708966,0.05279718803773946,0.11051053447643987,37,4.1331437201658385,-1.9695181300585105,10.235805570390188,33.0,0.10018178145829122,-0.13897664160836076,0.33934020452494323,22.0,,,,,,,,
b3_rawsig minus HMM filter,b3_rawsig,gbm,hmm_filter,5.0,50,-0.013123561310895511,-0.036340587438397735,0.010093464816606714,21,0.8594990992225263,-4.343937956189774,6.062936154634827,27.0,0.11553221571399717,-0.09013625059620804,0.3212006820242024,28.0,0.07562430978951905,0.04902248131757572,0.10222613826146237,38.0,0.10215473855874324,0.0866196992608659,0.11768977785662058,47.0
statistics_logsig minus statistics,statistics_logsig,logistic,statistics,5.0,50,-0.022473621427763407,-0.04795614448962246,0.0030089016340956454,19,-0.6134055294760242,-5.028624468231495,3.801813409279447,25.0,0.01535043425570593,-0.1979561748158048,0.22865704332721665,26.0,0.011803190871818449,-0.006366473959894103,0.029972855703531,24.0,0.034589947843924135,0.02586497938139019,0.043314916306458076,45.0
statistics_rawsig minus statistics,statistics_rawsig,logistic,statistics,5.0,50,0.012972238655249251,-0.014972360760843045,0.04091683807134155,25,-2.004926179300722,-6.8368776071033,2.8270252485018563,19.0,-0.08644718238739646,-0.3283094718243742,0.15541510704958128,23.0,0.058833106831989446,0.03564953690319499,0.0820166767607839,36.0,0.06624546054390486,0.05535456202549648,0.07713635906231324,47.0
b3_logsig minus b3,b3_logsig,logistic,b3,5.0,50,-0.011888895964487355,-0.036770966950354915,0.012993175021380206,25,2.2085376313854126,-1.2532393097300547,5.67031457250088,27.0,-0.16643102403554838,-0.3653668711577546,0.032504823086657864,19.0,0.010640671641185455,-0.012914889672718267,0.034196232955089174,23.0,0.02302589698113625,0.014091620498893231,0.03196017346337927,37.0
b3_rawsig minus b3,b3_rawsig,logistic,b3,5.0,50,0.004909443779427238,-0.01865791234832222,0.028476799907176695,23,1.1998542046880545,-3.416545034169628,5.816253443545737,27.0,-0.16077560088870932,-0.3728250795779312,0.05127387780051254,19.0,0.035522611325815634,0.0126659649543104,0.05837925769732087,28.0,0.05139786975794889,0.04202512959389174,0.06077060992200604,45.0
statistics minus CUSUM,statistics,logistic,cusum,5.0,50,0.08001608415914381,0.050418071893233135,0.10961409642505449,38,2.9904905445562404,-2.4725285280030818,8.453509617115563,25.0,0.020197939810139322,-0.2807442525535448,0.3211401321738235,24.0,,,,,,,,
statistics minus HMM filter,statistics,logistic,hmm_filter,5.0,50,-0.014761338408841376,-0.04225841498588952,0.012735738168206761,21,-0.2831540763870716,-5.961469737925445,5.395161585151302,24.0,0.03554837406584526,-0.20888733040449478,0.2799840785361853,26.0,0.04794639595638556,0.023306019087266646,0.07258677282550446,36.0,0.07834000576802666,0.06358713705454619,0.09309287448150713,45.0
statistics_logsig minus CUSUM,statistics_logsig,logistic,cusum,5.0,50,0.057542462731380396,0.023084634162275762,0.09200029130048504,37,2.3770850150802163,-2.4053055084980155,7.159475538658448,28.0,0.03554837406584529,-0.23880329502743083,0.3099000431591214,27.0,,,,,,,,
statistics_logsig minus HMM filter,statistics_logsig,logistic,hmm_filter,5.0,50,-0.03723495983660478,-0.06905172810119739,-0.0054181915720121696,18,-0.8965596058630958,-5.574190729588672,3.7810715178624807,24.0,0.05089880832155122,-0.1900364274357606,0.29183404407886304,26.0,0.05974958682820399,0.03569217847150396,0.08380699518490403,37.0,0.11292995361195078,0.09801103729257317,0.1278488699313284,50.0
statistics_rawsig minus CUSUM,statistics_rawsig,logistic,cusum,5.0,50,0.09298832281439307,0.06511768898846251,0.12085895664032362,39,0.9855643652555186,-3.943397465173488,5.914526195684525,23.0,-0.06624924257725712,-0.31515701250505956,0.1826585273505453,25.0,,,,,,,,
statistics_rawsig minus HMM filter,statistics_rawsig,logistic,hmm_filter,5.0,50,-0.0017890997535921248,-0.028119928666824095,0.024541729159639845,24,-2.2880802556877935,-7.044002947321638,2.467842435946051,19.0,-0.05089880832155117,-0.24913263182593554,0.1473350151828332,22.0,0.106779502788375,0.07978204552981227,0.13377696004693773,40.0,0.1445854663119315,0.1295818450159077,0.15958908760795532,50.0
b3 minus CUSUM,b3,logistic,cusum,5.0,50,0.09121900469869854,0.06412180139245019,0.11831620800494688,41,1.393413637821127,-4.250166652560686,7.03699392820294,21.0,0.058170066653201374,-0.17979229973135935,0.2961324330377621,24.0,,,,,,,,
b3 minus HMM filter,b3,logistic,hmm_filter,5.0,50,-0.0035584178692866474,-0.028113421607485683,0.020996585868912388,25,-1.8802309831221857,-7.085757766441642,3.325295800197271,23.0,0.07352050090890733,-0.12928589075206393,0.2763268925698786,28.0,0.058462489222222885,0.030904861495082946,0.08602011694936282,34.0,0.08102000598138416,0.06632181335934341,0.09571819860342491,47.0
b3_logsig minus CUSUM,b3_logsig,logistic,cusum,5.0,50,0.07933010873421117,0.04949963138006092,0.10916058608836143,35,3.6019512692065394,-2.009076670689679,9.212979209102759,29.0,-0.10826095738234702,-0.3521987724092987,0.13567685764460463,21.0,,,,,,,,
b3_logsig minus HMM filter,b3_logsig,logistic,hmm_filter,5.0,50,-0.015447313833774002,-0.04367654388684683,0.012781916219298826,21,0.3283066482632272,-4.873661755640047,5.530275052166502,27.0,-0.09291052312664105,-0.31956167324223006,0.13374062698894792,22.0,0.06910316086340834,0.04407023627417431,0.09413608545264238,39.0,0.10404590296252042,0.08673228170308986,0.12135952422195098,47.0
b3_rawsig minus CUSUM,b3_rawsig,logistic,cusum,5.0,50,0.09612844847812578,0.0669361270694557,0.12532076988679586,44,2.5932678425091806,-2.7359331048265316,7.922468789844893,27.0,-0.10260553423550793,-0.3532733755693734,0.1480623070983575,21.0,,,,,,,,
b3_rawsig minus HMM filter,b3_rawsig,logistic,hmm_filter,5.0,50,0.0013510259101405908,-0.02563583430668755,0.02833788612696873,22,-0.6803767784341309,-6.028400162380691,4.667646605512428,22.0,-0.08725509997980196,-0.3020128403088008,0.12750264034919692,22.0,0.09398510054803852,0.06790233234608606,0.12006786874999098,40.0,0.13241787573933306,0.11665135342535754,0.14818439805330857,50.0
statistics_logsig minus statistics,statistics_logsig,random_forest,statistics,5.0,50,0.019317942586963323,-0.005488874835980543,0.044124760009907185,25,1.6470172438143018,-2.3118877595277,5.605922247156304,29.0,-0.12280347404564727,-0.35348587943704635,0.10787893134575179,24.0,0.02526586360448795,0.003953533088941086,0.04657819412003481,23.0,0.022247661784711603,0.013397362178327207,0.031097961391096,38.0
statistics_rawsig minus statistics,statistics_rawsig,random_forest,statistics,5.0,50,-0.000498687439126636,-0.02783729322593673,0.02683991834768346,23,1.50131886733436,-3.4722683742996328,6.474906108968353,28.0,-0.11391638052918587,-0.3464306593040155,0.11859789824564373,19.0,0.02949272477464165,0.0046250555393858445,0.05436039400989746,28.0,0.02426409940383784,0.015346132821039679,0.033182065986636,38.0
b3_logsig minus b3,b3_logsig,random_forest,b3,5.0,50,-0.0073934834135638,-0.02757175556719721,0.012784788740069608,21,1.1259238807950722,-2.7710359950380083,5.022883756628152,27.0,-0.02181377499495061,-0.18708066662682146,0.14345311663692026,19.0,0.006497473538208723,-0.01011827459405654,0.02311322167047399,23.0,0.007369800184365587,-4.758102168877891e-05,0.014787181390419953,31.0
b3_rawsig minus b3,b3_rawsig,random_forest,b3,5.0,50,0.005462418307122432,-0.014138290833035801,0.025063127447280665,28,-2.302367088415294,-6.962661563995571,2.357927387164983,23.0,-0.04524338517471223,-0.2705661123568878,0.18007934200746334,24.0,0.00733887241915119,-0.009993433378371285,0.024671178216673664,22.0,0.008194009355714441,-0.0006996229349776444,0.017087641646406526,26.0
statistics minus CUSUM,statistics,random_forest,cusum,5.0,50,0.023430524975771007,-0.010615128723767124,0.05747617867530914,28,4.272147297634421,-1.528424211064979,10.072718806333821,29.0,0.008887093516461234,-0.2761173024295776,0.29389148946250004,24.0,,,,,,,,
statistics minus HMM filter,statistics,random_forest,hmm_filter,5.0,50,-0.07134689759221419,-0.09924315374300002,-0.04345064144142834,12,0.9985026766911079,-5.187058332262889,7.184063685645104,26.0,0.02423752777216719,-0.22179252357312004,0.2702675791174544,21.0,0.018157599300380908,-0.009717458531576718,0.046032657132338534,29.0,0.07353980241530983,0.0600515622447046,0.08702804258591507,48.0
statistics_logsig minus CUSUM,statistics_logsig,random_forest,cusum,5.0,50,0.04274846756273434,0.010084820152199934,0.07541211497326875,34,5.919164541448722,-0.24066694521186793,12.078996028109312,30.0,-0.11391638052918605,-0.4002333658586957,0.17240060480032354,23.0,,,,,,,,
statistics_logsig minus HMM filter,statistics_logsig,random_forest,hmm_filter,5.0,50,-0.05202895500525084,-0.07946346596046165,-0.024594444050040038,12,2.64551992050541,-2.986508700472246,8.277548541483066,31.0,-0.09856594627348009,-0.38556293694330174,0.18843104439634156,20.0,0.04342346290486884,0.01754568988082312,0.06930123592891457,34.0,0.09578746420002146,0.08110275217068669,0.11047217622935623,49.0
statistics_rawsig minus CUSUM,statistics_rawsig,random_forest,cusum,5.0,50,0.022931837536644364,-0.010124395766560795,0.055988070839849524,27,5.773466164968782,0.6419517365063561,10.904980593431208,30.0,-0.10502928701272465,-0.35411248988216915,0.14405391585671984,23.0,,,,,,,,
statistics_rawsig minus HMM filter,statistics_rawsig,random_forest,hmm_filter,5.0,50,-0.07184558503134081,-0.09795897700874812,-0.0457321930539335,9,2.499821544025468,-1.7903535830309893,6.7899966710819255,28.0,-0.08967885275701867,-0.3124884596547126,0.13313075414067527,19.0,0.047650324075022565,0.019359040389808322,0.07594160776023681,34.0,0.09780390181914768,0.08264044598212375,0.11296735765617161,49.0
b3 minus CUSUM,b3,random_forest,cusum,5.0,50,0.029462761268224395,-0.004609113455905641,0.06353463599235443,26,3.807183438017259,-1.9696410046588788,9.584007880693397,26.0,-0.1284588971924863,-0.4005368812768736,0.14361908689190103,24.0,,,,,,,,
b3 minus HMM filter,b3,random_forest,hmm_filter,5.0,50,-0.06531466129976078,-0.08991829747686908,-0.04071102512265249,7,0.5335388170739467,-5.736141759608611,6.803219393756503,25.0,-0.11310846293678034,-0.3555038672624249,0.12928694138886423,22.0,0.04708158328949791,0.02122450096727086,0.07293866561172496,32.0,0.08892666174089432,0.0718921787325262,0.10596114474926245,48.0
b3_logsig minus CUSUM,b3_logsig,random_forest,cusum,5.0,50,0.022069277854660597,-0.012463923287286238,0.05660247899660743,28,4.933107318812331,-1.3351413370105352,11.201355974635197,30.0,-0.1502726721874369,-0.4304105073714046,0.12986516299653084,20.0,,,,,,,,
b3_logsig minus HMM filter,b3_logsig,random_forest,hmm_filter,5.0,50,-0.0727081447133246,-0.09907862915543124,-0.046337660271217954,7,1.6594626978690192,-3.961695507876664,7.280620903614702,26.0,-0.13492223793173097,-0.38363379567173506,0.11378931980827309,21.0,0.05357905682770662,0.02812195526023127,0.07903615839518197,36.0,0.0962964619252599,0.0813495324185845,0.11124339143193529,49.0
b3_rawsig minus CUSUM,b3_rawsig,random_forest,cusum,5.0,50,0.03492517957534682,0.0011341509408803671,0.06871620820981328,28,1.5048163496019646,-4.584838449151446,7.594471148355376,29.0,-0.17370228236719853,-0.4341174365579248,0.08671287182352772,20.0,,,,,,,,
b3_rawsig minus HMM filter,b3_rawsig,random_forest,hmm_filter,5.0,50,-0.059852242992638346,-0.08503503885327876,-0.03466944713199793,11,-1.7688282713413472,-7.254455257994163,3.716798715311469,24.0,-0.1583518481114926,-0.4236844964835603,0.1069808002605751,24.0,0.05442045570864909,0.03053632441618052,0.07830458700111766,36.0,0.09712067109660877,0.08185848481614093,0.11238285737707661,49.0
statistics_logsig minus statistics,statistics_logsig,selected,statistics,5.0,50,0.0031770127538242178,-0.028521178659790425,0.03487520416743886,27,0.16008559793355148,-4.718322019886182,5.0384932157532845,23.0,0.037164209250656534,-0.2231847288413907,0.2975131473427038,26.0,0.015779789927121327,-0.0037276749784222983,0.035287254832664955,25.0,0.03574683369800053,0.026944325758610044,0.04454934163739102,44.0
statistics_rawsig minus statistics,statistics_rawsig,selected,statistics,5.0,50,0.03375854800053725,0.00865213914487913,0.058864956856195375,27,-1.0601117190251452,-5.746938234868699,3.6267147968184084,21.0,-0.07513633609371835,-0.2800186060850407,0.12974593389760397,24.0,0.0661815978346107,0.041983964126013656,0.09037923154320773,35.0,0.06786566557929158,0.056488639594728614,0.07924269156385454,48.0
b3_logsig minus b3,b3_logsig,selected,b3,5.0,50,0.021025397808106146,-0.006443873616124366,0.048494669232336654,26,2.7323943927964875,-1.2923803204542774,6.757169106047252,27.0,0.004847505554433411,-0.22635528596593463,0.23605029707480146,23.0,0.024187987347402004,0.0028635856903496716,0.04551238900445434,26.0,0.013676927322269937,0.0022281460986851003,0.025125708545854775,31.0
b3_rawsig minus b3,b3_rawsig,selected,b3,5.0,50,0.05336824852428221,0.025661427236461542,0.08107506981210287,36,1.224847772853044,-3.2972058664719404,5.746901412178029,26.0,-0.08159967683296301,-0.3232225212918407,0.1600231676259147,22.0,0.04930639638120418,0.025451581209863336,0.07316121155254503,36.0,0.04203268034939114,0.026500523129444557,0.057564837569337717,41.0
statistics minus CUSUM,statistics,selected,cusum,5.0,50,0.05922977481385581,0.032608428104516196,0.08585112152319542,35,2.045676084280664,-3.85275754363836,7.944109712199689,28.0,0.008887093516461234,-0.2527341517901999,0.27050833882312236,25.0,,,,,,,,
statistics minus HMM filter,statistics,selected,hmm_filter,5.0,50,-0.03554764775412937,-0.06521364072803416,-0.0058816547802245794,19,-1.227968536662648,-6.7571822492345825,4.301245175909286,24.0,0.02423752777216718,-0.21334972288196438,0.26182477842629875,21.0,0.04059790495376431,0.014284931080103532,0.06691087882742508,35.0,0.07671980073263991,0.06072175862029522,0.0927178428449846,45.0
statistics_logsig minus CUSUM,statistics_logsig,selected,cusum,5.0,50,0.06240678756768002,0.03064895340184419,0.09416462173351585,36,2.205761682214215,-2.7866923364892124,7.198215700917643,27.0,0.04605130276711778,-0.22175519550573536,0.3138578010399709,26.0,,,,,,,,
statistics_logsig minus HMM filter,statistics_logsig,selected,hmm_filter,5.0,50,-0.032370635000305154,-0.06270136272425658,-0.002039907276353718,17,-1.067882938729097,-5.803148474728585,3.6673825972703904,23.0,0.06140173702282373,-0.17694553724439718,0.2997490112900446,26.0,0.05637769488088564,0.03290253537935049,0.07985285438242079,36.0,0.11246663443064044,0.09756204101069088,0.12737122785059,50.0
statistics_rawsig minus CUSUM,statistics_rawsig,selected,cusum,5.0,50,0.09298832281439307,0.06511768898846251,0.12085895664032362,39,0.9855643652555186,-3.943397465173488,5.914526195684525,23.0,-0.06624924257725712,-0.31515701250505956,0.1826585273505453,25.0,,,,,,,,
statistics_rawsig minus HMM filter,statistics_rawsig,selected,hmm_filter,5.0,50,-0.0017890997535921248,-0.028119928666824095,0.024541729159639845,24,-2.2880802556877935,-7.044002947321638,2.467842435946051,19.0,-0.05089880832155117,-0.24913263182593554,0.1473350151828332,22.0,0.106779502788375,0.07978204552981227,0.13377696004693773,40.0,0.1445854663119315,0.1295818450159077,0.15958908760795532,50.0
b3 minus CUSUM,b3,selected,cusum,5.0,50,0.04276019995384356,0.011810473962113197,0.07370992594557392,31,1.368420069656137,-4.362879172741838,7.099719312054113,24.0,-0.021005857402544893,-0.3030784603278462,0.2610667455227564,25.0,,,,,,,,
b3 minus HMM filter,b3,selected,hmm_filter,5.0,50,-0.052017222614141614,-0.07713644669259066,-0.026897998535692566,11,-1.9052245512871753,-7.2933796434314235,3.4829305408570725,24.0,-0.005655423146838947,-0.2622074557545359,0.25089660946085807,25.0,0.04467870416683435,0.02015270283801978,0.06920470549564892,32.0,0.09038519538994194,0.07265675450398204,0.10811363627590184,47.0
b3_logsig minus CUSUM,b3_logsig,selected,cusum,5.0,50,0.06378559776194971,0.030351063404287906,0.09722013211961152,36,4.100814462452624,-1.5902129790569823,9.791841903962231,31.0,-0.01615835184811148,-0.2426046953246859,0.21028799162846293,23.0,,,,,,,,
b3_logsig minus HMM filter,b3_logsig,selected,hmm_filter,5.0,50,-0.030991824806035465,-0.0589052733955724,-0.003078376216498528,15,0.8271698415093124,-4.626019105498767,6.280358788517392,26.0,-0.000807917592405536,-0.22620046804356536,0.2245846328587543,23.0,0.06886669151423636,0.04301379894386336,0.09471958408460934,38.0,0.10406212271221187,0.08779207854286705,0.12033216688155668,50.0
b3_rawsig minus CUSUM,b3_rawsig,selected,cusum,5.0,50,0.09612844847812578,0.0669361270694557,0.12532076988679586,44,2.5932678425091806,-2.7359331048265316,7.922468789844893,27.0,-0.10260553423550793,-0.3532733755693734,0.1480623070983575,21.0,,,,,,,,
b3_rawsig minus HMM filter,b3_rawsig,selected,hmm_filter,5.0,50,0.0013510259101405908,-0.02563583430668755,0.02833788612696873,22,-0.6803767784341309,-6.028400162380691,4.667646605512428,22.0,-0.08725509997980196,-0.3020128403088008,0.12750264034919692,22.0,0.09398510054803852,0.06790233234608606,0.12006786874999098,40.0,0.13241787573933306,0.11665135342535754,0.14818439805330857,50.0
HMM filter minus CUSUM,hmm_filter,none,cusum,5.0,50,0.09477742256798517,0.06439437451591495,0.1251604706200554,40,3.273644620943312,-1.8046092934330593,8.351898535319684,28.0,-0.015350434255705947,-0.23959921587538555,0.20889834736397364,24.0,,,,,,,,
