contrast,detector,learner,baseline,target,n,delta_detection_probability,delta_detection_probability_ci_low,delta_detection_probability_ci_high,delta_detection_probability_positive,delta_mean_delay,delta_mean_delay_ci_low,delta_mean_delay_ci_high,delta_mean_delay_positive,delta_false_alarms_per_1000,delta_false_alarms_per_1000_ci_low,delta_false_alarms_per_1000_ci_high,delta_false_alarms_per_1000_positive,delta_state_detection_probability,delta_state_detection_probability_ci_low,delta_state_detection_probability_ci_high,delta_state_detection_probability_positive,delta_detector_balanced_accuracy,delta_detector_balanced_accuracy_ci_low,delta_detector_balanced_accuracy_ci_high,delta_detector_balanced_accuracy_positive
b3 minus chance,b3,gbm,chance,0.5,50,0.20710695472909907,0.18684075337904751,0.22737315607915062,50,,,,,,,,,,,,,,,,
b3 minus chance,b3,logistic,chance,0.5,50,0.19908393145552494,0.17667845518164887,0.221489407729401,50,,,,,,,,,,,,,,,,
b3 minus chance,b3,random_forest,chance,0.5,50,0.2104048991784321,0.188584680543869,0.2322251178129952,49,,,,,,,,,,,,,,,,
b3 minus chance,b3,selected,chance,0.5,50,0.2120980830993544,0.1901786381392513,0.23401752805945752,49,,,,,,,,,,,,,,,,
b3_logsig minus chance,b3_logsig,gbm,chance,0.5,50,0.22584052803659113,0.20410547337528218,0.2475755826979001,50,,,,,,,,,,,,,,,,
b3_logsig minus chance,b3_logsig,logistic,chance,0.5,50,0.19956802364389767,0.178087661432849,0.22104838585494635,50,,,,,,,,,,,,,,,,
b3_logsig minus chance,b3_logsig,random_forest,chance,0.5,50,0.21289686161061006,0.1908209489995404,0.2349727742216797,50,,,,,,,,,,,,,,,,
b3_logsig minus chance,b3_logsig,selected,chance,0.5,50,0.21905273287283436,0.197417891286055,0.24068757445961372,50,,,,,,,,,,,,,,,,
b3_rawsig minus chance,b3_rawsig,gbm,chance,0.5,50,0.2233758069638901,0.2025889890427121,0.24416262488506807,50,,,,,,,,,,,,,,,,
b3_rawsig minus chance,b3_rawsig,logistic,chance,0.5,50,0.20719778216924634,0.18387504885884898,0.2305205154796437,50,,,,,,,,,,,,,,,,
b3_rawsig minus chance,b3_rawsig,random_forest,chance,0.5,50,0.2164981729528165,0.19473691413140265,0.23825943177423037,50,,,,,,,,,,,,,,,,
b3_rawsig minus chance,b3_rawsig,selected,chance,0.5,50,0.21800697762774746,0.19604566447187238,0.23996829078362253,50,,,,,,,,,,,,,,,,
cusum minus chance,cusum,none,chance,0.5,50,0.16670831295766114,0.14915857408853261,0.18425805182678967,50,,,,,,,,,,,,,,,,
hmm minus chance,hmm,gbm,chance,0.5,50,0.2096001029320166,0.187541135721077,0.23165907014295622,50,,,,,,,,,,,,,,,,
hmm minus chance,hmm,logistic,chance,0.5,50,0.2111535852574801,0.18875609561492823,0.23355107490003196,49,,,,,,,,,,,,,,,,
hmm minus chance,hmm,random_forest,chance,0.5,50,0.20990769123074288,0.18931686571927164,0.2304985167422141,50,,,,,,,,,,,,,,,,
hmm_filter minus chance,hmm_filter,none,chance,0.5,50,0.20811780493431864,0.19102785925517723,0.22520775061346004,50,,,,,,,,,,,,,,,,
statistics minus chance,statistics,gbm,chance,0.5,50,0.20146153426950622,0.17983371494035133,0.2230893535986611,50,,,,,,,,,,,,,,,,
statistics minus chance,statistics,logistic,chance,0.5,50,0.20351834948821373,0.18105589587768461,0.22598080309874286,50,,,,,,,,,,,,,,,,
statistics minus chance,statistics,random_forest,chance,0.5,50,0.2061787530730227,0.1848276116225866,0.2275298945234588,50,,,,,,,,,,,,,,,,
statistics minus chance,statistics,selected,chance,0.5,50,0.20428989142976695,0.18293222539134651,0.22564755746818738,50,,,,,,,,,,,,,,,,
statistics_logsig minus chance,statistics_logsig,gbm,chance,0.5,50,0.21770883602555385,0.1976029657168514,0.2378147063342563,50,,,,,,,,,,,,,,,,
statistics_logsig minus chance,statistics_logsig,logistic,chance,0.5,50,0.2098380575512873,0.18949764349660378,0.2301784716059708,50,,,,,,,,,,,,,,,,
statistics_logsig minus chance,statistics_logsig,random_forest,chance,0.5,50,0.2068551578146924,0.18424876580029598,0.22946154982908884,50,,,,,,,,,,,,,,,,
statistics_logsig minus chance,statistics_logsig,selected,chance,0.5,50,0.21307957773823832,0.19021177001065115,0.2359473854658255,50,,,,,,,,,,,,,,,,
statistics_rawsig minus chance,statistics_rawsig,gbm,chance,0.5,50,0.22040903261091402,0.2005598370240762,0.24025822819775183,50,,,,,,,,,,,,,,,,
statistics_rawsig minus chance,statistics_rawsig,logistic,chance,0.5,50,0.2132890804458127,0.19210338850569675,0.23447477238592868,50,,,,,,,,,,,,,,,,
statistics_rawsig minus chance,statistics_rawsig,random_forest,chance,0.5,50,0.20738864806988405,0.18496199510524752,0.22981530103452058,50,,,,,,,,,,,,,,,,
statistics_rawsig minus chance,statistics_rawsig,selected,chance,0.5,50,0.20811908229263953,0.18648290615861768,0.2297552584266614,50,,,,,,,,,,,,,,,,
statistics_logsig minus statistics,statistics_logsig,gbm,statistics,0.5,50,0.02311259356271123,0.002179381770129097,0.04404580535529336,29,-3.930822688784174,-7.141849627563663,-0.7197957500046854,18.0,0.0008079175924055721,-0.048909816537393506,0.050525651722204655,20.0,0.023456406549656857,0.0038019375168861953,0.043110875582427516,29.0,0.012222761852685646,0.0020701076350284845,0.02237541607034281,37.0
statistics_rawsig minus statistics,statistics_rawsig,gbm,statistics,0.5,50,0.02918231634904116,0.008868025927075224,0.0494966067710071,28,-2.3775337734807476,-6.092089460024569,1.3370219130630745,20.0,0.005655423146839022,-0.048690056109240674,0.060000902402918714,25.0,0.02291435238628273,0.003564237878363078,0.04226446689420238,31.0,0.005862964588091499,-0.0052304254882604515,0.01695635466444345,32.0
b3_logsig minus b3,b3_logsig,gbm,b3,0.5,50,0.031773286382121915,0.012013603276586026,0.0515329694876578,32,-2.0584821724723246,-4.987421340865632,0.8704569959209829,23.0,0.018582104625328215,-0.025560048569331972,0.0627242578199884,21.0,0.025818842081566575,0.008756131490762785,0.042881552672370364,31.0,0.007089406499367656,-0.0006889810387543851,0.014867794037489697,33.0
b3_rawsig minus b3,b3_rawsig,gbm,b3,0.5,50,0.023697283807818225,0.0018642226310668086,0.04553034498456964,29,-0.2182524641367428,-2.964283943827875,2.527779015554389,22.0,0.0008079175924055748,-0.03865508069479787,0.04027091587960902,23.0,0.015388557857186052,-0.0026916827835855583,0.03346879849795766,25.0,0.005134643355327766,-0.002815323899349193,0.013084610610004724,32.0
statistics minus CUSUM,statistics,gbm,cusum,0.5,50,0.048573284143131994,0.01166517739514629,0.0854813908911177,28,17.1221455276887,11.742125923681222,22.50216513169618,37.0,-0.01535043425570592,-0.10191331594749194,0.07121244743608009,21.0,,,,,,,,
statistics minus HMM filter,statistics,gbm,hmm_filter,0.5,50,0.010435506785391006,-0.014576936874822678,0.03544795044560469,28,2.169631181629518,-2.330954084347702,6.670216447606737,29.0,0.07432841850131287,0.011048660576346028,0.1376081764262797,31.0,-0.0020578237182151326,-0.022066032128674848,0.01795038469224458,23.0,0.015501327264057625,0.003787926209982667,0.027214728318132583,34.0
statistics_logsig minus CUSUM,statistics_logsig,gbm,cusum,0.5,50,0.07168587770584323,0.03572684063550761,0.10764491477617885,36,13.191322838904526,7.934450705862004,18.448194971947046,39.0,-0.014542516663300349,-0.09332524822188268,0.06424021489528198,21.0,,,,,,,,
statistics_logsig minus HMM filter,statistics_logsig,gbm,hmm_filter,0.5,50,0.03354810034810224,0.010355775367670066,0.05674042532853441,28,-1.7611915071546564,-6.042474768457802,2.5200917541484893,20.0,0.07513633609371845,0.020298149625052837,0.12997452256238406,33.0,0.021398582831441724,0.0003199886235755005,0.04247717703930795,27.0,0.027724089116743275,0.016440877609588823,0.03900730062389773,37.0
statistics_rawsig minus CUSUM,statistics_rawsig,gbm,cusum,0.5,50,0.07775560049217316,0.0428178171153593,0.11269338386898702,40,14.744611754207954,9.292837808324585,20.196385700091323,41.0,-0.009695011108866896,-0.08945496384880523,0.07006494163107145,24.0,,,,,,,,
statistics_rawsig minus HMM filter,statistics_rawsig,gbm,hmm_filter,0.5,50,0.03961782313443216,0.011109263449689443,0.06812638281917488,28,-0.2079025918512292,-4.277170030793115,3.8613648470906563,27.0,0.0799838416481519,0.00984432383712927,0.15012335945917452,30.0,0.020856528668067597,-0.004221920711831601,0.0459349780479668,27.0,0.021364291852149123,0.008329836244880805,0.03439874745941744,33.0
b3 minus CUSUM,b3,gbm,cusum,0.5,50,0.05493030016660823,0.024887225166185207,0.08497337516703125,34,12.972413977454915,8.145114217737085,17.799713737172745,37.0,-0.02181377499495051,-0.09454090323309917,0.050913353243198164,20.0,,,,,,,,
b3 minus HMM filter,b3,gbm,hmm_filter,0.5,50,0.01679252280886724,-0.013384599935124215,0.046969645552858694,27,-1.980100368604272,-5.216341934704346,1.2561411974958017,20.0,0.06786507776206827,0.0038214194424682907,0.13190873608166825,30.0,0.00655943258947879,-0.017546333162683826,0.030665198341641404,22.0,0.02477061131595315,0.012641916665669608,0.036899305966236695,37.0
b3_logsig minus CUSUM,b3_logsig,gbm,cusum,0.5,50,0.08670358654873014,0.05272588751498796,0.12068128558247232,38,10.913931804982587,5.804418367403954,16.02344524256122,32.0,-0.0032316703696223057,-0.08256150135284751,0.07609816061360289,19.0,,,,,,,,
b3_logsig minus HMM filter,b3_logsig,gbm,hmm_filter,0.5,50,0.048565809190989156,0.017008626570223492,0.08012299181175482,30,-4.038582541076597,-8.07199349727388,-0.0051715848793145724,18.0,0.08644718238739647,0.014695591720580256,0.1581987730542127,32.0,0.032378274671045364,0.005570362256249212,0.059186187085841516,29.0,0.03186001781532081,0.018838523033242825,0.044881512597398796,36.0
b3_rawsig minus CUSUM,b3_rawsig,gbm,cusum,0.5,50,0.07862758397442646,0.04449801892828059,0.11275714902057232,39,12.75416151331817,8.016417212314398,17.491905814321942,39.0,-0.021005857402544938,-0.10582189413096599,0.0638101793258761,19.0,,,,,,,,
b3_rawsig minus HMM filter,b3_rawsig,gbm,hmm_filter,0.5,50,0.04048980661668547,0.008649452671985434,0.0723301605613855,31,-2.1983528327410147,-5.678583591403182,1.2818779259211524,16.0,0.06867299535447384,0.0031426043782082774,0.13420338633073942,32.0,0.021947990446664845,-0.005059481816477952,0.04895546270980764,29.0,0.029905254671280926,0.016061304045385777,0.043749205297176075,36.0
statistics_logsig minus statistics,statistics_logsig,logistic,statistics,0.5,50,0.01024409729487008,-0.009326085761092093,0.029814280350832254,23,-1.0654341155552338,-4.547452335021543,2.4165841039110756,21.0,0.004039587962027874,-0.036016037879352744,0.04409521380340849,23.0,0.005645490050659975,-0.010490073544223485,0.021781053645543436,27.0,0.0066864775153175175,-0.0024256314539844934,0.01579858648461953,30.0
statistics_rawsig minus statistics,statistics_rawsig,logistic,statistics,0.5,50,0.01668298193010684,-0.009224601370747286,0.04259056523096096,25,-1.160766777117895,-5.279519445113513,2.9579858908777226,24.0,0.014542516663300342,-0.03751520243662594,0.06660023576322663,24.0,0.014312911021323886,-0.005118363739257824,0.0337441857819056,25.0,0.010981767733203845,-0.0002873991318463054,0.022250934598253995,30.0
b3_logsig minus b3,b3_logsig,logistic,b3,0.5,50,0.01101163444458226,-0.008917510433677295,0.030940779322841814,25,-2.948077002635706,-6.2110763602231565,0.31492235495174503,20.0,0.03716420925065642,0.003726396427614985,0.07060202207369787,31.0,0.01242214661032375,-0.006378938205739719,0.03122323142638722,23.0,0.009848328291019743,0.0016838572522444254,0.018012799329795062,34.0
b3_rawsig minus b3,b3_rawsig,logistic,b3,0.5,50,0.02060731847459783,-0.003017700212620624,0.04423233716181628,29,-2.9728168680775604,-6.682534096003307,0.7369003598481862,18.0,0.02989295091900626,-0.014830347763850678,0.0746162496018632,27.0,0.019111149669420003,-0.0018456846123853302,0.040067983951225336,28.0,0.010916293437830843,0.0013049058618473316,0.020527681013814355,33.0
statistics minus CUSUM,statistics,logistic,cusum,0.5,50,0.04253044364389219,0.013260254648073254,0.07180063263971112,29,10.785004414316436,6.127859214734835,15.442149613898037,37.0,-0.054130478691173496,-0.12248790578993032,0.014226948407583324,20.0,,,,,,,,
statistics minus HMM filter,statistics,logistic,hmm_filter,0.5,50,0.0043926662861512,-0.02240966511348253,0.03119499768578493,22,-4.167509931742746,-8.553046030944586,0.21802616745909464,24.0,0.03554837406584528,-0.0247396391709254,0.09583638730261596,29.0,0.0022807213693623106,-0.020028565054358207,0.02459000779308283,20.0,0.0002163447354000758,-0.011713755364149411,0.012146444834949564,25.0
statistics_logsig minus CUSUM,statistics_logsig,logistic,cusum,0.5,50,0.052774540938762264,0.02168904909950252,0.08386003277802201,35,9.719570298761203,5.093761802656728,14.345378794865677,35.0,-0.05009089072914562,-0.12601532110255456,0.025833539644263326,18.0,,,,,,,,
statistics_logsig minus HMM filter,statistics_logsig,logistic,hmm_filter,0.5,50,0.014636763581021279,-0.0071609482569911145,0.03643447541903367,25,-5.2329440472979805,-9.189428296882227,-1.2764597977137333,16.0,0.03958796202787315,-0.017578703653000904,0.09675462770874721,27.0,0.007926211420022285,-0.013581461652743756,0.029433884492788324,28.0,0.006902822250717593,-0.004141232897318319,0.017946877398753506,30.0
statistics_rawsig minus CUSUM,statistics_rawsig,logistic,cusum,0.5,50,0.05921342557399903,0.025262815518290065,0.09316403562970799,34,9.624237637198542,4.2379599966566595,15.010515277740424,37.0,-0.03958796202787316,-0.12150831822469696,0.042332394168950634,20.0,,,,,,,,
statistics_rawsig minus HMM filter,statistics_rawsig,logistic,hmm_filter,0.5,50,0.021075648216258038,-0.0056629326278160065,0.047814229060332086,22,-5.328276708860641,-9.391070790887486,-1.2654826268337969,18.0,0.050090890729145625,-0.027376648781044614,0.12755843023933586,23.0,0.016593632390686196,-0.005261279908342895,0.038448544689715286,28.0,0.011198112468603921,0.0016047444209597982,0.020791480516248045,30.0
b3 minus CUSUM,b3,logistic,cusum,0.5,50,0.03442402248877536,-0.002078856700097921,0.07092690167764865,27,13.816685699522491,9.447917065395785,18.185454333649197,39.0,-0.05170672591395679,-0.11784140519592937,0.014427953368015785,16.0,,,,,,,,
b3 minus HMM filter,b3,logistic,hmm_filter,0.5,50,-0.003713754868965634,-0.03221644410418895,0.024788934366257682,22,-1.1358286465366954,-5.298338113418175,3.026680820344784,21.0,0.03797212684306201,-0.029665361909044972,0.10560961559516899,29.0,-0.007119574971955886,-0.031736525859125175,0.017497375915213408,21.0,0.009731554298863085,-0.0031463129458764224,0.02260942154360259,25.0
b3_logsig minus CUSUM,b3_logsig,logistic,cusum,0.5,50,0.04543565693335761,0.008196911413868253,0.08267440245284696,35,10.868608696886787,5.71263592246609,16.024581471307485,36.0,-0.014542516663300349,-0.0888628700728639,0.059777836746263205,21.0,,,,,,,,
b3_logsig minus HMM filter,b3_logsig,logistic,hmm_filter,0.5,50,0.007297879575616622,-0.020854691208721847,0.035450450359955095,26,-4.083905649172401,-8.321342162806,0.15353086446119768,19.0,0.07513633609371843,0.0064100261070397235,0.14386264608039714,33.0,0.005302571638367864,-0.019666920848940648,0.030272064125676377,23.0,0.01957988258988283,0.006601964732618315,0.032557800447147345,37.0
b3_rawsig minus CUSUM,b3_rawsig,logistic,cusum,0.5,50,0.055031340963373185,0.020621196037805233,0.08944148588894113,35,10.84386883144493,5.564873926066154,16.122863736823703,40.0,-0.021813774994950515,-0.09390942463103859,0.05028187464113755,22.0,,,,,,,,
b3_rawsig minus HMM filter,b3_rawsig,logistic,hmm_filter,0.5,50,0.016893563605632197,-0.008426786416935037,0.04221391362819943,26,-4.108645514614255,-7.624701201694717,-0.5925898275337937,20.0,0.06786507776206827,-0.0034891711344203352,0.13921932665855685,29.0,0.011991574697464116,-0.011321457103969895,0.035304606498898126,25.0,0.02064784773669393,0.00845389238767005,0.03284180308571781,34.0
statistics_logsig minus statistics,statistics_logsig,random_forest,statistics,0.5,50,0.0161694599544761,-0.007386475533932048,0.03972539544288425,27,-1.783859689526458,-4.794322832923198,1.2266034538702824,21.0,0.0573621490607958,-0.004313061825559246,0.11903735994715084,28.0,0.012189179327953938,-0.005597257833356998,0.029975616489264875,22.0,0.008526785601704463,-0.005343276909228197,0.022396848112637122,30.0
statistics_rawsig minus statistics,statistics_rawsig,random_forest,statistics,0.5,50,0.01576962286999646,-0.00857644272151347,0.04011568846150639,27,0.39887241739937507,-2.380226870718864,3.177971705517614,25.0,0.049282973136740064,-0.002283117504362775,0.1008490637778429,27.0,0.005109810479277475,-0.016034703637859173,0.026254324596414122,21.0,0.0017705706387421527,-0.009677496668470545,0.01321863794595485,30.0
b3_logsig minus b3,b3_logsig,random_forest,b3,0.5,50,0.0011997791374575672,-0.017033632337680633,0.01943319061259577,20,2.0650256656105115,-0.7849873200033461,4.91503865122437,29.0,-0.010502928701272467,-0.06740171406490308,0.046395856662358154,20.0,0.0034938053998433438,-0.012489424485572357,0.019477035285259046,18.0,0.002881956752338328,-0.006196891108065976,0.011960804612742633,29.0
b3_rawsig minus b3,b3_rawsig,random_forest,b3,0.5,50,0.012037440561221682,-0.011809721073479251,0.03588460219592261,29,2.228313958171492,-1.3066206106232685,5.763248526966253,30.0,0.007271258331650172,-0.059052272547239104,0.07359478921053944,27.0,0.010959138119454941,-0.008365533764722632,0.030283810003632512,25.0,0.009513187171033095,-0.0018614656832418655,0.020887840025308056,30.0
statistics minus CUSUM,statistics,random_forest,cusum,0.5,50,0.017773228559647723,-0.015539171445138129,0.05108562856443358,25,12.396958139346065,7.632393454363719,17.16152282432841,38.0,-0.15188850737224802,-0.2232472796608548,-0.08052973508364122,12.0,,,,,,,,
statistics minus HMM filter,statistics,random_forest,hmm_filter,0.5,50,-0.02036454879809327,-0.05010226712438561,0.009373169528199068,18,-2.555556206713117,-6.2981210032602135,1.18700858983398,21.0,-0.06220965461522925,-0.12539795822775382,0.0009786489972953075,17.0,-0.019038048969782867,-0.04171767521276369,0.003641577273197961,16.0,-0.010979112931738446,-0.023402328179263944,0.001444102315787052,17.0
statistics_logsig minus CUSUM,statistics_logsig,random_forest,cusum,0.5,50,0.033942688514123825,-0.0007584007914869725,0.06864377781973463,28,10.613098449819608,5.483862334509034,15.742334565130182,36.0,-0.09452635831145223,-0.18565231214736302,-0.0034004044755414353,16.0,,,,,,,,
statistics_logsig minus HMM filter,statistics_logsig,random_forest,hmm_filter,0.5,50,-0.0041950888436171705,-0.033534060553602134,0.025143882866367796,22,-4.339415896239575,-7.690716598395758,-0.9881151940833917,20.0,-0.004847505554433443,-0.08183020640963123,0.07213519530076434,24.0,-0.006848869641828931,-0.02749637806489106,0.013798638781233198,19.0,-0.002452327330033983,-0.014910332855931388,0.010005678195863421,26.0
statistics_rawsig minus CUSUM,statistics_rawsig,random_forest,cusum,0.5,50,0.03354285142964418,-0.0025783703847872055,0.06966407324407556,29,12.795830556745441,7.609447415533134,17.982213697957746,35.0,-0.102605534235508,-0.17380014994071147,-0.03141091853030453,12.0,,,,,,,,
statistics_rawsig minus HMM filter,statistics_rawsig,random_forest,hmm_filter,0.5,50,-0.004594925928096813,-0.032669432302331214,0.023479580446137585,21,-2.156683789313742,-5.770697592295199,1.4573300136677148,19.0,-0.012926681478489197,-0.0796847596137386,0.0538313966567602,22.0,-0.01392823849050539,-0.0382244800073948,0.010368003026384019,20.0,-0.009208542292996294,-0.021064783517197115,0.0026476989312045254,19.0
b3 minus CUSUM,b3,random_forest,cusum,0.5,50,0.030094990451314505,-0.005663340737123244,0.06585332163975226,26,10.681112110814576,5.648684731253318,15.713539490375833,34.0,-0.1276509796000808,-0.20913908402889175,-0.04616287517126984,14.0,,,,,,,,
b3 minus HMM filter,b3,random_forest,hmm_filter,0.5,50,-0.008042786906426486,-0.04148938389361634,0.025403810080763367,21,-4.2714022352446035,-8.280804010341232,-0.2620004601479753,20.0,-0.037972126843062004,-0.11536497940807003,0.03942072572194602,24.0,-0.009203999503036187,-0.034480359936572336,0.01607236093049996,18.0,-0.01022906106481198,-0.023368118390252254,0.0029099962606282965,23.0
b3_logsig minus CUSUM,b3_logsig,random_forest,cusum,0.5,50,0.03129476958877207,-0.0025927808610263156,0.06518232003857047,25,12.746137776425092,8.159963311123406,17.33231224172678,39.0,-0.13815390830135327,-0.20789345630662528,-0.06841436029608125,13.0,,,,,,,,
b3_logsig minus HMM filter,b3_logsig,random_forest,hmm_filter,0.5,50,-0.006843007768968918,-0.03543193786950867,0.021745922331570838,21,-2.2063765696340916,-5.095831037159052,0.6830778978908691,20.0,-0.048475055544334476,-0.11341790303790714,0.01646779194923819,21.0,-0.005710194103192841,-0.027619950539740177,0.016199562333354494,17.0,-0.007347104312473651,-0.018959413256639565,0.004265204631692263,23.0
b3_rawsig minus CUSUM,b3_rawsig,random_forest,cusum,0.5,50,0.04213243101253619,0.007783083824699527,0.07648177820037286,31,12.90942606898607,8.092113464210826,17.726738673761314,38.0,-0.12037972126843062,-0.18837734086623292,-0.05238210167062832,13.0,,,,,,,,
b3_rawsig minus HMM filter,b3_rawsig,random_forest,hmm_filter,0.5,50,0.003994653654795192,-0.024362738439452743,0.03235204574904313,23,-2.0430882770731116,-5.226710048250076,1.1405334941038525,23.0,-0.030700868511411832,-0.10421337591125715,0.04281163888843348,23.0,0.0017551386164187555,-0.020247232162186147,0.02375750939502366,22.0,-0.0007158738937788845,-0.01174958105210676,0.01031783326454899,27.0
statistics_logsig minus statistics,statistics_logsig,selected,statistics,0.5,50,0.024079313695303535,0.000401514515420108,0.04775711287518696,31,-0.27106717360908705,-3.677198197222082,3.135063850003908,23.0,0.04362754998990103,-0.020642503564932795,0.10789760354473485,26.0,0.025897171731169212,0.006467172933777063,0.04532717052856136,31.0,0.014355791153413833,0.0006018565587208678,0.0281097257481068,32.0
statistics_rawsig minus statistics,statistics_rawsig,selected,statistics,0.5,50,0.017582071563592778,-0.009539633899593412,0.04470377702677897,28,-0.4291957998021681,-3.4941668536140758,2.6357752540097397,25.0,0.04281963239749545,-0.019778481101089762,0.10541774589608066,26.0,0.013738179924946883,-0.008428853174925775,0.03590521302481954,26.0,0.00784645765524924,-0.003937468806778369,0.01963038411727685,28.0
b3_logsig minus b3,b3_logsig,selected,b3,0.5,50,0.008912927100605535,-0.011279500173411176,0.029105354374622246,19,0.7060759449399893,-2.1094562809809068,3.521608170860885,25.0,-0.006463340739244595,-0.06556723026312,0.05264054878463081,19.0,0.012359606265644214,-0.006163964926997299,0.030883177458285727,20.0,0.007586942779380275,-0.003447117060848154,0.018621002619608702,33.0
b3_rawsig minus b3,b3_rawsig,selected,b3,0.5,50,0.014819732593513714,-0.01040366111876745,0.04004312630579488,30,0.504129250486493,-2.8195425725033854,3.8278010734763717,26.0,0.019390022217733796,-0.043629061148558704,0.0824091055840263,26.0,0.018360742716711714,-0.0022783045310697837,0.038999789964493214,26.0,0.011062082965027586,-0.0007987682538265397,0.022922934183881714,29.0
statistics minus CUSUM,statistics,selected,cusum,0.5,50,0.018511152609373017,-0.014363684464816343,0.05138598968356238,26,11.965219264154607,7.245930893762206,16.684507634547007,37.0,-0.14057766107856998,-0.2127490071870374,-0.06840631497010255,13.0,,,,,,,,
statistics minus HMM filter,statistics,selected,hmm_filter,0.5,50,-0.019626624748367974,-0.048681656247386525,0.009428406750650577,17,-2.9872950819045774,-6.624458115242552,0.6498679514333974,21.0,-0.0508988083215512,-0.11499997964753206,0.013202363004429667,18.0,-0.019959941363103834,-0.04246100016666707,0.0025411174404594006,14.0,-0.009265956735596565,-0.022128826139593254,0.003596912668400124,20.0
statistics_logsig minus CUSUM,statistics_logsig,selected,cusum,0.5,50,0.04259046630467655,0.007007139755873651,0.07817379285347945,32,11.69415209054552,7.049307191748748,16.33899698934229,37.0,-0.09695011108866897,-0.1859372411524879,-0.007962981024850047,17.0,,,,,,,,
statistics_logsig minus HMM filter,statistics_logsig,selected,hmm_filter,0.5,50,0.004452688946935557,-0.02018135923337686,0.029086737127247974,20,-3.258362255513664,-7.122127706670509,0.6054031956431807,19.0,-0.0072712583316501675,-0.07741844551941089,0.06287592885611056,22.0,0.0059372303680653785,-0.014894575930263752,0.02676903666639451,23.0,0.0050898344178172674,-0.006714760490103148,0.016894429325737682,31.0
statistics_rawsig minus CUSUM,statistics_rawsig,selected,cusum,0.5,50,0.036093224172965795,-0.00016807985087181898,0.07235452819680341,30,11.536023464352438,6.121093040901693,16.95095388780318,37.0,-0.09775802868107455,-0.1711067990874794,-0.024409258274669707,13.0,,,,,,,,
statistics_rawsig minus HMM filter,statistics_rawsig,selected,hmm_filter,0.5,50,-0.0020445531847751983,-0.02603113922857576,0.02194203285902536,18,-3.4164908817067454,-7.37970471676195,0.5467229533484588,20.0,-0.008079175924055746,-0.07605740984909287,0.05989905800098139,21.0,-0.006221761438156951,-0.028740245091605145,0.016296722215291243,25.0,-0.0014194990803473263,-0.011840575349527063,0.009001577188832412,24.0
b3 minus CUSUM,b3,selected,cusum,0.5,50,0.0355848894412135,0.0008253074995737963,0.0703444713828532,28,11.581878297043806,6.910960652377245,16.252795941710367,35.0,-0.1179559684912139,-0.19873061226079936,-0.03718132472162845,13.0,,,,,,,,
b3 minus HMM filter,b3,selected,hmm_filter,0.5,50,-0.0025528879165275,-0.03494746832925549,0.029841692496200497,23,-3.3706360490153737,-7.252089331917378,0.5108172338866304,21.0,-0.02827711573419511,-0.10390657428626814,0.04735234281787791,27.0,-0.0062350240340607165,-0.031385368675951486,0.01891532060783005,20.0,-0.006592444743848267,-0.019942077435015464,0.0067571879473189295,25.0
b3_logsig minus CUSUM,b3_logsig,selected,cusum,0.5,50,0.04449781654181903,0.009910634613091843,0.07908499847054622,28,12.287954241983797,7.416259408526511,17.159649075441084,39.0,-0.12441930923045849,-0.19395607559682101,-0.05488254286409597,14.0,,,,,,,,
b3_logsig minus HMM filter,b3_logsig,selected,hmm_filter,0.5,50,0.006360039184078035,-0.01994478510073898,0.03266486346889505,24,-2.664560104075385,-5.830003951890792,0.5008837437400211,21.0,-0.03474045647343971,-0.09441726239536716,0.024936349448487737,23.0,0.006124582231583495,-0.016515997855823552,0.028765162318990543,20.0,0.0009944980355320076,-0.012125001409599915,0.01411399748066393,28.0
b3_rawsig minus CUSUM,b3_rawsig,selected,cusum,0.5,50,0.0504046220347272,0.014730846156616191,0.08607839791283822,31,12.086007547530302,6.873936976589876,17.298078118470727,38.0,-0.09856594627348012,-0.17166014428857077,-0.025471748258389465,16.0,,,,,,,,
b3_rawsig minus HMM filter,b3_rawsig,selected,hmm_filter,0.5,50,0.012266844676986218,-0.014927267103765273,0.03946095645773771,25,-2.866506798528881,-6.301290569928385,0.5682769728706236,21.0,-0.008887093516461313,-0.07932509825005735,0.06155091121713471,24.0,0.012125718682650999,-0.010469106023518311,0.03472054338882031,24.0,0.004469638221179319,-0.006651675930543076,0.015590952372901715,30.0
HMM filter minus CUSUM,hmm_filter,none,cusum,0.5,50,0.038137777357740994,0.003998174420110086,0.0722773802953719,31,14.952514346059184,10.801416149311386,19.10361254280698,42.0,-0.08967885275701878,-0.1666842612919705,-0.012673444222067079,16.0,,,,,,,,
b3 minus chance,b3,gbm,chance,1.0,50,0.2850211038295989,0.26715366264030876,0.302888545018889,50,,,,,,,,,,,,,,,,
b3 minus chance,b3,logistic,chance,1.0,50,0.24805419561903888,0.2241539183333306,0.27195447290474717,50,,,,,,,,,,,,,,,,
b3 minus chance,b3,random_forest,chance,1.0,50,0.2566872817484906,0.22988547478539945,0.28348908871158174,49,,,,,,,,,,,,,,,,
b3 minus chance,b3,selected,chance,1.0,50,0.2575691183940952,0.23083312421737406,0.2843051125708163,49,,,,,,,,,,,,,,,,
b3_logsig minus chance,b3_logsig,gbm,chance,1.0,50,0.28365200901902143,0.2600020222553105,0.3073019957827324,50,,,,,,,,,,,,,,,,
b3_logsig minus chance,b3_logsig,logistic,chance,1.0,50,0.2584065184294411,0.23522835336597897,0.2815846834929033,50,,,,,,,,,,,,,,,,
b3_logsig minus chance,b3_logsig,random_forest,chance,1.0,50,0.27420748669631034,0.25074610693807176,0.29766886645454893,50,,,,,,,,,,,,,,,,
b3_logsig minus chance,b3_logsig,selected,chance,1.0,50,0.272239961869467,0.2485863895096387,0.2958935342292952,50,,,,,,,,,,,,,,,,
b3_rawsig minus chance,b3_rawsig,gbm,chance,1.0,50,0.292081131958124,0.27043113373169575,0.3137311301845523,50,,,,,,,,,,,,,,,,
b3_rawsig minus chance,b3_rawsig,logistic,chance,1.0,50,0.2759141841669234,0.25168799623615024,0.3001403720976966,50,,,,,,,,,,,,,,,,
b3_rawsig minus chance,b3_rawsig,random_forest,chance,1.0,50,0.2758742883866932,0.253980059823505,0.2977685169498814,50,,,,,,,,,,,,,,,,
b3_rawsig minus chance,b3_rawsig,selected,chance,1.0,50,0.27602216783884453,0.25394659713631934,0.29809773854136973,50,,,,,,,,,,,,,,,,
cusum minus chance,cusum,none,chance,1.0,50,0.1810159140662833,0.16171399955630678,0.20031782857625985,50,,,,,,,,,,,,,,,,
hmm minus chance,hmm,gbm,chance,1.0,50,0.22169395454292679,0.2008551058167709,0.24253280326908266,50,,,,,,,,,,,,,,,,
hmm minus chance,hmm,logistic,chance,1.0,50,0.21724041620936735,0.1932556973073139,0.2412251351114208,49,,,,,,,,,,,,,,,,
hmm minus chance,hmm,random_forest,chance,1.0,50,0.22952598299645618,0.20632508046813597,0.2527268855247764,50,,,,,,,,,,,,,,,,
hmm_filter minus chance,hmm_filter,none,chance,1.0,50,0.29200488327003027,0.27122888777786885,0.3127808787621917,50,,,,,,,,,,,,,,,,
statistics minus chance,statistics,gbm,chance,1.0,50,0.26267857216792245,0.24060323396981864,0.28475391036602626,50,,,,,,,,,,,,,,,,
statistics minus chance,statistics,logistic,chance,1.0,50,0.2402345865800298,0.21542190160809208,0.2650472715519675,50,,,,,,,,,,,,,,,,
statistics minus chance,statistics,random_forest,chance,1.0,50,0.24136837065863015,0.22125142154306623,0.26148531977419404,50,,,,,,,,,,,,,,,,
statistics minus chance,statistics,selected,chance,1.0,50,0.23829827312710544,0.2186066215285556,0.2579899247256553,50,,,,,,,,,,,,,,,,
statistics_logsig minus chance,statistics_logsig,gbm,chance,1.0,50,0.288909546539301,0.2688378045474987,0.3089812885311033,50,,,,,,,,,,,,,,,,
statistics_logsig minus chance,statistics_logsig,logistic,chance,1.0,50,0.2560318228718429,0.23191157598798198,0.28015206975570384,50,,,,,,,,,,,,,,,,
statistics_logsig minus chance,statistics_logsig,random_forest,chance,1.0,50,0.28158846801365056,0.25910859212933,0.3040683438979711,50,,,,,,,,,,,,,,,,
statistics_logsig minus chance,statistics_logsig,selected,chance,1.0,50,0.27138327706608484,0.248674876422183,0.2940916777099867,50,,,,,,,,,,,,,,,,
statistics_rawsig minus chance,statistics_rawsig,gbm,chance,1.0,50,0.27923116272398063,0.2593725551549564,0.2990897702930049,50,,,,,,,,,,,,,,,,
statistics_rawsig minus chance,statistics_rawsig,logistic,chance,1.0,50,0.27525530953909416,0.24882361020219962,0.3016870088759887,50,,,,,,,,,,,,,,,,
statistics_rawsig minus chance,statistics_rawsig,random_forest,chance,1.0,50,0.2534819619816021,0.23049354626812066,0.27647037769508354,50,,,,,,,,,,,,,,,,
statistics_rawsig minus chance,statistics_rawsig,selected,chance,1.0,50,0.25852799802751886,0.23367776046315172,0.283378235591886,50,,,,,,,,,,,,,,,,
statistics_logsig minus statistics,statistics_logsig,gbm,statistics,1.0,50,0.029346491235644718,0.007076704046369609,0.05161627842491982,31,-2.2879392826853437,-5.381019660728832,0.8051410953581444,21.0,-0.03231670369622298,-0.10529452484974841,0.04066111745730246,21.0,0.027089367588260433,0.004451676756000857,0.04972705842052001,31.0,0.012793848714940246,0.0048928685673156995,0.020694828862564792,35.0
statistics_rawsig minus statistics,statistics_rawsig,gbm,statistics,1.0,50,0.02708692036249544,0.004319693570281582,0.0498541471547093,30,-1.6356725995594887,-4.662679730869182,1.3913345317502044,18.0,0.02746919814178954,-0.04150830719195901,0.09644670347553809,22.0,0.025901963234358477,0.001969633296837664,0.04983429317187929,29.0,0.010563465119649205,0.0033864722759213038,0.017740457963377105,34.0
b3_logsig minus b3,b3_logsig,gbm,b3,1.0,50,0.00021387773088566542,-0.018528744730404757,0.01895650019217609,23,0.7209083103264726,-1.876965235125823,3.3187818557787683,28.0,0.011310846293678043,-0.04303611776423219,0.06565781035158827,22.0,0.004985220082481757,-0.011570540886668045,0.021540981051631557,24.0,-0.00046383170116510276,-0.006018314006165964,0.005090650603835758,27.0
b3_rawsig minus b3,b3_rawsig,gbm,b3,1.0,50,0.009994616575273068,-0.00980512258365483,0.029794355734200965,28,-0.3257749366458015,-3.004625883164722,2.3530760098731194,23.0,0.0008079175924055892,-0.05076860434925327,0.05238443953406444,22.0,0.009374714252059348,-0.00957817511053757,0.028327603614656267,27.0,0.00495480011764786,-0.0007048937107484946,0.010614493946044214,33.0
statistics minus CUSUM,statistics,gbm,cusum,1.0,50,0.09866570595450827,0.05945563681959998,0.13787577508941656,35,0.8699010133350353,-4.361722069261301,6.101524095931373,24.0,-0.07028883053928502,-0.18932132001339452,0.04874365893482449,20.0,,,,,,,,
statistics minus HMM filter,statistics,gbm,hmm_filter,1.0,50,-0.04838111633265673,-0.07456630027348433,-0.022195932391829123,12,1.2735938896564882,-2.863697742832265,5.410885522145241,25.0,-0.03958796202787317,-0.11701834076093748,0.037842416705191124,19.0,-0.024247072113034035,-0.05278839770352024,0.004294253477452176,19.0,-0.014109635985132507,-0.022021947531351317,-0.006197324438913696,15.0
statistics_logsig minus CUSUM,statistics_logsig,gbm,cusum,1.0,50,0.128012197190153,0.08968036055364123,0.16634403382666477,41,-1.4180382693503086,-5.979408908077228,3.143332369376611,22.0,-0.10260553423550796,-0.223262956496643,0.018051888025627072,17.0,,,,,,,,
statistics_logsig minus HMM filter,statistics_logsig,gbm,hmm_filter,1.0,50,-0.019034625097012006,-0.04509191044982912,0.007022660255805103,22,-1.0143453930288555,-5.030872511759867,3.0021817257021564,25.0,-0.07190466572409614,-0.14306451474085896,-0.0007448167073332984,15.0,0.0028422954752264007,-0.020277707580941048,0.02596229853139385,26.0,-0.0013157872701922613,-0.0113348750026446,0.008703300462260076,29.0
statistics_rawsig minus CUSUM,statistics_rawsig,gbm,cusum,1.0,50,0.12575262631700374,0.08887344844555745,0.16263180418845002,41,-0.7657715862244535,-5.683467836681665,4.151924664232757,24.0,-0.04281963239749545,-0.1650099714490259,0.07937070665403499,23.0,,,,,,,,
statistics_rawsig minus HMM filter,statistics_rawsig,gbm,hmm_filter,1.0,50,-0.021294195970161287,-0.048154810972713846,0.005566419032391273,19,-0.3620787099030005,-4.217948997658204,3.4937915778522033,25.0,-0.012118763886083626,-0.08757018674264846,0.06333265897048121,20.0,0.0016548911213244443,-0.026886315167406354,0.030196097410055245,25.0,-0.0035461708654833026,-0.01279397615032288,0.005701634419356274,25.0
b3 minus CUSUM,b3,gbm,cusum,1.0,50,0.13823114350493682,0.10535405987035507,0.17110822713951856,41,-0.0005934335632710486,-4.878138899931619,4.876952032805077,24.0,-0.024237527772167245,-0.13496246891302544,0.08648741336869094,20.0,,,,,,,,
b3 minus HMM filter,b3,gbm,hmm_filter,1.0,50,-0.00881567878222818,-0.031149264959249162,0.0135179073947928,20,0.403099442758182,-3.6134937980742574,4.419692683590622,25.0,0.006463340739244581,-0.0792084381508296,0.09213511962931877,26.0,-0.003908349544679251,-0.02469948450191996,0.016882785412561458,24.0,-0.005767313990826839,-0.01541301087899095,0.0038783828973372736,23.0
b3_logsig minus CUSUM,b3_logsig,gbm,cusum,1.0,50,0.13844502123582247,0.10015390862632326,0.1767361338453217,40,0.7203148767632015,-4.254001962539312,5.694631716065715,27.0,-0.012926681478489195,-0.11940247979455479,0.09354911683757641,23.0,,,,,,,,
b3_logsig minus HMM filter,b3_logsig,gbm,hmm_filter,1.0,50,-0.008601801051342515,-0.037594704334428804,0.02039110223174377,20,1.1240077530846546,-2.347839008535175,4.595854514704484,24.0,0.017774187032922627,-0.05901680367132949,0.09456517773717474,25.0,0.0010768705378025067,-0.023167820063318807,0.025321561138923823,21.0,-0.006231145691991942,-0.016857872752567463,0.004395581368583579,27.0
b3_rawsig minus CUSUM,b3_rawsig,gbm,cusum,1.0,50,0.1482257600802099,0.11363725549751619,0.18281426466290362,43,-0.3263683702090725,-4.632458284588924,3.9797215441707783,23.0,-0.023429610179761653,-0.12854904801065004,0.08168982765112673,21.0,,,,,,,,
b3_rawsig minus HMM filter,b3_rawsig,gbm,hmm_filter,1.0,50,0.0011789377930448875,-0.027916350858456482,0.03027422644454626,25,0.07732450611238051,-3.551174902886216,3.705823915110977,26.0,0.00727125833165017,-0.07749560884815657,0.0920381255114569,25.0,0.005466364707380098,-0.0205679460051157,0.0315006754198759,26.0,-0.0008125138731789794,-0.010742161702580794,0.009117133956222835,29.0
statistics_logsig minus statistics,statistics_logsig,logistic,statistics,1.0,50,0.013146392372359933,-0.010452727244177786,0.03674551198889765,28,-0.7593970567357201,-4.070954325454008,2.5521602119825677,25.0,-0.041203797212684294,-0.11630647842575007,0.033898884000381484,18.0,0.009490841213925762,-0.012598797065700336,0.03158047949355186,26.0,0.01836600245530191,0.009961366396669563,0.026770638513934256,37.0
statistics_rawsig minus statistics,statistics_rawsig,logistic,statistics,1.0,50,0.04010845258433302,0.014383218966223799,0.06583368620244225,34,-0.6492425688786412,-3.5577026585098,2.2592175207525176,25.0,-0.03231670369622299,-0.12265379145751404,0.05802038406506806,19.0,0.039920158392446975,0.017727912469454484,0.06211240431543946,35.0,0.02392501190167785,0.014661656251794861,0.033188367551560835,37.0
b3_logsig minus b3,b3_logsig,logistic,b3,1.0,50,0.011536460764695656,-0.008376604877830068,0.03144952640722138,26,-0.8787838888620686,-3.889355183826879,2.1317874061027418,21.0,-0.007271258331650181,-0.0812262634514261,0.06668374678812573,22.0,0.00812911421531576,-0.011255325951301009,0.02751355438193253,26.0,0.003743356449256563,-0.0035739467808989503,0.011060659679412076,30.0
b3_rawsig minus b3,b3_rawsig,logistic,b3,1.0,50,0.03972552869159088,0.014876516171080944,0.06457454121210081,31,-3.1101725377529035,-6.260039379946525,0.03969430444071742,22.0,0.01615835184811148,-0.056966750628094365,0.08928345432431734,25.0,0.029536450237754305,0.003594609672545407,0.0554782908029632,27.0,0.010767400270598148,0.0011795333396496972,0.0203552672015466,32.0
statistics minus CUSUM,statistics,logistic,cusum,1.0,50,0.07100590834205098,0.03461602179470799,0.10739579488939396,31,-0.7966476060191294,-5.668793751811454,4.0754985397731955,23.0,-0.058977984245606935,-0.1723960286183106,0.05444006012709675,19.0,,,,,,,,
statistics minus HMM filter,statistics,logistic,hmm_filter,1.0,50,-0.07604091394511403,-0.1072823921423637,-0.044799435747864366,17,-0.3929547296976764,-4.367996104516602,3.5820866451212496,23.0,-0.028277115734195116,-0.11419625452465026,0.05764202305626004,23.0,-0.040516274869262486,-0.07233518454240256,-0.008697365196122402,17.0,-0.03784998163638679,-0.048709393847348355,-0.026990569425425222,8.0
statistics_logsig minus CUSUM,statistics_logsig,logistic,cusum,1.0,50,0.0841523007144109,0.04783457268871812,0.12047002874010368,35,-1.5560446627548494,-6.0333384706907776,2.921249145181079,22.0,-0.10018178145829125,-0.21480364513195105,0.014440082215368563,19.0,,,,,,,,
statistics_logsig minus HMM filter,statistics_logsig,logistic,hmm_filter,1.0,50,-0.06289452157275409,-0.09106175916456934,-0.03472728398093884,10,-1.1523517864333965,-5.323512566675651,3.018808993808858,24.0,-0.06948091294687943,-0.15252793870295062,0.013566112809191774,16.0,-0.03102543365533672,-0.06109024179470458,-0.0009606255159688541,19.0,-0.019483979181084878,-0.02982875231629215,-0.009139206045877608,17.0
statistics_rawsig minus CUSUM,statistics_rawsig,logistic,cusum,1.0,50,0.11111436092638399,0.06974646174842627,0.1524822601043417,37,-1.4458901748977706,-5.949663081404413,3.0578827316088724,21.0,-0.09129468794182992,-0.222043351723139,0.03945397583947914,23.0,,,,,,,,
statistics_rawsig minus HMM filter,statistics_rawsig,logistic,hmm_filter,1.0,50,-0.03593246136078101,-0.06946924805979193,-0.0023956746617700905,24,-1.0421972985763177,-4.796437454848946,2.7120428576963107,25.0,-0.060593819430418104,-0.14184689633403946,0.020659257473203248,18.0,-0.000596116476815508,-0.033716333548696194,0.03252410059506517,26.0,-0.013924969734708937,-0.024312308123116348,-0.003537631346301525,19.0
b3 minus CUSUM,b3,logistic,cusum,1.0,50,0.08391330495229227,0.049756596062678626,0.11807001384190591,35,1.4101087231612794,-3.7900335905732963,6.610251036895855,27.0,-0.050898808321551206,-0.1499779239859165,0.04818030734281409,24.0,,,,,,,,
b3 minus HMM filter,b3,logistic,hmm_filter,1.0,50,-0.06313351733487274,-0.09243314903315966,-0.03383388563658582,14,1.8138015994827326,-2.3716313967286498,5.999234595694115,26.0,-0.02019793981013937,-0.10592903721787121,0.06553315759759247,25.0,-0.0325304093858437,-0.06487900246169964,-0.00018181630998776593,19.0,-0.027531715980203274,-0.03798207906661464,-0.01708135289379191,8.0
b3_logsig minus CUSUM,b3_logsig,logistic,cusum,1.0,50,0.09544976571698789,0.05714295990097256,0.13375657153300322,36,0.5313248342992108,-4.304012594575096,5.3666622631735175,22.0,-0.058170066653201374,-0.16400531787800277,0.0476651845716,18.0,,,,,,,,
b3_logsig minus HMM filter,b3_logsig,logistic,hmm_filter,1.0,50,-0.051597056570177095,-0.08590405154435624,-0.017290061595997955,18,0.9350177106206639,-3.106630842387574,4.976666263628902,25.0,-0.02746919814178955,-0.10712386429664998,0.052185468013070876,20.0,-0.024401295170527935,-0.057392206582284826,0.008589616241228955,25.0,-0.023788359530946712,-0.03499375892453859,-0.012582960137354833,13.0
b3_rawsig minus CUSUM,b3_rawsig,logistic,cusum,1.0,50,0.12363883364388314,0.08630830131244532,0.16096936597532097,41,-1.7000638145916238,-6.211129898707708,2.8110022695244608,22.0,-0.034740456473439714,-0.1438259092291202,0.07434499628224078,22.0,,,,,,,,
b3_rawsig minus HMM filter,b3_rawsig,logistic,hmm_filter,1.0,50,-0.023407988643281873,-0.05441895838590437,0.007602981099340617,20,-1.296370938270171,-5.3705836121301225,2.777841735589781,23.0,-0.004039587962027884,-0.08591921978548074,0.07784004386142497,22.0,-0.002993959148089391,-0.03254608493824553,0.026558166642066748,20.0,-0.016764315709605123,-0.028857910611274483,-0.004670720807935765,15.0
statistics_logsig minus statistics,statistics_logsig,random_forest,statistics,1.0,50,0.07913980009031435,0.041269921194807706,0.11700967898582099,31,-2.7456486629869143,-6.31153113225265,0.8202338062788215,22.0,0.09048677034942434,-0.015663156266281633,0.1966366969651303,27.0,0.05192715440082244,0.025987344655440454,0.07786696414620442,30.0,0.023860673673245757,0.00618733056050573,0.04153401678598578,29.0
statistics_rawsig minus statistics,statistics_rawsig,random_forest,statistics,1.0,50,0.034676778873396215,-0.006694426562588743,0.07604798430938117,32,-2.3833391764457077,-6.115796455437167,1.3491181025457517,22.0,0.07836800646334076,-0.03705292373354055,0.19378893666022207,27.0,0.015470292368634033,-0.011695098029921493,0.042635682767189556,26.0,0.012622996125698614,-0.005365945069804723,0.030611937321201953,29.0
b3_logsig minus b3,b3_logsig,random_forest,b3,1.0,50,0.036891595709497606,0.0010356480313962538,0.07274754338759895,26,-0.7818524590504426,-3.8595829596529643,2.2958780415520788,27.0,0.06544132498485154,-0.0287123778980648,0.15959502786776789,26.0,0.02734293351679703,0.0021392629772986303,0.05254660405629542,28.0,0.009450365121778975,-0.0037757634268853566,0.022676493670443304,28.0
b3_rawsig minus b3,b3_rawsig,random_forest,b3,1.0,50,0.037582987930921956,-0.008234553732022615,0.08340052959386653,26,-0.8555695947642803,-4.626643634685667,2.915504445157107,24.0,0.048475055544334476,-0.05347250930424819,0.15042262039291715,26.0,0.03568606482748517,0.0034788759156729257,0.06789325373929742,26.0,0.008622956322237035,-0.007507900278194176,0.024753812922668247,29.0
statistics minus CUSUM,statistics,random_forest,cusum,1.0,50,0.030122379961860356,-0.012518354090772742,0.07276311401449345,29,4.4312075164257685,-0.9615841650853323,9.82399919793687,26.0,-0.23348818420521106,-0.3556978931833961,-0.11127847522702598,13.0,,,,,,,,
statistics minus HMM filter,statistics,random_forest,hmm_filter,1.0,50,-0.11692444232530466,-0.15531276694020874,-0.07853611771040059,9,4.834900392747221,0.12722414139970262,9.542576644094739,29.0,-0.2027873156937992,-0.3163068175311356,-0.0892678138564628,15.0,-0.06880526960156272,-0.09921363949153575,-0.03839689971158969,14.0,-0.046418681374534254,-0.062119722453636644,-0.03071764029543186,12.0
statistics_logsig minus CUSUM,statistics_logsig,random_forest,cusum,1.0,50,0.10926218005217471,0.067370477079336,0.15115388302501342,39,1.685558853438854,-3.4305626159995013,6.80168032287721,27.0,-0.14300141385578669,-0.2548192228399296,-0.031183604871643775,15.0,,,,,,,,
statistics_logsig minus HMM filter,statistics_logsig,random_forest,hmm_filter,1.0,50,-0.037784642234990305,-0.06424431459617033,-0.011324969873810278,14,2.089251729760307,-1.873729384227182,6.052232843747795,27.0,-0.1123005453443749,-0.1929568882155077,-0.03164420247324212,17.0,-0.01687811520074029,-0.0419702482936216,0.008214017892141018,21.0,-0.022558007701288494,-0.03318616190621717,-0.011929853496359817,13.0
statistics_rawsig minus CUSUM,statistics_rawsig,random_forest,cusum,1.0,50,0.06479915883525657,0.015333550379429212,0.11426476729108392,31,2.0478683399800603,-3.10363016822631,7.199366848186431,28.0,-0.15512017774187034,-0.2793614286525964,-0.03087892683114428,18.0,,,,,,,,
statistics_rawsig minus HMM filter,statistics_rawsig,random_forest,hmm_filter,1.0,50,-0.08224766345190844,-0.12143346864321031,-0.043061858260606566,16,2.451561216301513,-1.7195045246006475,6.622626957203673,28.0,-0.12441930923045849,-0.22527506450959892,-0.023563553951318067,21.0,-0.05333497723292869,-0.08374718613864497,-0.02292276832721241,17.0,-0.03379568524883564,-0.05021803558133198,-0.017373334916339304,14.0
b3 minus CUSUM,b3,random_forest,cusum,1.0,50,0.062222633815718444,0.01959123522772826,0.10485403240370864,31,2.2246313329131224,-3.308389718588016,7.757652384414261,24.0,-0.1939002221773379,-0.3101244452865797,-0.07767599906809612,16.0,,,,,,,,
b3 minus HMM filter,b3,random_forest,hmm_filter,1.0,50,-0.0848241884714466,-0.1274520617010667,-0.04219631524182648,13,2.6283242092345755,-1.2561575983766207,6.512806016845772,33.0,-0.16319935366592608,-0.2635235170598102,-0.06287519027204197,17.0,-0.05358233038664695,-0.08975827723470156,-0.017406383538592328,17.0,-0.03255580444187247,-0.047344215633649475,-0.017767393250095465,14.0
b3_logsig minus CUSUM,b3_logsig,random_forest,cusum,1.0,50,0.09911422952521604,0.05140833335339317,0.1468201256970389,35,1.44277887386268,-4.431996825930089,7.317554573655448,24.0,-0.12845889719248635,-0.2636553109201586,0.006737516535185922,17.0,,,,,,,,
b3_logsig minus HMM filter,b3_logsig,random_forest,hmm_filter,1.0,50,-0.04793259276194897,-0.08762435036445007,-0.008240835159447873,22,1.846471750184133,-2.4730403313410916,6.165983831709357,28.0,-0.09775802868107453,-0.18872090189078472,-0.00679515547136432,20.0,-0.026239396869849912,-0.06022960684666184,0.007750813106962018,22.0,-0.0231054393200935,-0.0375337854431283,-0.008677093197058703,17.0
b3_rawsig minus CUSUM,b3_rawsig,random_forest,cusum,1.0,50,0.0998056217466404,0.05336381437418265,0.14624742911909816,34,1.3690617381488424,-3.777074265728095,6.51519774202578,24.0,-0.14542516663300342,-0.2632354358652777,-0.02761489740072913,18.0,,,,,,,,
b3_rawsig minus HMM filter,b3_rawsig,random_forest,hmm_filter,1.0,50,-0.047241200540524615,-0.08041687102559625,-0.014065530055452982,20,1.7727546144702953,-2.6775316850223714,6.223040913962961,27.0,-0.11472429812159161,-0.2097444796495339,-0.019704116593649332,20.0,-0.017896265559161774,-0.044130219866686325,0.008337688748362777,21.0,-0.023932848119635433,-0.03888206640048841,-0.008983629838782453,18.0
statistics_logsig minus statistics,statistics_logsig,selected,statistics,1.0,50,0.06030015309214258,0.024894206504466783,0.09570609967981838,31,-4.222022716669606,-8.711815489520587,0.2677700561813747,20.0,0.054130478691173496,-0.07095763456419807,0.17921859194654505,24.0,0.04943476843509153,0.0209084454201769,0.07796109145000615,31.0,0.02525763769303129,0.007948014607821595,0.04256726077824099,32.0
statistics_rawsig minus statistics,statistics_rawsig,selected,statistics,1.0,50,0.04522923112868702,0.003446188164152819,0.08701227409322122,34,-3.619623627834754,-7.502390159515015,0.26314290384550665,22.0,0.07917592405574632,-0.0359545047235838,0.19430635283507644,27.0,0.03457712790349334,0.0027299464550705893,0.0664243093519161,32.0,0.023785251638204753,0.005680888556758974,0.04188961471965053,33.0
b3_logsig minus b3,b3_logsig,selected,b3,1.0,50,0.03931447838238028,0.00352169187028787,0.0751072648944727,25,-1.0482472950365886,-4.1554878856538995,2.0589932955807217,28.0,0.09533427590385783,0.004796133461016469,0.1858724183466992,28.0,0.030587328011191524,0.0059031535224694474,0.0552715024999136,28.0,0.009594381106086064,-0.0037732503740066647,0.022962012586178793,27.0
b3_rawsig minus b3,b3_rawsig,selected,b3,1.0,50,0.043223453777909544,0.0013182021101563607,0.08512870544566273,24,-1.3570767052071333,-5.154774757814934,2.440621347400668,24.0,0.07917592405574632,-0.007171352393044644,0.16552320050453728,27.0,0.04037603486528129,0.008799943230651572,0.071952126499911,27.0,0.009525788613689835,-0.005491092608139576,0.024542669835519247,27.0
statistics minus CUSUM,statistics,selected,cusum,1.0,50,0.032928686147048525,-0.006593140285659167,0.07245051257975621,28,4.100035930192,-1.2440370319995067,9.444108892383507,25.0,-0.20440315087861038,-0.32987343504771216,-0.07893286670950864,13.0,,,,,,,,
statistics minus HMM filter,statistics,selected,hmm_filter,1.0,50,-0.1141181361401165,-0.15022742001199346,-0.07800885226823953,9,4.503728806513453,-0.022981775815202,9.030439388842108,29.0,-0.17370228236719856,-0.2884885286396595,-0.058916036094737625,19.0,-0.0667300766785437,-0.09760372073444676,-0.035856432622640655,15.0,-0.046504518334498784,-0.06205406263970426,-0.030954974029293307,12.0
statistics_logsig minus CUSUM,statistics_logsig,selected,cusum,1.0,50,0.0932288392391911,0.05169473131157981,0.1347629471668024,37,-0.12198678647760602,-4.9231054991482806,4.679131926193068,26.0,-0.1502726721874369,-0.27631254618748374,-0.024232798187390048,18.0,,,,,,,,
statistics_logsig minus HMM filter,statistics_logsig,selected,hmm_filter,1.0,50,-0.05381798304797391,-0.08107201883362411,-0.026563947262323716,11,0.281706089843847,-3.822339952568681,4.385752132256375,27.0,-0.11957180367602506,-0.20268099232693532,-0.0364626150251148,15.0,-0.017295308243452188,-0.04554643983577504,0.010955823348870661,21.0,-0.021246880641467493,-0.03176194116295292,-0.010731820119982072,17.0
statistics_rawsig minus CUSUM,statistics_rawsig,selected,cusum,1.0,50,0.07815791727573555,0.028224438914228496,0.12809139563724262,33,0.48041230235724586,-4.1560354532282116,5.116860057942704,22.0,-0.12522722682286408,-0.2561288577974993,0.0056744041517711175,20.0,,,,,,,,
statistics_rawsig minus HMM filter,statistics_rawsig,selected,hmm_filter,1.0,50,-0.06888890501142945,-0.10835012697143731,-0.029427683051421606,19,0.8841051786786989,-3.3056335414778233,5.0738438988352215,26.0,-0.09452635831145223,-0.1878398423826098,-0.0012128742402946618,21.0,-0.03215294877505037,-0.06826300603747293,0.003957108487372192,21.0,-0.022719266696294028,-0.03764716767034233,-0.007791365722245721,18.0
b3 minus CUSUM,b3,selected,cusum,1.0,50,0.06086188345496808,0.018607675537694164,0.10311609137224201,31,2.4901567836780263,-2.8652776205045978,7.84559118786065,25.0,-0.2060189860634215,-0.3194853999821085,-0.0925525721447345,14.0,,,,,,,,
b3 minus HMM filter,b3,selected,hmm_filter,1.0,50,-0.08618493883219694,-0.1286278653208212,-0.043742012343572674,13,2.8938496599994803,-1.245489825418714,7.0331891454176745,34.0,-0.17531811755200968,-0.27514908905944474,-0.07548714604457463,15.0,-0.05141710672142327,-0.08802340697572036,-0.014810806467126174,17.0,-0.032334805425388004,-0.047270607785910704,-0.017399003064865307,15.0
b3_logsig minus CUSUM,b3_logsig,selected,cusum,1.0,50,0.10017636183734835,0.053697941111315615,0.14665478256338108,36,1.4419094886414379,-4.29211539964434,7.175934376927215,23.0,-0.11068471015956372,-0.2444836143949313,0.023114194075803868,18.0,,,,,,,,
b3_logsig minus HMM filter,b3_logsig,selected,hmm_filter,1.0,50,-0.04687046044981665,-0.0859424752951953,-0.007798445604438008,23,1.845602364962891,-2.495948818469889,6.1871535483956706,28.0,-0.0799838416481519,-0.17531856448142477,0.015350881185120985,22.0,-0.02082977871023176,-0.055033906730064724,0.013374349309601203,26.0,-0.022740424319301934,-0.035978465839708026,-0.00950238279889584,15.0
b3_rawsig minus CUSUM,b3_rawsig,selected,cusum,1.0,50,0.1040853372328776,0.059836307344987606,0.1483343671207676,35,1.1330800784708932,-3.9033615377956643,6.169521694737451,22.0,-0.1268430620076752,-0.24517751669116372,-0.008508607324186679,19.0,,,,,,,,
b3_rawsig minus HMM filter,b3_rawsig,selected,hmm_filter,1.0,50,-0.042961485054287395,-0.073713692152764,-0.012209277955810796,17,1.5367729547923463,-2.9822125305907763,6.055758440175469,26.0,-0.09614219349626339,-0.1934981865012901,0.0012137995087633247,20.0,-0.011041071856141981,-0.03716151192590101,0.015079368213617045,22.0,-0.02280901681169816,-0.036812332220767074,-0.008805701402629248,16.0
HMM filter minus CUSUM,hmm_filter,none,cusum,1.0,50,0.147046822287165,0.11564389667337144,0.17844974790095858,45,-0.403692876321453,-5.817495254796969,5.010109502154063,24.0,-0.030700868511411822,-0.1404390262631599,0.07903728924033625,21.0,,,,,,,,
b3 minus chance,b3,gbm,chance,2.0,50,0.29094860731466754,0.27212267785240435,0.30977453677693073,50,,,,,,,,,,,,,,,,
b3 minus chance,b3,logistic,chance,2.0,50,0.2611320763426773,0.23976199934847797,0.28250215333687667,50,,,,,,,,,,,,,,,,
b3 minus chance,b3,random_forest,chance,2.0,50,0.2887527827533016,0.26924331833425563,0.3082622471723475,50,,,,,,,,,,,,,,,,
b3 minus chance,b3,selected,chance,2.0,50,0.289735055188699,0.27023295223337174,0.3092371581440263,50,,,,,,,,,,,,,,,,
b3_logsig minus chance,b3_logsig,gbm,chance,2.0,50,0.2936267999519501,0.27247494742862677,0.3147786524752735,50,,,,,,,,,,,,,,,,
b3_logsig minus chance,b3_logsig,logistic,chance,2.0,50,0.26679789709511675,0.24522781031418636,0.2883679838760472,50,,,,,,,,,,,,,,,,
b3_logsig minus chance,b3_logsig,random_forest,chance,2.0,50,0.2946392598228805,0.27502090761197656,0.3142576120337844,50,,,,,,,,,,,,,,,,
b3_logsig minus chance,b3_logsig,selected,chance,2.0,50,0.289942967314989,0.2692938663625923,0.31059206826738567,50,,,,,,,,,,,,,,,,
b3_rawsig minus chance,b3_rawsig,gbm,chance,2.0,50,0.29507607531349483,0.2744147800825726,0.3157373705444171,50,,,,,,,,,,,,,,,,
b3_rawsig minus chance,b3_rawsig,logistic,chance,2.0,50,0.27359037999254016,0.2528566593704148,0.2943241006146655,50,,,,,,,,,,,,,,,,
b3_rawsig minus chance,b3_rawsig,random_forest,chance,2.0,50,0.29351326715036874,0.27290792236841277,0.3141186119323247,50,,,,,,,,,,,,,,,,
b3_rawsig minus chance,b3_rawsig,selected,chance,2.0,50,0.29124011002547084,0.27024502917475896,0.31223519087618273,50,,,,,,,,,,,,,,,,
cusum minus chance,cusum,none,chance,2.0,50,0.16726052379424683,0.14663530694772223,0.18788574064077143,50,,,,,,,,,,,,,,,,
hmm minus chance,hmm,gbm,chance,2.0,50,0.26637692541250474,0.24828912486351157,0.2844647259614979,50,,,,,,,,,,,,,,,,
hmm minus chance,hmm,logistic,chance,2.0,50,0.22813055848738442,0.2057669672737439,0.25049414970102496,50,,,,,,,,,,,,,,,,
hmm minus chance,hmm,random_forest,chance,2.0,50,0.2537072470356717,0.23468342463882425,0.2727310694325192,50,,,,,,,,,,,,,,,,
hmm_filter minus chance,hmm_filter,none,chance,2.0,50,0.27622329262121814,0.2573168275337137,0.2951297577087226,50,,,,,,,,,,,,,,,,
statistics minus chance,statistics,gbm,chance,2.0,50,0.28573547339610433,0.26840568404106047,0.3030652627511482,50,,,,,,,,,,,,,,,,
statistics minus chance,statistics,logistic,chance,2.0,50,0.2653225385210282,0.24640171667083793,0.2842433603712185,50,,,,,,,,,,,,,,,,
statistics minus chance,statistics,random_forest,chance,2.0,50,0.29146118522697645,0.27159232891207685,0.31133004154187605,50,,,,,,,,,,,,,,,,
statistics minus chance,statistics,selected,chance,2.0,50,0.2911421040638213,0.27150907476216757,0.310775133365475,50,,,,,,,,,,,,,,,,
statistics_logsig minus chance,statistics_logsig,gbm,chance,2.0,50,0.2929052400119075,0.2735540375217774,0.31225644250203755,50,,,,,,,,,,,,,,,,
statistics_logsig minus chance,statistics_logsig,logistic,chance,2.0,50,0.27233706989718687,0.2514550180599811,0.29321912173439263,50,,,,,,,,,,,,,,,,
statistics_logsig minus chance,statistics_logsig,random_forest,chance,2.0,50,0.29527520881670666,0.273957963771404,0.3165924538620093,50,,,,,,,,,,,,,,,,
statistics_logsig minus chance,statistics_logsig,selected,chance,2.0,50,0.29066758385057667,0.26776717158340413,0.3135679961177492,50,,,,,,,,,,,,,,,,
statistics_rawsig minus chance,statistics_rawsig,gbm,chance,2.0,50,0.29324792697058016,0.27499389212650016,0.31150196181466017,50,,,,,,,,,,,,,,,,
statistics_rawsig minus chance,statistics_rawsig,logistic,chance,2.0,50,0.2837024162143909,0.2625761988438039,0.3048286335849779,50,,,,,,,,,,,,,,,,
statistics_rawsig minus chance,statistics_rawsig,random_forest,chance,2.0,50,0.2920749256398716,0.27256100504562714,0.31158884623411603,50,,,,,,,,,,,,,,,,
statistics_rawsig minus chance,statistics_rawsig,selected,chance,2.0,50,0.2825031975367331,0.2614937859300826,0.30351260914338357,50,,,,,,,,,,,,,,,,
statistics_logsig minus statistics,statistics_logsig,gbm,statistics,2.0,50,0.001367219304686782,-0.009087465424623239,0.011821904033996803,16,-1.0100357209892956,-3.9447977500751867,1.9247263080965955,23.0,-0.05170672591395679,-0.14349236175936256,0.04007890993144899,18.0,0.008835825978279482,-0.008527083680784477,0.026198735637343443,25.0,0.007581819670249024,0.003524747791845209,0.011638891548652839,40.0
statistics_rawsig minus statistics,statistics_rawsig,gbm,statistics,2.0,50,-0.0009191497649068437,-0.013118228047123879,0.011279928517310191,20,0.16310555288141843,-2.686849642227812,3.0130607479906484,24.0,-0.07917592405574628,-0.1723841367998199,0.01403228868832733,16.0,0.011484749011042872,-0.010808079168551284,0.03377757719063703,20.0,0.0048193100752454135,-0.00026845110652243265,0.00990707125701326,31.0
b3_logsig minus b3,b3_logsig,gbm,b3,2.0,50,-0.0010192284440946086,-0.014339997478966708,0.01230154059077749,20,-1.196014187149032,-3.300598293797293,0.9085699194992289,23.0,-0.03878004443546761,-0.1165732801477459,0.03901319127681068,22.0,0.006510188063629584,-0.007576428672768729,0.020596804800027898,23.0,0.0063265337223815,0.002762391733798444,0.009890675710964556,33.0
b3_rawsig minus b3,b3_rawsig,gbm,b3,2.0,50,0.005786250454317608,-0.0063517114979754225,0.017924212406610636,21,-2.4371542043528187,-5.146430622137999,0.272122213432362,19.0,-0.001615835184811183,-0.0910840812950109,0.08785241092538855,26.0,0.0034307304281853577,-0.012181996992987238,0.019043457849357952,21.0,0.007886022838539017,0.004280946727117287,0.011491098949960747,36.0
statistics minus CUSUM,statistics,gbm,cusum,2.0,50,0.16584211194622406,0.13896399904179751,0.1927202248506506,48,-11.553461358510017,-15.076391934386024,-8.03053078263401,9.0,0.09452635831145224,-0.09008886643021875,0.27914158305312325,31.0,,,,,,,,
statistics minus HMM filter,statistics,gbm,hmm_filter,2.0,50,0.010706429626834428,-0.005967081635219609,0.027379940888888465,30,2.5970133945736387,-0.613192523264058,5.807219312411336,32.0,-0.007271258331650166,-0.13054162611642064,0.11599910945312032,23.0,0.003453260185687881,-0.01868631115342967,0.02559283152480543,23.0,-0.0002572274350678749,-0.00746917920588529,0.006954724335749541,22.0
statistics_logsig minus CUSUM,statistics_logsig,gbm,cusum,2.0,50,0.16720933125091084,0.13744242649174332,0.19697623601007835,46,-12.563497079499312,-16.24755845013433,-8.879435708864293,7.0,0.04281963239749544,-0.14867259374640018,0.23431185854139108,27.0,,,,,,,,
statistics_logsig minus HMM filter,statistics_logsig,gbm,hmm_filter,2.0,50,0.01207364893152121,-0.006283211008707736,0.030430508871750157,29,1.586977673584343,-1.6522538045637076,4.826209151732394,31.0,-0.058977984245606956,-0.18652763331589975,0.06857166482468582,18.0,0.012289086163967365,-0.010780096403978645,0.035358268731913375,27.0,0.007324592235181148,0.0006953872591502026,0.013953797211212093,32.0
statistics_rawsig minus CUSUM,statistics_rawsig,gbm,cusum,2.0,50,0.1649229621813172,0.13764323894754055,0.19220268541509383,47,-11.390355805628598,-15.170413570608789,-7.6102980406484075,8.0,0.015350434255705956,-0.17893741007159275,0.20963827858300466,25.0,,,,,,,,
statistics_rawsig minus HMM filter,statistics_rawsig,gbm,hmm_filter,2.0,50,0.009787279861927584,-0.007233482987885401,0.02680804271174057,25,2.760118947455057,-0.35433915982683173,5.874577054736946,33.0,-0.08644718238739646,-0.21208028650398866,0.039185921729195744,23.0,0.014938009196730752,-0.007083942461568488,0.03695996085502999,27.0,0.004562082640177538,-0.0017892528088415613,0.010913418089196637,31.0
b3 minus CUSUM,b3,gbm,cusum,2.0,50,0.16203694919958736,0.13460465303129843,0.1894692453678763,48,-10.058049679845489,-13.972504534123441,-6.143594825567536,9.0,0.02181377499495054,-0.14969876866290363,0.19332631865280472,25.0,,,,,,,,
b3 minus HMM filter,b3,gbm,hmm_filter,2.0,50,0.006901266880197768,-0.011776785691760203,0.02557931945215574,25,4.092425073238167,0.7080502770935131,7.4767998693828215,35.0,-0.07998384164815187,-0.2001337063582404,0.04016602306193666,20.0,0.010797904717858358,-0.01444166399914317,0.036037473434859885,26.0,-0.002440630488408151,-0.00910008019524031,0.0042188192184240084,26.0
b3_logsig minus CUSUM,b3_logsig,gbm,cusum,2.0,50,0.16101772075549278,0.13430298111855196,0.1877324603924336,47,-11.254063866994523,-14.748948341782976,-7.75917939220607,6.0,-0.016966269440517066,-0.1956056323436375,0.16167309346260336,23.0,,,,,,,,
b3_logsig minus HMM filter,b3_logsig,gbm,hmm_filter,2.0,50,0.005882038436103159,-0.010781662766489598,0.022545739638695918,24,2.896410886089135,-0.16675142276701882,5.959573194945289,32.0,-0.11876388608361949,-0.24412693653978687,0.0065991643725479,18.0,0.01730809278148794,-0.007209616572555273,0.04182580213553115,24.0,0.003885903233973349,-0.0018223084238727675,0.009594114891819466,29.0
b3_rawsig minus CUSUM,b3_rawsig,gbm,cusum,2.0,50,0.16782319965390502,0.13886232284520195,0.1967840764626081,47,-12.49520388419831,-16.01760998679552,-8.972797781601098,7.0,0.020197939810139367,-0.16177053035095035,0.2021664099712291,24.0,,,,,,,,
b3_rawsig minus HMM filter,b3_rawsig,gbm,hmm_filter,2.0,50,0.012687517334515374,-0.0038335418669466406,0.029208576535977387,25,1.655270868885348,-1.3200643101101197,4.630606047880816,32.0,-0.08159967683296304,-0.207071675996569,0.04387232233064292,20.0,0.014228635146043715,-0.011468014159896234,0.039925284451983664,27.0,0.005445392350130866,-0.000694884630658971,0.011585669330920704,33.0
statistics_logsig minus statistics,statistics_logsig,logistic,statistics,2.0,50,-0.002742308080331004,-0.018311161661050176,0.012826545500388167,18,0.0853666057595052,-2.6402287366649637,2.8109619481839743,24.0,-0.07594425368612401,-0.17367939729344492,0.021790889921196904,17.0,0.013203141956956094,-0.007001869849989158,0.03340815376390135,26.0,0.008468188640713654,0.0034116818433215677,0.013524695438105739,33.0
statistics_rawsig minus statistics,statistics_rawsig,logistic,statistics,2.0,50,0.012711342007305932,-0.005125314974855371,0.030547998989467237,27,-1.4295411238880442,-4.330471134401515,1.471388886625426,23.0,-0.05978590183801251,-0.1792341282945205,0.05966232461849551,21.0,0.024458388775643623,0.001730360385484249,0.047186417165803,27.0,0.01634444598763542,0.010586975974811353,0.022101916000459486,40.0
b3_logsig minus b3,b3_logsig,logistic,b3,2.0,50,0.00015824308749521344,-0.010744063647766306,0.011060549822756732,20,1.4600446402087939,-1.2138505729547657,4.133939853372354,29.0,-0.05897798424560697,-0.1418684253228697,0.02391245683165575,21.0,0.001371640584942212,-0.01617625535729933,0.018919536527183756,26.0,-0.0003993854187539192,-0.005295227065198955,0.004496456227691117,26.0
b3_rawsig minus b3,b3_rawsig,logistic,b3,2.0,50,0.010744779987811585,-0.0028389083635722567,0.024328468339195428,26,0.06187336318904642,-2.2554179729704464,2.379164699348539,26.0,-0.03958796202787315,-0.14651876511201695,0.06734284105627066,24.0,0.021580313224619365,0.005989418653630564,0.03717120779560817,29.0,0.007914496465830733,0.0037284702707635065,0.01210052266089796,37.0
statistics minus CUSUM,statistics,logistic,cusum,2.0,50,0.14440747976410503,0.11516845671465012,0.17364650281355995,44,-10.178752844617414,-13.500438537242555,-6.857067151992272,9.0,0.11310846293678044,-0.06963807140834173,0.2958549972819026,28.0,,,,,,,,
statistics minus HMM filter,statistics,logistic,hmm_filter,2.0,50,-0.010728202555284599,-0.02708685082884215,0.005630445718272953,18,3.9717219084662427,0.5567138940145968,7.386729922917889,34.0,0.011310846293678019,-0.09611059945313868,0.11873229204049471,24.0,-0.005008933659337444,-0.02984642765365065,0.019828560334975764,21.0,-0.012873001340018524,-0.018641900404835605,-0.007104102275201441,11.0
statistics_logsig minus CUSUM,statistics_logsig,logistic,cusum,2.0,50,0.14166517168377404,0.10947163512197072,0.17385870824557736,45,-10.093386238857907,-13.559099608051286,-6.6276728696645275,10.0,0.037164209250656416,-0.1787736236255454,0.2531020421268583,29.0,,,,,,,,
statistics_logsig minus HMM filter,statistics_logsig,logistic,hmm_filter,2.0,50,-0.013470510635615602,-0.030942053318634317,0.0040010320474031125,15,4.0570885142257485,0.7791864957423491,7.334990532709147,32.0,-0.06463340739244597,-0.21148928184525642,0.08222246706036448,21.0,0.00819420829761865,-0.01639980543512575,0.03278822203036305,22.0,-0.004404812699304869,-0.01100202777862681,0.002192402380017072,22.0
statistics_rawsig minus CUSUM,statistics_rawsig,logistic,cusum,2.0,50,0.15711882177141095,0.1278653491095263,0.18637229443329562,47,-11.608293968505455,-15.427852136256856,-7.788735800754054,9.0,0.053322561098767915,-0.16285927672135242,0.2695043989188883,26.0,,,,,,,,
statistics_rawsig minus HMM filter,statistics_rawsig,logistic,hmm_filter,2.0,50,0.001983139452021334,-0.016760447528202067,0.020726726432244737,26,2.542180784578199,-0.41797513284447296,5.502336702000871,33.0,-0.04847505554433451,-0.1912634467674246,0.09431333567875558,21.0,0.01944945511630618,-0.005735097632874157,0.04463400786548652,31.0,0.003471444647616897,-0.003966282611808064,0.010909171907041859,30.0
b3 minus CUSUM,b3,logistic,cusum,2.0,50,0.14335826047903372,0.11455179476091105,0.17216472619715636,46,-10.632660697426504,-14.405961635553188,-6.859359759299819,13.0,0.15592809533427596,-0.0370835433510418,0.3489397340195937,29.0,,,,,,,,
b3 minus HMM filter,b3,logistic,hmm_filter,2.0,50,-0.011777421840355904,-0.027780404318980406,0.004225560638268599,16,3.5178140556571513,0.07761791263883877,6.958010198675463,33.0,0.05413047869117351,-0.08138229874160505,0.18964325612395208,26.0,-0.0051736811157734605,-0.0324037946173057,0.02205643238575878,19.0,-0.01061899067952761,-0.01642977489286594,-0.0048082064661892805,12.0
b3_logsig minus CUSUM,b3_logsig,logistic,cusum,2.0,50,0.14351650356652892,0.11409341179937366,0.1729395953336842,44,-9.172616057217711,-12.652449777413922,-5.6927823370215,12.0,0.09695011108866895,-0.07518531595414625,0.26908553813148417,29.0,,,,,,,,
b3_logsig minus HMM filter,b3_logsig,logistic,hmm_filter,2.0,50,-0.011619178752860691,-0.028694734291749888,0.005456376786028505,17,4.9778586958659465,1.6001433442531643,8.35557404747873,39.0,-0.004847505554433451,-0.13783641460829132,0.12814140349942443,25.0,-0.00380204053083125,-0.03364300370066313,0.02603892263900063,20.0,-0.011018376098281529,-0.01852900684419407,-0.003507745352368986,17.0
b3_rawsig minus CUSUM,b3_rawsig,logistic,cusum,2.0,50,0.1541030404668453,0.12317176677389255,0.18503431415979807,45,-10.570787334237457,-13.990237279821457,-7.151337388653456,9.0,0.11634013330640275,-0.0681880901321732,0.3008683567449787,32.0,,,,,,,,
b3_rawsig minus HMM filter,b3_rawsig,logistic,hmm_filter,2.0,50,-0.001032641852544318,-0.015578122126390884,0.013512838421302246,21,3.579687418846198,0.3830683482005992,6.776306489491796,33.0,0.014542516663300357,-0.12590515311123981,0.15499018643784054,24.0,0.016406632108845905,-0.009309161355785439,0.04212242557347725,28.0,-0.0027044942136968753,-0.009649451356524355,0.004240462929130605,24.0
statistics_logsig minus statistics,statistics_logsig,random_forest,statistics,2.0,50,0.00534017775467585,-0.006195665269343942,0.01687602077869564,19,-0.14995772596535914,-2.808961788093072,2.509046336162354,24.0,-1.9984014443252817e-17,-0.08644192273614738,0.08644192273614736,25.0,0.021579978244703025,0.003824985196292461,0.039334971293113585,22.0,0.003325962658504844,0.00011201783114790686,0.006539907485861781,35.0
statistics_rawsig minus statistics,statistics_rawsig,random_forest,statistics,2.0,50,0.0026957838149453605,-0.015300031583199456,0.02069159921309018,19,-0.46275899793420877,-2.9527843895657657,2.0272663936973485,23.0,-0.0008079175924055782,-0.09316177701292894,0.09154594182811779,24.0,0.007373706310550253,-0.013306587050527587,0.028053999671628093,22.0,0.008447742590523149,0.002451998977004561,0.014443486204041737,35.0
b3_logsig minus b3,b3_logsig,random_forest,b3,2.0,50,-0.0009418019620857332,-0.011977420311240095,0.010093816387068629,12,0.8856715074308653,-1.6440819268329694,3.4154249416947,29.0,-0.06786507776206827,-0.1637890639019133,0.028058908377776776,22.0,0.004040557903626908,-0.011003664820076963,0.01908478062733078,23.0,0.0009736145861734258,-0.0023949860145410905,0.004342215186887942,25.0
b3_rawsig minus b3,b3_rawsig,random_forest,b3,2.0,50,-0.006237492585102127,-0.019107053951327273,0.006632068781123018,14,1.3243580379472288,-1.9545029922246904,4.603219068119148,27.0,-0.09291052312664107,-0.19465340692873617,0.008832360675454051,20.0,-0.004156098711056012,-0.019211198018894565,0.010899000596782542,19.0,0.004323152879361573,-0.00042772019744423233,0.009074025956167379,36.0
statistics minus CUSUM,statistics,random_forest,cusum,2.0,50,0.1637732917011649,0.13322706567601678,0.194319517726313,46,-13.89301733760214,-17.86964792063405,-9.91638675457023,9.0,0.035548374065845295,-0.14876107191020413,0.21985782004189472,29.0,,,,,,,,
statistics minus HMM filter,statistics,random_forest,hmm_filter,2.0,50,0.008637609381775258,-0.009194785477158122,0.02647000424070864,27,0.2574574154815144,-2.619323699861604,3.134238530824633,27.0,-0.06624924257725712,-0.17253085256652728,0.040032367412013034,20.0,-0.013187961217199992,-0.030873396597734453,0.004497474163334469,17.0,0.001840592555628453,-0.004804759379131406,0.008485944490388312,27.0
statistics_logsig minus CUSUM,statistics_logsig,random_forest,cusum,2.0,50,0.16911346945584071,0.13754447959384605,0.20068245931783538,48,-14.042975063567502,-17.38575801275641,-10.700192114378595,6.0,0.03554837406584528,-0.16486924653129803,0.23596599466298857,27.0,,,,,,,,
statistics_logsig minus HMM filter,statistics_logsig,random_forest,hmm_filter,2.0,50,0.013977787136451108,-0.0012124324613041887,0.029168006734206404,24,0.10749968951615528,-3.082563439624433,3.297562818656743,26.0,-0.06624924257725713,-0.1835964934333052,0.05109800827879092,21.0,0.008392017027503034,-0.011113284444368024,0.027897318499374095,23.0,0.005166555214133297,-0.0009834458722050169,0.011316556300471611,31.0
statistics_rawsig minus CUSUM,statistics_rawsig,random_forest,cusum,2.0,50,0.16646907551611026,0.13598023783023552,0.196957913201985,47,-14.35577633553635,-17.995976781698083,-10.715575889374616,5.0,0.03474045647343973,-0.1525852234748946,0.22206613642177406,27.0,,,,,,,,
statistics_rawsig minus HMM filter,statistics_rawsig,random_forest,hmm_filter,2.0,50,0.011333393196720618,-0.003942519516384559,0.026609305909825794,28,-0.20530158245269434,-2.9479245830849767,2.537321418179588,26.0,-0.06705716016966269,-0.16174414497525308,0.027629824635927697,18.0,-0.005814254906649738,-0.02373591757639956,0.01210740776310008,21.0,0.010288335146151602,0.005104359275615246,0.015472311016687959,36.0
b3 minus CUSUM,b3,random_forest,cusum,2.0,50,0.1705600807215505,0.14210418929245133,0.19901597215064964,48,-14.370393911198807,-17.7206981895101,-11.020089632887515,2.0,0.10745303978994145,-0.07652000349678961,0.2914260830766725,29.0,,,,,,,,
b3 minus HMM filter,b3,random_forest,hmm_filter,2.0,50,0.015424398402160868,0.0008109652463468824,0.030037831557974855,30,-0.21991915811515128,-3.3188884213612106,2.8790501051309083,24.0,0.005655423146839009,-0.13051869364268506,0.14182953993636307,27.0,0.0037714370149130472,-0.01595206293383425,0.023494936963660347,22.0,0.005714208802210288,0.0005458941131389998,0.010882523491281576,32.0
b3_logsig minus CUSUM,b3_logsig,random_forest,cusum,2.0,50,0.16961827875946475,0.14328163870340163,0.19595491881552787,49,-13.484722403767941,-17.296477747819043,-9.67296705971684,8.0,0.03958796202787317,-0.15474971538441953,0.2339256394401659,27.0,,,,,,,,
b3_logsig minus HMM filter,b3_logsig,random_forest,hmm_filter,2.0,50,0.014482596440075135,-0.0008946260554222422,0.02985981893557251,28,0.665752349315714,-2.5199240343118094,3.8514287329432375,26.0,-0.06220965461522925,-0.18013881569743195,0.055719506466973455,21.0,0.007811994918539955,-0.013647116304865849,0.02927110614194576,22.0,0.006687823388383713,0.0011529046484217908,0.012222742128345634,35.0
b3_rawsig minus CUSUM,b3_rawsig,random_forest,cusum,2.0,50,0.16432258813644837,0.13627491775059045,0.1923702585223063,49,-13.046035873251581,-17.450689942456048,-8.641381804047114,8.0,0.014542516663300357,-0.18772030046145924,0.21680533378805997,25.0,,,,,,,,
b3_rawsig minus HMM filter,b3_rawsig,random_forest,hmm_filter,2.0,50,0.009186905817058742,-0.00664223333849746,0.025016044972614945,25,1.1044388798320777,-2.1580810764928087,4.366958836156964,31.0,-0.08725509997980203,-0.2144066171174691,0.03989641715786503,20.0,-0.00038466169614296495,-0.02189308859439877,0.021123765202112843,20.0,0.010037361681571861,0.004627152368625288,0.015447570994518434,40.0
statistics_logsig minus statistics,statistics_logsig,selected,statistics,2.0,50,-0.002272769524794991,-0.01474425972101139,0.010198720671421408,16,2.328227290389826,-0.483226785496786,5.139681366276438,29.0,-0.01131084629367805,-0.11578734261216173,0.09316565002480562,23.0,0.024205889703226742,0.003760137445251697,0.04465164196120179,25.0,-0.0004563834735371319,-0.004775797794090632,0.0038630308470163684,29.0
statistics_rawsig minus statistics,statistics_rawsig,selected,statistics,2.0,50,-0.007504193000229018,-0.027342361108801987,0.012333975108343952,20,0.09107001542588705,-2.3675665217758977,2.5497065526276717,24.0,0.019390022217733786,-0.09591036291978687,0.13469040735525445,27.0,0.014152868686249064,-0.01071332320383218,0.03901906057633031,25.0,0.006937092511545222,-9.394175298493412e-05,0.013968126776075378,32.0
b3_logsig minus b3,b3_logsig,selected,b3,2.0,50,-0.0051528964231801885,-0.016674942658192433,0.006369149811832055,11,0.6517382153260352,-1.7902132038188885,3.093689634470959,28.0,-0.04605130276711775,-0.13606056941901165,0.04395796388477616,22.0,-0.0014903278772588724,-0.017178060180137,0.014197404425619255,21.0,-0.0016085006685447921,-0.006406525940359017,0.0031895246032694327,26.0
b3_rawsig minus b3,b3_rawsig,selected,b3,2.0,50,-0.006495926343535883,-0.019279301378891927,0.006287448691820161,14,0.4250959839075884,-2.800200188044927,3.650392155860104,23.0,-0.06220965461522923,-0.1595744882695933,0.03515517903913484,24.0,0.002140772129293087,-0.014878610365394002,0.019160154623980175,20.0,0.0020876752774272476,-0.0031659335948733738,0.007341284149727869,33.0
statistics minus CUSUM,statistics,selected,cusum,2.0,50,0.16467366275867878,0.1333218861138761,0.19602543940348147,45,-13.548589665737687,-17.430063797820903,-9.66711553365447,10.0,0.04362754998990104,-0.14018796300329864,0.2274430629831007,29.0,,,,,,,,
statistics minus HMM filter,statistics,selected,hmm_filter,2.0,50,0.009537980439289172,-0.008368526339816534,0.02744448721839488,27,0.6018850873459707,-2.3169983143393647,3.520768489031306,28.0,-0.05817006665320137,-0.16534383664237512,0.04900370333597239,20.0,-0.009699973083870246,-0.02754362134039521,0.008143675172654715,19.0,0.0003142102260089485,-0.006446534067013288,0.007074954519031184,25.0
statistics_logsig minus CUSUM,statistics_logsig,selected,cusum,2.0,50,0.16240089323388382,0.13170960417274225,0.1930921822950254,47,-11.220362375347856,-14.91903381369426,-7.521690937001452,10.0,0.03231670369622299,-0.18067581325205861,0.2453092206445046,30.0,,,,,,,,
statistics_logsig minus HMM filter,statistics_logsig,selected,hmm_filter,2.0,50,0.007265210914494182,-0.0107662229262287,0.025296644755217066,24,2.930112377735797,-0.3457434300007831,6.205968185472377,31.0,-0.06948091294687943,-0.2087994698648007,0.06983764397104185,20.0,0.014505916619356497,-0.007728197791117625,0.036740031029830617,27.0,-0.00014217324752818338,-0.006933732020206513,0.006649385525150146,26.0
statistics_rawsig minus CUSUM,statistics_rawsig,selected,cusum,2.0,50,0.15716946975844978,0.12809740900984556,0.186241530507054,48,-13.457519650311799,-17.145183550127314,-9.769855750496282,7.0,0.06301757220763482,-0.15065781040597612,0.2766929548212458,27.0,,,,,,,,
statistics_rawsig minus HMM filter,statistics_rawsig,selected,hmm_filter,2.0,50,0.002033787439060155,-0.013904478784304179,0.01797205366242449,24,0.6929551027718577,-1.9673254684811763,3.3532356740248916,28.0,-0.038780044435467585,-0.1664719588004119,0.08891186992947672,22.0,0.004452895602378815,-0.01838106664873654,0.027286857853494172,23.0,0.007251302737554171,0.0013885889883761557,0.013114016486732185,34.0
b3 minus CUSUM,b3,selected,cusum,2.0,50,0.16845907062054039,0.1393423701268473,0.19757577111423347,48,-13.643953680909657,-17.2144714625191,-10.073435899300215,4.0,0.08079175924055748,-0.1073218560570108,0.2689053745381258,28.0,,,,,,,,
b3 minus HMM filter,b3,selected,hmm_filter,2.0,50,0.013323388301150764,-0.0015335432947397119,0.028180319897041242,29,0.5065210721739953,-2.335826287061908,3.348868431409899,25.0,-0.021005857402544962,-0.15284910850928937,0.11083739370419946,26.0,0.007893370636846671,-0.011424143929953398,0.027210885203646742,23.0,0.005431834999522381,0.00039318001368626385,0.010470489985358497,32.0
b3_logsig minus CUSUM,b3_logsig,selected,cusum,2.0,50,0.1633061741973602,0.13649712116113352,0.1901152272335869,48,-12.992215465583627,-16.813588158544267,-9.170842772622986,8.0,0.034740456473439714,-0.15094110093244664,0.22042201387932606,26.0,,,,,,,,
b3_logsig minus HMM filter,b3_logsig,selected,hmm_filter,2.0,50,0.008170491877970577,-0.007450211346932068,0.02379119510287322,24,1.1582592875000304,-1.766640944734638,4.083159519734699,27.0,-0.0670571601696627,-0.19001991631036155,0.05590559597103614,21.0,0.006403042759587798,-0.014433851129769406,0.027239936648945,21.0,0.003823334330977588,-0.0025004021756785005,0.010147070837633677,33.0
b3_rawsig minus CUSUM,b3_rawsig,selected,cusum,2.0,50,0.1619631442770045,0.13309189462914597,0.19083439392486304,48,-13.218857697002072,-17.547729415112087,-8.889985978892057,6.0,0.018582104625328232,-0.1821515966481143,0.21931580589877075,25.0,,,,,,,,
b3_rawsig minus HMM filter,b3_rawsig,selected,hmm_filter,2.0,50,0.006827461957614882,-0.009512436899048824,0.02316736081427859,23,0.9316170560815837,-2.211541357078529,4.074775469241697,30.0,-0.08321551201777418,-0.21457169952415428,0.048140675488605914,19.0,0.010034142766139757,-0.011887064320375193,0.031955349852654705,23.0,0.007519510276949628,0.0018291575268539403,0.013209863027045316,37.0
HMM filter minus CUSUM,hmm_filter,none,cusum,2.0,50,0.15513568231938962,0.12623635627504032,0.18403500836373893,47,-14.150474753083653,-18.47960977247529,-9.821339733692017,9.0,0.10179761664310241,-0.08455242420787873,0.28814765749408355,29.0,,,,,,,,
b3 minus chance,b3,gbm,chance,5.0,50,0.1766517531815807,0.15830618362552568,0.1949973227376357,50,,,,,,,,,,,,,,,,
b3 minus chance,b3,logistic,chance,5.0,50,0.1696068028553098,0.155270175598835,0.1839434301117846,50,,,,,,,,,,,,,,,,
b3 minus chance,b3,random_forest,chance,5.0,50,0.18381091215212614,0.16472882674770659,0.2028929975565457,50,,,,,,,,,,,,,,,,
b3 minus chance,b3,selected,chance,5.0,50,0.184798259938552,0.16576953101253597,0.20382698886456804,50,,,,,,,,,,,,,,,,
b3_logsig minus chance,b3_logsig,gbm,chance,5.0,50,0.17406050639803525,0.15640500063802,0.1917160121580505,50,,,,,,,,,,,,,,,,
b3_logsig minus chance,b3_logsig,logistic,chance,5.0,50,0.16564355367610906,0.14884970202023756,0.18243740533198055,50,,,,,,,,,,,,,,,,
b3_logsig minus chance,b3_logsig,random_forest,chance,5.0,50,0.1894765001374025,0.16985503830616994,0.20909796196863506,50,,,,,,,,,,,,,,,,
b3_logsig minus chance,b3_logsig,selected,chance,5.0,50,0.1877713157652232,0.16781608703602036,0.20772654449442607,50,,,,,,,,,,,,,,,,
b3_rawsig minus chance,b3_rawsig,gbm,chance,5.0,50,0.17468382832388835,0.15694501670760552,0.19242263994017117,50,,,,,,,,,,,,,,,,
b3_rawsig minus chance,b3_rawsig,logistic,chance,5.0,50,0.16435135924145186,0.14776615122048847,0.18093656726241525,50,,,,,,,,,,,,,,,,
b3_rawsig minus chance,b3_rawsig,random_forest,chance,5.0,50,0.1752168918205906,0.15972484896116945,0.19070893468001177,50,,,,,,,,,,,,,,,,
b3_rawsig minus chance,b3_rawsig,selected,chance,5.0,50,0.17545887108462682,0.15994811555381408,0.19096962661543956,50,,,,,,,,,,,,,,,,
cusum minus chance,cusum,none,chance,5.0,50,0.0903112847888683,0.06922973040784469,0.1113928391698919,44,,,,,,,,,,,,,,,,
hmm minus chance,hmm,gbm,chance,5.0,50,0.15921843608433883,0.1430369810569681,0.17539989111170956,50,,,,,,,,,,,,,,,,
hmm minus chance,hmm,logistic,chance,5.0,50,0.15434093835352697,0.13773125102365183,0.1709506256834021,50,,,,,,,,,,,,,,,,
hmm minus chance,hmm,random_forest,chance,5.0,50,0.1588873571103204,0.14217836653235524,0.17559634768828555,50,,,,,,,,,,,,,,,,
hmm_filter minus chance,hmm_filter,none,chance,5.0,50,0.1523219160289053,0.13695524829011807,0.16768858376769252,50,,,,,,,,,,,,,,,,
statistics minus chance,statistics,gbm,chance,5.0,50,0.1742150224462233,0.15701019327651713,0.19141985161592948,50,,,,,,,,,,,,,,,,
statistics minus chance,statistics,logistic,chance,5.0,50,0.17253906621376786,0.155359352247196,0.18971878018033972,50,,,,,,,,,,,,,,,,
statistics minus chance,statistics,random_forest,chance,5.0,50,0.1751020028931236,0.15601288809742492,0.1941911176888223,50,,,,,,,,,,,,,,,,
statistics minus chance,statistics,selected,chance,5.0,50,0.17362821488977326,0.15549257985888165,0.19176384992066486,50,,,,,,,,,,,,,,,,
statistics_logsig minus chance,statistics_logsig,gbm,chance,5.0,50,0.18193642888958517,0.16333225328925113,0.2005406044899192,50,,,,,,,,,,,,,,,,
statistics_logsig minus chance,statistics_logsig,logistic,chance,5.0,50,0.17234101958669407,0.1553306405121862,0.18935139866120193,50,,,,,,,,,,,,,,,,
statistics_logsig minus chance,statistics_logsig,random_forest,chance,5.0,50,0.1815083161321333,0.16241376768248716,0.20060286458177945,50,,,,,,,,,,,,,,,,
statistics_logsig minus chance,statistics_logsig,selected,chance,5.0,50,0.18550203438170323,0.16735100323794702,0.20365306552545945,50,,,,,,,,,,,,,,,,
statistics_rawsig minus chance,statistics_rawsig,gbm,chance,5.0,50,0.18043446446727393,0.16259051301971394,0.19827841591483392,50,,,,,,,,,,,,,,,,
statistics_rawsig minus chance,statistics_rawsig,logistic,chance,5.0,50,0.1763591712132359,0.15583697982339986,0.19688136260307196,50,,,,,,,,,,,,,,,,
statistics_rawsig minus chance,statistics_rawsig,random_forest,chance,5.0,50,0.17812092802676044,0.16208856700093482,0.19415328905258605,50,,,,,,,,,,,,,,,,
statistics_rawsig minus chance,statistics_rawsig,selected,chance,5.0,50,0.17957240436568483,0.1599864752024889,0.19915833352888077,50,,,,,,,,,,,,,,,,
statistics_logsig minus statistics,statistics_logsig,gbm,statistics,5.0,50,-0.0010535134853437867,-0.009468334967700826,0.007361307997013252,15,-0.7034438693737968,-2.875203123347302,1.4683153845997083,26.0,-0.13411432033932544,-0.37432986039356864,0.10610121971491776,20.0,0.014843918212046735,0.0003933022411257772,0.029294534182967694,27.0,0.01059568846337116,0.008094785809734883,0.013096591117007436,46.0
statistics_rawsig minus statistics,statistics_rawsig,gbm,statistics,5.0,50,-0.0006428818063630248,-0.00921778531312383,0.00793202170039778,15,-2.473643844227783,-4.7009114782520225,-0.24637621020354272,17.0,-0.08079175924055745,-0.3048258543377276,0.1432423358566127,25.0,0.014502243284645593,-0.00047049799156060126,0.029474984560851788,26.0,0.009759173708816939,0.006833372559502169,0.012684974858131708,41.0
b3_logsig minus b3,b3_logsig,gbm,b3,5.0,50,-0.003287917436993901,-0.009996066104575258,0.003420231230587456,14,-1.4069019969571932,-3.7002219115355177,0.8864179176211313,18.0,-0.0072712583316501345,-0.28195655514020085,0.26741403847690054,25.0,0.003458719223301594,-0.011758151212450281,0.01867558965905347,20.0,0.0024780458524187197,0.00040014111851905234,0.0045559505863183875,31.0
b3_rawsig minus b3,b3_rawsig,gbm,b3,5.0,50,-0.0005348897953737052,-0.006168909857648454,0.005099130266901043,12,-1.4119620065874374,-3.1763272959511317,0.35240328277625665,19.0,0.008079175924055769,-0.2324000291417613,0.24855838098987285,26.0,0.005893674552059885,-0.004995996556059922,0.01678334566017969,23.0,0.0038602549536053687,0.0016194778061632419,0.006101032101047496,33.0
statistics minus CUSUM,statistics,gbm,cusum,5.0,50,0.10583972699095892,0.08614855237343151,0.12553090160848632,46,-13.48734768897014,-18.12677094109062,-8.84792443684966,11.0,0.1567360129266816,-0.2229190138240511,0.5363910396774143,26.0,,,,,,,,
statistics minus HMM filter,statistics,gbm,hmm_filter,5.0,50,0.010108496727438838,-0.005245642845297849,0.025462636300175527,27,3.971602715170079,1.1360962022774452,6.807109228062712,35.0,-0.24075944253686124,-0.5232772052862891,0.04175832021256656,19.0,0.01281336294295984,-0.007047267795036175,0.03267399368095586,28.0,0.0031827744869452725,-0.0017140240954177446,0.00807957306930829,28.0
statistics_logsig minus CUSUM,statistics_logsig,gbm,cusum,5.0,50,0.10478621350561511,0.08704000475186913,0.12253242225936109,45,-14.190791558343939,-18.59802829077776,-9.78355482591012,8.0,0.022621692587356152,-0.3588534482841519,0.40409683345886416,27.0,,,,,,,,
statistics_logsig minus HMM filter,statistics_logsig,gbm,hmm_filter,5.0,50,0.009054983242095051,-0.0044609926301061205,0.022570959114296223,24,3.2681588457962834,0.41993033605272423,6.1163873555398425,34.0,-0.37487376287618657,-0.6577062964473015,-0.09204122930507158,15.0,0.027657281155006572,0.0060971401752599325,0.04921742213475321,30.0,0.013778462950316433,0.008491608641921961,0.019065317258710905,37.0
statistics_rawsig minus CUSUM,statistics_rawsig,gbm,cusum,5.0,50,0.10519684518459588,0.08624545588032254,0.12414823448886922,46,-15.960991533197925,-20.63900078024919,-11.28298228614666,10.0,0.0759442536861241,-0.32458944132557216,0.4764779486978204,28.0,,,,,,,,
statistics_rawsig minus HMM filter,statistics_rawsig,gbm,hmm_filter,5.0,50,0.009465614921075814,-0.004498800507054299,0.023430030349205926,25,1.4979588709422973,-1.6738060315090706,4.669723773393665,27.0,-0.32155120177741864,-0.5941059681752001,-0.04899643537963716,19.0,0.027315606227605437,0.004496203357090826,0.05013500909812005,27.0,0.012941948195762212,0.0073165411707501035,0.01856735522077432,35.0
b3 minus CUSUM,b3,gbm,cusum,5.0,50,0.10707890355402357,0.08954983533720495,0.12460797177084218,47,-13.260388870619279,-17.878162992522718,-8.64261474871584,11.0,0.15915976570389828,-0.25109266384730783,0.5694121952551043,28.0,,,,,,,,
b3 minus HMM filter,b3,gbm,hmm_filter,5.0,50,0.011347673290503518,-0.0014021192685270342,0.02409746584953407,27,4.198561533520942,1.39628597984616,7.000837087195723,33.0,-0.2383356897596446,-0.523330270354238,0.04665889083494873,16.0,0.016329187595824444,-0.0021876285397686816,0.034846003731417566,25.0,0.005937362936770203,0.001202162123398992,0.010672563750141414,29.0
b3_logsig minus CUSUM,b3_logsig,gbm,cusum,5.0,50,0.10379098611702968,0.08679038938481845,0.12079158284924091,47,-14.667290867576474,-18.664048467510224,-10.670533267642725,9.0,0.15188850737224813,-0.1876032631991143,0.49138027794361056,28.0,,,,,,,,
b3_logsig minus HMM filter,b3_logsig,gbm,hmm_filter,5.0,50,0.008059755853509615,-0.005393376444148203,0.021512888151167434,22,2.7916595365637495,-0.5482363869399394,6.131555460067439,29.0,-0.24560694809129466,-0.5508407987345285,0.059626902551939226,25.0,0.01978790681912604,7.800336296256635e-05,0.03949781027528951,25.0,0.008415408789188924,0.003502652136687939,0.013328165441689908,31.0
b3_rawsig minus CUSUM,b3_rawsig,gbm,cusum,5.0,50,0.10654401375864986,0.08854605485265744,0.12454197266464227,47,-14.672350877206718,-19.074972676945023,-10.26972907746841,8.0,0.167238941627954,-0.19904814429763823,0.5335260275535463,27.0,,,,,,,,
b3_rawsig minus HMM filter,b3_rawsig,gbm,hmm_filter,5.0,50,0.010812783495129812,-0.003208931730898347,0.02483449872115797,26,2.7865995269335055,-0.28858879145988814,5.8617878453269,34.0,-0.23025651383558876,-0.4909916645708456,0.030478636899668066,19.0,0.02222286214788433,0.0028024089286279898,0.041643315367140665,29.0,0.009797617890375572,0.0051894855843447885,0.014405750196406355,34.0
statistics_logsig minus statistics,statistics_logsig,logistic,statistics,5.0,50,0.0043782123740925116,-0.003536985631893086,0.012293410380078109,20,0.49458017714370184,-1.789435554341805,2.778595908629209,24.0,0.07836800646334073,-0.1859649358691292,0.3427009487958107,26.0,0.018241329896671016,0.003419284455459474,0.03306337533788256,29.0,0.007693653648963478,0.005036313669758491,0.010350993628168466,43.0
statistics_rawsig minus statistics,statistics_rawsig,logistic,statistics,5.0,50,0.007068983639530244,-0.002871283186626914,0.017009250465687402,19,-1.9329117093709882,-4.420485406488368,0.554661987746391,18.0,0.09291052312664105,-0.18554398620252444,0.37136503245580654,25.0,0.026485843423770722,0.009028086342491793,0.043943600505049654,31.0,0.014151451396534405,0.011095164338795118,0.017207738454273692,47.0
b3_logsig minus b3,b3_logsig,logistic,b3,5.0,50,0.004018138840575969,-0.0057450249738213496,0.013781302654973288,19,-2.7840757479966953,-4.8269986251878185,-0.7411528708055721,18.0,0.16562310644314274,-0.07813612426772132,0.4093823371540068,28.0,0.01149114874032926,-0.001282870511446382,0.024265167992104902,26.0,0.004861361933862143,0.002418354173849816,0.00730436969387447,37.0
b3_rawsig minus b3,b3_rawsig,logistic,b3,5.0,50,0.0028092281115108353,-0.006822025275644862,0.012440481498666533,21,-4.302412840227919,-6.59486240097565,-2.009963279480188,14.0,0.12522722682286405,-0.11680448910503968,0.36725894275076776,29.0,0.010266952224292915,-0.0051102982716610575,0.025644202720246888,26.0,0.01168035552593286,0.009040419858102899,0.01432029119376282,44.0
statistics minus CUSUM,statistics,logistic,cusum,5.0,50,0.10117116801654795,0.08046407310304951,0.12187826293004639,46,-15.222987557023798,-19.66854331853475,-10.777431795512847,8.0,0.12280347404564745,-0.2268780056563119,0.4724849537476068,28.0,,,,,,,,
statistics minus HMM filter,statistics,logistic,hmm_filter,5.0,50,0.005439937753027884,-0.00863375062856645,0.019513626134622215,26,2.2359628471164226,-0.9412275178949998,5.413153212127845,29.0,-0.27469198141789536,-0.4931457720977708,-0.056238190738019916,17.0,0.006597035505195253,-0.011258324474391805,0.024452395484782313,25.0,0.0024400903850293875,-0.0024193989061439313,0.007299579676202706,22.0
statistics_logsig minus CUSUM,statistics_logsig,logistic,cusum,5.0,50,0.10554938039064046,0.08575593411568488,0.12534282666559604,46,-14.728407379880096,-18.970274128727716,-10.486540631032476,9.0,0.20117148050898823,-0.1272859616529116,0.529628922670888,28.0,,,,,,,,
statistics_logsig minus HMM filter,statistics_logsig,logistic,hmm_filter,5.0,50,0.009818150127120395,-0.0031027310451750972,0.022739031299415888,28,2.7305430242601245,-0.05200846896997158,5.51309451749022,30.0,-0.19632397495455456,-0.4530332245045845,0.06038527459547538,23.0,0.02483836540186627,0.00423795567640221,0.04543877512733033,32.0,0.010133744033992866,0.00443791036111232,0.01582957770687341,33.0
statistics_rawsig minus CUSUM,statistics_rawsig,logistic,cusum,5.0,50,0.1082401516560782,0.08908346036562581,0.1273968429465306,47,-17.155899266394787,-21.500203480407734,-12.81159505238184,7.0,0.2157139971722885,-0.17432677131069274,0.6057547656552698,27.0,,,,,,,,
statistics_rawsig minus HMM filter,statistics_rawsig,logistic,hmm_filter,5.0,50,0.012508921392558128,-0.0009156560049453314,0.025933498790061585,30,0.3030511377454344,-3.2636033473093984,3.8697056228002675,22.0,-0.18178145829125428,-0.5175823803972996,0.15401946381479112,22.0,0.03308287892896598,0.013046765181705812,0.05311899267622614,29.0,0.01659154178156379,0.011214485211002215,0.021968598352125366,41.0
b3 minus CUSUM,b3,logistic,cusum,5.0,50,0.10139368706571153,0.08001560358642412,0.12277177054499894,44,-11.909986610631712,-16.138581467612703,-7.681391753650721,12.0,0.17208644718238753,-0.15393239284988752,0.4981052872146626,30.0,,,,,,,,
b3 minus HMM filter,b3,logistic,hmm_filter,5.0,50,0.005662456802191474,-0.009047224563528838,0.020372138167911787,22,5.548963793508508,2.270831739279044,8.827095847737972,34.0,-0.2254090082811553,-0.48960637520617745,0.03878835864386687,20.0,0.01824043487987986,-0.0005286997821412655,0.03700956954190099,28.0,-0.002332450444992593,-0.0079337462644417,0.0032688453744565147,19.0
b3_logsig minus CUSUM,b3_logsig,logistic,cusum,5.0,50,0.1054118259062875,0.08587179487551669,0.12495185693705832,46,-14.694062358628408,-18.924136727036718,-10.463987990220096,11.0,0.33770955362553023,-0.040462705101141194,0.7158818123522017,25.0,,,,,,,,
b3_logsig minus HMM filter,b3_logsig,logistic,hmm_filter,5.0,50,0.009680595642767442,-0.003956063081237509,0.023317254366772393,23,2.7648880455118126,-0.40969163588638313,5.939467726910008,30.0,-0.0597859018380125,-0.3348777645239816,0.21530596084795658,24.0,0.029731583620209116,0.007832622440459399,0.051630544799958836,30.0,0.0025289114888695494,-0.0033329364670257994,0.008390759444764898,25.0
b3_rawsig minus CUSUM,b3_rawsig,logistic,cusum,5.0,50,0.10420291517722237,0.08545817173568243,0.1229476586187623,47,-16.212399450859632,-20.42009113381977,-12.004707767899493,7.0,0.2973136740052516,-0.033617965240743175,0.6282453132512464,29.0,,,,,,,,
b3_rawsig minus HMM filter,b3_rawsig,logistic,hmm_filter,5.0,50,0.008471684913702308,-0.0052427261780219735,0.022186096005426592,24,1.2465509532805898,-1.7385966406928766,4.231698547254056,31.0,-0.10018178145829122,-0.4039970980078912,0.20363353509130877,23.0,0.028507387104172777,0.006838961629875788,0.050175812578469765,30.0,0.009347905080940267,0.004195851383708627,0.014499958778171906,34.0
statistics_logsig minus statistics,statistics_logsig,random_forest,statistics,5.0,50,0.0002983255707421506,-0.00869396117459355,0.00929061231607785,15,1.0296959814155386,-1.4024599479761803,3.4618519108072574,25.0,-0.11230054534437488,-0.369337335274388,0.14473624458563822,20.0,0.008941611671850435,-0.004150880644130396,0.022034103987831268,22.0,0.0036790071914306454,0.00194319538086211,0.005414819001999181,34.0
statistics_rawsig minus statistics,statistics_rawsig,random_forest,statistics,5.0,50,0.006192622291994168,-0.0036549565705229032,0.016040201154511238,18,-1.3335137660693195,-3.670077009501786,1.003049477363147,24.0,0.012118763886083607,-0.29126251771460676,0.315500045486774,25.0,0.011177799621006375,-0.002560446734454212,0.02491604597646696,22.0,0.007021545667986406,0.004710151427975316,0.009332939907997497,41.0
b3_logsig minus b3,b3_logsig,random_forest,b3,5.0,50,-0.002396124954960344,-0.010307506040306436,0.00551525613038575,11,1.3276614860236344,-0.6185042407168988,3.273827212764168,28.0,-0.1470410018178146,-0.3825446142589283,0.0884626106232991,19.0,0.005356160654388133,-0.007374780310880081,0.01808710161965635,17.0,0.0018258501216363743,9.69967563733006e-05,0.003554703486899448,31.0
b3_rawsig minus b3,b3_rawsig,random_forest,b3,5.0,50,0.003579927205137898,-0.004566848798667613,0.01172670320894341,15,-1.6327898474434477,-4.05789886775603,0.7923191728691354,23.0,0.15835184811149264,-0.11458634617364352,0.4312900423966288,25.0,0.008239683919013347,-0.003515466544996895,0.019994834383023588,21.0,0.005505470002590467,0.0033558836221449476,0.007655056383035987,41.0
statistics minus CUSUM,statistics,random_forest,cusum,5.0,50,0.0982385843759469,0.07818928466475274,0.11828788408714107,45,-15.46054470929476,-20.063408497742873,-10.857680920846647,8.0,0.08402342961017986,-0.30336176386076064,0.4714086230811203,24.0,,,,,,,,
statistics minus HMM filter,statistics,random_forest,hmm_filter,5.0,50,0.0025073541124268337,-0.010070833240183616,0.015085541465037282,24,1.9984056948454612,-0.7896206690518595,4.786432058742782,31.0,-0.3134720258533629,-0.5973726244929317,-0.029571427213794133,17.0,0.0021299458994458796,-0.014155469713715292,0.018415361512607052,23.0,0.007610499659044097,0.003692215366783395,0.0115287839513048,37.0
statistics_logsig minus CUSUM,statistics_logsig,random_forest,cusum,5.0,50,0.09853690994668905,0.07823402541540507,0.11883979447797303,43,-14.43084872787922,-19.072047424797855,-9.789650030960583,11.0,-0.02827711573419502,-0.400191809118077,0.343637577649687,27.0,,,,,,,,
statistics_logsig minus HMM filter,statistics_logsig,random_forest,hmm_filter,5.0,50,0.0028056796831689846,-0.009516198808350498,0.015127558174688468,20,3.028101676261,-0.23429065913042368,6.290494011652424,28.0,-0.4257725711977378,-0.7552089565447404,-0.09633618585073522,24.0,0.011071557571296315,-0.005860283544682661,0.02800339868727529,24.0,0.011289506850474742,0.007067811401839262,0.015511202299110223,38.0
statistics_rawsig minus CUSUM,statistics_rawsig,random_forest,cusum,5.0,50,0.10443120666794106,0.08385986696060241,0.12500254637527972,47,-16.79405847536408,-21.05558581460124,-12.532531136126916,8.0,0.09614219349626345,-0.2782279866440523,0.4705123736365792,24.0,,,,,,,,
statistics_rawsig minus HMM filter,statistics_rawsig,random_forest,hmm_filter,5.0,50,0.008699976404421002,-0.0016370145729686179,0.01903696738181062,21,0.6648919287761417,-2.3633036916436976,3.693087549195981,26.0,-0.3013532619672793,-0.6210436932123178,0.018337169277759136,19.0,0.013307745520452254,-0.0048496502326124576,0.03146514127351696,25.0,0.014632045327030503,0.01034173888151833,0.018922351772542676,43.0
b3 minus CUSUM,b3,random_forest,cusum,5.0,50,0.10087821048806557,0.08075558203281828,0.12100083894331286,45,-15.090897502877112,-19.86681484663568,-10.314980159118544,10.0,-0.026661280549383885,-0.4007563250228264,0.3474337639240586,23.0,,,,,,,,
b3 minus HMM filter,b3,random_forest,hmm_filter,5.0,50,0.005146980224545512,-0.00748318807249193,0.017777148521582953,23,2.368052901263109,-0.7714640962290154,5.507569898755234,29.0,-0.4241567360129265,-0.7046228505069391,-0.14369062151891399,18.0,-0.003216673524657446,-0.021058460218567415,0.014625113169252524,18.0,0.009493752163487475,0.005582767153276789,0.01340473717369816,40.0
b3_logsig minus CUSUM,b3_logsig,random_forest,cusum,5.0,50,0.09848208553310522,0.07758266114566453,0.11938150992054591,47,-13.763236016853478,-18.17763215764201,-9.348839876064948,10.0,-0.1737022823671985,-0.5130806564738469,0.16567609173944994,22.0,,,,,,,,
b3_logsig minus HMM filter,b3_logsig,random_forest,hmm_filter,5.0,50,0.0027508552695851684,-0.010406763294109304,0.01590847383327964,21,3.6957143872867437,0.39194887557840064,6.999479898995087,31.0,-0.5711977378307412,-0.8881826544606557,-0.25421282120082683,17.0,0.002139487129730686,-0.018516222851761896,0.02279519711122327,21.0,0.011319602285123848,0.007294687977714526,0.01534451659253317,38.0
b3_rawsig minus CUSUM,b3_rawsig,random_forest,cusum,5.0,50,0.10445813769320346,0.08417970016160745,0.12473657522479947,47,-16.72368735032056,-21.047545457987447,-12.399829242653674,9.0,0.1316905675621087,-0.2323262583575407,0.4957073934817581,28.0,,,,,,,,
b3_rawsig minus HMM filter,b3_rawsig,random_forest,hmm_filter,5.0,50,0.008726907429683411,-0.0027150751019871956,0.02016888996135402,19,0.7352630538196613,-1.9160434581513233,3.386569565790646,27.0,-0.2658048879014341,-0.5550975897496065,0.02348781394673838,20.0,0.005023010394355901,-0.011310142105267821,0.02135616289397962,22.0,0.014999222166077941,0.010961117141865283,0.0190373271902906,42.0
statistics_logsig minus statistics,statistics_logsig,selected,statistics,5.0,50,0.0040415009048217175,-0.006036781219739936,0.014119783029383371,18,1.484118028282426,-1.2754439064405105,4.243679963005363,27.0,-0.16158351848111485,-0.45238697638673425,0.12921993942450455,22.0,0.015868005495118617,0.0011298149131776358,0.030606196077059597,27.0,0.004751964606210253,0.0024884384259988143,0.007015490786421692,36.0
statistics_rawsig minus statistics,statistics_rawsig,selected,statistics,5.0,50,0.008714993502046403,-0.001417921997775273,0.018847909001868078,20,-2.0082446354304717,-4.77494804768309,0.7584587768221467,20.0,0.029085033326600663,-0.3098951625641104,0.3680652292173118,24.0,0.016993322940633816,-0.0004183214307218776,0.03440496731198951,27.0,0.010622645266164226,0.00772890871839519,0.013516381813933262,43.0
b3_logsig minus b3,b3_logsig,selected,b3,5.0,50,0.0007730669642315724,-0.007511778138929547,0.009057912067392692,13,0.8261398382596681,-1.2094503623143578,2.861730038833694,27.0,-0.029085033326600715,-0.2892810212046807,0.23111095455147923,21.0,0.005706699004926483,-0.007446599048385926,0.018859997058238893,18.0,0.002080136254288942,0.00021778475231156239,0.003942487756266322,30.0
b3_rawsig minus b3,b3_rawsig,selected,b3,5.0,50,0.0033955837707944593,-0.004766029179281944,0.011557196720870862,15,-1.7577685912622518,-4.223544989774043,0.7080078072495388,21.0,0.16562310644314285,-0.10536086179544332,0.436607074681729,25.0,0.010261983039138558,-0.002128812475282512,0.022652778553559627,23.0,0.004978143394035257,0.002544727539994594,0.007411559248075919,41.0
statistics minus CUSUM,statistics,selected,cusum,5.0,50,0.09896288236918899,0.07858882596820495,0.11933693877017303,45,-14.961101345606794,-19.52866462074168,-10.393538070471907,8.0,0.11391638052918608,-0.26798531853256274,0.4958180795909349,26.0,,,,,,,,
statistics minus HMM filter,statistics,selected,hmm_filter,5.0,50,0.0032316521056689317,-0.008839402428471272,0.015302706639809135,25,2.497849058533426,-0.28723041762861534,5.2829285346954675,32.0,-0.2835790749343567,-0.5662922309668608,-0.0008659189018526692,18.0,0.004396350854049591,-0.011999863252565118,0.0207925649606643,22.0,0.006629603564529527,0.002301221140905859,0.010957985988153195,36.0
statistics_logsig minus CUSUM,statistics_logsig,selected,cusum,5.0,50,0.10300438327401071,0.08369924787950181,0.1223095186685196,45,-13.47698331732437,-18.471671619117117,-8.482295015531625,12.0,-0.04766713795192877,-0.38235634861809975,0.2870220727142422,26.0,,,,,,,,
statistics_logsig minus HMM filter,statistics_logsig,selected,hmm_filter,5.0,50,0.007273153010490649,-0.005114717968987848,0.019661023989969148,22,3.9819670868158528,0.7577614855600201,7.206172688071685,30.0,-0.4451625934154717,-0.774740036138796,-0.11558515069214736,23.0,0.020264356349168205,0.00238117118243264,0.03814754151590377,27.0,0.01138156817073978,0.0064738594095132655,0.016289276931966294,34.0
statistics_rawsig minus CUSUM,statistics_rawsig,selected,cusum,5.0,50,0.1076778758712354,0.08786622672171235,0.12748952502075844,48,-16.969345981037264,-21.16703290810086,-12.771659053973668,7.0,0.1430014138557868,-0.2533099585584461,0.5393127862700198,27.0,,,,,,,,
statistics_rawsig minus HMM filter,statistics_rawsig,selected,hmm_filter,5.0,50,0.011946645607715335,0.00031537610997697287,0.0235779151054537,26,0.48960442310295477,-2.9342400007583596,3.913448846964269,23.0,-0.25449404160775596,-0.6187283394696628,0.10974025625415079,23.0,0.021389673794683407,0.0016820860293089678,0.04109726156005784,28.0,0.01725224883069375,0.012318386981612292,0.02218611067977521,43.0
b3 minus CUSUM,b3,selected,cusum,5.0,50,0.10160620471605979,0.0815355640350317,0.12167684539708787,46,-15.127698919095986,-19.904292842383867,-10.351104995808104,10.0,-0.028277115734195037,-0.4027791857717804,0.3462249543033903,24.0,,,,,,,,
b3 minus HMM filter,b3,selected,hmm_filter,5.0,50,0.005874974452539743,-0.007213522557752839,0.018963471462832324,23,2.3312514850442367,-0.845142848391351,5.5076458184798245,28.0,-0.42577257119773776,-0.7071670333308115,-0.14437810906466392,17.0,-0.0027924311004150237,-0.02093825615312858,0.015353393952298533,19.0,0.009636237449028669,0.005778699238433433,0.013493775659623905,40.0
b3_logsig minus CUSUM,b3_logsig,selected,cusum,5.0,50,0.10237927168029139,0.08141027559384992,0.12334826776673286,47,-14.301559080836316,-18.78783721990262,-9.81528094177001,10.0,-0.057362149060795724,-0.4312664635885769,0.31654216546698544,22.0,,,,,,,,
b3_logsig minus HMM filter,b3_logsig,selected,hmm_filter,5.0,50,0.006648041416771316,-0.007501096490335254,0.020797179323877885,22,3.1573913233039046,-0.16702595800897813,6.481808604616788,31.0,-0.4548576045243385,-0.7976785207973289,-0.112036688251348,19.0,0.0029142679045114596,-0.017753159030063904,0.023581694839086825,23.0,0.011716373703317611,0.007657262294961922,0.0157754851116733,38.0
b3_rawsig minus CUSUM,b3_rawsig,selected,cusum,5.0,50,0.10500178848685426,0.08463989590067034,0.1253636810730382,46,-16.885467510358236,-21.358020672947102,-12.41291434776937,9.0,0.13734599070894776,-0.23657206365349331,0.5112640450713888,27.0,,,,,,,,
b3_rawsig minus HMM filter,b3_rawsig,selected,hmm_filter,5.0,50,0.009270558223334202,-0.002224537529769312,0.020765653976437717,20,0.5734828937819851,-2.073727135191048,3.2206929227550183,28.0,-0.26014946475459494,-0.541868259498398,0.02156932998920813,20.0,0.007469551938723533,-0.009635118288949588,0.024574222166396657,23.0,0.014614380843063926,0.010560516912977234,0.018668244773150617,42.0
HMM filter minus CUSUM,hmm_filter,none,cusum,5.0,50,0.09573123026352008,0.07381422591865254,0.11764823460838762,44,-17.458950404140218,-22.34055026438181,-12.577350543898623,6.0,0.3974954554635427,0.025428120665981102,0.7695627902611043,30.0,,,,,,,,
