contrast,detector,learner,baseline,target,n,delta_detection_probability,delta_detection_probability_ci_low,delta_detection_probability_ci_high,delta_detection_probability_positive,delta_mean_delay,delta_mean_delay_ci_low,delta_mean_delay_ci_high,delta_mean_delay_positive,delta_false_alarms_per_1000,delta_false_alarms_per_1000_ci_low,delta_false_alarms_per_1000_ci_high,delta_false_alarms_per_1000_positive,delta_state_detection_probability,delta_state_detection_probability_ci_low,delta_state_detection_probability_ci_high,delta_state_detection_probability_positive,delta_detector_balanced_accuracy,delta_detector_balanced_accuracy_ci_low,delta_detector_balanced_accuracy_ci_high,delta_detector_balanced_accuracy_positive
b3 minus chance,b3,gbm,chance,0.5,50,0.0019385111487127986,-0.006830807255376935,0.010707829552802531,22,,,,,,,,,,,,,,,,
b3 minus chance,b3,logistic,chance,0.5,50,0.002447677469774273,-0.004843132930404817,0.009738487869953363,24,,,,,,,,,,,,,,,,
b3 minus chance,b3,random_forest,chance,0.5,50,0.009920806364330893,0.0007059017210450623,0.019135711007616723,33,,,,,,,,,,,,,,,,
b3 minus chance,b3,selected,chance,0.5,50,0.009263235846767151,-0.0007117204353445424,0.019238192128878846,32,,,,,,,,,,,,,,,,
b3_logsig minus chance,b3_logsig,gbm,chance,0.5,50,0.009164995697536366,0.0008444627617040009,0.017485528633368733,33,,,,,,,,,,,,,,,,
b3_logsig minus chance,b3_logsig,logistic,chance,0.5,50,0.004496035945333397,-0.004646548684528913,0.013638620575195708,27,,,,,,,,,,,,,,,,
b3_logsig minus chance,b3_logsig,random_forest,chance,0.5,50,0.004117264542718197,-0.005751105516067651,0.013985634601504045,26,,,,,,,,,,,,,,,,
b3_logsig minus chance,b3_logsig,selected,chance,0.5,50,0.005552769511472882,-0.003349719406981467,0.014455258429927231,27,,,,,,,,,,,,,,,,
b3_rawsig minus chance,b3_rawsig,gbm,chance,0.5,50,0.002453298038302216,-0.005659415849839742,0.010566011926444175,25,,,,,,,,,,,,,,,,
b3_rawsig minus chance,b3_rawsig,logistic,chance,0.5,50,0.006397356911426392,-0.003975968220201658,0.01677068204305444,25,,,,,,,,,,,,,,,,
b3_rawsig minus chance,b3_rawsig,random_forest,chance,0.5,50,0.004129226310239957,-0.004528542090956997,0.01278699471143691,30,,,,,,,,,,,,,,,,
b3_rawsig minus chance,b3_rawsig,selected,chance,0.5,50,0.006397356911426392,-0.003975968220201658,0.01677068204305444,25,,,,,,,,,,,,,,,,
cusum minus chance,cusum,none,chance,0.5,50,-0.010342554927004333,-0.01721280711643433,-0.003472302737574335,19,,,,,,,,,,,,,,,,
hmm minus chance,hmm,gbm,chance,0.5,50,0.0030609885210993713,-0.0064915056918234005,0.012613482734022142,23,,,,,,,,,,,,,,,,
hmm minus chance,hmm,logistic,chance,0.5,50,-0.00300300320383411,-0.006560783489926488,0.0005547770822582681,13,,,,,,,,,,,,,,,,
hmm minus chance,hmm,random_forest,chance,0.5,50,0.0010124599349746212,-0.007610770055429189,0.009635689925378431,27,,,,,,,,,,,,,,,,
hmm_filter minus chance,hmm_filter,none,chance,0.5,50,0.0030627938053325154,-0.006540891956811446,0.012666479567476477,29,,,,,,,,,,,,,,,,
statistics minus chance,statistics,gbm,chance,0.5,50,0.008496103875725693,-0.0008792613816350856,0.017871469133086473,27,,,,,,,,,,,,,,,,
statistics minus chance,statistics,logistic,chance,0.5,50,0.003823758298961327,-0.004320688675518799,0.011968205273441453,24,,,,,,,,,,,,,,,,
statistics minus chance,statistics,random_forest,chance,0.5,50,0.0005997823168218812,-0.009106311239905237,0.010305875873549,24,,,,,,,,,,,,,,,,
statistics minus chance,statistics,selected,chance,0.5,50,0.007406390465982178,-0.0018575170490815968,0.016670297981045953,28,,,,,,,,,,,,,,,,
statistics_logsig minus chance,statistics_logsig,gbm,chance,0.5,50,-0.0009346153103871493,-0.009789341254228796,0.007920110633454496,25,,,,,,,,,,,,,,,,
statistics_logsig minus chance,statistics_logsig,logistic,chance,0.5,50,0.005066109262840035,-0.0038512133646159408,0.013983431890296012,26,,,,,,,,,,,,,,,,
statistics_logsig minus chance,statistics_logsig,random_forest,chance,0.5,50,0.001046168177556205,-0.009529425039976766,0.011621761395089178,22,,,,,,,,,,,,,,,,
statistics_logsig minus chance,statistics_logsig,selected,chance,0.5,50,0.0050794206806863244,-0.002864747640067824,0.013023589001440473,27,,,,,,,,,,,,,,,,
statistics_rawsig minus chance,statistics_rawsig,gbm,chance,0.5,50,0.008223002310847218,7.425588298907992e-05,0.016371748738705356,31,,,,,,,,,,,,,,,,
statistics_rawsig minus chance,statistics_rawsig,logistic,chance,0.5,50,0.004857756551980675,-0.0039032551296246274,0.013618768233585977,22,,,,,,,,,,,,,,,,
statistics_rawsig minus chance,statistics_rawsig,random_forest,chance,0.5,50,-0.00024178998867497025,-0.007275533532569646,0.006791953555219706,23,,,,,,,,,,,,,,,,
statistics_rawsig minus chance,statistics_rawsig,selected,chance,0.5,50,0.004857756551980675,-0.0039032551296246274,0.013618768233585977,22,,,,,,,,,,,,,,,,
statistics_logsig minus statistics,statistics_logsig,gbm,statistics,0.5,50,-0.011369851990780227,-0.021007616323678577,-0.001732087657881876,10,-5.011120789779326,-11.0880769098978,1.0658353303391488,19.0,0.0008079175924055764,-0.06623361341583935,0.0678494486006505,25.0,-0.0027227528525677973,-0.010281624002183331,0.0048361182970477375,12.0,0.013055037532890496,-0.006122746012261622,0.032232821078042616,30.0
statistics_rawsig minus statistics,statistics_rawsig,gbm,statistics,0.5,50,-0.0025924662065668026,-0.014591493896347403,0.009406561483213796,18,-0.8078042328042321,-6.4515406309683145,4.835932165359851,24.0,-0.021813774994950515,-0.0804997767459409,0.036872226756039864,22.0,0.001736801075568071,-0.0058830415787914404,0.009356643729927583,12.0,-0.0034203284080906214,-0.0229731178740152,0.01613246105783396,22.0
b3_logsig minus b3,b3_logsig,gbm,b3,0.5,50,0.007050164666098733,-0.0024244017409242296,0.016524731073121697,21,-0.7895021645021639,-6.232780565971491,4.653776236967164,23.0,-0.014542516663300357,-0.0668579437158095,0.03777291038920878,22.0,0.003863920128924997,-0.0033888518382491546,0.011116692096099149,14.0,0.0033124454965617793,-0.012162320046367001,0.018787211039490558,29.0
b3_rawsig minus b3,b3_rawsig,gbm,b3,0.5,50,0.0007430760458317642,-0.009128269781698863,0.010614421873362392,21,0.5347673160173161,-6.199085753358364,7.268620385392996,21.0,0.0016158351848111453,-0.05157657315131277,0.054808243520935065,27.0,0.001444001188716981,-0.006828512598730063,0.009716514976164025,18.0,-0.004925785576358463,-0.020005097095362415,0.01015352594264549,26.0
statistics minus CUSUM,statistics,gbm,cusum,0.5,50,0.027888988317260784,0.014200846829632057,0.04157712980488951,29,9.009554334554334,-0.46716874327257507,18.48627741238124,22.0,0.04524338517471218,-0.038339562542296125,0.1288263328917205,27.0,,,,,,,,
statistics minus HMM filter,statistics,gbm,hmm_filter,0.5,50,0.0067808749622810536,-0.006893498332032714,0.02045524825659482,22,4.381292517006802,-3.2510943160994046,12.013679350113009,25.0,0.00403958796202787,-0.06820663069755059,0.07628580662160633,27.0,0.006998384580102164,-0.00032602804147018483,0.014322797201674512,20.0,0.04309485544310952,0.018712337910919346,0.0674773729752997,36.0
statistics_logsig minus CUSUM,statistics_logsig,gbm,cusum,0.5,50,0.016519136326480558,0.0038789818986245013,0.029159290754336615,30,2.8885714285714283,-5.4462304622750555,11.223373319417911,20.0,0.04605130276711776,-0.023839271870543563,0.11594187740477908,28.0,,,,,,,,
statistics_logsig minus HMM filter,statistics_logsig,gbm,hmm_filter,0.5,50,-0.004588977028499172,-0.0192640809954788,0.010086126938480454,19,4.824099099099099,-1.695517213832198,11.343715412030395,20.0,0.004847505554433443,-0.06571830791084032,0.07541331901970721,21.0,0.004275631727534369,-0.0037799438850392034,0.012331207340107942,17.0,0.05614989297600003,0.03322578573994392,0.07907400021205614,40.0
statistics_rawsig minus CUSUM,statistics_rawsig,gbm,cusum,0.5,50,0.02529652211069398,0.013725550787063282,0.036867493434324675,32,5.876132404181185,-3.785743442553377,15.538008250915746,23.0,0.02342961017976166,-0.05880534902755887,0.10566456938708219,27.0,,,,,,,,
statistics_rawsig minus HMM filter,statistics_rawsig,gbm,hmm_filter,0.5,50,0.004188408755714252,-0.009011396185334905,0.017388213696763407,25,0.19594671201814085,-6.498153878358723,6.890047302395004,18.0,-0.017774187032922644,-0.08701324300249764,0.05146486893665235,22.0,0.008735185655670236,-0.0005716887383309995,0.018042060049671474,23.0,0.039674527035018906,0.017598052643783512,0.061751001426254296,40.0
b3 minus CUSUM,b3,gbm,cusum,0.5,50,0.01935166840552995,0.008505428897394203,0.030197907913665695,30,4.448382173382172,-4.436167904829536,13.332932251593881,25.0,0.0387800444354676,-0.04432914421544266,0.12188923308637786,28.0,,,,,,,,
b3 minus HMM filter,b3,gbm,hmm_filter,0.5,50,-0.0017564449494497786,-0.015573147300663401,0.012060257401763844,20,3.631964285714286,-3.538695268420904,10.802623839849476,23.0,-0.002423752777216721,-0.06519350700185438,0.06034600144742093,22.0,0.006665780257976679,-0.0028585391668951013,0.016190099682848458,19.0,0.04214853812317533,0.02247712953024529,0.06181994671610537,38.0
b3_logsig minus CUSUM,b3_logsig,gbm,cusum,0.5,50,0.026401833071628678,0.01559277049504082,0.03721089564821654,29,6.714553571428572,-1.8090202102367146,15.238127353093859,25.0,0.024237527772167245,-0.061830185749240374,0.11030524129357486,28.0,,,,,,,,
b3_logsig minus HMM filter,b3_logsig,gbm,hmm_filter,0.5,50,0.005293719716648956,-0.008030737422273221,0.018618176855571135,19,2.800174216027874,-3.2735186404024317,8.873867072458179,22.0,-0.01696626944051708,-0.08330602050597513,0.049373481624940964,22.0,0.010529700386901675,0.0019933070847421783,0.019066093689061172,25.0,0.04546098361973711,0.02319722584533246,0.06772474139414177,35.0
b3_rawsig minus CUSUM,b3_rawsig,gbm,cusum,0.5,50,0.02009474445136171,0.009149687704067983,0.031039801198655438,32,5.870325203252032,-3.2546902445886188,14.995340651092683,26.0,0.040395879620278734,-0.030449921783903204,0.11124168102446066,29.0,,,,,,,,
b3_rawsig minus HMM filter,b3_rawsig,gbm,hmm_filter,0.5,50,-0.0010133689036180133,-0.01499678313098139,0.012970045323745365,17,2.872916666666667,-3.78295329323203,9.528786626565363,27.0,-0.0008079175924055792,-0.06293503760178218,0.06131920241697102,23.0,0.008109781446693658,-0.0005632865199572696,0.016782849413344583,22.0,0.03722275254681687,0.01402016419823093,0.0604253408954028,35.0
statistics_logsig minus statistics,statistics_logsig,logistic,statistics,0.5,50,0.0037229490867424385,-0.011170004110587686,0.018615902284072564,24,0.9344940476190479,-6.124243302474812,7.993231397712909,19.0,0.019390022217733803,-0.05240766311758215,0.09118770755304975,27.0,0.0096525107683508,-0.0005633229257749443,0.019868344462476543,23.0,0.0026165619879067814,-0.014527545713048973,0.019760669688862535,27.0
statistics_rawsig minus statistics,statistics_rawsig,logistic,statistics,0.5,50,0.003953224750641517,-0.008953319012614293,0.016859768513897325,20,0.2874149659863945,-6.745326253733669,7.320156185706457,19.0,0.019390022217733796,-0.04242241379194067,0.08120245822740826,25.0,0.010571786434201723,0.00036771476557925613,0.020775858102824188,24.0,0.037050028600201255,0.01620885616388717,0.05789120103651534,36.0
b3_logsig minus b3,b3_logsig,logistic,b3,0.5,50,0.009226307069520333,-0.003465717589553316,0.021918331728593983,24,7.704260651629071,-0.21080034945527437,15.619321652713417,24.0,0.058170066653201374,0.002787679864392857,0.1135524534420099,30.0,0.011446884033166,0.0036524189652679343,0.019241349101064065,24.0,0.0023933428990728068,-0.015235999421845036,0.02002268521999065,29.0
b3_rawsig minus b3,b3_rawsig,logistic,b3,0.5,50,0.009591270369269777,-0.003830871993515294,0.023013412732054848,30,4.411403508771929,-3.892253414814684,12.715060432358543,21.0,0.040395879620278734,-0.03324238776560167,0.11403414700615913,25.0,0.012325749129802461,0.004917777823276476,0.019733720436328445,26.0,0.04022985108469647,0.018723837781440284,0.06173586438795266,38.0
statistics minus CUSUM,statistics,logistic,cusum,0.5,50,0.02004955691643159,0.008636003254533812,0.031463110578329366,25,2.638471177944862,-5.485623554481338,10.76256591037106,24.0,0.02666128054938396,-0.06131079386467915,0.11463335496344708,24.0,,,,,,,,
statistics minus HMM filter,statistics,logistic,hmm_filter,0.5,50,-0.0010585564385481394,-0.013740639727703983,0.011623526850607704,20,-1.6420112781954903,-10.681313270617295,7.397290714226315,16.0,-0.014542516663300349,-0.08747462021479305,0.058389586888192346,24.0,0.004308714663675559,-0.005671191145658694,0.014288620473009812,19.0,0.03583488723851363,0.015597725608080211,0.056072048868947046,37.0
statistics_logsig minus CUSUM,statistics_logsig,logistic,cusum,0.5,50,0.023772506003174026,0.009755413155529583,0.037789598850818465,31,0.07457264957264934,-9.6835104390776,9.832655738222899,19.0,0.04605130276711778,-0.049804520170847695,0.14190712570508326,33.0,,,,,,,,
statistics_logsig minus HMM filter,statistics_logsig,logistic,hmm_filter,0.5,50,0.002664392648194297,-0.014271397216171594,0.01960018251256019,21,-1.8045833333333334,-9.510435764000826,5.9012690973341595,18.0,0.0048475055544334525,-0.08421938700396447,0.0939143981128314,24.0,0.013961225432026358,0.0027736106964182383,0.025148840167634478,28.0,0.03845144922642041,0.017242395794926882,0.059660502657913936,31.0
statistics_rawsig minus CUSUM,statistics_rawsig,logistic,cusum,0.5,50,0.024002781667073106,0.012067922709293974,0.03593764062485224,31,2.4605691056910572,-6.1577684981120235,11.078906709494138,21.0,0.04605130276711776,-0.03205421894628814,0.12415682448052366,28.0,,,,,,,,
statistics_rawsig minus HMM filter,statistics_rawsig,logistic,hmm_filter,0.5,50,0.0028946683120933785,-0.012435248368698412,0.01822458499288517,22,0.2704365079365075,-7.873448743583127,8.414321759456142,22.0,0.004847505554433441,-0.07090242317400722,0.08059743428287411,23.0,0.014880501097877282,0.0050879000430239605,0.0246731021527306,22.0,0.07288491583871487,0.05282725639346354,0.0929425752839662,44.0
b3 minus CUSUM,b3,logistic,cusum,0.5,50,0.01352333987615617,0.0023912512173093984,0.024655428535002945,25,-3.610185185185186,-15.672817802829982,8.45244743245961,14.0,-0.016966269440517066,-0.10492244322368197,0.07098990434264782,25.0,,,,,,,,
b3 minus HMM filter,b3,logistic,hmm_filter,0.5,50,-0.007584773478823556,-0.021854151678039176,0.006684604720392065,18,-2.4475225225225232,-12.207052353541616,7.312007308496571,19.0,-0.058170066653201374,-0.13232375141873962,0.015983618112336867,19.0,-0.0013165641348955315,-0.008512519428388484,0.005879391158597421,13.0,0.02731286130860121,0.00015337666479665543,0.05447234595240577,31.0
b3_logsig minus CUSUM,b3_logsig,logistic,cusum,0.5,50,0.022749646945676504,0.010975352168916581,0.034523941722436426,32,1.359279609279609,-8.13000792788983,10.848567146449048,19.0,0.041203797212684315,-0.046917358700965875,0.12932495312633452,29.0,,,,,,,,
b3_logsig minus HMM filter,b3_logsig,logistic,hmm_filter,0.5,50,0.001641533590696776,-0.013399319091398364,0.016682386272791914,20,-1.2110195360195366,-9.334858453531936,6.912819381492863,18.0,1.1102230246251566e-18,-0.08084653932789483,0.08084653932789483,23.0,0.01013031989827047,0.00022236683319841986,0.02003827296334252,23.0,0.02970620420767402,0.010361638696165684,0.04905076971918236,36.0
b3_rawsig minus CUSUM,b3_rawsig,logistic,cusum,0.5,50,0.02311461024542595,0.010230728840342262,0.03599849165050964,30,3.823076923076923,-4.515916975563962,12.162070821717808,22.0,0.02342961017976166,-0.0560441918254068,0.10290341218493013,28.0,,,,,,,,
b3_rawsig minus HMM filter,b3_rawsig,logistic,hmm_filter,0.5,50,0.0020064968904462198,-0.013472022259522303,0.017485016040414744,18,1.2136178861788613,-6.581146495224435,9.008382267582158,21.0,-0.01777418703292264,-0.0976554518559892,0.062107077790143926,19.0,0.01100918499490693,0.002551302864046947,0.019467067125766912,24.0,0.06754271239329768,0.0427966571449898,0.09228876764160555,40.0
statistics_logsig minus statistics,statistics_logsig,random_forest,statistics,0.5,50,-0.0031128075138858093,-0.015328364503829755,0.009102749476058136,20,-2.67001133786848,-9.009871487471308,3.6698488117343486,13.0,-0.033124621288628545,-0.09784716749786145,0.031597924920604356,20.0,0.00031102015385821037,-0.0075254969074044905,0.00814753721512091,20.0,0.011919755858559,-0.0038397974589450146,0.027679309176063017,32.0
statistics_rawsig minus statistics,statistics_rawsig,random_forest,statistics,0.5,50,-0.005795120986592639,-0.019138170587301703,0.007547928614116424,16,-1.009589947089947,-8.387221175264646,6.368041281084753,15.0,-0.04281963239749545,-0.10363050262005712,0.017991237825066217,17.0,0.0011005814647714084,-0.007865635766145698,0.010066798695688516,18.0,0.004725489330528159,-0.0108756840442671,0.020326662705323417,26.0
b3_logsig minus b3,b3_logsig,random_forest,b3,0.5,50,-0.006948234330480522,-0.01752217396286059,0.003625705301899546,9,1.951332199546485,-1.8218710119608312,5.724535411053801,24.0,-0.0016158351848111503,-0.0557107919541387,0.052479121584516404,16.0,-0.0035188080122210406,-0.010806493547048589,0.0037688775226065083,12.0,0.003927247571224076,-0.006569201723662985,0.014423696866111137,29.0
b3_rawsig minus b3,b3_rawsig,random_forest,b3,0.5,50,-0.007275672794033347,-0.01892066096178019,0.004369315373713495,13,-2.77328349944629,-7.528653160431168,1.9820861615385885,20.0,-0.004039587962027874,-0.04932707488962886,0.04124789896557312,22.0,-0.008148069346930645,-0.015860175899818023,-0.00043596279404326845,9.0,-0.008888198528944142,-0.022183211753999434,0.004406814696111148,22.0
statistics minus CUSUM,statistics,random_forest,cusum,0.5,50,0.01788699473716877,0.004209815156553932,0.031564174317783605,26,-0.5488816738816749,-9.762035032016431,8.66427168425308,17.0,0.041203797212684294,-0.038249695286895403,0.120657289712264,25.0,,,,,,,,
statistics minus HMM filter,statistics,random_forest,hmm_filter,0.5,50,-0.0032211186178109567,-0.01830344288177083,0.011861205646148915,20,1.5841496598639455,-7.36400321140276,10.53230253113065,18.0,-1.4988010832439614e-17,-0.06423488892537203,0.064234888925372,26.0,0.003130141879807794,-0.006751869446765001,0.013012153206380588,17.0,0.026683005689573287,0.007896093689322457,0.04546991768982411,36.0
statistics_logsig minus CUSUM,statistics_logsig,random_forest,cusum,0.5,50,0.014774187223282964,0.0022435234233606945,0.027304851023205234,24,-0.03741181657848299,-9.284190403170097,9.20936677001313,19.0,0.008079175924055769,-0.07879728704354486,0.0949556388916564,28.0,,,,,,,,
statistics_logsig minus HMM filter,statistics_logsig,random_forest,hmm_filter,0.5,50,-0.006333926131696766,-0.020077256218304102,0.00740940395491057,17,0.5710317460317463,-6.694342779247463,7.836406271310955,20.0,-0.03312462128862856,-0.1002543606553301,0.03400511807807298,19.0,0.0034411620336660055,-0.004924385263797839,0.01180670933112985,18.0,0.03860276154813229,0.020359472791408106,0.05684605030485647,36.0
statistics_rawsig minus CUSUM,statistics_rawsig,random_forest,cusum,0.5,50,0.012091873750576132,0.0004093623386577736,0.023774385162494492,24,1.9550925925925924,-6.421788845185272,10.331974030370457,19.0,-0.0016158351848111385,-0.08122050900778204,0.07798883863815977,25.0,,,,,,,,
statistics_rawsig minus HMM filter,statistics_rawsig,random_forest,hmm_filter,0.5,50,-0.009016239604403597,-0.0217888247758583,0.003756345567051105,19,2.1853070175438596,-3.9808346946932724,8.35144872978099,21.0,-0.04281963239749548,-0.11029786335275792,0.02465859855776696,20.0,0.0042307233445792024,-0.005268796324242696,0.013730243013401101,20.0,0.03140849502010144,0.012875609241948787,0.049941380798254095,38.0
b3 minus CUSUM,b3,random_forest,cusum,0.5,50,0.02543935583853092,0.012535580827231088,0.03834313084983075,31,3.6873120300751876,-6.414120626806826,13.7887446869572,19.0,0.008887093516461317,-0.07980605057711702,0.09758023761003966,22.0,,,,,,,,
b3 minus HMM filter,b3,random_forest,hmm_filter,0.5,50,0.004331242483551194,-0.007588059795579231,0.016250544762681618,19,2.518524970963995,-4.07405262791605,9.11110256984404,19.0,-0.03231670369622299,-0.09997765125009447,0.0353442438576485,21.0,0.011746495572660231,0.003929052770891119,0.019563938374429345,23.0,0.030356122588851866,0.01072576007439155,0.04998648510331218,35.0
b3_logsig minus CUSUM,b3_logsig,random_forest,cusum,0.5,50,0.018491121508050403,0.007075518989940051,0.029906724026160757,26,4.047039897039897,-6.16069715399277,14.254776948072564,20.0,0.007271258331650162,-0.0816460208558487,0.09618853751914903,22.0,,,,,,,,
b3_logsig minus HMM filter,b3_logsig,random_forest,hmm_filter,0.5,50,-0.0026169918469293257,-0.015264066750117272,0.01003008305625862,16,5.358516483516484,-0.7504369537812163,11.467469920814183,23.0,-0.03393253888103413,-0.09335413985719324,0.025489062095124977,24.0,0.008227687560439192,-0.0007059254595956424,0.017161300580474027,17.0,0.03428337016007594,0.014695744800841227,0.053870995519310655,34.0
b3_rawsig minus CUSUM,b3_rawsig,random_forest,cusum,0.5,50,0.018163683044497576,0.006364609156278343,0.029962756932716807,30,2.6900900900900897,-7.893341984647725,13.273522164827904,17.0,0.004847505554433446,-0.07076025509567563,0.08045526620454252,26.0,,,,,,,,
b3_rawsig minus HMM filter,b3_rawsig,random_forest,hmm_filter,0.5,50,-0.0029444303104821535,-0.01580774282808536,0.009918882207121053,21,-0.521581196581197,-8.203734056588186,7.160571663425791,17.0,-0.03635629165825087,-0.10621761113571976,0.03350502781921802,23.0,0.003598426225729588,-0.005001027554364672,0.012197880005823848,18.0,0.02146792405990772,0.0022546113406635426,0.0406812367791519,34.0
statistics_logsig minus statistics,statistics_logsig,selected,statistics,0.5,50,-0.0013476494621815058,-0.017488959449567854,0.014793660525204843,23,-4.058021541950113,-10.982113357575594,2.8660702736753674,18.0,0.012118763886083623,-0.06972801094093246,0.09396553871309972,27.0,0.007376655929452308,-0.002156321477546772,0.016909633336451388,21.0,0.01439194361400703,-0.004678615267364249,0.03346250249537831,29.0
statistics_rawsig minus statistics,statistics_rawsig,selected,statistics,0.5,50,0.00011031601390392221,-0.015238763967219704,0.015459395995027549,20,-3.8865929705215425,-11.445853362960133,3.6726674219170485,17.0,0.02504544536457282,-0.04836930332027482,0.09846019404942045,25.0,0.011061517104730405,0.0009867168387773604,0.02113631737068345,24.0,0.042516340310473716,0.02116172349952818,0.06387095712141926,39.0
b3_logsig minus b3,b3_logsig,selected,b3,0.5,50,-0.0016897840327968331,-0.014510100546319377,0.011130532480725711,17,2.1475378787878783,-4.23713179055655,8.532207548132305,27.0,0.021813774994950515,-0.04408336440292521,0.08771091439282624,20.0,-0.000823808709701702,-0.008523610866970755,0.006875993447567352,16.0,0.0014760154332734976,-0.011760571631066577,0.014712602497613572,26.0
b3_rawsig minus b3,b3_rawsig,selected,b3,0.5,50,-0.0031672757452624544,-0.019849006705929696,0.013514455215404788,23,2.267828798185942,-4.248865411746277,8.78452300811816,21.0,0.0008079175924055803,-0.07550274808434301,0.07711858326915416,25.0,-0.002102327502397556,-0.010998176352120335,0.0067935213473252236,17.0,0.03771056949485276,0.01849728524493686,0.05692385374476866,34.0
statistics minus CUSUM,statistics,selected,cusum,0.5,50,0.023892465653169187,0.011293575803632102,0.03649135550270627,27,2.117637844611529,-6.619062259129315,10.854337948352374,21.0,0.021005857402544945,-0.05894541494686496,0.10095712975195485,25.0,,,,,,,,
statistics minus HMM filter,statistics,selected,hmm_filter,0.5,50,0.0027843522981894557,-0.012091950027236564,0.017660654623615477,20,1.313032581453634,-7.415908629383265,10.041973792290532,19.0,-0.020197939810139363,-0.08955693133722312,0.04916105171694438,24.0,0.0038189839931468757,-0.004577386843289006,0.012215354829582756,20.0,0.030368575528241157,0.010014748753514102,0.05072240230296821,37.0
statistics_logsig minus CUSUM,statistics_logsig,selected,cusum,0.5,50,0.02254481619098768,0.01075278916226056,0.0343368432197148,32,-0.7808943089430898,-10.339416122302948,8.777627504416769,19.0,0.03312462128862856,-0.0560343322818735,0.12228357485913062,29.0,,,,,,,,
statistics_logsig minus HMM filter,statistics_logsig,selected,hmm_filter,0.5,50,0.001436702836007949,-0.01400418781014648,0.01687759348216238,21,-1.8843253968253966,-9.447250409924877,5.678599616274084,19.0,-0.00807917592405575,-0.0866992248679635,0.07054087301985199,20.0,0.011195639922599183,0.0017904389544065192,0.020600840890791845,26.0,0.044760519142248184,0.023708132039002836,0.06581290624549353,33.0
statistics_rawsig minus CUSUM,statistics_rawsig,selected,cusum,0.5,50,0.024002781667073106,0.012067922709293974,0.03593764062485224,31,2.4605691056910572,-6.1577684981120235,11.078906709494138,21.0,0.04605130276711776,-0.03205421894628814,0.12415682448052366,28.0,,,,,,,,
statistics_rawsig minus HMM filter,statistics_rawsig,selected,hmm_filter,0.5,50,0.0028946683120933785,-0.012435248368698412,0.01822458499288517,22,0.2704365079365075,-7.873448743583127,8.414321759456142,22.0,0.004847505554433441,-0.07090242317400722,0.08059743428287411,23.0,0.014880501097877282,0.0050879000430239605,0.0246731021527306,22.0,0.07288491583871487,0.05282725639346354,0.0929425752839662,44.0
b3 minus CUSUM,b3,selected,cusum,0.5,50,0.0262818859906884,0.01324746495721903,0.03931630702415777,31,2.693620268620268,-7.7786475735108915,13.165888110751428,19.0,0.02262169258735609,-0.06509163942068118,0.11033502459539336,25.0,,,,,,,,
b3 minus HMM filter,b3,selected,hmm_filter,0.5,50,0.005173772635708676,-0.0074527642270328385,0.01780030949845019,22,2.7748214285714283,-4.393227211315989,9.942870068458845,20.0,-0.018582104625328225,-0.08766754171315647,0.05050333246250002,22.0,0.013111512497304485,0.004878198845785031,0.021344826148823937,25.0,0.029832142898444925,0.010352902353411533,0.04931138344347832,35.0
b3_logsig minus CUSUM,b3_logsig,selected,cusum,0.5,50,0.02459210195789157,0.013639133077511242,0.035545070838271894,31,3.7288766788766785,-5.181096308677034,12.638849666430392,20.0,0.04443546758230661,-0.04440797008579257,0.1332789052504058,27.0,,,,,,,,
b3_logsig minus HMM filter,b3_logsig,selected,hmm_filter,0.5,50,0.0034839886029118415,-0.010209484913130052,0.017177462118953737,20,-0.7533035714285712,-8.663627362914042,7.1570202200569,20.0,0.0032316703696222975,-0.06966649514311561,0.0761298358823602,27.0,0.012287703787602784,0.0029220273474530357,0.021653380227752532,25.0,0.03130815833171841,0.010203848634344297,0.052412468029092524,33.0
b3_rawsig minus CUSUM,b3_rawsig,selected,cusum,0.5,50,0.02311461024542595,0.010230728840342262,0.03599849165050964,30,3.823076923076923,-4.515916975563962,12.162070821717808,22.0,0.02342961017976166,-0.0560441918254068,0.10290341218493013,28.0,,,,,,,,
b3_rawsig minus HMM filter,b3_rawsig,selected,hmm_filter,0.5,50,0.0020064968904462198,-0.013472022259522303,0.017485016040414744,18,1.2136178861788613,-6.581146495224435,9.008382267582158,21.0,-0.01777418703292264,-0.0976554518559892,0.062107077790143926,19.0,0.01100918499490693,0.002551302864046947,0.019467067125766912,24.0,0.06754271239329768,0.0427966571449898,0.09228876764160555,40.0
HMM filter minus CUSUM,hmm_filter,none,cusum,0.5,50,0.021108113354979734,0.009608895574220882,0.03260733113573859,29,0.24846491228070167,-7.808843158786833,8.305772983348236,17.0,0.041203797212684315,-0.029241844401556652,0.11164943882692528,28.0,,,,,,,,
b3 minus chance,b3,gbm,chance,1.0,50,0.006044589667719944,-0.008043313401113684,0.02013249273655357,25,,,,,,,,,,,,,,,,
b3 minus chance,b3,logistic,chance,1.0,50,0.0015053141431386615,-0.01084199621049429,0.013852624496771613,24,,,,,,,,,,,,,,,,
b3 minus chance,b3,random_forest,chance,1.0,50,0.007334952071878637,-0.005412691951915162,0.020082596095672436,27,,,,,,,,,,,,,,,,
b3 minus chance,b3,selected,chance,1.0,50,0.005894439322746108,-0.006842790103148844,0.01863166874864106,26,,,,,,,,,,,,,,,,
b3_logsig minus chance,b3_logsig,gbm,chance,1.0,50,0.009577391801983142,-0.004003067560770667,0.023157851164736953,29,,,,,,,,,,,,,,,,
b3_logsig minus chance,b3_logsig,logistic,chance,1.0,50,0.006515504795681425,-0.006891851270208478,0.01992286086157133,28,,,,,,,,,,,,,,,,
b3_logsig minus chance,b3_logsig,random_forest,chance,1.0,50,0.004855046451839067,-0.008338164459844411,0.018048257363522544,25,,,,,,,,,,,,,,,,
b3_logsig minus chance,b3_logsig,selected,chance,1.0,50,0.012099002230200074,-0.0006554570504807497,0.024853461510880897,30,,,,,,,,,,,,,,,,
b3_rawsig minus chance,b3_rawsig,gbm,chance,1.0,50,0.0031632770329109495,-0.008178427823857626,0.014504981889679525,21,,,,,,,,,,,,,,,,
b3_rawsig minus chance,b3_rawsig,logistic,chance,1.0,50,0.013463124997186776,-0.001990120075964368,0.02891637007033792,29,,,,,,,,,,,,,,,,
b3_rawsig minus chance,b3_rawsig,random_forest,chance,1.0,50,0.002776691768984947,-0.008448551117896575,0.014001934655866468,25,,,,,,,,,,,,,,,,
b3_rawsig minus chance,b3_rawsig,selected,chance,1.0,50,0.013463124997186776,-0.001990120075964368,0.02891637007033792,29,,,,,,,,,,,,,,,,
cusum minus chance,cusum,none,chance,1.0,50,-0.008056108506248754,-0.017367476177885,0.0012552591653874935,20,,,,,,,,,,,,,,,,
hmm minus chance,hmm,gbm,chance,1.0,50,0.005060613715308186,-0.008096200510276015,0.018217427940892386,25,,,,,,,,,,,,,,,,
hmm minus chance,hmm,logistic,chance,1.0,50,-0.0031011243193889487,-0.007389510870939907,0.0011872622321620098,12,,,,,,,,,,,,,,,,
hmm minus chance,hmm,random_forest,chance,1.0,50,0.00018258893850380543,-0.013628581102825261,0.013993758979832871,25,,,,,,,,,,,,,,,,
hmm_filter minus chance,hmm_filter,none,chance,1.0,50,0.00429567947619994,-0.006976920446649077,0.015568279399048958,30,,,,,,,,,,,,,,,,
statistics minus chance,statistics,gbm,chance,1.0,50,0.005075771175227189,-0.009109669775302642,0.019261212125757023,23,,,,,,,,,,,,,,,,
statistics minus chance,statistics,logistic,chance,1.0,50,0.009641852280455382,-0.0008070335901756067,0.02009073815108637,30,,,,,,,,,,,,,,,,
statistics minus chance,statistics,random_forest,chance,1.0,50,0.008812901931464587,-0.004011783241172649,0.021637587104101824,27,,,,,,,,,,,,,,,,
statistics minus chance,statistics,selected,chance,1.0,50,0.013677191756587301,0.0020928817652413265,0.025261501747933277,31,,,,,,,,,,,,,,,,
statistics_logsig minus chance,statistics_logsig,gbm,chance,1.0,50,0.012410691382695873,-0.0019873566152238363,0.026808739380615582,26,,,,,,,,,,,,,,,,
statistics_logsig minus chance,statistics_logsig,logistic,chance,1.0,50,0.009714882974000985,-0.0020502137762717105,0.02147997972427368,33,,,,,,,,,,,,,,,,
statistics_logsig minus chance,statistics_logsig,random_forest,chance,1.0,50,0.003995968738312344,-0.009409325853951713,0.0174012633305764,22,,,,,,,,,,,,,,,,
statistics_logsig minus chance,statistics_logsig,selected,chance,1.0,50,0.007754198180892607,-0.002685550482523601,0.018193946844308813,31,,,,,,,,,,,,,,,,
statistics_rawsig minus chance,statistics_rawsig,gbm,chance,1.0,50,0.00792767860460743,-0.00548887966291522,0.02134423687213008,31,,,,,,,,,,,,,,,,
statistics_rawsig minus chance,statistics_rawsig,logistic,chance,1.0,50,0.014615137042101524,0.0008576306705980197,0.028372643413605028,27,,,,,,,,,,,,,,,,
statistics_rawsig minus chance,statistics_rawsig,random_forest,chance,1.0,50,0.0023669546091533984,-0.008296923111261735,0.013030832329568533,26,,,,,,,,,,,,,,,,
statistics_rawsig minus chance,statistics_rawsig,selected,chance,1.0,50,0.014615137042101524,0.0008576306705980197,0.028372643413605028,27,,,,,,,,,,,,,,,,
statistics_logsig minus statistics,statistics_logsig,gbm,statistics,1.0,50,0.008622471675427486,-0.005757043275466479,0.02300198662632145,23,-1.8646177518626494,-7.161170636044995,3.431935132319696,23.0,-0.0016158351848111518,-0.09833623691047583,0.09510456654085353,22.0,0.0052204178184989845,-0.004013780404390588,0.014454616041388556,21.0,0.026575583944020816,0.011442489403735098,0.04170867848430654,33.0
statistics_rawsig minus statistics,statistics_rawsig,gbm,statistics,1.0,50,0.009375812490540435,-0.005153740813402906,0.023905365794483775,24,-0.05040208633958606,-5.263531656749869,5.162727484070697,25.0,0.05170672591395676,-0.03354582821882975,0.13695928004674326,29.0,0.008281347178188063,-0.0014627060207034644,0.01802540037707959,21.0,0.010087195985001001,-0.007484334337247628,0.02765872630724963,31.0
b3_logsig minus b3,b3_logsig,gbm,b3,1.0,50,0.008465648674484419,-0.005781181137647414,0.022712478486616252,26,1.271938775510204,-1.7730505504334677,4.316928101453875,24.0,0.040395879620278734,-0.041113347345109345,0.1219051065856668,29.0,0.004730730025599661,-0.004848251097401216,0.014309711148600537,21.0,0.01205193696224637,0.0006892316151437487,0.02341464230934899,29.0
b3_rawsig minus b3,b3_rawsig,gbm,b3,1.0,50,0.0006650861716307049,-0.013893470176644919,0.015223642519906329,23,2.0058102894837586,-2.4835106846297186,6.495131263597235,28.0,0.03878004443546759,-0.03183606595389682,0.109396154824832,26.0,0.0017531007690557163,-0.008574476860093865,0.0120806783982053,22.0,0.010845668880892174,-0.002704747903964676,0.024396085665749023,27.0
statistics minus CUSUM,statistics,gbm,cusum,1.0,50,0.023337924133101366,0.005410461985716677,0.04126538628048605,28,3.2467240797028025,-1.7122680762567284,8.205716235662333,29.0,0.06705716016966273,-0.04194442470802648,0.17605874504735194,27.0,,,,,,,,
statistics minus HMM filter,statistics,gbm,hmm_filter,1.0,50,0.0032376055231919283,-0.01680709729179026,0.023282308338174115,19,1.5156079747916484,-4.0253729750296925,7.056588924612989,26.0,0.026661280549383982,-0.08187043787711887,0.13519299897588682,26.0,0.01460963781994136,0.002957169193253395,0.026262106446629324,25.0,0.0651289814620028,0.04243767889692594,0.08782028402707966,41.0
statistics_logsig minus CUSUM,statistics_logsig,gbm,cusum,1.0,50,0.03196039580852885,0.010992670640164792,0.05292812097689291,30,1.7244392684610077,-4.525457436094402,7.974335973016417,24.0,0.06544132498485156,-0.05638481613449181,0.18726746610419492,29.0,,,,,,,,
statistics_logsig minus HMM filter,statistics_logsig,gbm,hmm_filter,1.0,50,0.011860077198619416,-0.013195239433760358,0.03691539383099919,26,1.0638580747955755,-4.403434402945658,6.531150552536809,23.0,0.025045445364572823,-0.07919521526098589,0.12928610599013154,27.0,0.01983005563844035,0.008618127072043584,0.031041984204837114,29.0,0.0917045654060236,0.07019906730752093,0.11321006350452628,46.0
statistics_rawsig minus CUSUM,statistics_rawsig,gbm,cusum,1.0,50,0.0327137366236418,0.013056483576665709,0.05237098967061789,30,4.236519961519962,-2.0977335472861736,10.570773470326097,26.0,0.11876388608361949,0.0039738906023248505,0.23355388156491413,29.0,,,,,,,,
statistics_rawsig minus HMM filter,statistics_rawsig,gbm,hmm_filter,1.0,50,0.012613418013732369,-0.010527489111125046,0.03575432513858978,27,2.7073508642657584,-2.8422158931293886,8.256917621660905,28.0,0.07836800646334073,-0.033478664812858494,0.19021467773953996,28.0,0.022890984998129423,0.010726887052893114,0.035055082943365734,30.0,0.0752161774470038,0.05474456642890586,0.09568778846510176,42.0
b3 minus CUSUM,b3,gbm,cusum,1.0,50,0.02455352628800841,0.005946051855254219,0.04316100072076261,32,-0.5220277307233833,-6.331696917045903,5.287641455599136,20.0,0.06705716016966272,-0.04042861782116387,0.17454293816048932,26.0,,,,,,,,
b3 minus HMM filter,b3,gbm,hmm_filter,1.0,50,0.004453207678098982,-0.01800949146951352,0.02691590682571149,26,-0.5283579846079846,-5.466333916398515,4.4096179471825465,28.0,0.026661280549383975,-0.0772620294243902,0.13058459052315816,27.0,0.016876771665130866,0.004133635927812039,0.029619907402449693,27.0,0.0649144518122023,0.043470541472770415,0.0863583621516342,43.0
b3_logsig minus CUSUM,b3_logsig,gbm,cusum,1.0,50,0.033019174962492834,0.013848624905650926,0.05218972501933474,33,1.5484764053912974,-4.004472438594527,7.1014252493771215,24.0,0.10745303978994142,-0.007036631013623784,0.22194271059350662,30.0,,,,,,,,
b3_logsig minus HMM filter,b3_logsig,gbm,hmm_filter,1.0,50,0.0129188563525834,-0.008181611824385013,0.03401932452955181,27,0.10028197426156586,-4.185710695000448,4.386274643523579,23.0,0.0670571601696627,-0.05544536503108065,0.18955968537040607,29.0,0.021607501690730526,0.008150056584705826,0.035064946796755224,30.0,0.07696638877444868,0.05680314700073357,0.09712963054816379,43.0
b3_rawsig minus CUSUM,b3_rawsig,gbm,cusum,1.0,50,0.025218612459639123,0.007369310204081103,0.04306791471519714,33,1.520668693009118,-3.648448058130967,6.689785444149203,26.0,0.1058372046051303,-0.005079238282974616,0.21675364749323522,34.0,,,,,,,,
b3_rawsig minus HMM filter,b3_rawsig,gbm,hmm_filter,1.0,50,0.005118293849729686,-0.015605257214740376,0.025841844914199746,20,0.5219085902759374,-4.887905394629658,5.931722575181532,26.0,0.06544132498485157,-0.04059020044436673,0.17147285041406987,29.0,0.01862987243418658,0.006251640496115365,0.031008104372257796,31.0,0.07576012069309447,0.055988114237315936,0.095532127148873,45.0
statistics_logsig minus statistics,statistics_logsig,logistic,statistics,1.0,50,-0.0035824646669032935,-0.01822874903159412,0.011063819697787533,17,0.4600485070485068,-4.950426750287406,5.870523764384419,25.0,-0.033932538881034154,-0.11919518864463738,0.051330110882569065,22.0,0.0026314940281809652,-0.007890333249444933,0.013153321305806862,20.0,0.008167606033704132,-0.007962840354136786,0.02429805242154505,26.0
statistics_rawsig minus statistics,statistics_rawsig,logistic,statistics,1.0,50,0.008772216220375807,-0.00917821921289786,0.026722651653649475,25,-0.825158674658674,-6.215427371601075,4.5651100222837275,23.0,0.02504544536457281,-0.06210582592864775,0.11219671665779338,27.0,0.015302630124807514,1.071187291276296e-06,0.030604189062323754,24.0,0.04845959922695593,0.0327516837465633,0.06416751470734856,42.0
b3_logsig minus b3,b3_logsig,logistic,b3,1.0,50,0.004878724491591671,-0.012398587839365757,0.0221560368225491,22,-1.4393437480394,-5.6414822199260835,2.762794723847283,22.0,-0.011310846293678043,-0.10324289042054936,0.08062119783319328,24.0,0.0054202066455436215,-0.005746687584154698,0.016587100875241942,22.0,0.009165543646871487,-0.005492100449092589,0.023823187742835563,28.0
b3_rawsig minus b3,b3_rawsig,logistic,b3,1.0,50,0.01485922342791634,-0.003383088096704864,0.033101534952537544,26,-1.2660398629148628,-7.058400897174526,4.526321171344799,21.0,0.005655423146839038,-0.100074304159549,0.11138515045322707,24.0,0.020516951761970704,0.008186485277551125,0.032847418246390286,31.0,0.04763468489706854,0.028786055215663412,0.06648331457847367,40.0
statistics minus CUSUM,statistics,logistic,cusum,1.0,50,0.0276361320578448,0.010977926713750204,0.044294337401939395,32,4.296155145091314,-1.9503522857936675,10.542662575976294,28.0,0.052514643506362375,-0.052506491068140905,0.15753577808086566,25.0,,,,,,,,
statistics minus HMM filter,statistics,logistic,hmm_filter,1.0,50,0.007535813447935362,-0.011737454650358144,0.026809081546228866,25,2.4739057994160034,-3.3730066003512786,8.320818199183286,25.0,0.012118763886083642,-0.09528289883637124,0.11952042660853852,27.0,0.016998047327838453,0.004133630133513606,0.0298624645221633,24.0,0.06560674052863238,0.0499528677761247,0.08126061328114006,44.0
statistics_logsig minus CUSUM,statistics_logsig,logistic,cusum,1.0,50,0.024053667390941506,0.007331339413404317,0.040775995368478694,27,3.873511712873414,-1.687389531443467,9.434412957190295,28.0,0.01858210462532822,-0.10238701274824216,0.1395512219988986,25.0,,,,,,,,
statistics_logsig minus HMM filter,statistics_logsig,logistic,hmm_filter,1.0,50,0.003953348781032071,-0.015197614872653885,0.023104312434718027,24,2.985519922254616,-2.6785162449375663,8.649556089446797,28.0,-0.02181377499495051,-0.14459264577837844,0.10096509578847741,22.0,0.01962954135601942,0.0071813622983717025,0.03207772041366713,31.0,0.07377434656233652,0.05436247379073346,0.09318621933393957,43.0
statistics_rawsig minus CUSUM,statistics_rawsig,logistic,cusum,1.0,50,0.036408348278220606,0.017423354505591994,0.05539334205084922,32,2.3573338599934344,-3.3925809805874456,8.107248700574313,23.0,0.07756008887093518,-0.030778891829739488,0.18589906957160984,30.0,,,,,,,,
statistics_rawsig minus HMM filter,statistics_rawsig,logistic,hmm_filter,1.0,50,0.016308029668311172,-0.007122699774163237,0.03973875911078558,29,1.5666010293561319,-4.015593334737661,7.148795393449925,26.0,0.03716420925065643,-0.08452828162027892,0.15885670012159178,27.0,0.03230067745264597,0.017367278734224213,0.04723407617106773,31.0,0.11406633975558832,0.09716815664228015,0.13096452286889648,50.0
b3 minus CUSUM,b3,logistic,cusum,1.0,50,0.017279019196801193,0.00025705825234609986,0.034300980141256286,27,4.02613557939645,-1.8083290353752117,9.86060019416811,23.0,0.04685922035952334,-0.06563369925138321,0.15935213997042988,27.0,,,,,,,,
b3 minus HMM filter,b3,logistic,hmm_filter,1.0,50,-0.0028212994131082436,-0.024657694657169764,0.019015095830953274,20,3.551280663780664,-2.58152280104683,9.684084128608157,27.0,0.006463340739244607,-0.09362998352480151,0.10655666500329072,28.0,0.009923427641501932,-0.001854377487392837,0.0217012327703967,25.0,0.06008161462166313,0.03980972727191474,0.08035350197141153,41.0
b3_logsig minus CUSUM,b3_logsig,logistic,cusum,1.0,50,0.022157743688392864,0.004801183614379756,0.03951430376240597,29,2.7935353535353546,-2.791869718892562,8.378940425963272,22.0,0.03554837406584529,-0.06863421239774323,0.13973096052943382,28.0,,,,,,,,
b3_logsig minus HMM filter,b3_logsig,logistic,hmm_filter,1.0,50,0.002057425078483427,-0.019797320553739967,0.02391217071070682,22,1.3364749984315203,-4.342510323406112,7.0154603202691534,21.0,-0.004847505554433438,-0.1288347629987845,0.11913975188991761,25.0,0.01534363428704555,0.002165927257063993,0.028521341317027108,28.0,0.06924715826853461,0.05502365370533295,0.08347066283173628,45.0
b3_rawsig minus CUSUM,b3_rawsig,logistic,cusum,1.0,50,0.03213824262471753,0.012086378589405745,0.05219010666002932,29,3.98972959407742,-2.6968100781435718,10.676269266298412,27.0,0.05251464350636237,-0.059808142719277896,0.16483742973200263,23.0,,,,,,,,
b3_rawsig minus HMM filter,b3_rawsig,logistic,hmm_filter,1.0,50,0.0120379240148081,-0.012010278355274942,0.03608612638489114,28,1.2986336580086584,-5.053202717947807,7.650470033965124,25.0,0.01211876388608363,-0.11721178388537687,0.14144931165754412,26.0,0.030440379403472627,0.01587928356618771,0.045001475240757545,31.0,0.10771629951873168,0.09100643395923425,0.12442616507822912,49.0
statistics_logsig minus statistics,statistics_logsig,random_forest,statistics,1.0,50,-0.007084748367105287,-0.022069163774168836,0.007899667039958263,17,-0.5068212520340176,-4.241405191274724,3.2277626872066887,25.0,-0.019390022217733793,-0.10318509505378773,0.06440505061832014,22.0,0.0010892741523268051,-0.009941485462745822,0.012120033767399433,20.0,0.019906760241508902,0.007418804318979668,0.032394716164038134,32.0
statistics_rawsig minus statistics,statistics_rawsig,random_forest,statistics,1.0,50,-0.007687604377899342,-0.02270998099035247,0.0073347722345537885,18,0.9100733781584848,-3.2940784345766883,5.114225190893658,27.0,-0.003231670369622275,-0.09175937912977664,0.0852960383905321,25.0,0.003306859150574083,-0.008221330787178011,0.014835049088326177,22.0,0.013610686168423274,-0.004128307236220164,0.03134967957306671,25.0
b3_logsig minus b3,b3_logsig,random_forest,b3,1.0,50,-0.0037207751935909566,-0.014341005019216512,0.006899454632034599,15,2.5547041847041845,-1.251000342909086,6.360408712317454,25.0,-0.006463340739244601,-0.07652112760343366,0.06359444612494444,20.0,-0.0028421062606459793,-0.011513898551315311,0.0058296860300233524,15.0,0.004533850621206276,-0.00839969471782368,0.017467395960236234,26.0
b3_rawsig minus b3,b3_rawsig,random_forest,b3,1.0,50,-0.008650828177852518,-0.02200683731494359,0.004705180959238553,12,4.916715257531584,-1.33405598888411,11.167486503947277,28.0,-0.028277115734195113,-0.09677762252455357,0.04022339105616335,17.0,-0.005264631795599381,-0.014739728960731922,0.0042104653695331585,15.0,-0.0008933401939508223,-0.015531325774484335,0.013744645386582691,22.0
statistics minus CUSUM,statistics,random_forest,cusum,1.0,50,0.029153321371229706,0.008481902704847818,0.049824740037611594,27,0.1776597140233496,-5.626992322431912,5.982311750478612,22.0,0.0799838416481519,-0.04269158212239346,0.20265926541869725,27.0,,,,,,,,
statistics minus HMM filter,statistics,random_forest,hmm_filter,1.0,50,0.00905300276132027,-0.012408674385035496,0.030514679907676034,20,0.697620616098877,-4.687754144329782,6.082995376527537,23.0,0.03958796202787315,-0.06896556355105231,0.14814148760679863,24.0,0.015729463901383432,0.0018344339137634155,0.02962449388900345,26.0,0.05375961789770136,0.03481637179307854,0.07270286400232417,39.0
statistics_logsig minus CUSUM,statistics_logsig,random_forest,cusum,1.0,50,0.022068573004124424,0.0016411800269223523,0.042495965981326496,27,1.3963779128672742,-4.802009900273577,7.594765726008126,24.0,0.06059381943041811,-0.0538638955646107,0.1750515344254469,28.0,,,,,,,,
statistics_logsig minus HMM filter,statistics_logsig,random_forest,hmm_filter,1.0,50,0.001968254394214985,-0.016432090467224585,0.020368599255654558,21,0.7367045086432844,-4.930179698619542,6.4035887159061105,27.0,0.020197939810139377,-0.09397742454822064,0.13437330416849938,28.0,0.016818738053710237,0.006109035935046048,0.02752844017237443,27.0,0.07366637813921027,0.05484635509013539,0.09248640118828516,44.0
statistics_rawsig minus CUSUM,statistics_rawsig,random_forest,cusum,1.0,50,0.02146571699333036,0.00478434557597502,0.0381470884106857,28,1.3253292806484298,-3.855620106909348,6.506278668206208,26.0,0.07675217127852962,-0.03533089044754803,0.18883523300460728,32.0,,,,,,,,
statistics_rawsig minus HMM filter,statistics_rawsig,random_forest,hmm_filter,1.0,50,0.0013653983834209268,-0.015618028892751497,0.01834882565959335,20,0.07195718114085499,-4.762853106529127,4.906767468810836,26.0,0.03635629165825088,-0.06232676056925325,0.135039343885755,26.0,0.01903632305195752,0.00850726140701088,0.02956538469690416,27.0,0.06737030406612463,0.04888832302769186,0.08585228510455739,43.0
b3 minus CUSUM,b3,random_forest,cusum,1.0,50,0.02529260174463115,0.006171400344867323,0.04441380314439498,24,-1.7945035460992909,-7.934073631398706,4.345066539200125,21.0,0.05413047869117353,-0.05991193937978084,0.1681728967621279,26.0,,,,,,,,
b3 minus HMM filter,b3,random_forest,hmm_filter,1.0,50,0.005192283134721715,-0.011538927628705377,0.021923493898148808,23,-2.525977707100156,-8.385780647478816,3.3338252332785046,24.0,0.013734599070894787,-0.08558312981413321,0.1130523279559228,24.0,0.02235403906446176,0.01020374436310592,0.0345043337658176,28.0,0.06339170162922524,0.042340598846918195,0.08444280441153228,40.0
b3_logsig minus CUSUM,b3_logsig,random_forest,cusum,1.0,50,0.02157182655104019,0.0015012592211462554,0.04164239388093413,30,1.461767369746093,-4.071310382284906,6.994845121777093,28.0,0.04766713795192892,-0.055191613956624905,0.15052588986048276,25.0,,,,,,,,
b3_logsig minus HMM filter,b3_logsig,random_forest,hmm_filter,1.0,50,0.0014715079411307585,-0.015558044971040056,0.01850106085330157,23,0.30875445416261726,-4.304078554194899,4.921587462520134,25.0,0.007271258331650187,-0.08517575316865479,0.09971826983195516,26.0,0.019511932803815787,0.008394241665305748,0.030629623942325827,28.0,0.06792555225043152,0.048069947185546934,0.0877811573153161,43.0
b3_rawsig minus CUSUM,b3_rawsig,random_forest,cusum,1.0,50,0.016641773566778633,-0.002656902836303609,0.03594044996986087,24,3.6096532091097306,-1.767685537945725,8.986991956165186,25.0,0.02585336295697841,-0.09103455825079212,0.14274128416474896,25.0,,,,,,,,
b3_rawsig minus HMM filter,b3_rawsig,random_forest,hmm_filter,1.0,50,-0.003458545043130799,-0.02039377782645845,0.013476687740196851,20,2.8669334716209725,-2.457311664138461,8.191178607380406,27.0,-0.01454251666330033,-0.1182105720612868,0.08912553873468612,24.0,0.01708940726886238,0.00538710671015848,0.028791707827566283,25.0,0.062498361435274416,0.04208203845052203,0.08291468442002681,41.0
statistics_logsig minus statistics,statistics_logsig,selected,statistics,1.0,50,-0.011321322292822627,-0.025323940847681144,0.0026812962620358875,13,2.2351991341991337,-2.9488939247998966,7.419292193198164,26.0,-0.04120379721268431,-0.12956880489806374,0.04716121047269512,19.0,0.00119707430889925,-0.008513405904376574,0.010907554522175072,20.0,0.024843821678779028,0.006211198082135817,0.04347644527542224,32.0
statistics_rawsig minus statistics,statistics_rawsig,selected,statistics,1.0,50,0.002483020247460614,-0.014755168765587162,0.01972120926050839,16,1.2279421689421692,-3.2684415276486156,5.724325865532954,29.0,0.010502928701272474,-0.08165617232892182,0.10266202973146678,26.0,0.014169334878925556,-0.0001690544466475402,0.028507724204498652,24.0,0.06197885972002802,0.04360961239495131,0.08034810704510473,41.0
b3_logsig minus b3,b3_logsig,selected,b3,1.0,50,0.0025928618681643058,-0.010992638016422236,0.016178361752750847,19,3.7341320346320344,-1.0337519610467676,8.502016030310836,28.0,-0.042819632397495457,-0.13733032931706443,0.051691064522073525,17.0,-0.0027494516273118947,-0.012862918414163363,0.007364015159539572,13.0,0.003472102759118836,-0.00963478500982604,0.01657899052806371,24.0
b3_rawsig minus b3,b3_rawsig,selected,b3,1.0,50,0.006136268215781312,-0.013830563112222471,0.026103099543785098,23,4.272242100303324,-1.2671944139270552,9.811678614533704,27.0,-0.023429610179761674,-0.12453175795148352,0.07767253759196016,18.0,0.008435353075418562,-0.004590539168743491,0.021461245319580616,24.0,0.03973839206352702,0.022509652148472635,0.05696713197858141,39.0
statistics minus CUSUM,statistics,selected,cusum,1.0,50,0.033925328030759996,0.01591359486142426,0.05193706120009573,29,2.112005311473396,-3.8119985337662965,8.036009156713089,28.0,0.0670571601696627,-0.0404286178211639,0.17454293816048932,28.0,,,,,,,,
statistics minus HMM filter,statistics,selected,hmm_filter,1.0,50,0.013825009420850558,-0.005280168839474329,0.03293018768117545,24,0.378904938598816,-4.670481995985823,5.428291873183455,20.0,0.026661280549383957,-0.06416902211941372,0.11749158321818165,26.0,0.018131342573720413,0.005998976322369934,0.030263708825070894,27.0,0.0520874800355603,0.032958153731737605,0.071216806339383,38.0
statistics_logsig minus CUSUM,statistics_logsig,selected,cusum,1.0,50,0.022604005737937367,0.006655951913723066,0.03855205956215167,27,3.577819993245525,-1.910042842965602,9.065682829456652,29.0,0.02585336295697839,-0.09105756759373568,0.14276429350769246,25.0,,,,,,,,
statistics_logsig minus HMM filter,statistics_logsig,selected,hmm_filter,1.0,50,0.0025036871280279304,-0.01609837812830121,0.02110575238435707,23,2.7018972524074565,-3.1482730785102113,8.552067583325124,28.0,-0.014542516663300335,-0.13585689950563823,0.10677186617903757,24.0,0.019328416882619662,0.0071400473440223974,0.03151678642121693,30.0,0.07693130171433932,0.056846147742030034,0.0970164556866486,43.0
statistics_rawsig minus CUSUM,statistics_rawsig,selected,cusum,1.0,50,0.036408348278220606,0.017423354505591994,0.05539334205084922,32,2.3573338599934344,-3.3925809805874456,8.107248700574313,23.0,0.07756008887093518,-0.030778891829739488,0.18589906957160984,30.0,,,,,,,,
statistics_rawsig minus HMM filter,statistics_rawsig,selected,hmm_filter,1.0,50,0.016308029668311172,-0.007122699774163237,0.03973875911078558,29,1.5666010293561319,-4.015593334737661,7.148795393449925,26.0,0.03716420925065643,-0.08452828162027892,0.15885670012159178,27.0,0.03230067745264597,0.017367278734224213,0.04723407617106773,31.0,0.11406633975558832,0.09716815664228015,0.13096452286889648,50.0
b3 minus CUSUM,b3,selected,cusum,1.0,50,0.026001974408936226,0.0065970687568126,0.04540688006105985,25,-2.4306568726781497,-8.88669226356087,4.025378518204569,20.0,0.07594425368612404,-0.03710393547183065,0.18899244284407873,27.0,,,,,,,,
b3 minus HMM filter,b3,selected,hmm_filter,1.0,50,0.005901655799026788,-0.010675385026686808,0.022478696624740384,24,-3.1361655917778366,-9.275302316394868,3.0029711328391935,25.0,0.035548374065845295,-0.06141311660476076,0.13250986473645135,26.0,0.02200502632805407,0.00989841875176686,0.034111633904341285,28.0,0.06797790745520466,0.04730477921158286,0.08865103569882646,43.0
b3_logsig minus CUSUM,b3_logsig,selected,cusum,1.0,50,0.028594836277100525,0.009720015059407085,0.04746965749479397,31,1.3526649473457981,-4.776619305423695,7.481949200115292,25.0,0.03312462128862858,-0.07408754078905266,0.14033678336630984,27.0,,,,,,,,
b3_logsig minus HMM filter,b3_logsig,selected,hmm_filter,1.0,50,0.008494517667191092,-0.010071402685334152,0.02706043801971634,25,0.5041051918602938,-4.611205925375699,5.6194163090962865,25.0,-0.007271258331650166,-0.12948977080712032,0.11494725414381998,24.0,0.019255574700742177,0.007391160787188255,0.0311199886142961,28.0,0.07145001021432348,0.05300996697111385,0.08989005345753312,44.0
b3_rawsig minus CUSUM,b3_rawsig,selected,cusum,1.0,50,0.03213824262471753,0.012086378589405745,0.05219010666002932,29,3.98972959407742,-2.6968100781435718,10.676269266298412,27.0,0.05251464350636237,-0.059808142719277896,0.16483742973200263,23.0,,,,,,,,
b3_rawsig minus HMM filter,b3_rawsig,selected,hmm_filter,1.0,50,0.0120379240148081,-0.012010278355274942,0.03608612638489114,28,1.2986336580086584,-5.053202717947807,7.650470033965124,25.0,0.01211876388608363,-0.11721178388537687,0.14144931165754412,26.0,0.030440379403472627,0.01587928356618771,0.045001475240757545,31.0,0.10771629951873168,0.09100643395923425,0.12442616507822912,49.0
HMM filter minus CUSUM,hmm_filter,none,cusum,1.0,50,0.020100318609909434,0.0005961368974761079,0.039604500322342764,28,2.2937950937950924,-3.6241459670473115,8.211736154637496,24.0,0.040395879620278734,-0.08452848806558833,0.16532024730614578,26.0,,,,,,,,
b3 minus chance,b3,gbm,chance,2.0,50,0.011038599528930083,-0.007491488407888457,0.029568687465748623,28,,,,,,,,,,,,,,,,
b3 minus chance,b3,logistic,chance,2.0,50,0.01133047259332817,-0.0038703525988212518,0.026531297785477595,29,,,,,,,,,,,,,,,,
b3 minus chance,b3,random_forest,chance,2.0,50,0.00967048765430604,-0.008741277903268547,0.028082253211880626,25,,,,,,,,,,,,,,,,
b3 minus chance,b3,selected,chance,2.0,50,0.011398537977414115,-0.007094691930066007,0.029891767884894237,28,,,,,,,,,,,,,,,,
b3_logsig minus chance,b3_logsig,gbm,chance,2.0,50,0.019597465341545033,0.0013473603212088882,0.037847570361881175,30,,,,,,,,,,,,,,,,
b3_logsig minus chance,b3_logsig,logistic,chance,2.0,50,0.015117056585266185,-0.004578419502209255,0.034812532672741626,26,,,,,,,,,,,,,,,,
b3_logsig minus chance,b3_logsig,random_forest,chance,2.0,50,0.022255977811264604,0.006543003487334269,0.03796895213519494,32,,,,,,,,,,,,,,,,
b3_logsig minus chance,b3_logsig,selected,chance,2.0,50,0.02404824557404614,0.003424006798230333,0.04467248434986194,31,,,,,,,,,,,,,,,,
b3_rawsig minus chance,b3_rawsig,gbm,chance,2.0,50,0.021156311749308845,0.0033784641712931197,0.038934159327324566,29,,,,,,,,,,,,,,,,
b3_rawsig minus chance,b3_rawsig,logistic,chance,2.0,50,0.03200578210976579,0.015345230632877765,0.048666333586653815,34,,,,,,,,,,,,,,,,
b3_rawsig minus chance,b3_rawsig,random_forest,chance,2.0,50,0.00922939224916666,-0.008007458815479847,0.02646624331381317,25,,,,,,,,,,,,,,,,
b3_rawsig minus chance,b3_rawsig,selected,chance,2.0,50,0.03200578210976579,0.015345230632877765,0.048666333586653815,34,,,,,,,,,,,,,,,,
cusum minus chance,cusum,none,chance,2.0,50,-0.017893553614509554,-0.03713699179831562,0.0013498845692965153,20,,,,,,,,,,,,,,,,
hmm minus chance,hmm,gbm,chance,2.0,50,-0.006132810206435081,-0.020615028035558022,0.008349407622687863,25,,,,,,,,,,,,,,,,
hmm minus chance,hmm,logistic,chance,2.0,50,-0.004000199360756571,-0.008481559086828273,0.0004811603653151319,12,,,,,,,,,,,,,,,,
hmm minus chance,hmm,random_forest,chance,2.0,50,-0.006500657152144924,-0.025166681652715704,0.012165367348425854,23,,,,,,,,,,,,,,,,
hmm_filter minus chance,hmm_filter,none,chance,2.0,50,0.0072662455242964614,-0.007809512919193393,0.022342003967786316,30,,,,,,,,,,,,,,,,
statistics minus chance,statistics,gbm,chance,2.0,50,0.007903822954423073,-0.007715129634691051,0.023522775543537197,27,,,,,,,,,,,,,,,,
statistics minus chance,statistics,logistic,chance,2.0,50,0.027050493614410583,0.010323285548189572,0.043777701680631595,33,,,,,,,,,,,,,,,,
statistics minus chance,statistics,random_forest,chance,2.0,50,0.0060062544559130494,-0.012645327152242376,0.024657836064068475,28,,,,,,,,,,,,,,,,
statistics minus chance,statistics,selected,chance,2.0,50,0.024212847005679654,0.007142373972224187,0.041283320039135124,34,,,,,,,,,,,,,,,,
statistics_logsig minus chance,statistics_logsig,gbm,chance,2.0,50,0.026259218988725342,0.009674783137297593,0.042843654840153095,30,,,,,,,,,,,,,,,,
statistics_logsig minus chance,statistics_logsig,logistic,chance,2.0,50,0.018996607065256414,0.0012514137942567123,0.03674180033625611,30,,,,,,,,,,,,,,,,
statistics_logsig minus chance,statistics_logsig,random_forest,chance,2.0,50,0.018578029538253764,0.0026320752445452428,0.034523983831962285,32,,,,,,,,,,,,,,,,
statistics_logsig minus chance,statistics_logsig,selected,chance,2.0,50,0.020857523332976316,0.00414184610157544,0.03757320056437719,30,,,,,,,,,,,,,,,,
statistics_rawsig minus chance,statistics_rawsig,gbm,chance,2.0,50,0.02256688632852358,0.005795486645498421,0.03933828601154874,31,,,,,,,,,,,,,,,,
statistics_rawsig minus chance,statistics_rawsig,logistic,chance,2.0,50,0.040455613564458356,0.023546528502590487,0.057364698626326226,37,,,,,,,,,,,,,,,,
statistics_rawsig minus chance,statistics_rawsig,random_forest,chance,2.0,50,-0.009519674165339245,-0.025408369980793013,0.006369021650114524,21,,,,,,,,,,,,,,,,
statistics_rawsig minus chance,statistics_rawsig,selected,chance,2.0,50,0.040455613564458356,0.023546528502590487,0.057364698626326226,37,,,,,,,,,,,,,,,,
statistics_logsig minus statistics,statistics_logsig,gbm,statistics,2.0,50,0.021669584371302862,0.004662984046722846,0.03867618469588288,26,1.2877999957558783,-1.6471875443054542,4.222787535817211,26.0,0.004039587962027862,-0.09820436543182823,0.10628354135588394,29.0,0.010853877066526598,-0.0013480322279839588,0.023055786361037153,28.0,0.02474835207492457,0.011482800366354793,0.03801390378349435,35.0
statistics_rawsig minus statistics,statistics_rawsig,gbm,statistics,2.0,50,0.014495062741258226,-0.005207571548188706,0.03419769703070516,31,-0.07481232656232606,-3.3121574879884954,3.162532834863843,26.0,-0.02585336295697839,-0.1415849845056209,0.08987825859166412,21.0,0.010792500292597186,-0.00019400970889594388,0.021779010294090316,27.0,0.02738028859516085,0.013987416656828495,0.040773160533493204,35.0
b3_logsig minus b3,b3_logsig,gbm,b3,2.0,50,0.01557572394115041,-0.0010383344145520543,0.032189782296852876,25,2.3799425340741127,-0.49732187435823505,5.2572069425064605,30.0,0.05493839628357909,-0.03309939063957838,0.14297618320673655,31.0,0.018785347734052982,0.0071296125478816745,0.03044108292022429,27.0,0.007600130223690946,-0.00576509890957611,0.020965359356958,28.0
b3_rawsig minus b3,b3_rawsig,gbm,b3,2.0,50,0.017245762661823066,-0.0008945364397627796,0.035386061763408916,26,0.316090367235104,-2.270670044512576,2.902850778982784,24.0,0.054938396283579084,-0.042081886832587116,0.15195867939974528,27.0,0.012159426050219016,0.0008776008975036435,0.023441251202934388,24.0,0.016439775952889292,0.004769068793560885,0.0281104831122177,31.0
statistics minus CUSUM,statistics,gbm,cusum,2.0,50,0.030334114510920888,0.004016998927567295,0.05665123009427448,27,4.266582968459129,-0.0025567632222767145,8.535722700140536,33.0,-0.016158351848111496,-0.17547173626661988,0.1431550325703969,24.0,,,,,,,,
statistics minus HMM filter,statistics,gbm,hmm_filter,2.0,50,0.007240037920169973,-0.016693990197990928,0.031174066038330873,25,1.181136752136752,-2.8374443890883874,5.199717893361891,29.0,0.06301757220763478,-0.058814530050675384,0.18484967446594494,30.0,0.03729199108912685,0.019265287978300454,0.05531869419995324,35.0,0.07949525263715539,0.061547734404230905,0.09744277087007987,45.0
statistics_logsig minus CUSUM,statistics_logsig,gbm,cusum,2.0,50,0.05200369888222375,0.028750302709381975,0.07525709505506553,33,5.554382964215008,1.9586451630538466,9.150120765376169,36.0,-0.012118763886083635,-0.1816761365576259,0.15743860878545865,26.0,,,,,,,,
statistics_logsig minus HMM filter,statistics_logsig,gbm,hmm_filter,2.0,50,0.028909622291472835,0.002889163626680298,0.05493008095626537,29,2.4689367478926307,-1.6343807769958536,6.572254272781115,27.0,0.06705716016966262,-0.06446683144967116,0.1985811517889964,28.0,0.048145868155653436,0.03418254099791976,0.062109195313387114,38.0,0.10424360471207995,0.08410999874063402,0.12437721068352589,46.0
statistics_rawsig minus CUSUM,statistics_rawsig,gbm,cusum,2.0,50,0.04482917725217911,0.01882687140312702,0.07083148310123119,32,4.191770641896803,0.04112295705672242,8.342418326736883,30.0,-0.042011714805089875,-0.19610634045033049,0.11208291084015072,24.0,,,,,,,,
statistics_rawsig minus HMM filter,statistics_rawsig,gbm,hmm_filter,2.0,50,0.021735100661428194,-0.0038178231201268682,0.04728802444298326,28,1.106324425574426,-3.383453977846285,5.596102828995138,25.0,0.03716420925065638,-0.10767851688495353,0.1820069353862663,26.0,0.04808449138172403,0.032088604959062406,0.06408037780438565,37.0,0.10687554123231624,0.0893407320471963,0.12441035041743619,50.0
b3 minus CUSUM,b3,gbm,cusum,2.0,50,0.03039721065165168,0.0042964808367036145,0.05649794046659975,30,3.169109719485881,-1.2145478066385489,7.55276724561031,25.0,-0.04928297313674003,-0.21002990764337565,0.11146396136989557,27.0,,,,,,,,
b3 minus HMM filter,b3,gbm,hmm_filter,2.0,50,0.0073031340609007655,-0.020901944738789334,0.03550821286059087,22,0.08366350316350335,-4.30640837519349,4.4737353815204965,22.0,0.029892950919006216,-0.11524604058574119,0.1750319424237536,22.0,0.03460454631460947,0.019719858280211618,0.04948923434900732,33.0,0.08828280374571527,0.06882722795290264,0.10773837953852791,46.0
b3_logsig minus CUSUM,b3_logsig,gbm,cusum,2.0,50,0.04597293459280209,0.018974546415657663,0.07297132276994653,31,5.549052253559994,0.8456008275684033,10.252503679551584,34.0,0.005655423146839036,-0.1394502061398544,0.15076105243353247,24.0,,,,,,,,
b3_logsig minus HMM filter,b3_logsig,gbm,hmm_filter,2.0,50,0.02287885800205118,-0.005286322047953516,0.05104403805205587,28,2.463606037237616,-1.7063313219309002,6.633543396406132,27.0,0.0848313472025853,-0.06003756074911697,0.22970025515428755,25.0,0.05338989404866246,0.03578422605339898,0.07099556204392594,38.0,0.09588293396940623,0.07580950047322912,0.11595636746558333,45.0
b3_rawsig minus CUSUM,b3_rawsig,gbm,cusum,2.0,50,0.04764297331347474,0.02259662444534221,0.07268932218160726,33,3.4852000867209854,-0.3027280553157494,7.27312822875772,30.0,0.005655423146839031,-0.12396098516782786,0.13527183146150593,25.0,,,,,,,,
b3_rawsig minus HMM filter,b3_rawsig,gbm,hmm_filter,2.0,50,0.024548896722723833,-0.0027123229886451307,0.05181011643409279,28,0.39975387039860766,-3.4980188760656894,4.297526616862904,25.0,0.0848313472025853,-0.04512163400855686,0.21478432841372747,25.0,0.04676397236482849,0.030531670169804286,0.06299627455985268,36.0,0.10472257969860457,0.08718208009178242,0.12226307930542672,47.0
statistics_logsig minus statistics,statistics_logsig,logistic,statistics,2.0,50,0.0006366310777796297,-0.025586972295841035,0.026860234451400292,24,-1.1572999340700583,-4.01351285061304,1.6989129824729234,23.0,0.10987679256715817,-0.022247697071375125,0.24200128220569145,27.0,0.014367105442770289,-0.0033061498143003593,0.03204036069984094,23.0,0.02184142355501706,0.007705742291907113,0.035977104818127006,35.0
statistics_rawsig minus statistics,statistics_rawsig,logistic,statistics,2.0,50,0.022040418714141027,-0.0011291700430457116,0.045210007471327765,28,0.06995181126063443,-3.15456105086548,3.2944646733867486,21.0,0.07028883053928499,-0.07959116120275196,0.22016882228132195,29.0,0.0333713276334228,0.014795455643297553,0.051947199623548046,32.0,0.057354697335698195,0.04109644300051523,0.07361295167088117,42.0
b3_logsig minus b3,b3_logsig,logistic,b3,2.0,50,0.009247936245643948,-0.00823431544688363,0.026730187938171526,23,0.24497385363174914,-2.7407987382041132,3.2307464454676116,21.0,0.05170672591395676,-0.06553228538305764,0.16894573721097117,30.0,0.015071628587891414,0.003656362386825481,0.026486894788957348,27.0,0.026077472320382065,0.014545677209183117,0.037609267431581016,37.0
b3_rawsig minus b3,b3_rawsig,logistic,b3,2.0,50,0.020782661075294778,-0.0008404546213871301,0.04240577677197668,25,4.252744725260979,0.5673815000984952,7.938107950423463,30.0,-0.040395879620278734,-0.19169035777278354,0.11089859853222606,21.0,0.03321530224196306,0.01728869840340436,0.04914190608052177,34.0,0.05607402376160354,0.04120319671289257,0.0709448508103145,45.0
statistics minus CUSUM,statistics,logistic,cusum,2.0,50,0.04484817845118944,0.018248597984896617,0.07144775891748227,33,4.348293785419948,0.3190873951218238,8.377500175718072,34.0,-0.10260553423550797,-0.2666144349291809,0.06140336645816499,22.0,,,,,,,,
statistics minus HMM filter,statistics,logistic,hmm_filter,2.0,50,0.02175410186043852,-0.00367001573692673,0.047178219457803774,28,1.2628475690975696,-3.667923629010657,6.1936187672057965,26.0,-0.02342961017976169,-0.15825546269614488,0.11139624233662149,21.0,0.03666642171005213,0.015779516131056926,0.05755332728904734,29.0,0.08425804337935791,0.06612259416045048,0.10239349259826534,44.0
statistics_logsig minus CUSUM,statistics_logsig,logistic,cusum,2.0,50,0.04548480952896907,0.01688326946586087,0.07408634959207727,30,3.190993851349889,-0.813587587327536,7.195575290027314,31.0,0.007271258331650179,-0.16517156911977818,0.17971408578307854,27.0,,,,,,,,
statistics_logsig minus HMM filter,statistics_logsig,logistic,hmm_filter,2.0,50,0.02239073293821815,-0.005055791777131401,0.049837257653567696,29,0.10554763502751158,-4.363982051653757,4.575077321708781,23.0,0.08644718238739642,-0.04984539786247057,0.22273976263726342,30.0,0.051033527152822424,0.030259998374127045,0.0718070559315178,35.0,0.10609946693437494,0.09032614807253683,0.12187278579621305,49.0
statistics_rawsig minus CUSUM,statistics_rawsig,logistic,cusum,2.0,50,0.06688859716533047,0.03912392679405038,0.09465326753661055,31,4.418245596680581,0.2006338811049755,8.635857312256187,31.0,-0.03231670369622298,-0.21324378897115734,0.1486103815787114,26.0,,,,,,,,
statistics_rawsig minus HMM filter,statistics_rawsig,logistic,hmm_filter,2.0,50,0.04379452057457956,0.017974079080321396,0.06961496206883773,33,1.3327993803582039,-3.058598404369686,5.724197165086094,24.0,0.046859220359523286,-0.10002156143348434,0.1937400021525309,26.0,0.07003774934347494,0.05231629874265377,0.08775919994429611,41.0,0.14161274071505608,0.12523111581024718,0.157994365619865,50.0
b3 minus CUSUM,b3,logistic,cusum,2.0,50,0.03267418525091248,0.008408194009634485,0.05694017649219048,33,2.8478263704819424,-1.2410078045827602,6.936660545546645,32.0,-0.03150878610381738,-0.19413555820100625,0.1311179859933715,25.0,,,,,,,,
b3 minus HMM filter,b3,logistic,hmm_filter,2.0,50,0.009580108660161561,-0.01915316252175718,0.0383133798420803,22,-0.2376198458404342,-4.7246251219715765,4.249385430290707,27.0,0.04766713795192889,-0.09241483724403524,0.18774911314789303,26.0,0.029086291653920595,0.01046485639410084,0.04770772691374035,31.0,0.07507058958201296,0.057689702348122956,0.09245147681590296,44.0
b3_logsig minus CUSUM,b3_logsig,logistic,cusum,2.0,50,0.04192212149655643,0.015381161689530971,0.06846308130358189,30,3.0928002241136925,-1.5038099220603405,7.6894103702877254,30.0,0.020197939810139377,-0.13237562337183068,0.17277150299210942,27.0,,,,,,,,
b3_logsig minus HMM filter,b3_logsig,logistic,hmm_filter,2.0,50,0.01882804490580551,-0.011248087306030458,0.04890417711764147,25,0.00735400779131524,-4.810568225808272,4.8252762413909025,23.0,0.09937386386588563,-0.05535222517146378,0.25409995290323506,29.0,0.04415792024181202,0.02400426598115508,0.06431157450246895,34.0,0.10114806190239502,0.08200389987999623,0.1202922239247938,48.0
b3_rawsig minus CUSUM,b3_rawsig,logistic,cusum,2.0,50,0.05345684632620726,0.02426627070623664,0.08264742194617787,36,7.1005710957429224,2.2101653091203994,11.990976882365445,31.0,-0.07190466572409612,-0.24631103251489977,0.10250170106670753,22.0,,,,,,,,
b3_rawsig minus HMM filter,b3_rawsig,logistic,hmm_filter,2.0,50,0.030362769735456343,0.003878106225981365,0.05684743324493132,28,4.015124879420545,-0.8094648459066098,8.839714604747702,28.0,0.00727125833165013,-0.14889931548841204,0.1634418321517123,21.0,0.062301593895883654,0.045431924438603666,0.07917126335316364,39.0,0.1311446133436165,0.11416906003549558,0.14812016665173738,50.0
statistics_logsig minus statistics,statistics_logsig,random_forest,statistics,2.0,50,0.006271141071680798,-0.012583524020187777,0.025125806163549372,22,-0.02947918928336925,-2.8046076342812234,2.745649255714485,25.0,-0.08887093516461324,-0.21271406070542775,0.03497219037620128,17.0,0.004541478133021253,-0.008853565783868964,0.017936522049911467,19.0,0.01536291984216631,0.002736880666782987,0.027988959017549633,32.0
statistics_rawsig minus statistics,statistics_rawsig,random_forest,statistics,2.0,50,-0.015876832322606158,-0.036262785196863115,0.004509120551650796,20,-1.4565011687658747,-4.653619194848494,1.7406168573167442,22.0,0.03312462128862858,-0.10475101168316373,0.1710002542604209,27.0,-0.0014604638706193695,-0.015133485033596985,0.012212557292358248,22.0,0.031814057140800406,0.0178377059237424,0.045790408357858414,36.0
b3_logsig minus b3,b3_logsig,random_forest,b3,2.0,50,0.010221482079699034,-0.0036204062040688344,0.024063370363466903,27,-0.042317737817738246,-2.588030521532773,2.5033950458972964,29.0,-0.05251464350636235,-0.16818791412580505,0.06315862711308037,22.0,0.011329076548745034,0.002193863751739987,0.02046428934575008,25.0,0.00477186928357384,-0.0058364265756305446,0.015380165142778224,28.0
b3_rawsig minus b3,b3_rawsig,random_forest,b3,2.0,50,0.0003260592393441852,-0.017486925417706294,0.018139043896394667,21,-0.302953569306511,-2.6322833630086873,2.0263762243956656,24.0,0.006463340739244617,-0.10813787051534171,0.12106455199383095,27.0,-0.003128321236901329,-0.01569326014665452,0.009436617672851859,16.0,0.006224855351650916,-0.005657663038480833,0.018107373741782666,29.0
statistics minus CUSUM,statistics,random_forest,cusum,2.0,50,0.031182410749979426,1.4403727052896692e-05,0.06235041777290595,26,3.198512847403715,-0.8903079979152881,7.287333692722719,30.0,0.016966269440517073,-0.14387768720519625,0.1778102260862304,28.0,,,,,,,,
statistics minus HMM filter,statistics,random_forest,hmm_filter,2.0,50,0.008088334159228513,-0.019659165941366075,0.035835834259823104,25,0.11306663108133762,-4.462427092926722,4.688560355089397,25.0,0.09614219349626335,-0.040542162021877604,0.2328265490144043,27.0,0.03755238480708727,0.020707985255721408,0.05439678435845314,34.0,0.07364375345376949,0.05593814753043694,0.09134935937710204,45.0
statistics_logsig minus CUSUM,statistics_logsig,random_forest,cusum,2.0,50,0.03745355182166022,0.012990785683229963,0.06191631796009048,30,3.1690336581203464,-0.8423401465878335,7.180407462828526,27.0,-0.07190466572409616,-0.21834399821379974,0.0745346667656074,22.0,,,,,,,,
statistics_logsig minus HMM filter,statistics_logsig,random_forest,hmm_filter,2.0,50,0.014359475230909307,-0.009589054905717443,0.038308005367536056,27,0.08358744179796815,-4.314792338187694,4.481967221783631,25.0,0.007271258331650112,-0.12850089443047363,0.14304341109377383,22.0,0.04209386294010852,0.026683515937738184,0.05750420994247886,34.0,0.08900667329593577,0.0711776361498608,0.10683571044201073,45.0
statistics_rawsig minus CUSUM,statistics_rawsig,random_forest,cusum,2.0,50,0.015305578427373269,-0.011292572190921564,0.0419037290456681,24,1.7420116786378406,-2.5100183946561287,5.99404175193181,30.0,0.050090890729145646,-0.12217824248789134,0.22236002394618265,26.0,,,,,,,,
statistics_rawsig minus HMM filter,statistics_rawsig,random_forest,hmm_filter,2.0,50,-0.007788498163377649,-0.031544491848777924,0.015967495522022628,19,-1.3434345376845374,-5.794997910345681,3.1081288349766067,24.0,0.12926681478489194,-0.03692178460208198,0.2954554141718658,30.0,0.0360919209364679,0.020476850647217784,0.05170699122571802,31.0,0.10545781059456988,0.08818694996060587,0.12272867122853388,48.0
b3 minus CUSUM,b3,random_forest,cusum,2.0,50,0.027426599503405737,0.004213740302830837,0.050639458703980636,29,2.9680241302385273,-0.8880582463675628,6.824106506844617,31.0,-0.060593819430418104,-0.2539986057847885,0.13281096692395228,21.0,,,,,,,,
b3 minus HMM filter,b3,random_forest,hmm_filter,2.0,50,0.004332522912654822,-0.022431148415663682,0.031096194240973325,26,-0.11742208608385013,-4.144527525391572,3.909683353223872,22.0,0.018582104625328177,-0.1307477231085163,0.16791193235917262,28.0,0.04308647251690966,0.026347292454933106,0.05982565257888622,36.0,0.08617102007285875,0.06966501319909159,0.10267702694662591,47.0
b3_logsig minus CUSUM,b3_logsig,random_forest,cusum,2.0,50,0.037648081583104766,0.01342604541564316,0.061870117750566375,28,2.9257063924207887,-1.1984878023973393,7.049900587238916,30.0,-0.11310846293678047,-0.2830105171118387,0.05679359123827778,21.0,,,,,,,,
b3_logsig minus HMM filter,b3_logsig,random_forest,hmm_filter,2.0,50,0.01455400499235385,-0.01078892266883276,0.03989693265354046,24,-0.15973982390158825,-4.107076447310401,3.787596799507225,23.0,-0.03393253888103419,-0.1954318690051371,0.1275667912430687,22.0,0.0544155490656547,0.03801663937960981,0.07081445875169959,37.0,0.09094288935643259,0.07398568116391951,0.10790009754894567,46.0
b3_rawsig minus CUSUM,b3_rawsig,random_forest,cusum,2.0,50,0.027752658742749917,0.005133642038561471,0.050371675446938366,28,2.665070560932016,-1.3914169859429006,6.721558107806933,27.0,-0.05413047869117348,-0.21048901827315397,0.102228060890807,20.0,,,,,,,,
b3_rawsig minus HMM filter,b3_rawsig,random_forest,hmm_filter,2.0,50,0.004658582151999004,-0.021490365034892964,0.030807529338890974,20,-0.4203756553903611,-5.176781644840947,4.336030334060224,19.0,0.025045445364572774,-0.11279506741394434,0.16288595814308987,25.0,0.03995815128000833,0.022048392526581542,0.057867910033435124,33.0,0.09239587542450968,0.07388974930053335,0.110902001548486,44.0
statistics_logsig minus statistics,statistics_logsig,selected,statistics,2.0,50,0.0027301025210215036,-0.024056540370741446,0.02951674541278445,24,0.5083143829854354,-2.4726890716015166,3.4893178375723872,26.0,0.07513633609371845,-0.03841917555365201,0.1886918477410889,24.0,0.005154647621493238,-0.010374576079790213,0.02068387132277669,22.0,0.03261514231371272,0.018582260879396042,0.0466480237480294,39.0
statistics_rawsig minus statistics,statistics_rawsig,selected,statistics,2.0,50,0.023317433738505384,0.002221907016581679,0.044412960460429085,29,1.3760714661155837,-1.3518365967803418,4.103979529011509,27.0,0.050898808321551206,-0.10122560203899007,0.2030232186820925,29.0,0.028916751612567085,0.012660114538199516,0.04517338868693466,31.0,0.07019424663974694,0.05371398058257987,0.08667451269691401,44.0
b3_logsig minus b3,b3_logsig,selected,b3,2.0,50,0.016283478106033093,-0.004419737625286507,0.03698669383735269,27,-1.7841407686740498,-5.436700161314859,1.8684186239667595,21.0,0.014542516663300357,-0.14642965359914178,0.1755146869257425,28.0,0.008694492704971229,-0.00436081429040462,0.02174979970034708,22.0,0.006557349454846526,-0.007486187327735399,0.02060088623742845,29.0
b3_rawsig minus b3,b3_rawsig,selected,b3,2.0,50,0.0196755891318815,-0.004572713442618243,0.04392389170638124,25,3.7277636442504867,0.5055197793982242,6.950007509102749,32.0,-0.052514643506362334,-0.19869586359387137,0.09366657658114669,19.0,0.02174954039032029,0.00875741111761469,0.034741669663025894,33.0,0.04181588018568312,0.026947035370351723,0.05668472500101452,43.0
statistics minus CUSUM,statistics,selected,cusum,2.0,50,0.043571163426825085,0.013901650891336156,0.07324067596231401,32,3.042174130564998,-1.167894560952357,7.252242822082353,31.0,-0.08321551201777419,-0.2325129140269579,0.06608188999140951,20.0,,,,,,,,
statistics minus HMM filter,statistics,selected,hmm_filter,2.0,50,0.02047708683607417,-0.0039324388552580206,0.04488661252740636,26,-0.04327208575737984,-4.248211230009692,4.161667058494932,27.0,-0.004039587962027924,-0.11760078432507472,0.10952160840101886,23.0,0.04112099773090785,0.020805964337458644,0.061436031124357054,34.0,0.07141849407530915,0.05353593019706432,0.08930105795355398,44.0
statistics_logsig minus CUSUM,statistics_logsig,selected,cusum,2.0,50,0.04630126594784659,0.019002957121700984,0.07359957477399219,31,3.5504885135504334,-0.40980527215763995,7.510782299258507,33.0,-0.008079175924055746,-0.16725743446208635,0.15109908261397487,26.0,,,,,,,,
statistics_logsig minus HMM filter,statistics_logsig,selected,hmm_filter,2.0,50,0.02320718935709568,-0.003037552905672706,0.04945193161986407,28,0.46504229722805573,-4.001069696655874,4.931154291111985,23.0,0.07109674813169051,-0.06285786488620598,0.205051361149587,28.0,0.046275645352401085,0.02617730462697005,0.06637398607783213,35.0,0.10403363638902188,0.08647341221949412,0.12159386055854965,49.0
statistics_rawsig minus CUSUM,statistics_rawsig,selected,cusum,2.0,50,0.06688859716533047,0.03912392679405038,0.09465326753661055,31,4.418245596680581,0.2006338811049755,8.635857312256187,31.0,-0.03231670369622298,-0.21324378897115734,0.1486103815787114,26.0,,,,,,,,
statistics_rawsig minus HMM filter,statistics_rawsig,selected,hmm_filter,2.0,50,0.04379452057457956,0.017974079080321396,0.06961496206883773,33,1.3327993803582039,-3.058598404369686,5.724197165086094,24.0,0.046859220359523286,-0.10002156143348434,0.1937400021525309,26.0,0.07003774934347494,0.05231629874265377,0.08775919994429611,41.0,0.14161274071505608,0.12523111581024718,0.157994365619865,50.0
b3 minus CUSUM,b3,selected,cusum,2.0,50,0.03378125719432576,0.014095148195127236,0.05346736619352428,33,3.3728074514924367,-0.6196265141239041,7.365241417108777,32.0,-0.019390022217733793,-0.21093603857028378,0.17215599413481622,20.0,,,,,,,,
b3 minus HMM filter,b3,selected,hmm_filter,2.0,50,0.010687180603574844,-0.015224358910002435,0.03659872011715212,27,0.28736123517005907,-3.9750502342387017,4.54977270457882,24.0,0.059785901838012474,-0.07412211799017931,0.19369392166620425,28.0,0.04055205350556337,0.02550542933249559,0.05559867767863114,36.0,0.08932873315793337,0.07438910616895716,0.10426836014690957,48.0
b3_logsig minus CUSUM,b3_logsig,selected,cusum,2.0,50,0.05006473530035885,0.025027464521453723,0.07510200607926397,31,1.5886666828183866,-2.9955054715400538,6.172838837176827,28.0,-0.004847505554433446,-0.1641885766250576,0.1544935655161907,28.0,,,,,,,,
b3_logsig minus HMM filter,b3_logsig,selected,hmm_filter,2.0,50,0.02697065870960793,-0.002679063451143583,0.05662038087035944,26,-1.4967795335039908,-5.90794206436623,2.914382997358248,24.0,0.07432841850131282,-0.09800003701197994,0.24665687401460556,25.0,0.049246546210534585,0.030781806442518888,0.06771128597855028,36.0,0.09588608261277991,0.07792906593015758,0.11384309929540223,47.0
b3_rawsig minus CUSUM,b3_rawsig,selected,cusum,2.0,50,0.05345684632620726,0.02426627070623664,0.08264742194617787,36,7.1005710957429224,2.2101653091203994,11.990976882365445,31.0,-0.07190466572409612,-0.24631103251489977,0.10250170106670753,22.0,,,,,,,,
b3_rawsig minus HMM filter,b3_rawsig,selected,hmm_filter,2.0,50,0.030362769735456343,0.003878106225981365,0.05684743324493132,28,4.015124879420545,-0.8094648459066098,8.839714604747702,28.0,0.00727125833165013,-0.14889931548841204,0.1634418321517123,21.0,0.062301593895883654,0.045431924438603666,0.07917126335316364,39.0,0.1311446133436165,0.11416906003549558,0.14812016665173738,50.0
HMM filter minus CUSUM,hmm_filter,none,cusum,2.0,50,0.023094076590750915,-0.006306839764643916,0.05249499294614575,25,3.0854462163223775,-1.6432198210288838,7.814112253673638,30.0,-0.07917592405574628,-0.25463815652266697,0.09628630841117441,23.0,,,,,,,,
b3 minus chance,b3,gbm,chance,5.0,50,0.022532616323372934,-0.00013652564055102387,0.04520175828729689,30,,,,,,,,,,,,,,,,
b3 minus chance,b3,logistic,chance,5.0,50,0.03770821897281653,0.016358986943257783,0.05905745100237528,38,,,,,,,,,,,,,,,,
b3 minus chance,b3,random_forest,chance,5.0,50,0.00023742809660386193,-0.02099305460840093,0.021467910801608654,24,,,,,,,,,,,,,,,,
b3 minus chance,b3,selected,chance,5.0,50,0.013801927745940478,-0.006145390509791758,0.033749246001672714,28,,,,,,,,,,,,,,,,
b3_logsig minus chance,b3_logsig,gbm,chance,5.0,50,0.03546641353067748,0.015618784416015358,0.05531404264533961,35,,,,,,,,,,,,,,,,
b3_logsig minus chance,b3_logsig,logistic,chance,5.0,50,0.03790757417810091,0.01386341302455368,0.06195173533164813,34,,,,,,,,,,,,,,,,
b3_logsig minus chance,b3_logsig,random_forest,chance,5.0,50,-0.007545200589248795,-0.026273588106164633,0.011183186927667045,25,,,,,,,,,,,,,,,,
b3_logsig minus chance,b3_logsig,selected,chance,5.0,50,0.019448095204226797,-0.0004780828088403917,0.03937427321729399,30,,,,,,,,,,,,,,,,
b3_rawsig minus chance,b3_rawsig,gbm,chance,5.0,50,0.03704492068809459,0.019061404622460035,0.05502843675372915,37,,,,,,,,,,,,,,,,
b3_rawsig minus chance,b3_rawsig,logistic,chance,5.0,50,0.04614584700159984,0.026364564661864633,0.06592712934133504,33,,,,,,,,,,,,,,,,
b3_rawsig minus chance,b3_rawsig,random_forest,chance,5.0,50,0.00951646905719863,-0.009845057880038982,0.02887799599443624,28,,,,,,,,,,,,,,,,
b3_rawsig minus chance,b3_rawsig,selected,chance,5.0,50,0.04614584700159984,0.026364564661864633,0.06592712934133504,33,,,,,,,,,,,,,,,,
cusum minus chance,cusum,none,chance,5.0,50,-0.00740707439343974,-0.025966696131856152,0.011152547344976674,21,,,,,,,,,,,,,,,,
hmm minus chance,hmm,gbm,chance,5.0,50,-0.00435061881410218,-0.024855296277768738,0.016154058649564373,27,,,,,,,,,,,,,,,,
hmm minus chance,hmm,logistic,chance,5.0,50,-0.004353526670649439,-0.01635970145870222,0.007652648117403342,16,,,,,,,,,,,,,,,,
hmm minus chance,hmm,random_forest,chance,5.0,50,-0.026052954077397363,-0.05024080987362352,-0.001865098281171207,16,,,,,,,,,,,,,,,,
hmm_filter minus chance,hmm_filter,none,chance,5.0,50,0.04307772347398429,0.02661241985425469,0.05954302709371388,40,,,,,,,,,,,,,,,,
statistics minus chance,statistics,gbm,chance,5.0,50,0.01371023747419272,-0.009287006965718658,0.0367074819141041,28,,,,,,,,,,,,,,,,
statistics minus chance,statistics,logistic,chance,5.0,50,0.04205650933458048,0.02311415944748328,0.06099885922167768,38,,,,,,,,,,,,,,,,
statistics minus chance,statistics,random_forest,chance,5.0,50,-0.004385893320431053,-0.028811870111675603,0.020040083470813493,27,,,,,,,,,,,,,,,,
statistics minus chance,statistics,selected,chance,5.0,50,0.029193071523822455,0.007975044568271954,0.05041109847937296,34,,,,,,,,,,,,,,,,
statistics_logsig minus chance,statistics_logsig,gbm,chance,5.0,50,0.027933826804425233,0.00696175106951322,0.04890590253933724,31,,,,,,,,,,,,,,,,
statistics_logsig minus chance,statistics_logsig,logistic,chance,5.0,50,0.020766682249115754,0.00029674663125473996,0.04123661786697677,33,,,,,,,,,,,,,,,,
statistics_logsig minus chance,statistics_logsig,random_forest,chance,5.0,50,0.019299095476084112,-0.006121666119727993,0.04471985707189621,27,,,,,,,,,,,,,,,,
statistics_logsig minus chance,statistics_logsig,selected,chance,5.0,50,0.026417848627254874,0.004677062354160558,0.04815863490034919,33,,,,,,,,,,,,,,,,
statistics_rawsig minus chance,statistics_rawsig,gbm,chance,5.0,50,0.016365345613856327,-0.004246269529127895,0.03697696075684055,25,,,,,,,,,,,,,,,,
statistics_rawsig minus chance,statistics_rawsig,logistic,chance,5.0,50,0.05389698516213331,0.028815270406535864,0.07897869991773075,34,,,,,,,,,,,,,,,,
statistics_rawsig minus chance,statistics_rawsig,random_forest,chance,5.0,50,-0.004337284906177301,-0.02699617480238339,0.01832160499002879,21,,,,,,,,,,,,,,,,
statistics_rawsig minus chance,statistics_rawsig,selected,chance,5.0,50,0.05389698516213331,0.028815270406535864,0.07897869991773075,34,,,,,,,,,,,,,,,,
statistics_logsig minus statistics,statistics_logsig,gbm,statistics,5.0,50,0.014357127608114589,-0.008582342039780954,0.03729659725601013,27,1.310722914319884,-0.5079639373244464,3.1294097659642146,29.0,-0.013734599070894795,-0.18478230503731183,0.15731310689552222,19.0,0.01577361705332635,-0.0002972113305025059,0.03184444543715521,27.0,0.013186199079932013,0.0029886644304619424,0.023383733729402084,33.0
statistics_rawsig minus statistics,statistics_rawsig,gbm,statistics,5.0,50,0.0030469481306260537,-0.02071508881661347,0.026808985077865576,19,0.24099190345758237,-1.5810079847460297,2.0629917916611946,23.0,0.0016158351848110986,-0.20022364868323353,0.20345531905285572,27.0,0.007437647357613934,-0.011205446511049409,0.026080741226277276,25.0,0.0205498841424966,0.012113961050293453,0.028985807234699745,39.0
b3_logsig minus b3,b3_logsig,gbm,b3,5.0,50,0.018052488134477344,-0.00450966154368318,0.04061463781263787,27,-0.32993922333057535,-1.7744691463663202,1.1145906997051696,23.0,0.07190466572409616,-0.12141721410159394,0.26522654554978625,21.0,0.021986626366986912,0.007920404718103244,0.03605284801587058,29.0,0.005046670840343274,-0.004312533213854093,0.01440587489454064,29.0
b3_rawsig minus b3,b3_rawsig,gbm,b3,5.0,50,0.021466330575981796,0.0005133987412965432,0.04241926241066705,28,0.23179708724869413,-1.4487276270615972,1.9123218015589853,25.0,0.08240759442536859,-0.08537503763742067,0.25019022648815786,29.0,0.017296908888103684,0.003997628598663832,0.030596189177543538,31.0,0.007274692909724215,-0.0005460025511546014,0.015095388370603032,28.0
statistics minus CUSUM,statistics,gbm,cusum,5.0,50,0.03892897056022835,0.01341452757967088,0.06444341354078582,31,2.742850473339024,-0.07936049667922651,5.5650614433572745,29.0,0.18824479903049887,-0.13350372909822747,0.5099933271592252,28.0,,,,,,,,
statistics minus HMM filter,statistics,gbm,hmm_filter,5.0,50,-0.03330201272726524,-0.060956045647726095,-0.005647979806804381,17,-0.008071934529352802,-2.5286701931896878,2.5125263241309823,21.0,-0.006463340739244625,-0.2243174133732823,0.21139073189479304,23.0,0.04020117546548943,0.014735457748824843,0.06566689318215402,33.0,0.08823213615143567,0.07398642308455884,0.1024778492183125,48.0
statistics_logsig minus CUSUM,statistics_logsig,gbm,cusum,5.0,50,0.05328609816834293,0.0285099440311794,0.07806225230550645,33,4.053573387658908,0.9141967295668634,7.192950045750952,31.0,0.17451019995960407,-0.14073405644963485,0.48975445636884296,29.0,,,,,,,,
statistics_logsig minus HMM filter,statistics_logsig,gbm,hmm_filter,5.0,50,-0.018944885119150656,-0.04351741842437808,0.005627648186076771,19,1.302650979790531,-1.321730436433375,3.927032396014437,26.0,-0.02019793981013942,-0.2649372770961276,0.22454139747584875,23.0,0.055974792518815784,0.03353374648364773,0.07841583855398385,36.0,0.10141833523136767,0.08489809712797791,0.11793857333475743,49.0
statistics_rawsig minus CUSUM,statistics_rawsig,gbm,cusum,5.0,50,0.0419759186908544,0.015505958554062251,0.06844587882764655,32,2.983842376796606,0.40737597970234063,5.560308773890871,32.0,0.18986063421531,-0.09633946080067227,0.4760607292312923,29.0,,,,,,,,
statistics_rawsig minus HMM filter,statistics_rawsig,gbm,hmm_filter,5.0,50,-0.030255064596639184,-0.05939126946058972,-0.0011188597326886457,15,0.23291996892822964,-2.088128553536629,2.5539684913930882,26.0,-0.0048475055544335175,-0.2312301728309845,0.22153516172211743,22.0,0.04763882282310337,0.022819176119151213,0.07245846952705552,34.0,0.10878202029393226,0.09371792042713604,0.12384612016072848,50.0
b3 minus CUSUM,b3,gbm,cusum,5.0,50,0.04755027218872916,0.020688023954952495,0.07441252042250583,33,3.3933170610089176,0.829452845251681,5.957181276766154,33.0,0.1664310240355484,-0.13651009591234844,0.4693721439834453,28.0,,,,,,,,
b3 minus HMM filter,b3,gbm,hmm_filter,5.0,50,-0.024680711098764428,-0.05129961144507893,0.001938189247550074,20,0.642394653140541,-1.6086486791362056,2.893437985417288,27.0,-0.028277115734195155,-0.22866265788306445,0.17210842641467416,23.0,0.045295909947648066,0.02397972105551884,0.0666120988397773,34.0,0.10083466072630268,0.08507994243544556,0.1165893790171598,49.0
b3_logsig minus CUSUM,b3_logsig,gbm,cusum,5.0,50,0.06560276032320651,0.03604283469996909,0.09516268594644393,33,3.0633778376783427,0.33485441590521603,5.791901259451469,30.0,0.23833568975964453,-0.10160493656563924,0.5782763160849282,27.0,,,,,,,,
b3_logsig minus HMM filter,b3_logsig,gbm,hmm_filter,5.0,50,-0.006628222964287077,-0.03044684720885059,0.017190401280276435,24,0.31245542980996566,-2.190886326608592,2.8157971862285236,27.0,0.04362754998990101,-0.1883441240217273,0.2755992240015293,23.0,0.06728253631463497,0.04455556036211837,0.09000951226715158,41.0,0.10588133156664595,0.08918661330417194,0.12257604982911996,48.0
b3_rawsig minus CUSUM,b3_rawsig,gbm,cusum,5.0,50,0.06901660276471097,0.04404290936570626,0.09399029616371568,40,3.6251141482576115,1.150583934439036,6.099644362076187,32.0,0.24883861846091693,-0.05076986065809752,0.5484470975799314,29.0,,,,,,,,
b3_rawsig minus HMM filter,b3_rawsig,gbm,hmm_filter,5.0,50,-0.003214380522782626,-0.027426948970090327,0.020998187924525076,22,0.8741917403892352,-1.5375655649175497,3.28594904569602,27.0,0.05413047869117345,-0.13834527989242307,0.24660623727476993,28.0,0.06259281883575174,0.0438270990636983,0.08135853860780518,39.0,0.1081093536360269,0.09159144309351808,0.12462726417853573,49.0
statistics_logsig minus statistics,statistics_logsig,logistic,statistics,5.0,50,-0.01871645128919031,-0.04393925771810605,0.006506355139725431,20,-1.104075019522005,-3.760423528803476,1.552273489759466,22.0,0.07594425368612398,-0.13320791266451176,0.2850964200367597,24.0,0.01491244368965869,-0.0032893773028777867,0.033114264682195166,26.0,0.030885453228753818,0.021039044272446197,0.04073186218506144,41.0
statistics_rawsig minus statistics,statistics_rawsig,logistic,statistics,5.0,50,0.015209079168971334,-0.014395591433348988,0.044813749771291655,29,-1.0687501211938517,-3.513061332535787,1.3755610901480833,19.0,0.029085033326600618,-0.19782456192372327,0.2559946285769245,28.0,0.043922999700116844,0.023299983684247308,0.06454601571598638,36.0,0.06794970657379054,0.05765671466845907,0.07824269847912202,48.0
b3_logsig minus b3,b3_logsig,logistic,b3,5.0,50,-0.002920336178619977,-0.023026010198547775,0.017185337841307824,23,-0.30507591661472994,-2.7527703231884755,2.1426184899590157,26.0,-0.04443546758230665,-0.20082221694191196,0.11195128177729866,26.0,0.008217484029650253,-0.006788458198074058,0.023223426257374565,24.0,0.027292602736965658,0.019038704902430224,0.03554650057150109,41.0
b3_rawsig minus b3,b3_rawsig,logistic,b3,5.0,50,0.0036459791300715973,-0.02219048281950436,0.029482441079647554,24,0.9331331006736737,-1.0268551909825567,2.8931213923299044,27.0,-0.07917592405574644,-0.3058592327725345,0.14750738466104163,21.0,0.02128120658087965,0.004687166688385577,0.03787524647337372,31.0,0.05696272461576961,0.047258249603503236,0.06666719962803598,47.0
statistics minus CUSUM,statistics,logistic,cusum,5.0,50,0.0668842190678774,0.03497885569566391,0.0987895824400909,33,3.7843198765863706,0.9745882160000052,6.594051537172736,32.0,0.13734599070894776,-0.2146969843388779,0.48938896575677343,28.0,,,,,,,,
statistics minus HMM filter,statistics,logistic,hmm_filter,5.0,50,-0.00534676421961619,-0.035860102593571815,0.025166574154339434,23,1.0333974687179939,-1.6058411376492832,3.672636075085271,31.0,-0.057362149060795786,-0.31639826738068844,0.20167396925909686,26.0,0.05117643831399506,0.026191060591788405,0.0761618160362017,35.0,0.08700466028290635,0.07186313788583287,0.10214618267997982,47.0
statistics_logsig minus CUSUM,statistics_logsig,logistic,cusum,5.0,50,0.04816776777868709,0.01605059182363707,0.0802849437337371,31,2.6802448570643658,-0.23571129733940266,5.596201011468134,32.0,0.21329024439507172,-0.12691764012539586,0.5534981289155393,30.0,,,,,,,,
statistics_logsig minus HMM filter,statistics_logsig,logistic,hmm_filter,5.0,50,-0.024063215508806503,-0.051939032636472066,0.0038126016188590635,18,-0.07067755080401128,-2.464608244403762,2.3232531427957395,22.0,0.018582104625328215,-0.24382877852185536,0.2809929877725118,21.0,0.06608888200365373,0.04486137849728077,0.08731638551002668,38.0,0.11789011351166016,0.10396992996810601,0.13181029705521433,50.0
statistics_rawsig minus CUSUM,statistics_rawsig,logistic,cusum,5.0,50,0.08209329823684876,0.05148063292920073,0.11270596354449679,37,2.7155697553925187,-0.0052673679744952295,5.4364068787595325,32.0,0.16643102403554838,-0.14525391393425668,0.47811596200535345,31.0,,,,,,,,
statistics_rawsig minus HMM filter,statistics_rawsig,logistic,hmm_filter,5.0,50,0.009862314949355144,-0.018902585296807026,0.03862721519551732,24,-0.03535265247585762,-2.1460829459877506,2.075377641036035,22.0,-0.028277115734195155,-0.25904450756997754,0.20249027610158726,26.0,0.09509943801411191,0.07123560235375627,0.11896327367446756,42.0,0.1549543668566969,0.139569814251383,0.17033891946201077,50.0
b3 minus CUSUM,b3,logistic,cusum,5.0,50,0.07020218305359595,0.04274735886375772,0.09765700724343418,34,1.6810419160448224,-1.1281855802523453,4.49026941234199,30.0,0.2561098767925672,-0.0658058055098023,0.5780255590949367,27.0,,,,,,,,
b3 minus HMM filter,b3,logistic,hmm_filter,5.0,50,-0.0020288002338976485,-0.029993812551483555,0.025936212083688258,19,-1.0698804918235538,-3.5931590318934443,1.4533980482463367,24.0,0.06140173702282367,-0.16237095251904185,0.28517442656468917,23.0,0.052980984470210366,0.03115301456924479,0.07480895437117593,37.0,0.08661024960382196,0.07094419783959618,0.10227630136804775,47.0
b3_logsig minus CUSUM,b3_logsig,logistic,cusum,5.0,50,0.06728184687497597,0.037868700183892524,0.09669499356605943,35,1.3759659994300926,-1.3742616743091516,4.126193673169337,26.0,0.21167440921026057,-0.10371588745608853,0.5270647058766097,26.0,,,,,,,,
b3_logsig minus HMM filter,b3_logsig,logistic,hmm_filter,5.0,50,-0.004949136412517625,-0.03207729922003749,0.02217902639500224,20,-1.3749564084382837,-3.6197313652080334,0.869818548331466,22.0,0.016966269440517035,-0.21305207047171995,0.24698460935275404,27.0,0.06119846849986062,0.037883873026181694,0.08451306397353954,38.0,0.11390285234078763,0.0973168013545044,0.13048890332707086,48.0
b3_rawsig minus CUSUM,b3_rawsig,logistic,cusum,5.0,50,0.07384816218366755,0.04681296859048468,0.10088335577685043,39,2.6141750167184967,-0.13843887927078935,5.366788912707783,34.0,0.17693395273682075,-0.13375913743632897,0.4876270429099705,26.0,,,,,,,,
b3_rawsig minus HMM filter,b3_rawsig,logistic,hmm_filter,5.0,50,0.0016171788961739475,-0.02708590709141398,0.030320264883761876,23,-0.13674739114988044,-2.4725183402816064,2.199023557981845,24.0,-0.01777418703292275,-0.24571416050430314,0.21016578643845765,24.0,0.07426219105109003,0.05086187040768908,0.09766251169449097,40.0,0.1435729742195916,0.12828306797611516,0.158862880463068,50.0
statistics_logsig minus statistics,statistics_logsig,random_forest,statistics,5.0,50,0.016698875346383802,-0.012635934093354392,0.04603368478612199,28,0.09313233379737852,-1.9111738410485388,2.097438508643296,25.0,-0.16077560088870935,-0.41424220054378513,0.09269099876636644,22.0,0.015741838552942266,-0.00435579854023747,0.035839475646122,28.0,0.014516453521510892,0.003949350322936392,0.025083556720085394,32.0
statistics_rawsig minus statistics,statistics_rawsig,random_forest,statistics,5.0,50,0.006867280880101713,-0.02367732512015729,0.03741188688036071,24,0.495624978705443,-1.4267817216944314,2.4180316791053174,24.0,0.087255099979802,-0.1456137061682301,0.3201239061278341,27.0,0.007632937463863881,-0.011541118229393871,0.026806993157121633,27.0,0.018374564826512386,0.006692226625925408,0.030056903027099364,36.0
b3_logsig minus b3,b3_logsig,random_forest,b3,5.0,50,-0.013418539798570293,-0.034015866122099774,0.007178786524959187,15,-0.14220922189559823,-1.369089415834999,1.0846709720438028,25.0,-0.07998384164815184,-0.2524235494530861,0.09245586615678245,21.0,0.003989906756491429,-0.010249403823149306,0.018229217336132166,24.0,0.003506417214169396,-0.004624529614151949,0.01163736404249074,28.0
b3_rawsig minus b3,b3_rawsig,random_forest,b3,5.0,50,0.009611246775833096,-0.012560570467598647,0.03178306401926484,27,-0.40415960243847826,-1.8065931828617443,0.9982739779847877,23.0,-0.016966269440517035,-0.19930154401044683,0.16536900512941274,19.0,0.007809488593783748,-0.00552453228092975,0.021143509468497246,23.0,0.008178889051821459,-0.0014358507089369272,0.017793628812579843,28.0
statistics minus CUSUM,statistics,random_forest,cusum,5.0,50,0.007929014742600233,-0.0223435661981541,0.038201595683354565,25,2.2180925170694863,-0.847894033940106,5.284079068079079,29.0,0.052514643506362396,-0.32539072831488614,0.43042001532761087,26.0,,,,,,,,
statistics minus HMM filter,statistics,random_forest,hmm_filter,5.0,50,-0.06430196854489335,-0.0936764416581873,-0.03492749543159941,10,-0.5328298907988906,-3.2372733008051267,2.1716135192073454,23.0,-0.14219349626338115,-0.41661966661665095,0.13223267408988862,25.0,0.033396951272062755,0.009035009280759808,0.0577588932633657,33.0,0.08686464092627802,0.07170512678863081,0.10202415506392523,50.0
statistics_logsig minus CUSUM,statistics_logsig,random_forest,cusum,5.0,50,0.024627890088984028,-0.004120397764419196,0.05337617794238725,25,2.3112248508668642,-0.23710790485261546,4.859557606586344,30.0,-0.108260957382347,-0.41312976503402443,0.19660785026933045,24.0,,,,,,,,
statistics_logsig minus HMM filter,statistics_logsig,random_forest,hmm_filter,5.0,50,-0.04760309319850957,-0.07890379910287604,-0.016302387294143093,17,-0.43969755700151225,-2.8769467742635326,1.9975516602605081,23.0,-0.30296909715209047,-0.5215613630021335,-0.08437683130204743,16.0,0.049138789825005025,0.024355717169437213,0.07392186248057284,35.0,0.10138109444778891,0.08680490114706996,0.11595728774850786,49.0
statistics_rawsig minus CUSUM,statistics_rawsig,random_forest,cusum,5.0,50,0.01479629562270195,-0.012447176456757723,0.042039767702161626,27,2.713717495774929,-0.20984860747258294,5.637283599022441,32.0,0.13976974348616436,-0.1419399807546561,0.42147946772698486,27.0,,,,,,,,
statistics_rawsig minus HMM filter,statistics_rawsig,random_forest,hmm_filter,5.0,50,-0.05743468766479166,-0.08355313130046287,-0.03131624402912045,12,-0.037204912093447715,-2.8792353736409932,2.8048255494540975,27.0,-0.054938396283579126,-0.2740040153717697,0.16412722280461148,22.0,0.04102988873592664,0.014276044414078148,0.06778373305777513,33.0,0.1052392057527904,0.08891906835130065,0.12155934315428016,49.0
b3 minus CUSUM,b3,random_forest,cusum,5.0,50,0.01584217305928417,-0.011688893000673613,0.04337323911924195,30,2.5660163544733137,-0.16128075133425668,5.293313460280884,29.0,0.08967885275701876,-0.23181610389962487,0.4111738094136624,30.0,,,,,,,,
b3 minus HMM filter,b3,random_forest,hmm_filter,5.0,50,-0.05638881022820943,-0.08541090229551555,-0.027366718160903303,16,-0.18490605339506302,-2.4123170317561753,2.0425049249660496,21.0,-0.10502928701272475,-0.35704329708906485,0.14698472306361537,23.0,0.03769449496309779,0.012056293307464584,0.063332696618731,36.0,0.09642084880771255,0.07866230377945321,0.11417939383597189,47.0
b3_logsig minus CUSUM,b3_logsig,random_forest,cusum,5.0,50,0.0024236332607138773,-0.024804048833676304,0.029651315355104055,24,2.4238071325777155,-0.16881477792070543,5.016429043076137,30.0,0.009695011108866912,-0.28932215536531153,0.3087121775830453,27.0,,,,,,,,
b3_logsig minus HMM filter,b3_logsig,random_forest,hmm_filter,5.0,50,-0.06980735002677972,-0.0968418502933766,-0.04277284976018285,9,-0.3271152752906613,-2.592418322892006,1.938187772310683,27.0,-0.18501312866087663,-0.41189960749697646,0.0418733501752232,22.0,0.041684401719589224,0.016675310015623526,0.06669349342355492,30.0,0.09992726602188194,0.0838433756369619,0.11601115640680199,49.0
b3_rawsig minus CUSUM,b3_rawsig,random_forest,cusum,5.0,50,0.025453419835117265,0.00014513130811093927,0.05076170836212359,27,2.161856752034835,-0.4626478334134174,4.786361337483088,28.0,0.0727125833165017,-0.24656354135058206,0.3919887079835855,26.0,,,,,,,,
b3_rawsig minus HMM filter,b3_rawsig,random_forest,hmm_filter,5.0,50,-0.046777563452376325,-0.07047684404514606,-0.02307828285960658,12,-0.5890656558335414,-2.846088150640961,1.6679568389738781,21.0,-0.12199555645324182,-0.3821858586379543,0.13819474573147061,23.0,0.04550398355688154,0.021993247137310826,0.06901471997645225,36.0,0.104599737859534,0.08749278946749947,0.12170668625156852,49.0
statistics_logsig minus statistics,statistics_logsig,selected,statistics,5.0,50,0.005250358732838123,-0.02439960605446796,0.0349003235201442,26,1.5293836714175206,-0.6969398209032127,3.755707163738254,24.0,0.11634013330640271,-0.13990378919295748,0.37258405580576287,27.0,0.010776915446869926,-0.007481641214060574,0.029035472107800428,24.0,0.028355283862257476,0.017899096005579977,0.038811471718934974,40.0
statistics_rawsig minus statistics,statistics_rawsig,selected,statistics,5.0,50,0.03238247682046119,0.0005133787722733096,0.06425157486864908,28,0.7225400625684797,-1.5994657123214449,3.0445458374584042,26.0,0.06059381943041803,-0.2106877645024552,0.33187540336329124,31.0,0.04459857864076039,0.022081028723298642,0.06711612855822213,32.0,0.06746918376107003,0.055546622987209957,0.0793917445349301,47.0
b3_logsig minus b3,b3_logsig,selected,b3,5.0,50,-0.003558249366087893,-0.025210700563871386,0.018094201831695602,24,-0.5376310893168521,-2.0268084447101424,0.9515462660764382,23.0,-0.1462330842254089,-0.3571429536463593,0.06467678519554151,19.0,0.003385765493049026,-0.012285362009441239,0.01905689299553929,26.0,0.009914867297324083,-0.0018839284526502402,0.021713663047298406,30.0
b3_rawsig minus b3,b3_rawsig,selected,b3,5.0,50,0.03171221188577603,0.003726986059828803,0.05969743771172326,26,0.31765870939619945,-1.4898044296475117,2.125121848439911,25.0,-0.06140173702282368,-0.302821334470153,0.18001786042450568,23.0,0.02815401967320144,0.012245457745135899,0.044062581601266984,33.0,0.04386942801355565,0.02765878730178885,0.060080068725322455,41.0
statistics minus CUSUM,statistics,selected,cusum,5.0,50,0.04971082141638755,0.02049957616014763,0.07892206667262747,30,1.9930296928240394,-1.0007849274150065,4.986844313063085,30.0,0.10583720460513035,-0.2573146529365089,0.4689890621467696,24.0,,,,,,,,
statistics minus HMM filter,statistics,selected,hmm_filter,5.0,50,-0.022520161871106045,-0.05097015653455622,0.005929832792344127,17,-0.7578927150443374,-3.425086807708311,1.9093013776196361,23.0,-0.0888709351646132,-0.3627060286118493,0.18496415828262291,25.0,0.05050085937335152,0.027259789127599736,0.07374192961910331,37.0,0.08748518309562683,0.07204319267352528,0.10292717351772838,48.0
statistics_logsig minus CUSUM,statistics_logsig,selected,cusum,5.0,50,0.054961180149225665,0.023740167020215152,0.08618219327823617,33,3.5224133642415603,0.6895938795359018,6.355232848947219,34.0,0.22217733791153305,-0.11675691170853264,0.5611115875315987,30.0,,,,,,,,
statistics_logsig minus HMM filter,statistics_logsig,selected,hmm_filter,5.0,50,-0.01726980313826792,-0.043124369529344224,0.00858476325280838,19,0.7714909563731831,-1.7139340558367298,3.2569159685830957,24.0,0.027469198141789546,-0.2410737992686145,0.2960121955521936,24.0,0.06127777482022143,0.040679281223869976,0.08187626841657289,37.0,0.11584046695788432,0.10105527868652707,0.13062565522924158,50.0
statistics_rawsig minus CUSUM,statistics_rawsig,selected,cusum,5.0,50,0.08209329823684876,0.05148063292920073,0.11270596354449679,37,2.7155697553925187,-0.0052673679744952295,5.4364068787595325,32.0,0.16643102403554838,-0.14525391393425668,0.47811596200535345,31.0,,,,,,,,
statistics_rawsig minus HMM filter,statistics_rawsig,selected,hmm_filter,5.0,50,0.009862314949355144,-0.018902585296807026,0.03862721519551732,24,-0.03535265247585762,-2.1460829459877506,2.075377641036035,22.0,-0.028277115734195155,-0.25904450756997754,0.20249027610158726,26.0,0.09509943801411191,0.07123560235375627,0.11896327367446756,42.0,0.1549543668566969,0.139569814251383,0.17033891946201077,50.0
b3 minus CUSUM,b3,selected,cusum,5.0,50,0.042135950297891515,0.01452417387937397,0.06974772671640905,35,2.296516307322297,-0.6194403587197921,5.212472973364386,30.0,0.23833568975964448,-0.0917372608038492,0.5684086403231381,31.0,,,,,,,,
b3 minus HMM filter,b3,selected,hmm_filter,5.0,50,-0.03009503298960208,-0.053425869262424264,-0.006764196716779896,19,-0.4544061005460796,-2.6119750048823285,1.7031628037901694,22.0,0.04362754998990095,-0.18348110460166756,0.27073620458146946,28.0,0.046108171377888564,0.024896021576765678,0.06732032117901145,38.0,0.09970354620603594,0.0818071487037392,0.11759994370833268,47.0
b3_logsig minus CUSUM,b3_logsig,selected,cusum,5.0,50,0.03857770093180361,0.01144825574464238,0.06570714611896485,30,1.7588852180054448,-1.0154707777550651,4.533241213765955,29.0,0.09210260553423552,-0.22980831407577543,0.4140135251442465,28.0,,,,,,,,
b3_logsig minus HMM filter,b3_logsig,selected,hmm_filter,5.0,50,-0.03365328235568998,-0.05962925013238751,-0.007677314578992445,12,-0.9920371898629319,-3.1793669784033214,1.1952925986774576,24.0,-0.10260553423550796,-0.3240701129557122,0.11885904448469627,25.0,0.0494939368709376,0.026209589596796347,0.07277828414507886,35.0,0.10961841350336002,0.09258037472321,0.12665645228351002,49.0
b3_rawsig minus CUSUM,b3_rawsig,selected,cusum,5.0,50,0.07384816218366755,0.04681296859048468,0.10088335577685043,39,2.6141750167184967,-0.13843887927078935,5.366788912707783,34.0,0.17693395273682075,-0.13375913743632897,0.4876270429099705,26.0,,,,,,,,
b3_rawsig minus HMM filter,b3_rawsig,selected,hmm_filter,5.0,50,0.0016171788961739475,-0.02708590709141398,0.030320264883761876,23,-0.13674739114988044,-2.4725183402816064,2.199023557981845,24.0,-0.01777418703292275,-0.24571416050430314,0.21016578643845765,24.0,0.07426219105109003,0.05086187040768908,0.09766251169449097,40.0,0.1435729742195916,0.12828306797611516,0.158862880463068,50.0
HMM filter minus CUSUM,hmm_filter,none,cusum,5.0,50,0.07223098328749358,0.04626756637591426,0.09819440019907291,33,2.750922407868377,0.039294448412573235,5.46255036732418,27.0,0.1947081397697435,-0.04514040652638168,0.43455668606586867,31.0,,,,,,,,
