design,replication,seed,learner,cell,n_features,selected_setting,validation_ba,test_ba,test_macro_f1,test_accuracy,test_recall_0,test_recall_1,test_recall_2
matched_marginal,1,144269559,random_forest,hmm,3,max_depth=10,0.37441297926007544,0.3535695369354892,0.3412553093945075,0.3416683498283175,0.45505376344086024,0.2701017079255421,0.33555313944006526
matched_marginal,1,144269559,random_forest,statistics,11,max_depth=6,0.408709117273523,0.3717490275884761,0.3608657362190882,0.3608967885275702,0.3651612903225806,0.2832469775474956,0.466838814895352
matched_marginal,1,144269559,random_forest,statistics_logsig,25,max_depth=4,0.4209665958452917,0.3986120620033983,0.3737018001463973,0.3753181175520097,0.4708243727598566,0.2194396469007868,0.5055721663495515
matched_marginal,1,144269559,random_forest,statistics_rawsig,50,max_depth=10,0.4160238393488785,0.4085605934925413,0.3871819362440501,0.3907493435669562,0.3730465949820788,0.2602187679907887,0.5924164175047567
matched_marginal,1,144269559,random_forest,b3,40,max_depth=10,0.4164099723293435,0.4014999215977882,0.3804866653708678,0.3819430418097354,0.410179211469534,0.2445787756668585,0.549741777656972
matched_marginal,1,144269559,random_forest,b3_logsig,54,max_depth=10,0.414593563629861,0.4082793850112009,0.3861291208493542,0.3874772773177136,0.4293906810035842,0.2428516599501055,0.552595814079913
matched_marginal,1,144269559,random_forest,b3_rawsig,79,max_depth=10,0.4189785238154604,0.4093446159469936,0.3874077239266867,0.3901838012522722,0.4002867383512545,0.2534062559969295,0.574340853492797
matched_marginal,1,144269559,random_forest,logsig,14,max_depth=10,0.4025926790578363,0.4157005844504601,0.3800608607352105,0.3856190668551807,0.6172043010752688,0.197850700441374,0.4320467518347377
matched_marginal,1,144269559,random_forest,rawsig,39,max_depth=10,0.4168803071439549,0.4228848353107684,0.4008389948056697,0.4044435467582307,0.3879569892473118,0.2695260026866244,0.6111715139983691
matched_marginal,1,144269559,random_forest,logsig_shuffled,14,max_depth=10,0.4003623149106278,0.3983434269180594,0.3686576306845726,0.37826701676429,0.3177060931899642,0.22606025714834,0.6512639304158738
matched_marginal,1,144269559,random_forest,rawsig_shuffled,39,max_depth=6,0.4050210168003751,0.4062824863444838,0.3662718477864761,0.3817006665320137,0.3115412186379928,0.1958357321051621,0.7114705082902962
matched_marginal,1,144269559,random_forest,statistics_logsig_shuffled,25,max_depth=4,0.4112265528492146,0.3808469657022614,0.364588389159745,0.3642900424156736,0.4130465949820788,0.2511034350412588,0.4783908670834466
matched_marginal,1,144269559,random_forest,statistics_rawsig_shuffled,50,max_depth=6,0.4162782426707747,0.3944037274837439,0.3742367715620689,0.3769743486164411,0.3714695340501792,0.250719631548647,0.5610220168524055
matched_marginal,1,144269559,random_forest,b3_logsig_shuffled,54,max_depth=10,0.4136691715532042,0.401397180074713,0.380461068513177,0.3823066047263179,0.4007168458781362,0.2470734983688351,0.5564011959771678
matched_marginal,1,144269559,random_forest,b3_rawsig_shuffled,79,max_depth=10,0.4188450204547697,0.4017843599122712,0.3814029344039011,0.3833165017168249,0.3938351254480287,0.2515831894070236,0.5599347648817613
matched_marginal,1,144269559,logistic,hmm,3,C=0.1,0.3700117386286021,0.34704110584403924,0.3333472406409032,0.33585134316299736,0.3181362007168459,0.25302245250431776,0.46996466431095407
matched_marginal,1,144269559,logistic,statistics,11,C=1.0,0.4031317718189744,0.3836729552722038,0.3632955410692557,0.3636033124621288,0.4606451612903225,0.2311456534254461,0.4592280511008426
matched_marginal,1,144269559,logistic,statistics_logsig,25,C=0.1,0.4280193407523113,0.4186767231556718,0.3982910642208672,0.3979398101393658,0.5020788530465949,0.2615620802149299,0.4923892362054906
matched_marginal,1,144269559,logistic,statistics_rawsig,50,C=0.1,0.4493945588136849,0.469132742278288,0.4384223527535887,0.4405574631387598,0.5856630824372759,0.2528305507580119,0.568904593639576
matched_marginal,1,144269559,logistic,b3,40,C=1.0,0.4056135475991779,0.4008124318010534,0.382151948816714,0.3806099777822662,0.483584229390681,0.2479370562272116,0.4709160097852677
matched_marginal,1,144269559,logistic,b3_logsig,54,C=0.1,0.4240176562825009,0.4192796761014721,0.3990646751514026,0.3981417895374672,0.4992114695340501,0.2584916522740357,0.5001359064963306
matched_marginal,1,144269559,logistic,b3_rawsig,79,C=0.1,0.4481021841863525,0.4571073535830807,0.4314334100951524,0.4310644314279943,0.5744802867383513,0.261370178468624,0.5354715955422669
matched_marginal,1,144269559,logistic,logsig,14,C=0.01,0.3914034743184866,0.4134980613521875,0.3933951477210695,0.3934558675015148,0.5310394265232975,0.2662636729994243,0.4431910845338407
matched_marginal,1,144269559,logistic,rawsig,39,C=0.1,0.4530961898330731,0.4759972741064397,0.4312319286536283,0.4395071702686326,0.6154838709677419,0.1986183074265975,0.6138896439249796
matched_marginal,1,144269559,logistic,logsig_shuffled,14,C=1.0,0.3640300415941884,0.3592291047833144,0.3516468848970933,0.3613411432033933,0.4546236559139785,0.3882172327768182,0.2348464256591465
matched_marginal,1,144269559,logistic,rawsig_shuffled,39,C=0.1,0.4101691696634992,0.4108160264105603,0.3728113084934408,0.3840032316703696,0.3710394265232974,0.1892151218576089,0.6721935308507747
matched_marginal,1,144269559,logistic,statistics_logsig_shuffled,25,C=1.0,0.4048416596828816,0.380943444459878,0.3644963902754936,0.3636841042213694,0.4470250896057348,0.2497601228171176,0.4460451209567817
matched_marginal,1,144269559,logistic,statistics_rawsig_shuffled,50,C=0.01,0.4224508575336528,0.4056836176690133,0.3813385660360253,0.3826297717632801,0.4741218637992831,0.2279792746113989,0.5149497145963577
matched_marginal,1,144269559,logistic,b3_logsig_shuffled,54,C=1.0,0.406118967599221,0.4006255219444454,0.3819789690728976,0.3804483942637851,0.4817204301075269,0.2477451544809057,0.4724109812449035
matched_marginal,1,144269559,logistic,b3_rawsig_shuffled,79,C=0.1,0.4220400968264869,0.4242296966496096,0.4014899522205989,0.4006463340739244,0.5189964157706093,0.245538284398388,0.5081543897798315
matched_marginal,1,144269559,gbm,hmm,3,max_leaf_nodes=7,0.36931053030939887,0.35115639444236746,0.34340950803618014,0.3448192284386993,0.43010752688172044,0.30982536941086164,0.31353628703452024
matched_marginal,1,144269559,gbm,statistics,11,max_leaf_nodes=7,0.398927542417008,0.377595527772785,0.3679885809195566,0.368410422136942,0.3661648745519713,0.3019573978123201,0.4646643109540636
matched_marginal,1,144269559,gbm,statistics_logsig,25,max_leaf_nodes=7,0.4166947465737768,0.3989080819856789,0.3867978329382536,0.3856998586144213,0.4225089605734767,0.2951448858184609,0.4790703995650992
matched_marginal,1,144269559,gbm,statistics_rawsig,50,max_leaf_nodes=7,0.4150106937058031,0.3934500211625762,0.3813006010454923,0.380731165421127,0.3968458781362007,0.2911149491460372,0.4923892362054906
matched_marginal,1,144269559,gbm,b3,40,max_leaf_nodes=7,0.407916288148504,0.3917527370259502,0.377622643006895,0.377257119773783,0.4045878136200717,0.2762425638073306,0.4944278336504485
matched_marginal,1,144269559,gbm,b3_logsig,54,max_leaf_nodes=7,0.4156790570296086,0.3988978961117531,0.3824067732674049,0.3822258129670773,0.4207885304659498,0.2669353291114949,0.5089698287578146
matched_marginal,1,144269559,gbm,b3_rawsig,79,max_leaf_nodes=7,0.4113459003545245,0.3976716189546534,0.3824814473069439,0.3823066047263179,0.4086021505376344,0.2748992515831894,0.5095134547431367
matched_marginal,1,144269559,gbm,logsig,14,max_leaf_nodes=15,0.4183992901967279,0.4280098705409484,0.4134149386606148,0.4118763886083619,0.4861648745519713,0.3049318748800614,0.4929328621908127
matched_marginal,1,144269559,gbm,rawsig,39,max_leaf_nodes=7,0.4275351662801507,0.4253876953687469,0.4107635086803814,0.4096546152292466,0.447168458781362,0.3009978890807906,0.5279967382440881
matched_marginal,1,144269559,gbm,logsig_shuffled,14,max_leaf_nodes=7,0.396757794174158,0.3954302115832419,0.3727878262994792,0.3798020601898606,0.3154121863799283,0.2591633083861063,0.6117151399836912
matched_marginal,1,144269559,gbm,rawsig_shuffled,39,max_leaf_nodes=7,0.3943131623745153,0.3974995874889547,0.3767762924698812,0.3837608563926479,0.3085304659498208,0.2753790059489541,0.6085892905680892
matched_marginal,1,144269559,gbm,statistics_logsig_shuffled,25,max_leaf_nodes=7,0.404249906355091,0.3770404601814051,0.3683561734019329,0.3684508180165623,0.3691756272401433,0.3066589905968144,0.4552867627072574
matched_marginal,1,144269559,gbm,statistics_rawsig_shuffled,50,max_leaf_nodes=7,0.403136997607131,0.3792175163962326,0.3692456946491297,0.3695011108866896,0.3645878136200717,0.2988869698714258,0.4741777656972003
matched_marginal,1,144269559,gbm,b3_logsig_shuffled,54,max_leaf_nodes=7,0.4086838663515711,0.3907940667691016,0.3766568632770649,0.3763280145425167,0.4040143369175627,0.27557090769526,0.4927969556944822
matched_marginal,1,144269559,gbm,b3_rawsig_shuffled,79,max_leaf_nodes=7,0.4070302287319916,0.3909996752493682,0.3770726807056161,0.3766915774590991,0.4015770609318996,0.2767223181730954,0.4946996466431095
matched_marginal,2,74865246,random_forest,hmm,3,max_depth=4,0.33738851503356465,0.3545127452824091,0.3098248825175071,0.3415067663098364,0.2776340440717281,0.12051053725140991,0.6653936545240893
matched_marginal,2,74865246,random_forest,statistics,11,max_depth=10,0.3816603210737983,0.3855035360045418,0.373113149042974,0.3774590991718844,0.3392809349629762,0.3242802018403087,0.4929494712103408
matched_marginal,2,74865246,random_forest,statistics_logsig,25,max_depth=10,0.3969180036988708,0.4000579993820203,0.3870934959046574,0.3925671581498687,0.3566776697296815,0.3217571979815969,0.5217391304347826
matched_marginal,2,74865246,random_forest,statistics_rawsig,50,max_depth=10,0.3924302092039021,0.3992819135552487,0.3807477109611636,0.3867501514845485,0.3274154697118387,0.3127040664885723,0.5577262044653349
matched_marginal,2,74865246,random_forest,b3,40,max_depth=6,0.3941875644435221,0.3968244224456945,0.3726141140741446,0.3863865885679661,0.3356231599607458,0.2402790145443752,0.6145710928319624
matched_marginal,2,74865246,random_forest,b3_logsig,54,max_depth=6,0.3980403707759795,0.395923570039104,0.3720371771266466,0.3871945061603716,0.3441877063074315,0.230186999109528,0.6133960047003525
matched_marginal,2,74865246,random_forest,b3_rawsig,79,max_depth=10,0.398487451947497,0.3982722162157066,0.378904135983768,0.3892143001413856,0.3452582746007672,0.2684772929652716,0.581081081081081
matched_marginal,2,74865246,random_forest,logsig,14,max_depth=10,0.4078340952480473,0.4176862182320279,0.4105961722309318,0.4255301959200162,0.4597198679632438,0.2864351439596319,0.506903642773208
matched_marginal,2,74865246,random_forest,rawsig,39,max_depth=6,0.383443702097091,0.3921066170162771,0.3461709346300159,0.3802060189860634,0.321081273976269,0.1352033244286138,0.7200352526439483
matched_marginal,2,74865246,random_forest,logsig_shuffled,14,max_depth=10,0.3693693049836765,0.3794605651694127,0.3420928379189845,0.369420319127449,0.3193862075118208,0.1531611754229741,0.665834312573443
matched_marginal,2,74865246,random_forest,rawsig_shuffled,39,max_depth=6,0.3748116796012509,0.375407976104227,0.3297351944404763,0.365946273480105,0.3180479971451512,0.1151677055506084,0.6930082256169212
matched_marginal,2,74865246,random_forest,statistics_logsig_shuffled,25,max_depth=10,0.3892924286354578,0.3930102864205194,0.3777007594641668,0.3837608563926479,0.3396377910607547,0.3084001187295933,0.5309929494712103
matched_marginal,2,74865246,random_forest,statistics_rawsig_shuffled,50,max_depth=10,0.3882976252805079,0.3913801834360857,0.3733313908728934,0.380004039587962,0.3258988312962798,0.2975660433363016,0.5506756756756757
matched_marginal,2,74865246,random_forest,b3_logsig_shuffled,54,max_depth=6,0.3941430172383908,0.3963915505671827,0.3709064652731027,0.3855382750959402,0.3327683111785172,0.2344909468685069,0.6219153936545241
matched_marginal,2,74865246,random_forest,b3_rawsig_shuffled,79,max_depth=10,0.3931495157062055,0.3970651955937844,0.3789061528952895,0.3899010300949303,0.3546257471674547,0.2623924013060255,0.574177438307873
matched_marginal,2,74865246,logistic,hmm,3,C=0.1,0.32685918175443135,0.34001938396466574,0.3312025618781771,0.35398909311250254,0.4160049959853689,0.17705550608489165,0.4269976498237368
matched_marginal,2,74865246,logistic,statistics,11,C=1.0,0.3766477169808844,0.3902359295054404,0.3844751760315023,0.3983841648151888,0.4341154429476314,0.2674384090234491,0.4691539365452409
matched_marginal,2,74865246,logistic,statistics_logsig,25,C=0.01,0.3972712198897435,0.4292153330517808,0.4221929696292574,0.4427792365178751,0.5028994557944508,0.2650638171564262,0.5196827262044653
matched_marginal,2,74865246,logistic,statistics_rawsig,50,C=1.0,0.42308466586478,0.4432487788366801,0.4349150607450537,0.4558675015148455,0.5114640021411366,0.2695161769070941,0.5487661574618097
matched_marginal,2,74865246,logistic,b3,40,C=0.1,0.3917992316067915,0.3932696620656605,0.3897565911966555,0.4016562310644314,0.4390222142920867,0.3039477589789255,0.4368390129259694
matched_marginal,2,74865246,logistic,b3_logsig,54,C=0.1,0.4051134285905336,0.4239369846656984,0.4197006703909805,0.4340941223995152,0.4792577393166206,0.3100326506381716,0.4825205640423031
matched_marginal,2,74865246,logistic,b3_rawsig,79,C=1.0,0.430249106979188,0.443691365939823,0.4392119749938618,0.4550999798020602,0.5058435186011241,0.3167111902641733,0.5085193889541716
matched_marginal,2,74865246,logistic,logsig,14,C=0.01,0.3892329371958483,0.4329656801769475,0.4271024136690337,0.4620480710967481,0.5933624765813186,0.2325615909765509,0.4729729729729729
matched_marginal,2,74865246,logistic,rawsig,39,C=1.0,0.4276270765927021,0.4478804317697882,0.4362203872990818,0.460149464754595,0.5137835667766973,0.2524487978628673,0.5774089306698003
matched_marginal,2,74865246,logistic,logsig_shuffled,14,C=0.1,0.3135943158536114,0.3551700307191981,0.3492706729983892,0.3771359321349222,0.4761352484610581,0.1923419412288513,0.3970329024676851
matched_marginal,2,74865246,logistic,rawsig_shuffled,39,C=1.0,0.373837332956533,0.3870430547808831,0.358839321202386,0.3859826297717633,0.3774645374252832,0.1598397150489759,0.6238249118683902
matched_marginal,2,74865246,logistic,statistics_logsig_shuffled,25,C=1.0,0.3763631771423782,0.3964257805575253,0.3889696464015122,0.4025853362956978,0.4290302435542867,0.2680320569902048,0.4922150411280846
matched_marginal,2,74865246,logistic,statistics_rawsig_shuffled,50,C=1.0,0.39165151320916,0.4064895946599396,0.3955461511362775,0.41159361745102,0.4327772325809617,0.2542297417631344,0.5324618096357226
matched_marginal,2,74865246,logistic,b3_logsig_shuffled,54,C=1.0,0.3909280272804556,0.3950575017852022,0.3912487383366256,0.4033124621288628,0.4400035685609778,0.3015731671119026,0.4435957696827262
matched_marginal,2,74865246,logistic,b3_rawsig_shuffled,79,C=1.0,0.4046403018366399,0.4149196695227621,0.4090897003198899,0.420440315087861,0.4443750557587653,0.3144850103888394,0.4858989424206815
matched_marginal,2,74865246,gbm,hmm,3,max_leaf_nodes=15,0.33406281632731744,0.3583224119438111,0.3572085959068369,0.37030902847909514,0.42510482647872244,0.3180468981893737,0.33181551116333724
matched_marginal,2,74865246,gbm,statistics,11,max_leaf_nodes=7,0.3854317546380958,0.3922883888315267,0.3793645273030724,0.3861442132902444,0.3563208136319029,0.3037993469872366,0.5167450058754407
matched_marginal,2,74865246,gbm,statistics_logsig,25,max_leaf_nodes=7,0.4024810465816279,0.4152101594911131,0.4044967511925925,0.4150676630983639,0.4125256490320278,0.2968239833778569,0.5362808460634547
matched_marginal,2,74865246,gbm,statistics_rawsig,50,max_leaf_nodes=7,0.398126759231785,0.410379736802615,0.3980286819113019,0.4071500706927893,0.390489784994201,0.3020184030869694,0.5386310223266745
matched_marginal,2,74865246,gbm,b3,40,max_leaf_nodes=7,0.3929707525693253,0.3971321436201898,0.3900303128953481,0.3983437689355685,0.4025336782942278,0.3082517067379044,0.4806110458284371
matched_marginal,2,74865246,gbm,b3_logsig,54,max_leaf_nodes=7,0.3966865367277195,0.4063697182541468,0.399658245940691,0.409856594627348,0.4243019002587206,0.3006826951617691,0.4941245593419506
matched_marginal,2,74865246,gbm,b3_rawsig,79,max_leaf_nodes=7,0.3922902097939654,0.4091597293599043,0.4005700174076694,0.408846697636841,0.4059238112231242,0.3164143662807955,0.5051410105757932
matched_marginal,2,74865246,gbm,logsig,14,max_leaf_nodes=7,0.4109404378456698,0.4263025089482424,0.4154995574782645,0.4330842254090082,0.4619502185743599,0.2692193529237162,0.547737955346651
matched_marginal,2,74865246,gbm,rawsig,39,max_leaf_nodes=31,0.3927928334003639,0.4153999140571534,0.4082867974467231,0.4178549787921632,0.4277812472120617,0.325615909765509,0.4928025851938895
matched_marginal,2,74865246,gbm,logsig_shuffled,14,max_leaf_nodes=15,0.3695057908442324,0.3795940152095127,0.3612252496786866,0.3702282367198545,0.325095905076278,0.2653606411398041,0.5483254994124559
matched_marginal,2,74865246,gbm,rawsig_shuffled,39,max_leaf_nodes=7,0.3672200951346548,0.3789678344664113,0.3563015851349764,0.3669157745909917,0.3091265947006869,0.2500742059958444,0.5777027027027027
matched_marginal,2,74865246,gbm,statistics_logsig_shuffled,25,max_leaf_nodes=7,0.3915645912010328,0.3980915435118212,0.3843030755727892,0.3913552817612603,0.3587295922919082,0.3055802908875037,0.5299647473560517
matched_marginal,2,74865246,gbm,statistics_rawsig_shuffled,50,max_leaf_nodes=7,0.3921903527209711,0.3966048561843323,0.3835329917101779,0.3914360735205009,0.3659559282719243,0.2975660433363016,0.5262925969447708
matched_marginal,2,74865246,gbm,b3_logsig_shuffled,54,max_leaf_nodes=7,0.3929707525693253,0.3971321436201898,0.3900303128953481,0.3983437689355685,0.4025336782942278,0.3082517067379044,0.4806110458284371
matched_marginal,2,74865246,gbm,b3_rawsig_shuffled,79,max_leaf_nodes=7,0.3920943508787995,0.4005847965485207,0.3931649173223642,0.4013734599070895,0.4036042465875635,0.3115167705550608,0.4866333725029377
matched_marginal,3,1276543517,random_forest,hmm,3,max_depth=10,0.33165069878120795,0.3737467606491518,0.3432280643888683,0.3840840234296102,0.10285146829337495,0.43006586594343277,0.5883229477106475
matched_marginal,3,1276543517,random_forest,statistics,11,max_depth=6,0.377917286486191,0.4209069932204697,0.4114949710356408,0.4135730155524136,0.370123421761952,0.3534482758620689,0.5391492820373882
matched_marginal,3,1276543517,random_forest,statistics_logsig,25,max_depth=10,0.3936643682646064,0.4234578328780558,0.409352592611189,0.4100585740254494,0.4176478933182012,0.3100542425416505,0.5426713627743159
matched_marginal,3,1276543517,random_forest,statistics_rawsig,50,max_depth=10,0.3864937306838594,0.415803470760989,0.4003022969258257,0.4034336497677236,0.3668605475954036,0.3061797752808989,0.5743700894066649
matched_marginal,3,1276543517,random_forest,b3,40,max_depth=10,0.3755980667984309,0.4128395963182574,0.4002420149238023,0.402181377499495,0.3749468009646758,0.3188686555598605,0.5447033324302357
matched_marginal,3,1276543517,random_forest,b3_logsig,54,max_depth=10,0.3810560229316273,0.4120120812544487,0.3989140991840964,0.4008887093516461,0.3775003546602355,0.3145098798915149,0.5440260092115957
matched_marginal,3,1276543517,random_forest,b3_rawsig,79,max_depth=10,0.3823695032422718,0.410684865113403,0.394815782983784,0.3983033730559483,0.3599092069797134,0.3007555211158466,0.5713898672446491
matched_marginal,3,1276543517,random_forest,logsig,14,max_depth=10,0.4041396742605559,0.4087333727095201,0.3991340881757788,0.3991920824075944,0.4173641651298056,0.3294265788454087,0.479409374153346
matched_marginal,3,1276543517,random_forest,rawsig,39,max_depth=10,0.3810201317553119,0.3959033203264464,0.3785020790889101,0.3871541102807513,0.286139877996879,0.3098605191786129,0.5917095638038472
matched_marginal,3,1276543517,random_forest,logsig_shuffled,14,max_depth=10,0.353623175166893,0.3881570741214551,0.3716017333166241,0.3862654009291052,0.2264150943396226,0.3539325842696629,0.5841235437550799
matched_marginal,3,1276543517,random_forest,rawsig_shuffled,39,max_depth=10,0.359746533925758,0.3751473200341307,0.356016284083309,0.3711169460715007,0.2160590154631862,0.3232274312282061,0.5861555134109997
matched_marginal,3,1276543517,random_forest,statistics_logsig_shuffled,25,max_depth=10,0.3759476357238534,0.415786638898203,0.4017199115722992,0.4038780044435467,0.3789189956022131,0.3114103060829136,0.5570306150094825
matched_marginal,3,1276543517,random_forest,statistics_rawsig_shuffled,50,max_depth=10,0.376152765685197,0.4150833961490723,0.4008417514208518,0.404645526156332,0.3512554972336502,0.320030995738086,0.5739636954754809
matched_marginal,3,1276543517,random_forest,b3_logsig_shuffled,54,max_depth=10,0.3707727795831759,0.4085245149239361,0.3960167159604875,0.3982225812967077,0.366009363030217,0.3170282836110035,0.5425358981305879
matched_marginal,3,1276543517,random_forest,b3_rawsig_shuffled,79,max_depth=10,0.3695518504957172,0.4047122808788022,0.3913227290740006,0.3949505150474651,0.3428855156759824,0.3155753583882216,0.5556759685722027
matched_marginal,3,1276543517,logistic,hmm,3,C=0.1,0.32578071453902085,0.35615318621134734,0.2880954584335516,0.37051100787719654,0.0,0.43665246028671056,0.6318070983473314
matched_marginal,3,1276543517,logistic,statistics,11,C=1.0,0.3673739960422202,0.4114291524922082,0.399246327146233,0.3991112906483539,0.4409136047666335,0.3111197210383572,0.4822541316716337
matched_marginal,3,1276543517,logistic,statistics_logsig,25,C=1.0,0.3951407086720966,0.4383278651946743,0.426938989710031,0.4260553423550798,0.50063838842389,0.3421154591243704,0.4722297480357627
matched_marginal,3,1276543517,logistic,statistics_rawsig,50,C=0.1,0.4239177274664041,0.4568498124917077,0.4464278974329363,0.4459301151282569,0.5159597105972479,0.3716582719876017,0.4829314548902736
matched_marginal,3,1276543517,logistic,b3,40,C=0.1,0.3673825474801355,0.4173705148982805,0.4073366753568173,0.4071904665724096,0.4314087104553837,0.3333010461061604,0.4874017881332972
matched_marginal,3,1276543517,logistic,b3_logsig,54,C=0.1,0.3863335230395391,0.4393467235542688,0.4299498091369279,0.4291658250858412,0.4783657256348418,0.3580976365749709,0.4815768084529938
matched_marginal,3,1276543517,logistic,b3_rawsig,79,C=1.0,0.4159220386493601,0.4532673843527781,0.4451488259341798,0.4448394263785094,0.4880124840402894,0.3862843858969392,0.4855052831211054
matched_marginal,3,1276543517,logistic,logsig,14,C=0.01,0.3802415431362027,0.4070528203522514,0.39789948556267,0.3971722884265805,0.4934033196198042,0.3336884928322355,0.3940666486047142
matched_marginal,3,1276543517,logistic,rawsig,39,C=1.0,0.4246255784673194,0.4309884048905248,0.4209576508812359,0.4202383356897596,0.4569442474109803,0.3434715226656334,0.4925494445949607
matched_marginal,3,1276543517,logistic,logsig_shuffled,14,C=1.0,0.3215490501585981,0.3720389346412974,0.3626509374712532,0.3881640072712583,0.17974180734856,0.4859550561797753,0.4504199403955568
matched_marginal,3,1276543517,logistic,rawsig_shuffled,39,C=0.1,0.3574582917535236,0.3915139962635227,0.375050598201335,0.3807715613007473,0.3121010072350688,0.2921348314606741,0.5703061500948252
matched_marginal,3,1276543517,logistic,statistics_logsig_shuffled,25,C=1.0,0.3678442257926643,0.4131250473605949,0.4003678310428236,0.4003635629165825,0.4392112356362604,0.3086981790003874,0.4914657274451368
matched_marginal,3,1276543517,logistic,statistics_rawsig_shuffled,50,C=1.0,0.3876672080003593,0.4178379433433225,0.4069532776411253,0.4075540294889921,0.4192083983543765,0.3314606741573033,0.5028447575182877
matched_marginal,3,1276543517,logistic,b3_logsig_shuffled,54,C=0.1,0.3668699826250655,0.417690850404989,0.4075851875476484,0.4074328418501313,0.4304156617959994,0.3328167376985664,0.4898401517204009
matched_marginal,3,1276543517,logistic,b3_rawsig_shuffled,79,C=0.1,0.3809997086026289,0.4279469714864814,0.4181428722776325,0.4182185417087457,0.4416229252376223,0.3476365749709414,0.4945814142508805
matched_marginal,3,1276543517,gbm,hmm,3,max_leaf_nodes=31,0.33757922036810495,0.3609954794680668,0.35406738902280854,0.3657846899616239,0.23010356078876437,0.3864781092599768,0.46640476835545924
matched_marginal,3,1276543517,gbm,statistics,11,max_leaf_nodes=7,0.3791156282183614,0.412778298882591,0.4036723737250947,0.4040799838416481,0.4060150375939849,0.3388221619527315,0.4934976971010566
matched_marginal,3,1276543517,gbm,statistics_logsig,25,max_leaf_nodes=7,0.396858532888882,0.4249077792336943,0.4146952864823357,0.414057766107857,0.4538232373386296,0.3368849283223556,0.4840151720400975
matched_marginal,3,1276543517,gbm,statistics_rawsig,50,max_leaf_nodes=7,0.3971501923706704,0.4215899693218958,0.4116305495958607,0.4113916380529186,0.4382181869768761,0.337659821774506,0.4888918992143051
matched_marginal,3,1276543517,gbm,b3,40,max_leaf_nodes=7,0.375386860413621,0.4026166911952134,0.391694567126527,0.3920824075944253,0.4021847070506454,0.3139287098024022,0.4917366567325928
matched_marginal,3,1276543517,gbm,b3_logsig,54,max_leaf_nodes=7,0.3834825319386419,0.4100429091785275,0.3990646537688023,0.398990103009493,0.4202014470137608,0.3181906237892289,0.4917366567325928
matched_marginal,3,1276543517,gbm,b3_rawsig,79,max_leaf_nodes=7,0.385355074355348,0.4098503592673544,0.3981185397417396,0.3983841648151888,0.4190665342601787,0.3144130182099961,0.4960715253318883
matched_marginal,3,1276543517,gbm,logsig,14,max_leaf_nodes=7,0.4074106686001311,0.409613442041592,0.4011904861257447,0.4013734599070895,0.4070080862533692,0.339984502130957,0.4818477377404497
matched_marginal,3,1276543517,gbm,rawsig,39,max_leaf_nodes=15,0.4007681144957826,0.4007648654312936,0.3918107274190739,0.3926883457887296,0.3837423748049369,0.3308795040681906,0.4876727174207532
matched_marginal,3,1276543517,gbm,logsig_shuffled,14,max_leaf_nodes=15,0.3583344413067779,0.3800680093419668,0.36809748221072,0.3801252272268228,0.2381898141580366,0.3644905075552112,0.5375237063126524
matched_marginal,3,1276543517,gbm,rawsig_shuffled,39,max_leaf_nodes=15,0.3542893133322763,0.3758987520213542,0.362317321212775,0.3741466370430216,0.2359199886508724,0.3453118946144905,0.5464643727986995
matched_marginal,3,1276543517,gbm,statistics_logsig_shuffled,25,max_leaf_nodes=7,0.380478972659517,0.4043029398342624,0.3951806820730514,0.3953544738436679,0.407149950347567,0.32932971716389,0.4764291519913302
matched_marginal,3,1276543517,gbm,statistics_rawsig_shuffled,50,max_leaf_nodes=7,0.3838844256063665,0.4052801743752454,0.3967298185657396,0.3971722884265805,0.4020428429564477,0.3366912049593181,0.4771064752099702
matched_marginal,3,1276543517,gbm,b3_logsig_shuffled,54,max_leaf_nodes=7,0.375386860413621,0.4026166911952134,0.391694567126527,0.3920824075944253,0.4021847070506454,0.3139287098024022,0.4917366567325928
matched_marginal,3,1276543517,gbm,b3_rawsig_shuffled,79,max_leaf_nodes=7,0.375379633702931,0.4016866787519699,0.390878850431273,0.3914360735205009,0.3960845510001418,0.3148004649360713,0.4941750203196965
matched_marginal,4,2351855581,random_forest,hmm,3,max_depth=6,0.351290158856748,0.33485079824082303,0.3150592017758531,0.3186426984447586,0.329764121663563,0.4603642206748795,0.21442405238402656
matched_marginal,4,2351855581,random_forest,statistics,11,max_depth=10,0.3981191578102914,0.4225042653418958,0.4160465260981105,0.4301757220763482,0.4810676598386095,0.2899035886448848,0.4965415475421931
matched_marginal,4,2351855581,random_forest,statistics_logsig,25,max_depth=10,0.4101760827961915,0.4241362670906241,0.4179155271656942,0.4314279943445768,0.4792054624456859,0.2988752008569898,0.4943281379691967
matched_marginal,4,2351855581,random_forest,statistics_rawsig,50,max_depth=10,0.4119614850544752,0.4124044928661021,0.408670368091566,0.4243183195314078,0.4351334574798262,0.2953936797000535,0.5066863414184266
matched_marginal,4,2351855581,random_forest,b3,40,max_depth=10,0.4076151495434343,0.4254587172058066,0.4189001395058627,0.4361947081397697,0.4804469273743016,0.2750401713979646,0.5208890528451535
matched_marginal,4,2351855581,random_forest,b3_logsig,54,max_depth=10,0.41468339732471,0.4275671983744325,0.4213014532017999,0.4375681680468592,0.4809124767225325,0.2846813069094804,0.5171078114912847
matched_marginal,4,2351855581,random_forest,b3_rawsig,79,max_depth=10,0.4114158189385541,0.426646560594683,0.4216546321234303,0.4378105433245809,0.4655493482309125,0.2940546331012319,0.5203357004519045
matched_marginal,4,2351855581,random_forest,logsig,14,max_depth=10,0.4027638516440726,0.3859359138821334,0.3825817268771994,0.3866289638456877,0.3662321539416511,0.4065345474022496,0.3850410403024993
matched_marginal,4,2351855581,random_forest,rawsig,39,max_depth=10,0.4073884065957968,0.3837815606372136,0.3828862758668213,0.394344576853161,0.3632836747361887,0.3330208891269416,0.4550401180485106
matched_marginal,4,2351855581,random_forest,logsig_shuffled,14,max_depth=10,0.3765384327733417,0.3573771212062372,0.3565761313880615,0.3735810947283377,0.249844816883923,0.3786823781467595,0.4436041685880291
matched_marginal,4,2351855581,random_forest,rawsig_shuffled,39,max_depth=10,0.3901621876109377,0.3642144029145573,0.3618762569843891,0.3890931125025247,0.3153320918684047,0.2454472415640064,0.5318638753112607
matched_marginal,4,2351855581,random_forest,statistics_logsig_shuffled,25,max_depth=10,0.4023787723975986,0.4218873553510918,0.415281091458295,0.4290446374469804,0.4818435754189944,0.2912426352437064,0.4925758553905746
matched_marginal,4,2351855581,random_forest,statistics_rawsig_shuffled,50,max_depth=10,0.40233592093886,0.4145727402584434,0.408871621204192,0.4235104019390022,0.4619801365611422,0.2872254954472416,0.4945125887669464
matched_marginal,4,2351855581,random_forest,b3_logsig_shuffled,54,max_depth=10,0.4089600975791245,0.4254705743673819,0.4193239417861552,0.4353463946677439,0.4778088144009931,0.2848152115693626,0.5137876971317901
matched_marginal,4,2351855581,random_forest,b3_rawsig_shuffled,79,max_depth=10,0.4092345923000987,0.4264287191394304,0.4213218083778189,0.4386588567966067,0.4633767846058348,0.2885645420460632,0.527344830766393
matched_marginal,4,2351855581,logistic,hmm,3,C=0.01,0.3469747791001761,0.3242024064284281,0.3003843697610274,0.30761462330842254,0.28739913097454994,0.4938403856454205,0.19136770266531403
matched_marginal,4,2351855581,logistic,statistics,11,C=1.0,0.3775460154140111,0.4184701589729766,0.4065079092472173,0.4156736012926681,0.5327436374922409,0.290037493304767,0.432629346121922
matched_marginal,4,2351855581,logistic,statistics_logsig,25,C=0.1,0.3996422398722605,0.4267787027511716,0.4157823386120551,0.4233084225409008,0.5375543140906269,0.3078468130690948,0.4349349810937932
matched_marginal,4,2351855581,logistic,statistics_rawsig,50,C=1.0,0.4414854100283916,0.447908477780565,0.4402663208569753,0.4498081195718036,0.5276225946617008,0.330074986609534,0.4860278520704602
matched_marginal,4,2351855581,logistic,b3,40,C=1.0,0.383629534503943,0.4095639319766621,0.4009580178803714,0.4089274893960816,0.4954996896337678,0.3022228173540439,0.4309692889421747
matched_marginal,4,2351855581,logistic,b3_logsig,54,C=1.0,0.4046595422844195,0.4123135197071789,0.4039465390725496,0.4112300545344375,0.499689633767846,0.306373861810391,0.4308770635432998
matched_marginal,4,2351855581,logistic,b3_rawsig,79,C=1.0,0.4348903050335272,0.4427301112751833,0.4361119357796954,0.4455261563320541,0.5102420856610801,0.3342260310658811,0.4837222170985889
matched_marginal,4,2351855581,logistic,logsig,14,C=0.01,0.392453173543826,0.4109042485921477,0.3978137220996046,0.4005655423146839,0.5251396648044693,0.3378414568826995,0.3697316240892742
matched_marginal,4,2351855581,logistic,rawsig,39,C=0.1,0.4417605098217239,0.4252870234949257,0.4224040805345018,0.4323570995758433,0.4487895716945996,0.3427959292983396,0.484275569491838
matched_marginal,4,2351855581,logistic,logsig_shuffled,14,C=0.01,0.3541218810944036,0.3711421668000994,0.3519539992792557,0.3522116744092102,0.4241154562383613,0.4409480449919657,0.2483629991699714
matched_marginal,4,2351855581,logistic,rawsig_shuffled,39,C=1.0,0.3848620238005102,0.3689383967329727,0.3690508289308972,0.3854170874570793,0.313625077591558,0.3201660417782538,0.4730240708291063
matched_marginal,4,2351855581,logistic,statistics_logsig_shuffled,25,C=0.1,0.3758168946725203,0.4197815245402618,0.409227565653064,0.4174106241163401,0.521570453134699,0.3044991965720407,0.4332749239140459
matched_marginal,4,2351855581,logistic,statistics_rawsig_shuffled,50,C=1.0,0.408617009373765,0.4233795523678146,0.4141440558417451,0.4231872349020399,0.5150527622594662,0.3053026245313336,0.4497832703126441
matched_marginal,4,2351855581,logistic,b3_logsig_shuffled,54,C=1.0,0.383886605441759,0.4102446778982004,0.4015735881007312,0.4092910523126641,0.4967411545623836,0.3044991965720407,0.429493682560177
matched_marginal,4,2351855581,logistic,b3_rawsig_shuffled,79,C=1.0,0.4069156742190546,0.4281025640362965,0.4193633439359954,0.4283983033730559,0.5152079453755432,0.3123995715050884,0.4567001752282578
matched_marginal,4,2351855581,gbm,hmm,3,max_leaf_nodes=7,0.3527661565031425,0.3423621371150592,0.3322534955345588,0.3334275903857806,0.35614525139664804,0.3899303695768613,0.2810107903716684
matched_marginal,4,2351855581,gbm,statistics,11,max_leaf_nodes=15,0.3930223385863914,0.417158533557022,0.4108440127619459,0.4194708139769743,0.4751707014276847,0.3245848955543653,0.4517200036890159
matched_marginal,4,2351855581,gbm,statistics_logsig,25,max_leaf_nodes=7,0.4119829613330619,0.4118256621055072,0.4048259941711288,0.4147041001817814,0.478895096213532,0.3032940546331012,0.4532878354698884
matched_marginal,4,2351855581,gbm,statistics_rawsig,50,max_leaf_nodes=7,0.4113097103855587,0.4255029367275568,0.4180733535809119,0.4289638456877399,0.4990689013035381,0.3042313872522764,0.473208521626856
matched_marginal,4,2351855581,gbm,b3,40,max_leaf_nodes=7,0.4009287300690513,0.4232212064841095,0.4174673735721129,0.4267016764290042,0.4722222222222222,0.3338243170862346,0.4636170801438716
matched_marginal,4,2351855581,gbm,b3_logsig,54,max_leaf_nodes=7,0.4083045542801898,0.4251192059837455,0.4192091552439468,0.427832761058372,0.4745499689633768,0.3407873594001071,0.4600202895877525
matched_marginal,4,2351855581,gbm,b3_rawsig,79,max_leaf_nodes=31,0.4109589659781583,0.4288931360955487,0.4176332278030394,0.4254898000403959,0.5332091868404718,0.3178896625602571,0.4355805588859172
matched_marginal,4,2351855581,gbm,logsig,14,max_leaf_nodes=15,0.4209319843834394,0.4009440768288383,0.3947149676466268,0.4025045445364573,0.4643078833022967,0.3069094804499196,0.4316148667342986
matched_marginal,4,2351855581,gbm,rawsig,39,max_leaf_nodes=15,0.4272908492844927,0.4048649074886596,0.3995836399709511,0.4102605534235508,0.4549968963376785,0.2999464381360471,0.4596513879922531
matched_marginal,4,2351855581,gbm,logsig_shuffled,14,max_leaf_nodes=7,0.3807966788379196,0.3634047178029849,0.3639506682841472,0.380731165421127,0.2970204841713221,0.3228441349758971,0.4703495342617357
matched_marginal,4,2351855581,gbm,rawsig_shuffled,39,max_leaf_nodes=15,0.3835845505453925,0.3586882841900388,0.358295623854939,0.3753181175520097,0.3195220360024829,0.2877611140867702,0.4687817024808632
matched_marginal,4,2351855581,gbm,statistics_logsig_shuffled,25,max_leaf_nodes=7,0.3952004787857888,0.4178182509618657,0.4113059347024532,0.4214098161987477,0.4792054624456859,0.3114622388859132,0.4627870515539979
matched_marginal,4,2351855581,gbm,statistics_rawsig_shuffled,50,max_leaf_nodes=7,0.3960140706255701,0.418516741440623,0.4120481669499657,0.4227024843465966,0.478739913097455,0.3093197643277986,0.4674905468966153
matched_marginal,4,2351855581,gbm,b3_logsig_shuffled,54,max_leaf_nodes=7,0.4009287300690513,0.4232212064841095,0.4174673735721129,0.4267016764290042,0.4722222222222222,0.3338243170862346,0.4636170801438716
matched_marginal,4,2351855581,gbm,b3_rawsig_shuffled,79,max_leaf_nodes=7,0.4008188159914488,0.4252194092424499,0.419387853553792,0.4281559280953342,0.4747051520794537,0.3391805034815212,0.4617725721663746
matched_marginal,5,181029087,random_forest,hmm,3,max_depth=4,0.3695258946201019,0.32863573596499895,0.2649715848726164,0.295213088264997,0.3188298463247547,0.06533317552373062,0.6017441860465116
matched_marginal,5,181029087,random_forest,statistics,11,max_depth=4,0.3838566018316775,0.374020244426968,0.2949411198314887,0.3092708543728539,0.1813553045732271,0.1763522310332583,0.7643531976744186
matched_marginal,5,181029087,random_forest,statistics_logsig,25,max_depth=10,0.3928874640844455,0.3952143142319584,0.3641163380641376,0.3642496465360533,0.3013330864654693,0.3038229376257545,0.5804869186046512
matched_marginal,5,181029087,random_forest,statistics_rawsig,50,max_depth=10,0.3966045290431779,0.3936171976302307,0.3559528261915015,0.3567764088063017,0.2844843547491205,0.2802698544206415,0.6160973837209303
matched_marginal,5,181029087,random_forest,b3,40,max_depth=4,0.396603435736423,0.3939419647174157,0.3279126236710237,0.3405372651989497,0.2702277356045177,0.1675937980826133,0.7440043604651163
matched_marginal,5,181029087,random_forest,b3_logsig,54,max_depth=6,0.3968841418632614,0.4026539126304931,0.3442014851679715,0.3546758230660473,0.299203851138678,0.1854657355900106,0.7232921511627907
matched_marginal,5,181029087,random_forest,b3_rawsig,79,max_depth=6,0.3948019530977817,0.3909731345852478,0.325267338278592,0.3379115330236316,0.2670801703388261,0.1678305124866848,0.7380087209302325
matched_marginal,5,181029087,random_forest,logsig,14,max_depth=10,0.4096865271450953,0.3843975752089836,0.3552513704415139,0.3648959806099778,0.388724310312905,0.2126878920582317,0.551780523255814
matched_marginal,5,181029087,random_forest,rawsig,39,max_depth=10,0.397256333438319,0.3818982183400823,0.339027878217641,0.3454655625126237,0.3085539714867617,0.2075985323706947,0.6295421511627907
matched_marginal,5,181029087,random_forest,logsig_shuffled,14,max_depth=10,0.380335258908526,0.3741695469820954,0.309137958691822,0.3201777418703292,0.232642103314201,0.1749319446088294,0.7149345930232558
matched_marginal,5,181029087,random_forest,rawsig_shuffled,39,max_depth=4,0.3798499654796901,0.3749496726847142,0.2958969138097088,0.3120581700666532,0.2038511386780226,0.1541010770505385,0.7668968023255814
matched_marginal,5,181029087,random_forest,statistics_logsig_shuffled,25,max_depth=6,0.3867817241608901,0.3896432860263115,0.3297250470242676,0.3350434255705918,0.2189409368635438,0.2377796188898094,0.7122093023255814
matched_marginal,5,181029087,random_forest,statistics_rawsig_shuffled,50,max_depth=6,0.3870278902843758,0.3863097855115234,0.327068791047655,0.3333871945061604,0.2331049805591557,0.2170671085335542,0.7087572674418605
matched_marginal,5,181029087,random_forest,b3_logsig_shuffled,54,max_depth=6,0.3964454668626314,0.3999978825385226,0.3424463425383418,0.3525752373257927,0.2970746158118867,0.1865309504083323,0.7163880813953488
matched_marginal,5,181029087,random_forest,b3_rawsig_shuffled,79,max_depth=6,0.3946699628648625,0.3938075955703192,0.3346196431489281,0.3439305190870531,0.2748565080540641,0.18854302284294,0.7180232558139535
matched_marginal,5,181029087,logistic,hmm,3,C=0.1,0.36630777827777644,0.3312148288667072,0.26799677905014824,0.30761462330842254,0.37854101092390297,0.04769795242040478,0.567405523255814
matched_marginal,5,181029087,logistic,statistics,11,C=1.0,0.3942894395109884,0.361496136577674,0.3417087282631164,0.3547162189456675,0.4162192186632105,0.2060598887442301,0.4622093023255814
matched_marginal,5,181029087,logistic,statistics_logsig,25,C=1.0,0.4177247551138077,0.380230071956072,0.3601876528677949,0.374348616441123,0.4427883725236067,0.2182506805539117,0.4796511627906977
matched_marginal,5,181029087,logistic,statistics_rawsig,50,C=0.1,0.4320253434311868,0.4116620994483999,0.3869544240630996,0.3980609977782266,0.443714127013516,0.2396733341223813,0.5515988372093024
matched_marginal,5,181029087,logistic,b3,40,C=0.01,0.3983990891382292,0.3447697735729313,0.3314823267279577,0.3468390224197132,0.4307535641547861,0.207480175168659,0.3960755813953488
matched_marginal,5,181029087,logistic,b3_logsig,54,C=0.01,0.4097722916321951,0.3655245294523826,0.350596139576397,0.3647343970914967,0.4404739862988335,0.2240501834536631,0.4320494186046512
matched_marginal,5,181029087,logistic,b3_rawsig,79,C=0.1,0.4253116746319443,0.3950634455320245,0.3775746152291535,0.3887295495859422,0.4461210886872801,0.249970410699491,0.4890988372093023
matched_marginal,5,181029087,logistic,logsig,14,C=1.0,0.3909667005505579,0.366715095367393,0.350712382152615,0.3683296303777015,0.4604702832808739,0.21162267723991,0.4280523255813953
matched_marginal,5,181029087,logistic,rawsig,39,C=0.1,0.4258816160448542,0.398008552663114,0.3670729521199261,0.3784689961623914,0.4119607480096278,0.2086637471890164,0.5734011627906976
matched_marginal,5,181029087,logistic,logsig_shuffled,14,C=0.1,0.3575146415453492,0.3182747565101383,0.2992916475941555,0.3024035548374066,0.2939270505461951,0.2286661143330571,0.4322311046511627
matched_marginal,5,181029087,logistic,rawsig_shuffled,39,C=1.0,0.3866241377934802,0.3792265779458508,0.3298607380131571,0.3414259745505958,0.3198481762636548,0.1683039412948277,0.6495276162790697
matched_marginal,5,181029087,logistic,statistics_logsig_shuffled,25,C=1.0,0.4048988357715755,0.3603367478374469,0.3418182951812567,0.3519692991314886,0.3984447324569524,0.2214463250088768,0.4611191860465116
matched_marginal,5,181029087,logistic,statistics_rawsig_shuffled,50,C=1.0,0.4119936253261198,0.3841169329871761,0.3610125013066914,0.3680468592203595,0.3896500648028143,0.2390815481122026,0.5236191860465116
matched_marginal,5,181029087,logistic,b3_logsig_shuffled,54,C=0.01,0.3994506500437487,0.3455715195534452,0.3329153255019576,0.3478489194102201,0.4300129605628587,0.2128062492602674,0.3938953488372093
matched_marginal,5,181029087,logistic,b3_rawsig_shuffled,79,C=0.1,0.408070466000309,0.375671458484325,0.3586160030725437,0.3685316097758028,0.4170523977041289,0.241211977748846,0.46875
matched_marginal,5,181029087,gbm,hmm,3,max_leaf_nodes=7,0.36139904123051664,0.333773505995558,0.301950483910776,0.30494849525348416,0.2644880577670802,0.2161202509172683,0.5207122093023255
matched_marginal,5,181029087,gbm,statistics,11,max_leaf_nodes=7,0.3804298514419214,0.393475140056394,0.3754164515486464,0.3767319733387194,0.33632660618404,0.3555450349153746,0.4885537790697674
matched_marginal,5,181029087,gbm,statistics_logsig,25,max_leaf_nodes=7,0.397112518196977,0.4014121772197387,0.3859035188852125,0.3892546960210059,0.3802999444547306,0.3371996685998343,0.4867369186046512
matched_marginal,5,181029087,gbm,statistics_rawsig,50,max_leaf_nodes=7,0.3942212451818423,0.3943803002555073,0.3773092850082327,0.380004039587962,0.3637289390853546,0.3286779500532607,0.490734011627907
matched_marginal,5,181029087,gbm,b3,40,max_leaf_nodes=7,0.3882684979080024,0.3891569741983889,0.3758781666810846,0.3797616643102403,0.3744676911683021,0.3366078825896555,0.4563953488372093
matched_marginal,5,181029087,gbm,b3_logsig,54,max_leaf_nodes=7,0.3990108741011067,0.3894759272003047,0.3767563617061295,0.3816602706523934,0.3891871875578596,0.3242987335779382,0.4549418604651162
matched_marginal,5,181029087,gbm,b3_rawsig,79,max_leaf_nodes=7,0.3973208857885642,0.3922844801272269,0.3798445309337587,0.3842456069480913,0.386132197741159,0.3357793821754053,0.4549418604651162
matched_marginal,5,181029087,gbm,logsig,14,max_leaf_nodes=7,0.4080645512557595,0.3951759685397761,0.3751819548332561,0.3816198747727732,0.4010368450286984,0.2706829210557462,0.5138081395348837
matched_marginal,5,181029087,gbm,rawsig,39,max_leaf_nodes=15,0.4070764798704358,0.3923770219992593,0.3718015382550728,0.3761260351444153,0.3752082947602296,0.2866611433305717,0.5152616279069767
matched_marginal,5,181029087,gbm,logsig_shuffled,14,max_leaf_nodes=7,0.3760966656401877,0.3861789486206459,0.3439029258051844,0.3469198141789537,0.2811516385854471,0.2451177654160255,0.6322674418604651
matched_marginal,5,181029087,gbm,rawsig_shuffled,39,max_leaf_nodes=7,0.3781763989667692,0.3869702949438476,0.3432444013426214,0.3478893152898404,0.2937418996482133,0.2261806130903065,0.6409883720930233
matched_marginal,5,181029087,gbm,statistics_logsig_shuffled,25,max_leaf_nodes=7,0.3787994490792736,0.3965283794053847,0.3759805415627594,0.3771763280145425,0.3379003888168858,0.3393300982364777,0.5123546511627907
matched_marginal,5,181029087,gbm,statistics_rawsig_shuffled,50,max_leaf_nodes=7,0.3775039032443644,0.3961317324416484,0.3771844426421782,0.3786709755604928,0.3449361229401962,0.3414605278731211,0.5019985465116279
matched_marginal,5,181029087,gbm,b3_logsig_shuffled,54,max_leaf_nodes=7,0.3882684979080024,0.3891569741983889,0.3758781666810846,0.3797616643102403,0.3744676911683021,0.3366078825896555,0.4563953488372093
matched_marginal,5,181029087,gbm,b3_rawsig_shuffled,79,max_leaf_nodes=7,0.3912267447570617,0.3867950808547587,0.3746338789783934,0.3788729549585942,0.3766895019440844,0.3383832406201917,0.4453125
matched_marginal,6,723582294,random_forest,hmm,3,max_depth=10,0.3625791481123724,0.3519920353325177,0.33056032104658734,0.3362149060795799,0.2535273858460171,0.25090826521344234,0.5515404549380939
matched_marginal,6,723582294,random_forest,statistics,11,max_depth=6,0.4074067593081579,0.3823421840976134,0.3696612952131813,0.3709957584326399,0.2829685590489945,0.3411671207992733,0.5228908724445724
matched_marginal,6,723582294,random_forest,statistics_logsig,25,max_depth=10,0.4092571496798333,0.3949241392050457,0.3867357487186282,0.3866289638456877,0.3266303744028441,0.3600136239782016,0.4981284192340915
matched_marginal,6,723582294,random_forest,statistics_rawsig,50,max_depth=10,0.4169228252769674,0.3994886447156172,0.3920929578390215,0.3919612199555645,0.3272969670036663,0.3790871934604904,0.492081773682695
matched_marginal,6,723582294,random_forest,b3,40,max_depth=6,0.4150249440983788,0.4054895497670558,0.3901409613010007,0.3922843869925267,0.3110765470503277,0.3341280653950954,0.5712640368557443
matched_marginal,6,723582294,random_forest,b3_logsig,54,max_depth=6,0.4154421581651915,0.4117820862521477,0.3957515166289813,0.3981417895374672,0.3147428063548494,0.337534059945504,0.5830693924560898
matched_marginal,6,723582294,random_forest,b3_rawsig,79,max_depth=6,0.4179435995234399,0.4090937914411436,0.3908828685549733,0.3941425974550596,0.3031885346072658,0.3272025431425976,0.5968902965735675
matched_marginal,6,723582294,random_forest,logsig,14,max_depth=10,0.4155277052135826,0.4036963543305538,0.3916108852528751,0.3951928903251868,0.4212865237195867,0.2712306993642143,0.5185718399078606
matched_marginal,6,723582294,random_forest,rawsig,39,max_depth=10,0.4071738091709638,0.393687933785364,0.3860300886248942,0.3861038174106241,0.3257415842684146,0.3678474114441417,0.4874748056435358
matched_marginal,6,723582294,random_forest,logsig_shuffled,14,max_depth=10,0.3910102564576637,0.3846280364978758,0.3582989520679849,0.3660270652393456,0.2827463615153872,0.2497729336966394,0.621364814281601
matched_marginal,6,723582294,random_forest,rawsig_shuffled,39,max_depth=6,0.3975776108888773,0.3839217696898271,0.3508288212053,0.3623914360735205,0.26174869458949,0.2325158946412352,0.6575007198387561
matched_marginal,6,723582294,random_forest,statistics_logsig_shuffled,25,max_depth=6,0.4100244616945286,0.3853487583174184,0.3702343675212927,0.3724096142193496,0.2846350405510499,0.3244777475022706,0.5469334868989346
matched_marginal,6,723582294,random_forest,statistics_rawsig_shuffled,50,max_depth=10,0.4169486517194727,0.3871367927720766,0.3779503735188129,0.3783478085235306,0.3000777691367626,0.3663714804722979,0.4949611287071696
matched_marginal,6,723582294,random_forest,b3_logsig_shuffled,54,max_depth=6,0.4163104751646546,0.4079025586842902,0.3911664944082793,0.3939002221773379,0.3046328185757138,0.3357175295186194,0.5833573279585373
matched_marginal,6,723582294,random_forest,b3_rawsig_shuffled,79,max_depth=6,0.4146126736808557,0.4046956472777132,0.3862953671858619,0.3897394465764492,0.2975224975002777,0.3241371480472298,0.5924272962856321
matched_marginal,6,723582294,logistic,hmm,3,C=0.1,0.35949699589643563,0.3515231787411695,0.300772492908495,0.3348414461724904,0.40684368403510723,0.06868755676657584,0.5790382954218255
matched_marginal,6,723582294,logistic,statistics,11,C=1.0,0.4043427928878477,0.4031839958459582,0.3887330787720306,0.3953948697232882,0.4548383512943006,0.2426203451407811,0.512093291102793
matched_marginal,6,723582294,logistic,statistics_logsig,25,C=0.1,0.42621851723053,0.4235700662018876,0.4112369790942251,0.4170470611997576,0.4826130429952227,0.2716848319709355,0.5164123236395047
matched_marginal,6,723582294,logistic,statistics_rawsig,50,C=1.0,0.4671182596352124,0.4477592716191674,0.4381586227953526,0.4421329024439507,0.5009443395178313,0.3142597638510445,0.5280737114886266
matched_marginal,6,723582294,logistic,b3,40,C=1.0,0.4034955561445364,0.4007702735753026,0.3876938067298849,0.3928903251868309,0.4473947339184535,0.244550408719346,0.5103656780881083
matched_marginal,6,723582294,logistic,b3_logsig,54,C=1.0,0.4217204561864823,0.4182289910973046,0.405680875556055,0.4109876792567158,0.4741695367181424,0.2602179836512261,0.5202994529225453
matched_marginal,6,723582294,logistic,b3_rawsig,79,C=0.1,0.4530589250107018,0.4395879791464419,0.4292217290952543,0.433043829529388,0.4886123764026219,0.2984786557674841,0.5316729052692197
matched_marginal,6,723582294,logistic,logsig,14,C=0.1,0.3965200832598309,0.4002440915999323,0.3933103452735533,0.3988285194910119,0.4893900677702477,0.2830381471389646,0.4283040598905845
matched_marginal,6,723582294,logistic,rawsig,39,C=1.0,0.4615633954841911,0.4423704652667206,0.4283341747283803,0.4336497677236922,0.4826130429952227,0.2820163487738419,0.562482004031097
matched_marginal,6,723582294,logistic,logsig_shuffled,14,C=1.0,0.3482555264060002,0.3688496425455843,0.3654594900064265,0.3657442940820036,0.3232974113987334,0.3778383287920072,0.405413187446012
matched_marginal,6,723582294,logistic,rawsig_shuffled,39,C=1.0,0.4000854480084125,0.3925491109372696,0.3689456066552994,0.3754797010704908,0.3120764359515609,0.2544277929155313,0.6111431039447164
matched_marginal,6,723582294,logistic,statistics_logsig_shuffled,25,C=1.0,0.4046070437908747,0.4083824296733272,0.3938713534337884,0.400444354675823,0.4588379068992334,0.2471616712079927,0.5191477109127556
matched_marginal,6,723582294,logistic,statistics_rawsig_shuffled,50,C=1.0,0.4250454882302112,0.4173274500778148,0.4042797890404144,0.4077964047667138,0.4271747583601822,0.2797456857402361,0.5450619061330262
matched_marginal,6,723582294,logistic,b3_logsig_shuffled,54,C=1.0,0.4043707102155935,0.3999649178816526,0.3872625204352378,0.392324782872147,0.4476169314520609,0.2457992733878292,0.5064785488050677
matched_marginal,6,723582294,logistic,b3_rawsig_shuffled,79,C=1.0,0.4209970221074164,0.406861145419015,0.3946265808342855,0.3981417895374672,0.4287301410954338,0.266802906448683,0.5250503887129283
matched_marginal,6,723582294,gbm,hmm,3,max_leaf_nodes=7,0.3607707669436184,0.3549470844417983,0.3385517081939729,0.3422742880226217,0.3025219420064437,0.24432334241598547,0.5179959689029657
matched_marginal,6,723582294,gbm,statistics,11,max_leaf_nodes=7,0.4043657111586314,0.3816063773801875,0.3767715824662975,0.3763684104221369,0.3464059548939007,0.3508174386920981,0.4475957385545638
matched_marginal,6,723582294,gbm,statistics_logsig,25,max_leaf_nodes=7,0.4168137895586505,0.3877357919677532,0.3839449758342526,0.383922439911129,0.38584601710921,0.3391235240690282,0.4382378347250216
matched_marginal,6,723582294,gbm,statistics_rawsig,50,max_leaf_nodes=7,0.4191367621288022,0.390512508345023,0.3871102630142198,0.386669359725308,0.3816242639706699,0.349227974568574,0.4406852864958249
matched_marginal,6,723582294,gbm,b3,40,max_leaf_nodes=7,0.4080612487971807,0.3887230749477565,0.3854393560553614,0.3856190668551807,0.4016220419953338,0.333219800181653,0.4313273826662827
matched_marginal,6,723582294,gbm,b3_logsig,54,max_leaf_nodes=7,0.4090768784604823,0.3944395655522586,0.3908098458621762,0.3912340941223995,0.4086212643039662,0.3361716621253406,0.438525770227469
matched_marginal,6,723582294,gbm,b3_rawsig,79,max_leaf_nodes=7,0.4098165487884635,0.3938872397415957,0.3906745140553293,0.3909109270854373,0.4025108321297633,0.3448001816530427,0.434350705441981
matched_marginal,6,723582294,gbm,logsig,14,max_leaf_nodes=7,0.4266559348665537,0.4079985371112585,0.3996969521538491,0.4016966269440517,0.4289523386290412,0.3010899182561308,0.4939533544486035
matched_marginal,6,723582294,gbm,rawsig,39,max_leaf_nodes=15,0.4300379022511046,0.4072887665425385,0.4044546550120901,0.4061805695819026,0.4498389067881346,0.3455949137148047,0.4264324791246761
matched_marginal,6,723582294,gbm,logsig_shuffled,14,max_leaf_nodes=7,0.394522876244152,0.3811741733408536,0.3690750020879846,0.3703090284790951,0.3145206088212421,0.3102861035422343,0.5187158076590843
matched_marginal,6,723582294,gbm,rawsig_shuffled,39,max_leaf_nodes=7,0.3947572836560014,0.3835350685467625,0.3693816213604662,0.3713997172288427,0.2923008554605044,0.3228882833787466,0.5354160668010366
matched_marginal,6,723582294,gbm,statistics_logsig_shuffled,25,max_leaf_nodes=7,0.4114524585050367,0.3795215603499073,0.3753690841870223,0.3748737628761866,0.3470725474947228,0.353542234332425,0.4379498992225741
matched_marginal,6,723582294,gbm,statistics_rawsig_shuffled,50,max_leaf_nodes=7,0.4070867088029946,0.3782865097209309,0.374310875123689,0.3737022823671985,0.3478502388623486,0.3509309718437783,0.4360783184566657
matched_marginal,6,723582294,gbm,b3_logsig_shuffled,54,max_leaf_nodes=7,0.4067883997205815,0.3842337368078065,0.3809995154386299,0.3812563118561907,0.3997333629596711,0.3275431425976385,0.42542470486611
matched_marginal,6,723582294,gbm,b3_rawsig_shuffled,79,max_leaf_nodes=7,0.4079415216648654,0.3895250099192094,0.3860950756190702,0.3864269844475863,0.4051772025330519,0.3310626702997275,0.4323351569248488
matched_marginal,7,3503254173,random_forest,hmm,3,max_depth=6,0.3726381485842458,0.37203002086706244,0.34345407430724434,0.3980609977782266,0.2026179438232888,0.17757712565838976,0.7358949931195088
matched_marginal,7,3503254173,random_forest,statistics,11,max_depth=6,0.4127913169892119,0.4146765947854723,0.4061363283085514,0.4289638456877399,0.3606490319061903,0.2520692249811889,0.6313115274690377
matched_marginal,7,3503254173,random_forest,statistics_logsig,25,max_depth=10,0.4201293311669108,0.4198538513249112,0.4153045743145058,0.4298121591597657,0.3997818380147259,0.2812891898670679,0.5784905260929396
matched_marginal,7,3503254173,random_forest,statistics_rawsig,50,max_depth=10,0.4211719644797955,0.4101231710466109,0.4046058959413445,0.4210866491617855,0.3835560403599672,0.263982944569852,0.5828305282100138
matched_marginal,7,3503254173,random_forest,b3,40,max_depth=10,0.4221046806321564,0.4170778902344902,0.4117779222661508,0.428559886891537,0.3824652304335969,0.2737647353900175,0.595003704879856
matched_marginal,7,3503254173,random_forest,b3_logsig,54,max_depth=10,0.4287711448170528,0.4263584279583348,0.4204908689278075,0.4372853968895173,0.4076902099809108,0.2695008778530223,0.6018841960410712
matched_marginal,7,3503254173,random_forest,b3_rawsig,79,max_depth=10,0.4255928154358372,0.4195513271357762,0.4140207433047402,0.4312260149464754,0.3851922552495228,0.27263606721846,0.6008256589393458
matched_marginal,7,3503254173,random_forest,logsig,14,max_depth=10,0.4213210349214513,0.4232519545450295,0.4128619284530492,0.4300949303171076,0.4773656940278156,0.2306245297215952,0.561765639885678
matched_marginal,7,3503254173,random_forest,rawsig,39,max_depth=10,0.408820685525545,0.3971103140946448,0.3920395615069099,0.4080387800444354,0.3677392964275975,0.255580637070479,0.568011008785858
matched_marginal,7,3503254173,random_forest,logsig_shuffled,14,max_depth=10,0.3808330353055792,0.3792531404656034,0.3677553786476733,0.3984649565744294,0.1970275429506408,0.3177827940807625,0.622949084365407
matched_marginal,7,3503254173,random_forest,rawsig_shuffled,39,max_depth=10,0.3881975774100138,0.3759541505537696,0.371422297226698,0.3899414259745506,0.2555222252522497,0.3136443441183847,0.5586958822906742
matched_marginal,7,3503254173,random_forest,statistics_logsig_shuffled,25,max_depth=6,0.4181020450052233,0.414982082449787,0.4040089742343383,0.4307008685114118,0.356285792200709,0.2350137948332079,0.653646660315444
matched_marginal,7,3503254173,random_forest,statistics_rawsig_shuffled,50,max_depth=10,0.4219993782896483,0.407304057595198,0.4021375572503731,0.4196727933750757,0.3526043086992091,0.2779031853523953,0.5914046787339896
matched_marginal,7,3503254173,random_forest,b3_logsig_shuffled,54,max_depth=10,0.4204139461332288,0.4231314367877206,0.4178403619597694,0.4343768935568572,0.3932369784565039,0.2770253323300727,0.5991319995765851
matched_marginal,7,3503254173,random_forest,b3_rawsig_shuffled,79,max_depth=10,0.4228284974648862,0.4201119359770111,0.414648157636976,0.4319531407796405,0.3819198254704117,0.2758966641585151,0.6025193183021065
matched_marginal,7,3503254173,logistic,hmm,3,C=0.01,0.36495806117591617,0.380546855449003,0.37024628578565544,0.397535851343163,0.28156531224434145,0.23702031602708803,0.6230549380755795
matched_marginal,7,3503254173,logistic,statistics,11,C=1.0,0.4097453792208556,0.4200478361630896,0.4102326033516399,0.4275095940214098,0.4622307062994273,0.2341359418108853,0.5637768603789562
matched_marginal,7,3503254173,logistic,statistics_logsig,25,C=1.0,0.4322239007683961,0.4391490810963197,0.4296898266639626,0.4438699252676227,0.5139078265612217,0.2525708552796589,0.5509685614480787
matched_marginal,7,3503254173,logistic,statistics_rawsig,50,C=1.0,0.454534243077876,0.4656131958947695,0.4538950643847696,0.4713795192890325,0.5496318516498501,0.2481815901680461,0.5990261458664126
matched_marginal,7,3503254173,logistic,b3,40,C=1.0,0.4160492300540921,0.4164699429597629,0.4108318672075937,0.4211270450414058,0.4642759749113717,0.2696262854276398,0.5155075685402773
matched_marginal,7,3503254173,logistic,b3_logsig,54,C=1.0,0.433626244490797,0.4315920775747872,0.4255566157614223,0.435507978186225,0.4937278429233706,0.2766491096062202,0.5243992801947708
matched_marginal,7,3503254173,logistic,b3_rawsig,79,C=1.0,0.4468731251483016,0.4605589107022613,0.4512562279184745,0.466087659058776,0.5329970002727025,0.263732129420617,0.5849476024134646
matched_marginal,7,3503254173,logistic,logsig,14,C=1.0,0.40582737201063,0.4045479316209794,0.3918173753179361,0.4001211876388608,0.5599945459503681,0.2559568597943316,0.3976923891182386
matched_marginal,7,3503254173,logistic,rawsig,39,C=1.0,0.4493174996587886,0.4509664894648034,0.4362962732612427,0.4584528378105433,0.529451868011999,0.2125658389766742,0.6108817614057372
matched_marginal,7,3503254173,logistic,logsig_shuffled,14,C=1.0,0.348752206602169,0.356911233043693,0.3544275278539044,0.3609775802868107,0.3751022634305972,0.2624780536744419,0.43315338202604
matched_marginal,7,3503254173,logistic,rawsig_shuffled,39,C=1.0,0.392032997639137,0.3789411148816969,0.3648442610600748,0.3949909109270854,0.3265612217071175,0.1843491346877351,0.6259129882502382
matched_marginal,7,3503254173,logistic,statistics_logsig_shuffled,25,C=1.0,0.4088131708736851,0.4221687671161551,0.4125315098523776,0.429569783882044,0.4652304335969457,0.2360170554301479,0.5652588123213719
matched_marginal,7,3503254173,logistic,statistics_rawsig_shuffled,50,C=1.0,0.4266181973946186,0.4222234677158656,0.4122981622612505,0.4323570995758433,0.4386419416416689,0.22836719337848,0.5996612681274479
matched_marginal,7,3503254173,logistic,b3_logsig_shuffled,54,C=1.0,0.4158977761872129,0.4181647198975158,0.4126607615505732,0.4228640678650777,0.4648213798745568,0.2722598444946075,0.5174129353233831
matched_marginal,7,3503254173,logistic,b3_rawsig_shuffled,79,C=1.0,0.4212780974528933,0.4255817092227259,0.4195242723875969,0.4319127449000202,0.464412326152168,0.263481314271382,0.548851487244628
matched_marginal,7,3503254173,gbm,hmm,3,max_leaf_nodes=7,0.3698089544211767,0.3750280643392843,0.3634883752348856,0.3928903251868309,0.26520316334878646,0.23238023576624028,0.6275007939028263
matched_marginal,7,3503254173,gbm,statistics,11,max_leaf_nodes=7,0.4070639447712095,0.3964577501882529,0.3926877938755235,0.4037568168046859,0.405917643850559,0.2602207173313268,0.5232348893828729
matched_marginal,7,3503254173,gbm,statistics_logsig,25,max_leaf_nodes=7,0.4246266706541473,0.4315267290554816,0.4256738682748116,0.4372046051302767,0.4734115080447232,0.2760220717331327,0.545146607388589
matched_marginal,7,3503254173,gbm,statistics_rawsig,50,max_leaf_nodes=7,0.4230240589421266,0.4179757944740765,0.4139043894264795,0.4235104019390022,0.4485955822197982,0.2810383747178329,0.5242934264845983
matched_marginal,7,3503254173,gbm,b3,40,max_leaf_nodes=7,0.4082311139283829,0.4013013242371712,0.3997071445087953,0.4063017572207635,0.4117807472047995,0.3022322548281916,0.4898909706785223
matched_marginal,7,3503254173,gbm,b3_logsig,54,max_leaf_nodes=7,0.4185288803283727,0.4112990411526807,0.4094002060181372,0.4168046859220359,0.4206435778565585,0.3053674441936293,0.5078861014078544
matched_marginal,7,3503254173,gbm,b3_rawsig,79,max_leaf_nodes=7,0.4100604167112784,0.4075748594445159,0.4056954083819746,0.4126843062007675,0.4213253340605399,0.3019814396789566,0.499417804594051
matched_marginal,7,3503254173,gbm,logsig,14,max_leaf_nodes=7,0.4312027041399471,0.424742466218086,0.4153602791726347,0.4297313674005251,0.4942732478865557,0.2411587659894657,0.5387953847782365
matched_marginal,7,3503254173,gbm,rawsig,39,max_leaf_nodes=7,0.4210813569547518,0.4198604018677445,0.4142054582721508,0.426822864067865,0.4491409871829833,0.2608477552044143,0.5495924632158358
matched_marginal,7,3503254173,gbm,logsig_shuffled,14,max_leaf_nodes=7,0.3920489216099543,0.3878839768374654,0.3846875323186682,0.3991920824075944,0.3277883828742841,0.2840481565086531,0.5518153911294591
matched_marginal,7,3503254173,gbm,rawsig_shuffled,39,max_leaf_nodes=7,0.3885460418397935,0.377564531391344,0.3735182053905685,0.3901030094930317,0.2987455685846741,0.2799097065462754,0.5540383190430824
matched_marginal,7,3503254173,gbm,statistics_logsig_shuffled,25,max_leaf_nodes=7,0.4069235475279054,0.4028350014664347,0.3988694099836078,0.4105433245808927,0.4080992637032997,0.2657386506144971,0.5346670900815074
matched_marginal,7,3503254173,gbm,statistics_rawsig_shuffled,50,max_leaf_nodes=7,0.4088356719415455,0.4023682707997483,0.3992817424664399,0.4099777822662088,0.3993727842923371,0.2787810383747178,0.5289509897321901
matched_marginal,7,3503254173,gbm,b3_logsig_shuffled,54,max_leaf_nodes=7,0.4082311139283829,0.4013013242371712,0.3997071445087953,0.4063017572207635,0.4117807472047995,0.3022322548281916,0.4898909706785223
matched_marginal,7,3503254173,gbm,b3_rawsig_shuffled,79,max_leaf_nodes=7,0.4062686722719521,0.3971104006545322,0.395108052460112,0.4027065239345587,0.4056449413689664,0.2908201655379985,0.4948660950566317
matched_marginal,8,2754094657,random_forest,hmm,3,max_depth=4,0.35138571731524965,0.3608310643902375,0.35710293355478084,0.36267420723086247,0.24987443495730788,0.43011787346644215,0.4025008847469624
matched_marginal,8,2754094657,random_forest,statistics,11,max_depth=10,0.3898538257442099,0.3913325803382395,0.3923534816567169,0.3914764694001212,0.3726770467101958,0.428193408708203,0.3731272855963194
matched_marginal,8,2754094657,random_forest,statistics_logsig,25,max_depth=10,0.4066839741608191,0.4064057775191674,0.4081857132415931,0.4066653201373459,0.3874937217478654,0.4265095020447438,0.4052141087648932
matched_marginal,8,2754094657,random_forest,statistics_rawsig,50,max_depth=10,0.4111803661396079,0.422382477432201,0.4233041982573458,0.4233084225409008,0.3775740833751883,0.4227808515756555,0.4667924973457591
matched_marginal,8,2754094657,random_forest,b3,40,max_depth=10,0.3930162345350103,0.3856614191338527,0.3861862058185055,0.3852555039385982,0.4059517830236062,0.3834496030791436,0.3675828712988085
matched_marginal,8,2754094657,random_forest,b3_logsig,54,max_depth=10,0.3955848425611288,0.3933350323295757,0.3940134041951729,0.3929307210664512,0.4132345554997488,0.3921096944912196,0.3746608469977586
matched_marginal,8,2754094657,random_forest,b3_rawsig,79,max_depth=10,0.3952169650218988,0.3977690958747467,0.3985551121352688,0.3976570389820238,0.4030637870416876,0.3981236468607169,0.3921198537218355
matched_marginal,8,2754094657,random_forest,logsig,14,max_depth=10,0.4244674138315532,0.420108019604007,0.4183583859832325,0.4194708139769743,0.4784028126569563,0.3334135193649266,0.448507726790138
matched_marginal,8,2754094657,random_forest,rawsig,39,max_depth=10,0.4275812471593288,0.4207902485411161,0.4210565854953103,0.4219753585134316,0.3726770467101958,0.3922299735386095,0.4974637253745428
matched_marginal,8,2754094657,random_forest,logsig_shuffled,14,max_depth=10,0.391568119000152,0.3885632868891733,0.3873200441049172,0.38986063421531,0.3006027122049221,0.4683666105364445,0.3967205379261531
matched_marginal,8,2754094657,random_forest,rawsig_shuffled,39,max_depth=10,0.4023453739520314,0.3864589904001399,0.3867212151109075,0.3873560896788527,0.3299849321948769,0.4279528506134231,0.4014391883921198
matched_marginal,8,2754094657,random_forest,statistics_logsig_shuffled,25,max_depth=10,0.3951774544681105,0.3982937060188747,0.3995667593897097,0.398707331852151,0.3671521848317428,0.4334856867933606,0.3942432464315206
matched_marginal,8,2754094657,random_forest,statistics_rawsig_shuffled,50,max_depth=10,0.4057116869516027,0.4041819326560785,0.4052912281252388,0.4050494849525348,0.3543445504771471,0.4292759201347125,0.428925327356376
matched_marginal,8,2754094657,random_forest,b3_logsig_shuffled,54,max_depth=10,0.3924436878728339,0.389873413069695,0.3905564870586584,0.3896586548172086,0.4001757910597689,0.3900649506855905,0.3793794974637254
matched_marginal,8,2754094657,random_forest,b3_rawsig_shuffled,79,max_depth=10,0.3919323576493496,0.3900012917663735,0.3907456545116081,0.3897798424560695,0.3996735308890005,0.3931922059177291,0.3771381384923912
matched_marginal,8,2754094657,logistic,hmm,3,C=0.1,0.34684329277609893,0.3480755586323725,0.3062345418200841,0.34558675015148455,0.3954043194374686,0.5770988693769545,0.07172348708269435
matched_marginal,8,2754094657,logistic,statistics,11,C=0.1,0.3829562054492106,0.3927428273443629,0.3925889114915818,0.392042011714805,0.4413611250627825,0.3461630983882607,0.3907042585820455
matched_marginal,8,2754094657,logistic,statistics_logsig,25,C=1.0,0.4117930828552039,0.412090875009634,0.4115181793349294,0.4115128256917794,0.4655951783023606,0.3314890546066875,0.4391883921198537
matched_marginal,8,2754094657,logistic,statistics_rawsig,50,C=0.1,0.4505614718112387,0.4361945198051276,0.4344458691569481,0.4361543122601494,0.4752636865896534,0.3193408708203031,0.5139790020054265
matched_marginal,8,2754094657,logistic,b3,40,C=0.01,0.3869913678822763,0.3733313717719763,0.3725652409213307,0.3728135730155524,0.4170015067805123,0.3145297089247053,0.3884628996107113
matched_marginal,8,2754094657,logistic,b3_logsig,54,C=1.0,0.409638587828077,0.3963377489220831,0.3952586956993848,0.3956372450010099,0.4504018081366148,0.332571566033197,0.4060398725964374
matched_marginal,8,2754094657,logistic,b3_rawsig,79,C=0.1,0.4425540004117453,0.4271218191634553,0.4260150151072029,0.4269036558271056,0.4659718734304369,0.3379841231657445,0.4774094608941843
matched_marginal,8,2754094657,logistic,logsig,14,C=1.0,0.4009079164745897,0.3756266000088487,0.374799159815657,0.3745505958392244,0.4468859869412355,0.3147702670194852,0.3652235460658252
matched_marginal,8,2754094657,logistic,rawsig,39,C=1.0,0.4756128603400791,0.4517590801180556,0.4478603060842683,0.4518683094324379,0.490205926670015,0.3141688717825355,0.5509024419016162
matched_marginal,8,2754094657,logistic,logsig_shuffled,14,C=0.1,0.3697506894192834,0.3122131661480027,0.3059478954093461,0.3130680670571601,0.2267704671019588,0.4512869858070724,0.258582045534977
matched_marginal,8,2754094657,logistic,rawsig_shuffled,39,C=1.0,0.4169260141761917,0.3951603218709097,0.394034903635546,0.3966067461118966,0.3411602209944751,0.3454414241039211,0.4988793205143329
matched_marginal,8,2754094657,logistic,statistics_logsig_shuffled,25,C=0.01,0.3869833907212794,0.3888603498860576,0.3889011983614311,0.38840638254898,0.4270467101958815,0.3376232860235747,0.4019110534387165
matched_marginal,8,2754094657,logistic,statistics_rawsig_shuffled,50,C=0.1,0.4064925484008632,0.4064559869115356,0.4053641615231213,0.4068269036558271,0.4178804620793571,0.3141688717825355,0.4873186268727144
matched_marginal,8,2754094657,logistic,b3_logsig_shuffled,54,C=0.01,0.3876559439081108,0.3737074064762321,0.3729643090281802,0.3731771359321349,0.417754897036665,0.3156122203512148,0.3877551020408163
matched_marginal,8,2754094657,logistic,b3_rawsig_shuffled,79,C=0.01,0.4086739596160655,0.3924673200695857,0.3915676611597081,0.3922843869925267,0.4249121044701155,0.3181380803464037,0.4343517753922378
matched_marginal,8,2754094657,gbm,hmm,3,max_leaf_nodes=7,0.35088212144777975,0.3563472864762986,0.35551829456659334,0.35701878408402343,0.3065042692114515,0.41123406302622084,0.3513035271912233
matched_marginal,8,2754094657,gbm,statistics,11,max_leaf_nodes=7,0.396455469901365,0.3858420186171818,0.3866177782506053,0.385942233892143,0.3941486690105474,0.3444791917248015,0.4188981951161967
matched_marginal,8,2754094657,gbm,statistics_logsig,25,max_leaf_nodes=7,0.4166977639807812,0.4124174489631481,0.4130972523457176,0.4124015350434256,0.4284279256654947,0.3644455135915324,0.4443789076324171
matched_marginal,8,2754094657,gbm,statistics_rawsig,50,max_leaf_nodes=7,0.4170765696338639,0.4210675001619768,0.4216681725445099,0.4210462532821652,0.4372174786539427,0.3734664421457782,0.4525185796862097
matched_marginal,8,2754094657,gbm,b3,40,max_leaf_nodes=7,0.4011107613085363,0.3995757118315642,0.3996489204593491,0.3989093112502525,0.4401054746358613,0.3732258840509983,0.3853957768078329
matched_marginal,8,2754094657,gbm,b3_logsig,54,max_leaf_nodes=7,0.4085308924904803,0.4018268662670536,0.4019120216294911,0.4011714805089881,0.4417378201908589,0.3757517440461871,0.3879910345641146
matched_marginal,8,2754094657,gbm,b3_rawsig,79,max_leaf_nodes=7,0.4082117560118889,0.4140378340256214,0.414207031230164,0.4135326196727933,0.4476393771973882,0.3850132306952128,0.4094608941842633
matched_marginal,8,2754094657,gbm,logsig,14,max_leaf_nodes=7,0.4321931710164092,0.4261965822853362,0.4247231612854072,0.4258937588365987,0.470366649924661,0.3331729612701467,0.4750501356612009
matched_marginal,8,2754094657,gbm,rawsig,39,max_leaf_nodes=7,0.4378488192766891,0.4294461033332366,0.4285873090390624,0.4298525550393859,0.4358362631843295,0.3476064469569401,0.5048955998584405
matched_marginal,8,2754094657,gbm,logsig_shuffled,14,max_leaf_nodes=7,0.4048986329965662,0.3945675658929093,0.3950157911531698,0.395516057362149,0.3456805625313912,0.404378157324994,0.4336439778223428
matched_marginal,8,2754094657,gbm,rawsig_shuffled,39,max_leaf_nodes=7,0.403939985306624,0.3884962143757013,0.3891976926483173,0.3892950919006261,0.3468106479156203,0.3983642049554967,0.4203137902559868
matched_marginal,8,2754094657,gbm,statistics_logsig_shuffled,25,max_leaf_nodes=7,0.4027269500106278,0.3958843592267905,0.3968503679412988,0.3962835790749343,0.3887493721747865,0.3577098869376954,0.4411938185678896
matched_marginal,8,2754094657,gbm,statistics_rawsig_shuffled,50,max_leaf_nodes=7,0.3992217188282835,0.3999295659285803,0.4006987349990867,0.4003635629165825,0.3916373681567052,0.3601154678854943,0.4480358617435414
matched_marginal,8,2754094657,gbm,b3_logsig_shuffled,54,max_leaf_nodes=7,0.4011107613085363,0.3995757118315642,0.3996489204593491,0.3989093112502525,0.4401054746358613,0.3732258840509983,0.3853957768078329
matched_marginal,8,2754094657,gbm,b3_rawsig_shuffled,79,max_leaf_nodes=7,0.4017833240170949,0.3978280434466915,0.3979217916242083,0.3972126843062007,0.4349573078854847,0.3744286745248977,0.3840981479296921
matched_marginal,9,3296097850,random_forest,hmm,3,max_depth=10,0.3270245770464099,0.38071644718236236,0.35397597459562286,0.36097758028681076,0.3425224590452704,0.24428571428571427,0.5553411682161025
matched_marginal,9,3296097850,random_forest,statistics,11,max_depth=6,0.4014531870408356,0.4115232252130769,0.4013283514973135,0.4118763886083619,0.4487405319711115,0.3106493506493507,0.4751797930187686
matched_marginal,9,3296097850,random_forest,statistics_logsig,25,max_depth=10,0.4078413274769347,0.4258742165996652,0.4162834754875124,0.4260553423550798,0.4556103575832306,0.344025974025974,0.4779863181897912
matched_marginal,9,3296097850,random_forest,statistics_rawsig,50,max_depth=10,0.4080197625841178,0.434477268334376,0.4201471262002294,0.4302565138355887,0.4557865069579003,0.3219480519480519,0.5256972460971759
matched_marginal,9,3296097850,random_forest,b3,40,max_depth=6,0.4134262962681163,0.4123152716682136,0.397629143098589,0.4050494849525348,0.4178263167165756,0.3067532467532468,0.5123662515348184
matched_marginal,9,3296097850,random_forest,b3_logsig,54,max_depth=10,0.4149604642376075,0.4282799982683274,0.4154271790700788,0.4236719854574833,0.4424872291703364,0.331038961038961,0.511313804595685
matched_marginal,9,3296097850,random_forest,b3_rawsig,79,max_depth=10,0.4110769493680644,0.4327789444745173,0.4171087509635458,0.4269440517067259,0.4514708472784922,0.3076623376623376,0.5392036484827223
matched_marginal,9,3296097850,random_forest,logsig,14,max_depth=10,0.3974881716428882,0.4200310363451318,0.4117151589817807,0.4237527772167239,0.4723445481768539,0.3181818181818182,0.4695667426767234
matched_marginal,9,3296097850,random_forest,rawsig,39,max_depth=10,0.3806503437922921,0.42826994841061,0.3961790247969563,0.4119167844879822,0.4298925488814514,0.2211688311688311,0.6337484651815471
matched_marginal,9,3296097850,random_forest,logsig_shuffled,14,max_depth=10,0.3562275348081256,0.4219135863392944,0.3845442392419867,0.3963239749545546,0.3785450061652281,0.2276623376623376,0.6595334151903175
matched_marginal,9,3296097850,random_forest,rawsig_shuffled,39,max_depth=10,0.3609523215522096,0.4243376702756338,0.3846952333990982,0.4029488992122803,0.4117491632904703,0.195064935064935,0.6661989124714962
matched_marginal,9,3296097850,random_forest,statistics_logsig_shuffled,25,max_depth=10,0.4044271472249205,0.4178164404118663,0.4088221401364729,0.4182993334679862,0.4446010216663731,0.348051948051948,0.4607963515172776
matched_marginal,9,3296097850,random_forest,statistics_rawsig_shuffled,50,max_depth=10,0.4047003406760225,0.4288580219739137,0.4152459610350198,0.4242779236517875,0.4449533204157125,0.3266233766233766,0.5149973688826521
matched_marginal,9,3296097850,random_forest,b3_logsig_shuffled,54,max_depth=6,0.4119835161656007,0.4167693338605877,0.3994739660231542,0.4079175924055746,0.4220539017086489,0.2922077922077922,0.5360463076653219
matched_marginal,9,3296097850,random_forest,b3_rawsig_shuffled,79,max_depth=10,0.4096099010493836,0.4313494787460958,0.4158437719810813,0.4240355483740658,0.4387880923022723,0.3197402597402597,0.5355200841957551
matched_marginal,9,3296097850,logistic,hmm,3,C=0.01,0.32141800067767207,0.3870144279355266,0.320519381243696,0.3810543324580893,0.482385062533028,0.04350649350649351,0.6351517277670584
matched_marginal,9,3296097850,logistic,statistics,11,C=0.01,0.4073292049924331,0.4314391038190808,0.4223390138455875,0.4443950717026863,0.5379601902413247,0.2906493506493506,0.4657077705665672
matched_marginal,9,3296097850,logistic,statistics_logsig,25,C=0.01,0.424733535822311,0.4324726629176689,0.426971121898443,0.4498485154514239,0.5509071692795491,0.3127272727272727,0.4337835467461848
matched_marginal,9,3296097850,logistic,statistics_rawsig,50,C=1.0,0.446320570937837,0.4455787143268994,0.437887670948204,0.4535245404968693,0.520785626211027,0.3312987012987013,0.48465181547097
matched_marginal,9,3296097850,logistic,b3,40,C=0.01,0.4001014106576083,0.4243773312015563,0.4189781543656508,0.4365986669359725,0.5103047384181786,0.3327272727272727,0.4300999824592176
matched_marginal,9,3296097850,logistic,b3_logsig,54,C=0.01,0.415439589516807,0.4187919572554821,0.4141280688908175,0.432316703696223,0.5096001409194998,0.3294805194805195,0.4172952113664269
matched_marginal,9,3296097850,logistic,b3_rawsig,79,C=1.0,0.4348034933944526,0.4276881297497794,0.4217483297421718,0.4385780650373662,0.5139158005989078,0.3187012987012987,0.4504472899491317
matched_marginal,9,3296097850,logistic,logsig,14,C=0.01,0.4108352818982122,0.3935393651634513,0.3890538284062594,0.421450212078368,0.5637660736304386,0.2577922077922078,0.3590598140677074
matched_marginal,9,3296097850,logistic,rawsig,39,C=1.0,0.435800250341046,0.4396982479276086,0.4276566905050294,0.4428196323974954,0.5061652281134402,0.2903896103896103,0.5225399052797755
matched_marginal,9,3296097850,logistic,logsig_shuffled,14,C=0.1,0.3461358279901829,0.3704484881633698,0.3560378312553182,0.3804079983841648,0.4741060419235511,0.2006493506493506,0.4365900719172075
matched_marginal,9,3296097850,logistic,rawsig_shuffled,39,C=1.0,0.3670534809740411,0.4335563603342873,0.3958885535462368,0.4177741870329226,0.4499735775937995,0.1916883116883116,0.6590071917207507
matched_marginal,9,3296097850,logistic,statistics_logsig_shuffled,25,C=0.01,0.4077045286599132,0.4324830610985959,0.4233603392582314,0.4438699252676227,0.5302976924431918,0.2968831168831168,0.470268373969479
matched_marginal,9,3296097850,logistic,statistics_rawsig_shuffled,50,C=0.01,0.4170405772868799,0.4498161924396727,0.4394724620494539,0.4564734397091496,0.5228994187070636,0.3255844155844156,0.500964743027539
matched_marginal,9,3296097850,logistic,b3_logsig_shuffled,54,C=0.01,0.399841595789656,0.4248485665034149,0.4193411224927162,0.4364370834174914,0.5075744231107979,0.3344155844155844,0.4325556919838624
matched_marginal,9,3296097850,logistic,b3_rawsig_shuffled,79,C=1.0,0.4126131384438478,0.4264924491365977,0.4208535333024616,0.4374469804079984,0.5075744231107979,0.3328571428571428,0.4390457814418523
matched_marginal,9,3296097850,gbm,hmm,3,max_leaf_nodes=31,0.3331507138326871,0.3695270380442061,0.35924496980129356,0.36610785699858617,0.37537431742117316,0.3106493506493507,0.4225574460620944
matched_marginal,9,3296097850,gbm,statistics,11,max_leaf_nodes=7,0.3942249901594132,0.4154686763734239,0.4069389330845609,0.4161987477277317,0.4409899594856438,0.3523376623376623,0.4530784072969654
matched_marginal,9,3296097850,gbm,statistics_logsig,25,max_leaf_nodes=7,0.405906026529419,0.4202513191280926,0.413490927013329,0.4242375277721672,0.4630086313193588,0.3487012987012987,0.4490440273636204
matched_marginal,9,3296097850,gbm,statistics_rawsig,50,max_leaf_nodes=7,0.4104348649006114,0.4263884216638606,0.4183401713377235,0.4292466168450818,0.4690857847454641,0.341038961038961,0.4690405192071566
matched_marginal,9,3296097850,gbm,b3,40,max_leaf_nodes=7,0.4049130097828489,0.4154714865445563,0.4085536377133287,0.4212482326802666,0.4706711291174916,0.3309090909090909,0.4448342396070864
matched_marginal,9,3296097850,gbm,b3_logsig,54,max_leaf_nodes=7,0.4115363749685854,0.4144412188203432,0.4079964047597564,0.4230256513835588,0.4852915272150784,0.3203896103896104,0.437642518856341
matched_marginal,9,3296097850,gbm,b3_rawsig,79,max_leaf_nodes=7,0.4051405275676318,0.4141001189028175,0.4078138408764634,0.4216521914764694,0.4793905231636428,0.322987012987013,0.4399228205577968
matched_marginal,9,3296097850,gbm,logsig,14,max_leaf_nodes=15,0.4063167140496462,0.4210251536125531,0.4123249125342772,0.4288830539284993,0.5005284481240092,0.2935064935064935,0.4690405192071566
matched_marginal,9,3296097850,gbm,rawsig,39,max_leaf_nodes=31,0.406495645868125,0.4163176638140426,0.4072043629870441,0.4235104019390022,0.4932182490752158,0.2879220779220779,0.4678126644448342
matched_marginal,9,3296097850,gbm,logsig_shuffled,14,max_leaf_nodes=31,0.3621468909008207,0.4158585972596277,0.3955735496387801,0.4032316703696223,0.4036462920556632,0.294025974025974,0.5499035256972461
matched_marginal,9,3296097850,gbm,rawsig_shuffled,39,max_leaf_nodes=7,0.3620899217042558,0.4203500540861153,0.3868916218167704,0.3968895172692385,0.3796899771005813,0.2448051948051948,0.6365549903525697
matched_marginal,9,3296097850,gbm,statistics_logsig_shuffled,25,max_leaf_nodes=7,0.3984772953443547,0.4219123855689509,0.4133545654361902,0.4230256513835588,0.4512066232164876,0.3528571428571428,0.4616733906332222
matched_marginal,9,3296097850,gbm,statistics_rawsig_shuffled,50,max_leaf_nodes=7,0.3951681407749492,0.4185212202179806,0.4095820700256913,0.4183801252272268,0.4400211379249604,0.355974025974026,0.4595684967549552
matched_marginal,9,3296097850,gbm,b3_logsig_shuffled,54,max_leaf_nodes=7,0.4049130097828489,0.4154714865445563,0.4085536377133287,0.4212482326802666,0.4706711291174916,0.3309090909090909,0.4448342396070864
matched_marginal,9,3296097850,gbm,b3_rawsig_shuffled,79,max_leaf_nodes=7,0.4054542727457106,0.414634785226247,0.4076218412267843,0.4206422944859624,0.4713757266161705,0.3285714285714285,0.4439572004911419
matched_marginal,10,1583734078,random_forest,hmm,3,max_depth=4,0.31112197336921527,0.3627656407102376,0.322556826272225,0.3400525146435064,0.49586296995209755,0.11506061228682966,0.47737333989178554
matched_marginal,10,1583734078,random_forest,statistics,11,max_depth=10,0.359254255003846,0.3958233032731873,0.3868025756667285,0.3885679660674611,0.4006386993758165,0.2874460653379905,0.499385145105755
matched_marginal,10,1583734078,random_forest,statistics_logsig,25,max_depth=10,0.3729156249515994,0.4295533937994364,0.4125756009606789,0.4174914158755807,0.4555087821164175,0.2633038832956647,0.5698475159862273
matched_marginal,10,1583734078,random_forest,statistics_rawsig,50,max_depth=10,0.3750228859815336,0.4207627225233976,0.4013656302053561,0.4086851141183599,0.4306866018290027,0.2418327511814259,0.5897688145597639
matched_marginal,10,1583734078,random_forest,b3,40,max_depth=10,0.3592118442447797,0.4007705238717188,0.3841940731182778,0.3894566754191072,0.4137030047902453,0.2359769878775426,0.5526315789473685
matched_marginal,10,1583734078,random_forest,b3_logsig,54,max_depth=10,0.366896651541958,0.4127686554057977,0.3924004659108633,0.3994748535649364,0.435767165045725,0.2251900554756523,0.5773487456960157
matched_marginal,10,1583734078,random_forest,b3_rawsig,79,max_depth=10,0.3688400743264905,0.4125720120877576,0.3915040133412017,0.4001211876388608,0.4186384090579184,0.2248818574070269,0.5941957697983276
matched_marginal,10,1583734078,random_forest,logsig,14,max_depth=10,0.3748809818367913,0.4062468229398077,0.374015483415874,0.3868309432437891,0.4841050950791116,0.1666324224368194,0.5680029513034923
matched_marginal,10,1583734078,random_forest,rawsig,39,max_depth=10,0.372041010737635,0.3913219229212113,0.3652232612473009,0.3772167238941628,0.4068805341849325,0.185432504622971,0.5816527299557305
matched_marginal,10,1583734078,random_forest,logsig_shuffled,14,max_depth=10,0.3428784520775485,0.3872340004650811,0.3481922165543195,0.3721268430620076,0.3701553200754826,0.1405383192931991,0.6510083620265618
matched_marginal,10,1583734078,random_forest,rawsig_shuffled,39,max_depth=10,0.3483150855677257,0.3812132468337734,0.3523044362445045,0.3681276509796001,0.3717520685150239,0.1716663242243682,0.6002213477619281
matched_marginal,10,1583734078,random_forest,statistics_logsig_shuffled,25,max_depth=10,0.3653739716454169,0.4105256004719881,0.3960523231017638,0.4004039587962028,0.421831905937001,0.2628929525374974,0.5468519429414658
matched_marginal,10,1583734078,random_forest,statistics_rawsig_shuffled,50,max_depth=10,0.3676119790334928,0.4094612202284727,0.3891482957514835,0.3978994142597455,0.4081869647263754,0.2298130265050339,0.5903836694540089
matched_marginal,10,1583734078,random_forest,b3_logsig_shuffled,54,max_depth=10,0.3644027919342743,0.4035742794600843,0.3870693936774382,0.3925671581498687,0.4118159384526056,0.2398808300801315,0.559026069847516
matched_marginal,10,1583734078,random_forest,b3_rawsig_shuffled,79,max_depth=10,0.3639948408099357,0.4074876201220618,0.3870862380500139,0.3951524944455665,0.4151545942807374,0.2228272036161906,0.5844810624692572
matched_marginal,10,1583734078,logistic,hmm,3,C=1.0,0.29073212798430853,0.3420706175320032,0.32621350320869386,0.3318521510805898,0.3628973726230222,0.2003287446065338,0.46298573536645354
matched_marginal,10,1583734078,logistic,statistics,11,C=1.0,0.3414847299272954,0.3991797420846348,0.3788235743222386,0.3823470006059382,0.5050079837421977,0.2211834805835216,0.4713477619281849
matched_marginal,10,1583734078,logistic,statistics_logsig,25,C=1.0,0.3746880304351777,0.4078965612381005,0.3886432272795014,0.3913956776408806,0.5141529975322978,0.2353605917402917,0.4741760944417117
matched_marginal,10,1583734078,logistic,statistics_rawsig,50,C=1.0,0.4127177301148328,0.4330692164858922,0.4151641172599552,0.4190668551807716,0.4874437509072434,0.2588863776453667,0.5528775209050664
matched_marginal,10,1583734078,logistic,b3,40,C=1.0,0.3598385927387457,0.3993691497685729,0.3793587541199797,0.382185417087457,0.5176368123094789,0.2256009862338196,0.4548696507624201
matched_marginal,10,1583734078,logistic,b3_logsig,54,C=1.0,0.3784261418678508,0.4038945598113892,0.3843002752617906,0.3871945061603716,0.5106691827551169,0.2286829669200739,0.4723315297589769
matched_marginal,10,1583734078,logistic,b3_rawsig,79,C=1.0,0.4112250398776844,0.4286491718575949,0.4122753163406921,0.4143809331448192,0.5019596458121643,0.2650503390178755,0.5189375307427447
matched_marginal,10,1583734078,logistic,logsig,14,C=1.0,0.3608014571882631,0.3990442419203753,0.3686672686085961,0.3756008887093516,0.594861373203658,0.188719950688309,0.4135514018691589
matched_marginal,10,1583734078,logistic,rawsig,39,C=1.0,0.4094078718357157,0.4280399774166756,0.3965361175203305,0.4094122399515249,0.4915082014806213,0.1894390795151017,0.603172651254304
matched_marginal,10,1583734078,logistic,logsig_shuffled,14,C=0.1,0.2974243648894449,0.3638052045790395,0.338733275189207,0.3438093314481922,0.5546523443170271,0.2028970618450791,0.3338662075750123
matched_marginal,10,1583734078,logistic,rawsig_shuffled,39,C=1.0,0.3480581941059243,0.3937996394137792,0.3430291906102332,0.3754393051908705,0.3897517781971258,0.1069447298130265,0.6847024102311854
matched_marginal,10,1583734078,logistic,statistics_logsig_shuffled,25,C=1.0,0.3475153557772213,0.4006048287083962,0.3778717678081525,0.3827913552817613,0.508636957468428,0.2091637559071296,0.4840137727496311
matched_marginal,10,1583734078,logistic,statistics_rawsig_shuffled,50,C=1.0,0.3730835160631177,0.4210353299985025,0.3986327749148055,0.4067461118965865,0.4518798083901872,0.2241627285802342,0.5870634530250861
matched_marginal,10,1583734078,logistic,b3_logsig_shuffled,54,C=1.0,0.3596836121853023,0.399172082743094,0.3793547322931991,0.3821046253282165,0.5160400638699376,0.2261146496815286,0.455361534677816
matched_marginal,10,1583734078,logistic,b3_rawsig_shuffled,79,C=1.0,0.382147427109967,0.4160811411016079,0.3996590115609879,0.4022621692587356,0.4806212803019306,0.2526196835833162,0.515002459419577
matched_marginal,10,1583734078,gbm,hmm,3,max_leaf_nodes=15,0.31391814374006183,0.36134927226933505,0.3471167560418724,0.34902039991920825,0.43881550297575844,0.23094308608999384,0.41428922774225285
matched_marginal,10,1583734078,gbm,statistics,11,max_leaf_nodes=15,0.3565489443104615,0.3914874023828631,0.3869546708124378,0.3863057968087255,0.4150094353316882,0.3296692007396753,0.4297835710772257
matched_marginal,10,1583734078,gbm,statistics_logsig,25,max_leaf_nodes=31,0.3770400851193069,0.4106951049153003,0.4028681327672309,0.4014138557867097,0.4764116707795036,0.3182658722005342,0.4374077717658632
matched_marginal,10,1583734078,gbm,statistics_rawsig,50,max_leaf_nodes=15,0.3770297707863617,0.4147144055421668,0.406465861893611,0.4058977984245607,0.4588474379445493,0.3127183069652763,0.4725774717166748
matched_marginal,10,1583734078,gbm,b3,40,max_leaf_nodes=7,0.364432139412389,0.4031370817491468,0.3942637551929978,0.3938194304180973,0.4462186093772681,0.2925826998150811,0.470609936055091
matched_marginal,10,1583734078,gbm,b3_logsig,54,max_leaf_nodes=7,0.3712760729774231,0.4132072747303234,0.4033254514534095,0.4031508786103817,0.4600087095369429,0.2941236901582083,0.485489424495819
matched_marginal,10,1583734078,gbm,b3_rawsig,79,max_leaf_nodes=7,0.3687695354786282,0.4084638313183023,0.4002886646768216,0.4001211876388608,0.441283205109595,0.3050133552496404,0.4790949335956714
matched_marginal,10,1583734078,gbm,logsig,14,max_leaf_nodes=15,0.3930897512868477,0.415811934787689,0.3938608736653992,0.399272874166835,0.4952823341559007,0.2219026094103143,0.5302508607968519
matched_marginal,10,1583734078,gbm,rawsig,39,max_leaf_nodes=15,0.3958097949308645,0.4092887220984982,0.394143096238641,0.3959604120379721,0.4761213528814051,0.2551880008218615,0.4965568125922282
matched_marginal,10,1583734078,gbm,logsig_shuffled,14,max_leaf_nodes=15,0.3519259530836954,0.3780467778238132,0.3565847596447156,0.3663502322763078,0.3807519233560749,0.1994041504006574,0.5539842597147073
matched_marginal,10,1583734078,gbm,rawsig_shuffled,39,max_leaf_nodes=15,0.3533201828796282,0.3759752695141936,0.355030164536239,0.3650979600080792,0.3691392074321382,0.2025888637764536,0.5561977373339891
matched_marginal,10,1583734078,gbm,statistics_logsig_shuffled,25,max_leaf_nodes=15,0.3652408763949859,0.3946443814032068,0.3883646607308943,0.3881640072712583,0.4202351574974597,0.3143620299979453,0.4493359567142154
matched_marginal,10,1583734078,gbm,statistics_rawsig_shuffled,50,max_leaf_nodes=7,0.3631067587276371,0.40720735501453,0.3984538032206892,0.3997980206018986,0.4192190448541152,0.3020341072529279,0.500368912936547
matched_marginal,10,1583734078,gbm,b3_logsig_shuffled,54,max_leaf_nodes=7,0.364432139412389,0.4031370817491468,0.3942637551929978,0.3938194304180973,0.4462186093772681,0.2925826998150811,0.470609936055091
matched_marginal,10,1583734078,gbm,b3_rawsig_shuffled,79,max_leaf_nodes=7,0.3656888687981832,0.4066502495178175,0.3972303990932496,0.3969703090284791,0.4489766294092031,0.289911649886994,0.4810624692572552
matched_marginal,11,3586357180,random_forest,hmm,3,max_depth=4,0.3552070603979576,0.35875880631044826,0.2447507374370356,0.27133912340941224,0.19866814650388456,0.06989302088639837,0.8077152515410618
matched_marginal,11,3586357180,random_forest,statistics,11,max_depth=6,0.4108950155714492,0.4104585618180989,0.3811777724966952,0.3866289638456877,0.4397134497023509,0.2573611818644931,0.5343010538874527
matched_marginal,11,3586357180,random_forest,statistics_logsig,25,max_depth=10,0.4193524033772584,0.4098149891868612,0.3910482242798509,0.3949101191678448,0.423065281000908,0.319205298013245,0.4871743885464307
matched_marginal,11,3586357180,random_forest,statistics_rawsig,50,max_depth=10,0.4156435656680644,0.4180787960116425,0.3871217290550179,0.3886487578267016,0.3878518817475532,0.2966887417218543,0.56969576456552
matched_marginal,11,3586357180,random_forest,b3,40,max_depth=6,0.4066447755072288,0.4042895770574128,0.3708376283922152,0.3711169460715007,0.344263949147412,0.2939378502292409,0.5746669317955856
matched_marginal,11,3586357180,random_forest,b3_logsig,54,max_depth=4,0.4133409028931202,0.3891542483485191,0.3354191573834394,0.3412239951524944,0.1828271617394813,0.3517065715741212,0.6329290117319547
matched_marginal,11,3586357180,random_forest,b3_rawsig,79,max_depth=10,0.409994669260551,0.4085867171675388,0.3817114407506158,0.3827105635225207,0.3603067298960751,0.3239938869077942,0.5414595346987473
matched_marginal,11,3586357180,random_forest,logsig,14,max_depth=10,0.4031416937731866,0.4074232316168431,0.3530098623419155,0.3567360129266815,0.3439612551710221,0.2099847172694854,0.6683237224100219
matched_marginal,11,3586357180,random_forest,rawsig,39,max_depth=10,0.4074464857488962,0.3966813471556569,0.3503409845471614,0.3507170268632599,0.2923014832004843,0.2654100866021396,0.6323324716643468
matched_marginal,11,3586357180,random_forest,logsig_shuffled,14,max_depth=10,0.3927535630343041,0.3775420887610345,0.3072549871002084,0.3133912340941224,0.1758652002825143,0.2514518593988792,0.70530920660171
matched_marginal,11,3586357180,random_forest,rawsig_shuffled,39,max_depth=10,0.4024513052066593,0.3769284477813788,0.3217406549657948,0.3252272268228641,0.1943295328422964,0.2957717778909832,0.640684032610857
matched_marginal,11,3586357180,random_forest,statistics_logsig_shuffled,25,max_depth=10,0.4037381709818037,0.4126217407897671,0.3928843662188897,0.3953544738436679,0.4103521339925335,0.3256240448293428,0.5018890435474249
matched_marginal,11,3586357180,random_forest,statistics_rawsig_shuffled,50,max_depth=10,0.4086282150487906,0.4072602100249187,0.377102331486889,0.3797212684306201,0.4027847845827868,0.2693835965359144,0.5496122489560549
matched_marginal,11,3586357180,random_forest,b3_logsig_shuffled,54,max_depth=4,0.4090627535749176,0.3859300915735715,0.3311702421145833,0.3376287618662896,0.1752598123297346,0.3509933774834437,0.6315370849075362
matched_marginal,11,3586357180,random_forest,b3_rawsig_shuffled,79,max_depth=4,0.4104580837131745,0.377356898766475,0.302760906908932,0.3140779640476671,0.1321763696902431,0.3001528273051452,0.6997414993040366
matched_marginal,11,3586357180,logistic,hmm,3,C=1.0,0.3554931626732083,0.3388522932950922,0.29318905618898733,0.3053120581700667,0.3732216728887095,0.1303107488537952,0.513024458142772
matched_marginal,11,3586357180,logistic,statistics,11,C=1.0,0.4187746191390966,0.3896017823478193,0.3624478594018637,0.3686527974146637,0.4368883059227121,0.2330106979113601,0.4989063432093855
matched_marginal,11,3586357180,logistic,statistics_logsig,25,C=1.0,0.432497626584605,0.4145663485108993,0.3809766616971448,0.3863461926883458,0.4451619412773686,0.2373917473255221,0.5611453569298072
matched_marginal,11,3586357180,logistic,statistics_rawsig,50,C=1.0,0.4561022659484175,0.431042078538399,0.4005981596106382,0.4043627549989901,0.4539400665926748,0.2696892511462048,0.5694969178763174
matched_marginal,11,3586357180,logistic,b3,40,C=1.0,0.4052577447640046,0.3802118127256455,0.3643542008773463,0.3709553625530196,0.4311371203713046,0.2803871625063678,0.4291111552992642
matched_marginal,11,3586357180,logistic,b3_logsig,54,C=1.0,0.4157979312976247,0.3996634402445065,0.3801321659846628,0.3852958998182185,0.4429421854505095,0.2812022414671421,0.4748458938158679
matched_marginal,11,3586357180,logistic,b3_rawsig,79,C=1.0,0.4425419850724303,0.4188905111414893,0.396680390398601,0.4009291052312664,0.4505095348602563,0.2937340804890473,0.5124279180751641
matched_marginal,11,3586357180,logistic,logsig,14,C=1.0,0.3912947551849902,0.4140517276982371,0.3819640219162314,0.392042011714805,0.4856220361214812,0.2272032603158431,0.5293298866573871
matched_marginal,11,3586357180,logistic,rawsig,39,C=0.1,0.450979661002896,0.4181053159006265,0.3820085326117184,0.3865077762068269,0.4323478962768641,0.2401426388181355,0.5818254126068801
matched_marginal,11,3586357180,logistic,logsig_shuffled,14,C=1.0,0.3146247105850722,0.3830962147744247,0.3701755426767992,0.3764492021813775,0.3187367571385329,0.4143657666836475,0.4161861205010936
matched_marginal,11,3586357180,logistic,rawsig_shuffled,39,C=0.01,0.4114889971164744,0.3787866609442646,0.3207044037136041,0.3263179155726116,0.3120774896579558,0.1754457463066734,0.6488367468681646
matched_marginal,11,3586357180,logistic,statistics_logsig_shuffled,25,C=1.0,0.4185757351007459,0.3989342324461271,0.3725160276408119,0.3789537467178347,0.448794268994047,0.2447274579724911,0.5032809703718433
matched_marginal,11,3586357180,logistic,statistics_rawsig_shuffled,50,C=1.0,0.437024336026566,0.4174686956530665,0.3911270348272392,0.396081599676833,0.4495005549389567,0.2741721854304635,0.5287333465897793
matched_marginal,11,3586357180,logistic,b3_logsig_shuffled,54,C=1.0,0.4050393958245555,0.3796792672909735,0.3639238537316898,0.3704706119975762,0.4298254464736152,0.2808965868568517,0.4283157685424538
matched_marginal,11,3586357180,logistic,b3_rawsig_shuffled,79,C=1.0,0.42392766961952,0.3917205228243968,0.3739491307373592,0.3794384972732781,0.4270003026939764,0.2922058074375955,0.4559554583416186
matched_marginal,11,3586357180,gbm,hmm,3,max_leaf_nodes=7,0.3447708520006647,0.3494808031507039,0.3185706128577923,0.3187638860836195,0.2548683281202704,0.287111563932756,0.5064625173990853
matched_marginal,11,3586357180,gbm,statistics,11,max_leaf_nodes=7,0.4005937368510359,0.3860080031555728,0.3679089644154147,0.3706321955160573,0.374230652810009,0.3184921039225675,0.4653012527341419
matched_marginal,11,3586357180,gbm,statistics_logsig,25,max_leaf_nodes=7,0.415860376431559,0.3976320093056147,0.3777496835790451,0.3809331448192284,0.3970335990313793,0.3118695873662761,0.4839928415191887
matched_marginal,11,3586357180,gbm,statistics_rawsig,50,max_leaf_nodes=7,0.4123904183717108,0.40236070170494,0.3828226841096038,0.3860230256513836,0.3979416809605489,0.3223637289862455,0.4867766951680254
matched_marginal,11,3586357180,gbm,b3,40,max_leaf_nodes=7,0.3934140222958313,0.3977071104053197,0.3835416466219262,0.3886487578267016,0.4106548279689234,0.3376464595007641,0.4448200437462716
matched_marginal,11,3586357180,gbm,b3_logsig,54,max_leaf_nodes=7,0.3997221115444902,0.3959926026982802,0.3800016888411269,0.3846495657442941,0.4108566239531833,0.3221599592460519,0.4549612248956055
matched_marginal,11,3586357180,gbm,b3_rawsig,79,max_leaf_nodes=7,0.4042808233539522,0.393820592020125,0.3790981840284866,0.3841244193092304,0.4063162143073353,0.3309220580743759,0.4442235036786637
matched_marginal,11,3586357180,gbm,logsig,14,max_leaf_nodes=31,0.4180227736332481,0.4077700005435195,0.3818648424942663,0.3860634215310038,0.4245787508828574,0.278349465104432,0.5203817856432691
matched_marginal,11,3586357180,gbm,rawsig,39,max_leaf_nodes=15,0.4171585326705231,0.4085574442590711,0.3831563780964503,0.3852958998182185,0.3915851074563616,0.305552725420275,0.5285344999005767
matched_marginal,11,3586357180,gbm,logsig_shuffled,14,max_leaf_nodes=7,0.3965776943243157,0.3846014664623209,0.3420325681166429,0.3423146839022419,0.2644536373726163,0.2884360672440142,0.6009146947703321
matched_marginal,11,3586357180,gbm,rawsig_shuffled,39,max_leaf_nodes=7,0.3925467417781748,0.3770218062706483,0.3331702370986116,0.3338315491819834,0.2431641610331954,0.2901681100356597,0.59773314774309
matched_marginal,11,3586357180,gbm,statistics_logsig_shuffled,25,max_leaf_nodes=7,0.4035035514102417,0.3931602173423363,0.3755397564322233,0.3786709755604928,0.3823024921804056,0.3292919001528273,0.4678862596937761
matched_marginal,11,3586357180,gbm,statistics_rawsig_shuffled,50,max_leaf_nodes=7,0.4056531527414616,0.3917630309483759,0.3746230905391284,0.3777822662088467,0.3834123700938351,0.327967396841569,0.4639093259097236
matched_marginal,11,3586357180,gbm,b3_logsig_shuffled,54,max_leaf_nodes=7,0.3937313720671576,0.3974144055975276,0.3828916654190405,0.3878812361139164,0.411562909898093,0.3336729495669893,0.4470073573275005
matched_marginal,11,3586357180,gbm,b3_rawsig_shuffled,79,max_leaf_nodes=7,0.3948597692303048,0.3931055974770448,0.3776574162237931,0.3823066047263179,0.4047018464332559,0.3254202750891493,0.4491946709087294
matched_marginal,12,1435443221,random_forest,hmm,3,max_depth=10,0.3504022081661189,0.3743141275755621,0.3450067064418865,0.36538073116542114,0.23327490505404616,0.38603711463633644,0.5036303630363036
matched_marginal,12,1435443221,random_forest,statistics,11,max_depth=10,0.4027668193146042,0.3974527465286486,0.355839159809879,0.3574227428802262,0.3802220274612912,0.289583956899132,0.5225522552255225
matched_marginal,12,1435443221,random_forest,statistics_logsig,25,max_depth=10,0.4077030254049882,0.4112250012450935,0.3676634368174662,0.3684508180165623,0.4057843996494303,0.2925770727327147,0.5353135313531353
matched_marginal,12,1435443221,random_forest,statistics_rawsig,50,max_depth=10,0.4089769937502301,0.4199527293474905,0.3759763126503568,0.3770551403756816,0.3970201577563541,0.3055222987129602,0.5573157315731573
matched_marginal,12,1435443221,random_forest,b3,40,max_depth=10,0.4090680297066201,0.4172161340069638,0.3669061845007861,0.3661482528782064,0.4501898919076833,0.2652648907512721,0.5361936193619362
matched_marginal,12,1435443221,random_forest,b3_logsig,54,max_depth=10,0.4133789305277264,0.4233567827554319,0.3710649937121346,0.3700262573217532,0.4595384165936313,0.2642173002095181,0.5463146314631463
matched_marginal,12,1435443221,random_forest,b3_rawsig,79,max_depth=10,0.4142564035271248,0.4247420184507737,0.3753312327491822,0.3747121793577055,0.4463920537540169,0.2786590841065549,0.5491749174917492
matched_marginal,12,1435443221,random_forest,logsig,14,max_depth=10,0.4179356471160109,0.4101741039454569,0.3721597261275979,0.3797616643102403,0.5391469471224073,0.2911553427117629,0.4002200220022002
matched_marginal,12,1435443221,random_forest,rawsig,39,max_depth=10,0.3944011635100681,0.3945253337782062,0.3530297869961145,0.357543930519087,0.3102541630148992,0.3127057767135588,0.5606160616061606
matched_marginal,12,1435443221,random_forest,logsig_shuffled,14,max_depth=10,0.3742898083842864,0.3956299919875475,0.3289111188222555,0.3295899818218541,0.263949751679813,0.244612391499551,0.6783278327832784
matched_marginal,12,1435443221,random_forest,rawsig_shuffled,39,max_depth=6,0.3700907350565887,0.3981080826052134,0.3255636644165189,0.3293476065441325,0.2280163599182004,0.249476204729123,0.7168316831683168
matched_marginal,12,1435443221,random_forest,statistics_logsig_shuffled,25,max_depth=10,0.405540001404276,0.4077599800661608,0.3651120734061419,0.3668349828317511,0.3819748758399065,0.2996108949416342,0.5416941694169417
matched_marginal,12,1435443221,random_forest,statistics_rawsig_shuffled,50,max_depth=10,0.4057055782514635,0.4036969062678051,0.3612402963919454,0.362754998990103,0.3647385334501899,0.2989374438790781,0.5474147414741474
matched_marginal,12,1435443221,random_forest,b3_logsig_shuffled,54,max_depth=10,0.409411165089601,0.4238108180225877,0.3733359028330068,0.3724904059785902,0.4604148407829389,0.2702035318766836,0.5408140814081408
matched_marginal,12,1435443221,random_forest,b3_rawsig_shuffled,79,max_depth=10,0.4133321227083311,0.4162976761383494,0.3663333664320563,0.3653403352858008,0.4371895997662869,0.2678090392098174,0.5438943894389439
matched_marginal,12,1435443221,logistic,hmm,3,C=0.1,0.3401171723231708,0.3825998130385448,0.34381463869210666,0.34877802464148655,0.30353491089687407,0.30829093085902426,0.5359735973597359
matched_marginal,12,1435443221,logistic,statistics,11,C=1.0,0.4111344312349656,0.4004253920932543,0.3537769824568559,0.3552413653807311,0.4389424481449021,0.263543849146962,0.4987898789878988
matched_marginal,12,1435443221,logistic,statistics_logsig,25,C=0.1,0.4304581288818736,0.425343967782725,0.3856424323317671,0.3913956776408806,0.5075956763073327,0.3085902424423825,0.4598459845984598
matched_marginal,12,1435443221,logistic,statistics_rawsig,50,C=0.1,0.4511006398206144,0.4456979760959018,0.405968812182983,0.4119975762472228,0.5354951796669588,0.3276713558814726,0.4739273927392739
matched_marginal,12,1435443221,logistic,b3,40,C=1.0,0.4073053763353463,0.407847649371609,0.3630613525799647,0.3655423146839022,0.4868536371603856,0.2684824902723735,0.4682068206820682
matched_marginal,12,1435443221,logistic,b3_logsig,54,C=1.0,0.4266191665095622,0.4317673017518278,0.3916748252927844,0.3976166431024036,0.5255623721881391,0.3114337024842861,0.4583058305830583
matched_marginal,12,1435443221,logistic,b3_rawsig,79,C=0.1,0.4384360721365042,0.447025956451916,0.4080522150212808,0.4152696424964653,0.55594507741747,0.3294672253816222,0.4556655665566557
matched_marginal,12,1435443221,logistic,logsig,14,C=1.0,0.4041027191661639,0.4198592128978414,0.3823919339317429,0.3980609977782266,0.6072158924919661,0.3097874887758156,0.3425742574257426
matched_marginal,12,1435443221,logistic,rawsig,39,C=0.1,0.4408905879079138,0.4558002967237824,0.4112511662498284,0.4158351848111493,0.5625182588372772,0.3157737204429811,0.4891089108910891
matched_marginal,12,1435443221,logistic,logsig_shuffled,14,C=1.0,0.3552880009876455,0.4058398000595349,0.380975942483746,0.4017774187032922,0.5458661992404323,0.3579018258006585,0.3137513751375138
matched_marginal,12,1435443221,logistic,rawsig_shuffled,39,C=0.1,0.3848384100408594,0.424350099013718,0.34643690073996,0.341022015754393,0.4195150452819164,0.1917090691409757,0.6618261826182619
matched_marginal,12,1435443221,logistic,statistics_logsig_shuffled,25,C=1.0,0.4120325225181476,0.3997474472210414,0.3510999479583388,0.3522924661684508,0.4528191644756062,0.2526938042502245,0.4937293729372937
matched_marginal,12,1435443221,logistic,statistics_rawsig_shuffled,50,C=0.1,0.4202497993603636,0.4093781502710758,0.3601711498038267,0.3609371844071904,0.4574934268185802,0.2608500448967375,0.5097909790979098
matched_marginal,12,1435443221,logistic,b3_logsig_shuffled,54,C=1.0,0.4071587369630378,0.4081912157443989,0.3632249165593093,0.3657038982023833,0.4862693543675139,0.2685573181682131,0.4697469746974697
matched_marginal,12,1435443221,logistic,b3_rawsig_shuffled,79,C=1.0,0.4115162027595883,0.414125142308185,0.3712712157349611,0.3739850535245405,0.4791118901548349,0.2844956599820413,0.4787678767876788
matched_marginal,12,1435443221,gbm,hmm,3,max_leaf_nodes=7,0.3483689419538661,0.3750540657686643,0.3504207402683228,0.37200565542314684,0.25255623721881393,0.3984585453457049,0.47414741474147415
matched_marginal,12,1435443221,gbm,statistics,11,max_leaf_nodes=7,0.4006064931323196,0.3796155177190377,0.3416673437164817,0.3446576449202181,0.4068068945369559,0.2743938940436995,0.4576457645764576
matched_marginal,12,1435443221,gbm,statistics_logsig,25,max_leaf_nodes=7,0.4199940902705577,0.3940663415270192,0.3547982165764704,0.3579074934356696,0.453111305872042,0.2771625261897635,0.4519251925192519
matched_marginal,12,1435443221,gbm,statistics_rawsig,50,max_leaf_nodes=7,0.4101696686237244,0.3970010969228765,0.3557211961692954,0.3582306604726318,0.4607069821793748,0.2715504340017958,0.4587458745874587
matched_marginal,12,1435443221,gbm,b3,40,max_leaf_nodes=7,0.399422096015342,0.4069799226869521,0.3638171747551132,0.3665926075540295,0.4763365468886941,0.275516312481293,0.4690869086908691
matched_marginal,12,1435443221,gbm,b3_logsig,54,max_leaf_nodes=7,0.4054425208105272,0.4029237646203624,0.3607066747811148,0.3638052918602302,0.4723926380368098,0.274992517210416,0.4613861386138614
matched_marginal,12,1435443221,gbm,b3_rawsig,79,max_leaf_nodes=7,0.4041001555571198,0.4162444142212476,0.3714080219634607,0.3739042617652999,0.4897750511247444,0.2782101167315175,0.4807480748074808
matched_marginal,12,1435443221,gbm,logsig,14,max_leaf_nodes=15,0.4193173416887165,0.4050976012682383,0.3765050371439677,0.3872752979196122,0.4960560911481156,0.3313379227776115,0.3878987898789879
matched_marginal,12,1435443221,gbm,rawsig,39,max_leaf_nodes=15,0.4111251816282599,0.3986058032015114,0.3672382866030342,0.3746717834780852,0.4700555068653228,0.3127806046093984,0.412981298129813
matched_marginal,12,1435443221,gbm,logsig_shuffled,14,max_leaf_nodes=7,0.3718397190685527,0.389434342471326,0.3442424935834336,0.3531407796404767,0.2635115395851592,0.3204130499850344,0.5843784378437844
matched_marginal,12,1435443221,gbm,rawsig_shuffled,39,max_leaf_nodes=7,0.3710331318630746,0.393728066214063,0.3455685126894376,0.3505958392243991,0.2841075080338884,0.3012571086501047,0.5958195819581958
matched_marginal,12,1435443221,gbm,statistics_logsig_shuffled,25,max_leaf_nodes=7,0.4024018259826455,0.3935021501870024,0.3513539368127136,0.3535851343162997,0.4219982471516214,0.2740197545645016,0.4844884488448845
matched_marginal,12,1435443221,gbm,statistics_rawsig_shuffled,50,max_leaf_nodes=7,0.4029464060917797,0.388370496884566,0.34548363009134,0.3472025853362957,0.4236050248320187,0.2636186770428015,0.4778877887788779
matched_marginal,12,1435443221,gbm,b3_logsig_shuffled,54,max_leaf_nodes=7,0.399422096015342,0.4069799226869521,0.3638171747551132,0.3665926075540295,0.4763365468886941,0.275516312481293,0.4690869086908691
matched_marginal,12,1435443221,gbm,b3_rawsig_shuffled,79,max_leaf_nodes=7,0.4005053386867487,0.4059986382655114,0.3605573185413938,0.3625530195920016,0.4722465673385919,0.2667614486680634,0.4789878987898789
matched_marginal,13,2834433515,random_forest,hmm,3,max_depth=6,0.3646559232105318,0.30046862262277463,0.26479641566722206,0.27190466572409616,0.12651080723423025,0.32078942967051344,0.45410563096358014
matched_marginal,13,2834433515,random_forest,statistics,11,max_depth=6,0.4069711188765835,0.3437837782809141,0.3184574540634589,0.3301151282569178,0.2227613586237318,0.2528850978424485,0.5557048783765622
matched_marginal,13,2834433515,random_forest,statistics_logsig,25,max_depth=6,0.413778931792606,0.348834516291551,0.3165165009316861,0.3311250252474247,0.2003528892809881,0.2532196019401238,0.5929310576535411
matched_marginal,13,2834433515,random_forest,statistics_rawsig,50,max_depth=10,0.4099987504782946,0.3538750273557602,0.3316782841605418,0.3442940820036356,0.2513453903837671,0.2430172269610302,0.5672624647224835
matched_marginal,13,2834433515,random_forest,b3,40,max_depth=4,0.4109239780504936,0.3351612600783407,0.2937748586093441,0.3167036962229853,0.1694750771945302,0.2063890282655962,0.6296196747748959
matched_marginal,13,2834433515,random_forest,b3_logsig,54,max_depth=6,0.4107660099483401,0.3390790803550251,0.3086466443533064,0.3242577257119773,0.2032642258491398,0.2282990466633216,0.5856739685526139
matched_marginal,13,2834433515,random_forest,b3_rawsig,79,max_depth=6,0.407830802010537,0.3458307677642385,0.3109815687796535,0.3304786911735003,0.200088222320247,0.2175949155377153,0.6198091654347534
matched_marginal,13,2834433515,random_forest,logsig,14,max_depth=10,0.4218189838462606,0.3487724726273811,0.3295339756146834,0.3312866087659059,0.2365240405822673,0.3458772369961532,0.4639161403037226
matched_marginal,13,2834433515,random_forest,rawsig,39,max_depth=10,0.405665477009719,0.3524647839403909,0.3279982200593456,0.3374671783478085,0.2299073665637406,0.2799799297541395,0.5475070555032926
matched_marginal,13,2834433515,random_forest,logsig_shuffled,14,max_depth=10,0.3861544161213324,0.3250810771112515,0.2949796028640047,0.3053524540496869,0.1777679752977503,0.2667670178959692,0.530708238140035
matched_marginal,13,2834433515,random_forest,rawsig_shuffled,39,max_depth=6,0.3912340970724545,0.334902550328533,0.3002804857786832,0.3170268632599475,0.1826202029113365,0.2319785917377488,0.5901088563365139
matched_marginal,13,2834433515,random_forest,statistics_logsig_shuffled,25,max_depth=6,0.4098234931832737,0.3441658429151759,0.3137933552442428,0.3270046455261563,0.2016762240846934,0.2552266265261749,0.5755946781346594
matched_marginal,13,2834433515,random_forest,statistics_rawsig_shuffled,50,max_depth=6,0.4085874645032086,0.3477739401430625,0.3125896947175606,0.33043829529388,0.1949713277459197,0.2343201204214751,0.6140303722617928
matched_marginal,13,2834433515,random_forest,b3_logsig_shuffled,54,max_depth=6,0.411019014000554,0.3370854342550144,0.3079334555465334,0.3228842658048879,0.2060873400970445,0.2286335507609968,0.5765354119070017
matched_marginal,13,2834433515,random_forest,b3_rawsig_shuffled,79,max_depth=6,0.4095168051520206,0.3433836234456881,0.3092103666567165,0.3271258331650171,0.1959417732686369,0.2259575179795952,0.6082515790888321
matched_marginal,13,2834433515,logistic,hmm,3,C=0.01,0.35021893439006524,0.32180626513167226,0.3027640568223022,0.31480508988083217,0.24093515659461845,0.22495400568656965,0.4995296331138288
matched_marginal,13,2834433515,logistic,statistics,11,C=0.01,0.4206563829285657,0.3512105850431813,0.34725027529037,0.3645728135730156,0.3912659902955447,0.2316440876400736,0.4307216771939255
matched_marginal,13,2834433515,logistic,statistics_logsig,25,C=0.01,0.4392626013071618,0.3868583823364036,0.3829953787149995,0.3953948697232882,0.4163211292456991,0.3207894296705134,0.4234645880929982
matched_marginal,13,2834433515,logistic,statistics_rawsig,50,C=0.1,0.4532354287637732,0.398277443437053,0.3932381737582682,0.407392445970511,0.4152624614027349,0.2891787924402074,0.4903910764682166
matched_marginal,13,2834433515,logistic,b3,40,C=0.01,0.4087802635389237,0.377435572911714,0.3747334076175494,0.3892546960210059,0.423643581826202,0.3003846797123264,0.4082784571966134
matched_marginal,13,2834433515,logistic,b3_logsig,54,C=0.01,0.4228728277014482,0.3957953817685775,0.3929227969562383,0.4063017572207635,0.4434053815615351,0.34470647265429,0.3992742910899072
matched_marginal,13,2834433515,logistic,b3_rawsig,79,C=1.0,0.4382431977603602,0.4121569588944058,0.4079145766977531,0.4206018986063422,0.4368769298632554,0.3350058538217093,0.4645880929982529
matched_marginal,13,2834433515,logistic,logsig,14,C=0.01,0.4127650355468945,0.3447426571233135,0.3434542543359504,0.3606544132498485,0.4374062637847375,0.3221274460612142,0.2746942615239887
matched_marginal,13,2834433515,logistic,rawsig,39,C=1.0,0.445806780198627,0.4091880363048858,0.3982703880100047,0.4086851141183599,0.3690339655932951,0.3107543067402575,0.5477758365811047
matched_marginal,13,2834433515,logistic,logsig_shuffled,14,C=0.01,0.3616120099527194,0.2846157188724826,0.2670591745785263,0.266814784891941,0.1901191001323335,0.3343368456263589,0.3293912108587555
matched_marginal,13,2834433515,logistic,rawsig_shuffled,39,C=1.0,0.3914005306782107,0.3580116760286421,0.3282431735964085,0.3419915168652797,0.2200264666960741,0.2617494564308413,0.5922591049590109
matched_marginal,13,2834433515,logistic,statistics_logsig_shuffled,25,C=0.01,0.4207531912081261,0.3588951338174196,0.3539118998938173,0.3698242779236518,0.3860608734009704,0.2461950158889446,0.4444295121623438
matched_marginal,13,2834433515,logistic,statistics_rawsig_shuffled,50,C=1.0,0.4240870495601473,0.3622047114805825,0.3544390573577834,0.3667541910725106,0.3512130569033965,0.2558956347215253,0.4795054428168257
matched_marginal,13,2834433515,logistic,b3_logsig_shuffled,54,C=0.01,0.4069695512011832,0.3766310729796919,0.373970796641927,0.3886891537063219,0.423467137185708,0.2972068907844121,0.4092191909689557
matched_marginal,13,2834433515,logistic,b3_rawsig_shuffled,79,C=1.0,0.4088695060152825,0.3715524196404339,0.3671398132581124,0.3798828519491012,0.3932068813409792,0.2881752801471818,0.4332750974331407
matched_marginal,13,2834433515,gbm,hmm,3,max_leaf_nodes=7,0.36578609288011626,0.30660683920631976,0.28434470585208976,0.287537871137144,0.18561976179973533,0.307242013714668,0.42695874210455587
matched_marginal,13,2834433515,gbm,statistics,11,max_leaf_nodes=7,0.3976751563699817,0.3583476487050783,0.3503759040398236,0.3558876994546556,0.3228936921041023,0.305569493226292,0.4465797607848407
matched_marginal,13,2834433515,gbm,statistics_logsig,25,max_leaf_nodes=7,0.4165484793074567,0.3658584095750279,0.3591463080436436,0.3646132094526358,0.3422143802382003,0.3239672185984278,0.4313936298884558
matched_marginal,13,2834433515,gbm,statistics_rawsig,50,max_leaf_nodes=7,0.4084228564978496,0.3727115988893368,0.3637489966979843,0.3688951726923853,0.3288928098808998,0.3206221776216759,0.4686198091654348
matched_marginal,13,2834433515,gbm,b3,40,max_leaf_nodes=7,0.3979393608924234,0.3650034493783303,0.3566235284579724,0.3661886487578267,0.341243934715483,0.2816524502425154,0.4721139631769923
matched_marginal,13,2834433515,gbm,b3_logsig,54,max_leaf_nodes=7,0.402973633835845,0.357205840135021,0.3494290410633779,0.3574631387598465,0.3324217026907807,0.286837263756481,0.4523585539578014
matched_marginal,13,2834433515,gbm,b3_rawsig,79,max_leaf_nodes=7,0.3988257118016696,0.3656187006687017,0.3569881966961164,0.3668753787113714,0.3404499338332598,0.2773038969727379,0.4791022712001075
matched_marginal,13,2834433515,gbm,logsig,14,max_leaf_nodes=15,0.4221429095706712,0.369032594551435,0.3585072911971192,0.3625126237123813,0.3129245699161888,0.3299882923565814,0.4641849213815347
matched_marginal,13,2834433515,gbm,rawsig,39,max_leaf_nodes=15,0.4168479069833313,0.3723588741673735,0.3592992665714383,0.3657038982023833,0.306043228936921,0.3084127780565311,0.5026206155086682
matched_marginal,13,2834433515,gbm,logsig_shuffled,14,max_leaf_nodes=7,0.3847856807765137,0.3356687504383034,0.3102905364154967,0.323045849323369,0.2184384649316277,0.2371634052517143,0.5514043811315683
matched_marginal,13,2834433515,gbm,rawsig_shuffled,39,max_leaf_nodes=7,0.3823041033190548,0.3361049751890286,0.3103274606620987,0.322318723490204,0.2142037935597706,0.2448569994982438,0.5492541325090714
matched_marginal,13,2834433515,gbm,statistics_logsig_shuffled,25,max_leaf_nodes=7,0.3983959162335989,0.3537571057627177,0.3458758447207455,0.3509190062613613,0.3168063520070578,0.3033952165914032,0.4410697486896922
matched_marginal,13,2834433515,gbm,statistics_rawsig_shuffled,50,max_leaf_nodes=7,0.3961677782582056,0.3539658304164375,0.346745796111652,0.352332862048071,0.3218350242611381,0.2960361264425489,0.4440263405456255
matched_marginal,13,2834433515,gbm,b3_logsig_shuffled,54,max_leaf_nodes=7,0.3967796718450616,0.3623738277175765,0.3541074147335764,0.3632801454251666,0.3378914865460962,0.281819702291353,0.4674102943152802
matched_marginal,13,2834433515,gbm,b3_rawsig_shuffled,79,max_leaf_nodes=7,0.397397322741864,0.3582877766546208,0.3504374747207581,0.3602100585740254,0.3381561535068372,0.2721190834587724,0.4645880929982529
matched_marginal,14,619375084,random_forest,hmm,3,max_depth=10,0.3485552945318014,0.3675653734358721,0.33799313644028456,0.3441728943647748,0.4400538841490795,0.17355531894298712,0.48908691721554953
matched_marginal,14,619375084,random_forest,statistics,11,max_depth=10,0.404362163459476,0.4027021781416199,0.3890400294219529,0.389416279539487,0.4280796287980841,0.2860323298809408,0.4939945757458349
matched_marginal,14,619375084,random_forest,statistics_logsig,25,max_depth=10,0.4205839535875517,0.4209596805947861,0.406837777003342,0.4070288830539285,0.4458913336326897,0.2979382441196399,0.5190494640320289
matched_marginal,14,619375084,random_forest,statistics_rawsig,50,max_depth=10,0.4255366217890802,0.4297054688733586,0.4104575731942202,0.4147041001817814,0.4108666367310283,0.2784822379246927,0.599767531964355
matched_marginal,14,619375084,random_forest,b3,40,max_depth=10,0.4136279710295854,0.419017923954097,0.4011244101264053,0.4037164209250656,0.4228408920820236,0.2742232116929629,0.5599896680873047
matched_marginal,14,619375084,random_forest,b3_logsig,54,max_depth=10,0.4200434495504608,0.4182288408747241,0.3995502989518242,0.4022621692587356,0.4234396048495734,0.267641080243926,0.5636058375306728
matched_marginal,14,619375084,random_forest,b3_rawsig,79,max_depth=10,0.4210646247455702,0.4250428561665786,0.4034839559911345,0.4083215512017774,0.4107169585391408,0.2592198238311877,0.6051917861294072
matched_marginal,14,619375084,random_forest,logsig,14,max_depth=10,0.4164558075016342,0.4391622322481441,0.4134539073377126,0.4155524136538073,0.539440203562341,0.2544768173458523,0.5235696758362391
matched_marginal,14,619375084,random_forest,rawsig,39,max_depth=10,0.4139794479887324,0.4213310847328415,0.3813604185742877,0.3974146637043022,0.3891632989073492,0.1793630819862549,0.6954668733049205
matched_marginal,14,619375084,random_forest,logsig_shuffled,14,max_depth=10,0.3868668459390109,0.3921884348145179,0.3409245471859498,0.3669965663502322,0.3352791498278701,0.1278675830026135,0.7134185716130699
matched_marginal,14,619375084,random_forest,rawsig_shuffled,39,max_depth=6,0.3938214607480075,0.3929678023840229,0.3345660416429966,0.3652595435265603,0.3418649902709175,0.1069596360468492,0.730078780834302
matched_marginal,14,619375084,random_forest,statistics_logsig_shuffled,25,max_depth=10,0.4096003655469543,0.4135347117725039,0.3990376939360602,0.3994748535649364,0.4397545277653046,0.2898073758590649,0.5110422316931422
matched_marginal,14,619375084,random_forest,statistics_rawsig_shuffled,50,max_depth=10,0.4201819104194442,0.4185695618016278,0.4011387833466624,0.4041203797212684,0.4111659931148032,0.2773206853160391,0.567222006974041
matched_marginal,14,619375084,random_forest,b3_logsig_shuffled,54,max_depth=10,0.4162020806619873,0.4151798594394577,0.3957285168981094,0.398990103009493,0.4174524771740757,0.2612525408963314,0.5668345602479659
matched_marginal,14,619375084,random_forest,b3_rawsig_shuffled,79,max_depth=10,0.4184289261752898,0.4176079621392093,0.3962739033548201,0.4011310846293678,0.4069750037419548,0.2556383699545058,0.5902105127211675
matched_marginal,14,619375084,logistic,hmm,3,C=0.01,0.3332363245065126,0.3562334394457573,0.26245461886368116,0.3129872752979196,0.4961832061068702,0.0,0.5725171122304017
matched_marginal,14,619375084,logistic,statistics,11,C=0.1,0.4127181549828949,0.4038622176451232,0.3693155787350406,0.3749141587558069,0.5461757221972758,0.185364437130965,0.480046493607129
matched_marginal,14,619375084,logistic,statistics_logsig,25,C=0.1,0.4268902595217296,0.4292546080025536,0.3978260722712829,0.4015754393051908,0.5744649004640024,0.2240828574194172,0.4892160661242412
matched_marginal,14,619375084,logistic,statistics_rawsig,50,C=1.0,0.4607943894961139,0.4571427593546412,0.4206148351306502,0.4261361341143203,0.5949708127525819,0.2171135417674959,0.5593439235438461
matched_marginal,14,619375084,logistic,b3,40,C=1.0,0.4006468349628315,0.3896937897244538,0.3762684376403593,0.3757220763482125,0.4792695704235893,0.29280805343142,0.3970037453183521
matched_marginal,14,619375084,logistic,b3_logsig,54,C=1.0,0.411730986854226,0.4119502132552414,0.3968268890974097,0.3962431831953141,0.5169884747792247,0.3048107637208402,0.4140514012656593
matched_marginal,14,619375084,logistic,b3_rawsig,79,C=1.0,0.4439460667941582,0.4434929372410734,0.4258629329898762,0.4248434659664714,0.540487950905553,0.3049075597715613,0.4850833010461061
matched_marginal,14,619375084,logistic,logsig,14,C=0.1,0.3993645349504215,0.4195016223163141,0.3894460883593657,0.392607554029489,0.6109863792845383,0.2408285741941729,0.4066899134702312
matched_marginal,14,619375084,logistic,rawsig,39,C=1.0,0.4548222551830794,0.4570889788516732,0.4212075491006697,0.4271864269844476,0.5690764855560545,0.2170167457167747,0.5851737052821904
matched_marginal,14,619375084,logistic,logsig_shuffled,14,C=1.0,0.3355941285390258,0.3541721802937179,0.3073397239156852,0.3221975358513431,0.4897470438557102,0.1039589584744942,0.4688105385509492
matched_marginal,14,619375084,logistic,rawsig_shuffled,39,C=1.0,0.3998209533312019,0.4038738707120204,0.3519804694755861,0.3744698040799838,0.4048795090555306,0.1230277804665569,0.6837143226139739
matched_marginal,14,619375084,logistic,statistics_logsig_shuffled,25,C=1.0,0.4132244635160245,0.4037683151986913,0.3727481993535872,0.3769339527368208,0.5336027540787307,0.2003678249927403,0.4773343665246028
matched_marginal,14,619375084,logistic,statistics_rawsig_shuffled,50,C=1.0,0.4267106425934852,0.4291285991594528,0.3904014191144586,0.3981417895374672,0.5529112408322108,0.1835253121672636,0.5509492444788842
matched_marginal,14,619375084,logistic,b3_logsig_shuffled,54,C=1.0,0.4009831047504051,0.3904180438244897,0.3773953260139955,0.3768531609775802,0.4774734321209399,0.2963895073081018,0.3973911920444272
matched_marginal,14,619375084,logistic,b3_rawsig_shuffled,79,C=1.0,0.4107499539367494,0.4093322544767142,0.3953099423498926,0.3945465562512624,0.4801676395749139,0.2969702836124286,0.4508588402427999
matched_marginal,14,619375084,gbm,hmm,3,max_leaf_nodes=31,0.3521597894213773,0.36667860645979805,0.35573125138569867,0.35528176126035144,0.4322706181709325,0.2845803891201239,0.3831848120883379
matched_marginal,14,619375084,gbm,statistics,11,max_leaf_nodes=7,0.4061208955844038,0.4003783300656955,0.388844047200327,0.388850737224803,0.4324202963628199,0.3032620269093021,0.4654526669249645
matched_marginal,14,619375084,gbm,statistics_logsig,25,max_leaf_nodes=7,0.4287463135066291,0.421392825892634,0.4060166181150934,0.405655423146839,0.4774734321209399,0.2938728099893524,0.4928322355676094
matched_marginal,14,619375084,gbm,statistics_rawsig,50,max_leaf_nodes=7,0.4302016147797058,0.4131494294645402,0.3982356677148628,0.3975762472227833,0.4635533602754079,0.2848707772722872,0.4910241508459254
matched_marginal,14,619375084,gbm,b3,40,max_leaf_nodes=7,0.4059072323971383,0.3820871586133726,0.3729035549850475,0.3736214906079579,0.3927555755126478,0.3054883360758881,0.448017564251582
matched_marginal,14,619375084,gbm,b3_logsig,54,max_leaf_nodes=7,0.4132268377689527,0.3900243775903847,0.3804910211843193,0.3805695819026459,0.4126627750336776,0.3088761978511277,0.448534159886349
matched_marginal,14,619375084,gbm,b3_rawsig,79,max_leaf_nodes=15,0.4111087163440644,0.3981566145731265,0.3882853165614446,0.3892950919006261,0.3963478521179464,0.3126512438292517,0.4854707477721813
matched_marginal,14,619375084,gbm,logsig,14,max_leaf_nodes=7,0.4303387354155088,0.4427444163307765,0.4191141382419175,0.4202787315693799,0.5373447088759168,0.2666731197367147,0.5242154203796978
matched_marginal,14,619375084,gbm,rawsig,39,max_leaf_nodes=15,0.4328136688539199,0.4333263265582954,0.4158953697981549,0.4165623106443142,0.4677443496482562,0.2870970864388733,0.5451375435877567
matched_marginal,14,619375084,gbm,logsig_shuffled,14,max_leaf_nodes=7,0.3919524656143791,0.3960980097623603,0.3677284987650355,0.3793981013936578,0.3414159556952552,0.2139192720936985,0.6329588014981273
matched_marginal,14,619375084,gbm,rawsig_shuffled,39,max_leaf_nodes=7,0.3883686653562511,0.3957442582351818,0.3660994149081194,0.3789133508382145,0.3331836551414459,0.209079469557642,0.6449696500064575
matched_marginal,14,619375084,gbm,statistics_logsig_shuffled,25,max_leaf_nodes=7,0.4155377681217496,0.4032505088878249,0.3902200077423893,0.3904665724096142,0.4309235144439455,0.2923240731778143,0.486503939041715
matched_marginal,14,619375084,gbm,statistics_rawsig_shuffled,50,max_leaf_nodes=7,0.4161258096638822,0.4021560087074295,0.388504570911699,0.3886891537063219,0.4333183655141446,0.286129125931662,0.487020534676482
matched_marginal,14,619375084,gbm,b3_logsig_shuffled,54,max_leaf_nodes=7,0.4066245628056438,0.3852815434335488,0.3760962572589187,0.3764895980609978,0.4030833707528813,0.3084890136482431,0.4442722458995221
matched_marginal,14,619375084,gbm,b3_rawsig_shuffled,79,max_leaf_nodes=7,0.4072899416425823,0.3874882910943924,0.3778374233045805,0.378549787921632,0.3997904505313576,0.3070370728874262,0.4556373498643936
matched_marginal,15,1188669195,random_forest,hmm,3,max_depth=10,0.34950917341925297,0.36935058703273316,0.35934198649402704,0.36388608361947083,0.254693291880904,0.3861889927310488,0.4671694764862467
matched_marginal,15,1188669195,random_forest,statistics,11,max_depth=4,0.3876989286616434,0.4006295661564361,0.3744517461428061,0.379276913754797,0.3779744110964965,0.2289719626168224,0.5949423247559894
matched_marginal,15,1188669195,random_forest,statistics_logsig,25,max_depth=10,0.3944989050293639,0.405988528895872,0.3936359832950356,0.3938598262977176,0.43082625851967,0.2874350986500519,0.4997042295178941
matched_marginal,15,1188669195,random_forest,statistics_rawsig,50,max_depth=6,0.3989119356134802,0.4024766810514855,0.3862951093549266,0.3869521308826499,0.3538203993782136,0.2956386292834891,0.5579710144927537
matched_marginal,15,1188669195,random_forest,b3,40,max_depth=6,0.4000749016946452,0.4012816294105469,0.3816552018307939,0.3835588769945465,0.3670931483917254,0.2673935617860851,0.5693581780538303
matched_marginal,15,1188669195,random_forest,b3_logsig,54,max_depth=6,0.4015185637739424,0.4003356640603081,0.3813883202215007,0.3829529388002424,0.3734305871098888,0.2653167185877466,0.562259686483289
matched_marginal,15,1188669195,random_forest,b3_rawsig,79,max_depth=10,0.4073690280050928,0.4131519808179996,0.3972813298495852,0.3987881236113916,0.4506755948822193,0.2682242990654205,0.5205560485063591
matched_marginal,15,1188669195,random_forest,logsig,14,max_depth=10,0.4127832997656779,0.4204872818616489,0.4056392713525915,0.4103817410624116,0.5457371756546694,0.263343717549325,0.4523809523809524
matched_marginal,15,1188669195,random_forest,rawsig,39,max_depth=10,0.3988073255193797,0.4088300396800652,0.3941934947771376,0.3945061603716421,0.3648212363984216,0.3097611630321911,0.551907719609583
matched_marginal,15,1188669195,random_forest,logsig_shuffled,14,max_depth=10,0.3750429706979192,0.3928154398500714,0.369872739457395,0.3739042617652999,0.2977400454382398,0.2826583592938733,0.5980479148181012
matched_marginal,15,1188669195,random_forest,rawsig_shuffled,39,max_depth=10,0.3847441087474024,0.3951027716531052,0.3770849805031324,0.3791961219955564,0.3174698074853521,0.3011422637590862,0.5666962437148773
matched_marginal,15,1188669195,random_forest,statistics_logsig_shuffled,25,max_depth=10,0.3895399809676061,0.407823090937935,0.3965793662567682,0.3963239749545546,0.4231735023316991,0.3,0.5002957704821059
matched_marginal,15,1188669195,random_forest,statistics_rawsig_shuffled,50,max_depth=10,0.3955950467096028,0.409139320449811,0.3982517755830079,0.3976570389820238,0.4073896926940093,0.3110072689511942,0.5090209997042295
matched_marginal,15,1188669195,random_forest,b3_logsig_shuffled,54,max_depth=6,0.4027232300396282,0.4036320770066237,0.3835397965069709,0.3855786709755605,0.3664952768145402,0.2685358255451713,0.5758651286601597
matched_marginal,15,1188669195,random_forest,b3_rawsig_shuffled,79,max_depth=6,0.4001069017040957,0.4072651855634155,0.3861482240953589,0.3885679660674611,0.3597991151500657,0.2723779854620976,0.5896184560780834
matched_marginal,15,1188669195,logistic,hmm,3,C=0.01,0.32609241872083844,0.36866735848572735,0.32990680644580733,0.34199151686527973,0.254812866196341,0.2019730010384216,0.6492162082224194
matched_marginal,15,1188669195,logistic,statistics,11,C=0.1,0.396850785279348,0.3971211851009553,0.3778588280756692,0.3825085841244193,0.4835585316274064,0.2227414330218068,0.4850635906536528
matched_marginal,15,1188669195,logistic,statistics_logsig,25,C=0.1,0.4218705641991453,0.4097061910288169,0.3884848928894476,0.396081599676833,0.5438239866076767,0.2172377985462097,0.4680567879325643
matched_marginal,15,1188669195,logistic,statistics_rawsig,50,C=1.0,0.4536999083572985,0.437239425661784,0.4215593350576245,0.4250858412441931,0.5450197297620472,0.2721703011422637,0.4945282460810411
matched_marginal,15,1188669195,logistic,b3,40,C=0.01,0.3948216058524293,0.3821731716066496,0.3695916943831434,0.3711169460715007,0.4469687911036709,0.2505711318795431,0.4489795918367347
matched_marginal,15,1188669195,logistic,b3_logsig,54,C=0.1,0.4137274891318601,0.3958624870842115,0.3832486283030811,0.3857402544940416,0.4867870381442066,0.257736240913811,0.4430641821946169
matched_marginal,15,1188669195,logistic,b3_rawsig,79,C=1.0,0.4470516637822244,0.421008281312712,0.4093855412447622,0.410866491617855,0.5049623340906373,0.2866043613707165,0.471458148476782
matched_marginal,15,1188669195,logistic,logsig,14,C=0.01,0.4049004766909354,0.3975475209747905,0.364012001041843,0.3851747121793577,0.6360157838096376,0.1576323987538941,0.39899438036084
matched_marginal,15,1188669195,logistic,rawsig,39,C=1.0,0.4492408047185319,0.4495483067686217,0.4288831664879206,0.4338921430014139,0.555542269520507,0.2552440290758048,0.5378586217095533
matched_marginal,15,1188669195,logistic,logsig_shuffled,14,C=1.0,0.3531075839124635,0.3569055725717098,0.3480445808631367,0.3500302969097152,0.4301088126270477,0.2566978193146417,0.3839100857734398
matched_marginal,15,1188669195,logistic,rawsig_shuffled,39,C=1.0,0.3937051324791435,0.4047433925272294,0.3740896856396086,0.3808523530599879,0.3275140499820638,0.2416407061266874,0.645075421472937
matched_marginal,15,1188669195,logistic,statistics_logsig_shuffled,25,C=0.1,0.3905655992001796,0.3925501218540461,0.3718039472772749,0.3774187032922642,0.4888198015066364,0.2082035306334372,0.4806270334220645
matched_marginal,15,1188669195,logistic,statistics_rawsig_shuffled,50,C=1.0,0.4103507710327021,0.4100662075536261,0.3940309384743118,0.395516057362149,0.457969628123879,0.257736240913811,0.5144927536231884
matched_marginal,15,1188669195,logistic,b3_logsig_shuffled,54,C=0.01,0.3944855993275837,0.382037912819942,0.3698417578831832,0.3712381337103615,0.4455338993184264,0.2533748701973001,0.4472049689440994
matched_marginal,15,1188669195,logistic,b3_rawsig_shuffled,79,C=1.0,0.4072040804868362,0.4057852133405824,0.3938649403477248,0.3939810139365785,0.4445773047949301,0.2822429906542056,0.4905353445726116
matched_marginal,15,1188669195,gbm,hmm,3,max_leaf_nodes=15,0.3493903985325723,0.3679952815931198,0.36349795051500905,0.3642496465360533,0.32882936745187136,0.35752855659397714,0.4176279207335108
matched_marginal,15,1188669195,gbm,statistics,11,max_leaf_nodes=7,0.388961402845958,0.3880444838434307,0.3776371522997315,0.3773379115330236,0.3960301327274901,0.2911734164070613,0.4769299023957409
matched_marginal,15,1188669195,gbm,statistics_logsig,25,max_leaf_nodes=7,0.4075789213122584,0.398176932050912,0.38683552386822,0.3874772773177136,0.4446968791103671,0.2798546209761163,0.4699792960662526
matched_marginal,15,1188669195,gbm,statistics_rawsig,50,max_leaf_nodes=7,0.4120315769632119,0.3986491212261846,0.3889386425973584,0.3889719248636639,0.4409900753318187,0.291484942886812,0.4634723454599231
matched_marginal,15,1188669195,gbm,b3,40,max_leaf_nodes=7,0.3981223322701229,0.3966800803162106,0.3856053443736338,0.3857806503736619,0.4350113595599665,0.2812045690550363,0.4738243123336291
matched_marginal,15,1188669195,gbm,b3_logsig,54,max_leaf_nodes=7,0.4034241233436511,0.4028255529584816,0.3920152545585082,0.3922439911129065,0.4435011359559966,0.288785046728972,0.4761904761904761
matched_marginal,15,1188669195,gbm,b3_rawsig,79,max_leaf_nodes=7,0.4024113231444503,0.3997313107304694,0.3879760004202532,0.3886083619470813,0.4506755948822193,0.2752855659397715,0.4732327713694173
matched_marginal,15,1188669195,gbm,logsig,14,max_leaf_nodes=15,0.4211817463609684,0.4165456203883191,0.4045962743726836,0.4073520500908907,0.5173980628960899,0.2808930425752856,0.4513457556935817
matched_marginal,15,1188669195,gbm,rawsig,39,max_leaf_nodes=31,0.4167647540638364,0.4078639676585655,0.3973235075421376,0.3989497071298727,0.4892980987683845,0.2854620976116303,0.4488317065956818
matched_marginal,15,1188669195,gbm,logsig_shuffled,14,max_leaf_nodes=7,0.3842771234903092,0.3969357695533588,0.3822939928613769,0.3832761058372046,0.336123400693531,0.3129802699896158,0.5417036379769299
matched_marginal,15,1188669195,gbm,rawsig_shuffled,39,max_leaf_nodes=7,0.3828528871123063,0.392926669638517,0.3767178024339151,0.3781054332458089,0.327992347243812,0.3012461059190031,0.5495415557527359
matched_marginal,15,1188669195,gbm,statistics_logsig_shuffled,25,max_leaf_nodes=15,0.3958566055594592,0.3895008776995847,0.3801683342054581,0.3802868107453039,0.4298696639961736,0.2874350986500519,0.4511978704525288
matched_marginal,15,1188669195,gbm,statistics_rawsig_shuffled,50,max_leaf_nodes=7,0.3923838086747304,0.3906281226608463,0.3807662299564758,0.3806099777822662,0.4127705368886763,0.2917964693665628,0.4673173617272996
matched_marginal,15,1188669195,gbm,b3_logsig_shuffled,54,max_leaf_nodes=7,0.3981223322701229,0.3966800803162106,0.3856053443736338,0.3857806503736619,0.4350113595599665,0.2812045690550363,0.4738243123336291
matched_marginal,15,1188669195,gbm,b3_rawsig_shuffled,79,max_leaf_nodes=7,0.397338411388175,0.3938807538051578,0.3836361254115966,0.3836800646334073,0.4296305153652995,0.285877466251298,0.466134279798876
matched_marginal,16,3952083430,random_forest,hmm,3,max_depth=6,0.35689284086883405,0.3499753823613041,0.31356442245206734,0.34292062209654617,0.17751567632128995,0.20750315871318883,0.6649073120494335
matched_marginal,16,3952083430,random_forest,statistics,11,max_depth=10,0.404246665174226,0.3550797790632434,0.3369175109641119,0.3466370430216118,0.2791878172588832,0.2399650111769851,0.546086508753862
matched_marginal,16,3952083430,random_forest,statistics_logsig,25,max_depth=10,0.4153076115148608,0.3671421139929007,0.3466445202883539,0.3564128458897193,0.3003881755747984,0.2334532024492176,0.5675849639546859
matched_marginal,16,3952083430,random_forest,statistics_rawsig,50,max_depth=10,0.4186494546003775,0.3687767198537046,0.3466553038549256,0.3574227428802262,0.2993430874888026,0.2278161142968218,0.5791709577754892
matched_marginal,16,3952083430,random_forest,b3,40,max_depth=10,0.4090357802482773,0.380385144585563,0.3558201236874501,0.3671985457483336,0.3189011645267244,0.2248031878705413,0.5974510813594233
matched_marginal,16,3952083430,random_forest,b3_logsig,54,max_depth=10,0.4177048982786447,0.3847091612359679,0.3599653444204884,0.3708341749141587,0.3296506419826814,0.2250947613956652,0.5993820803295572
matched_marginal,16,3952083430,random_forest,b3_rawsig,79,max_depth=10,0.4170244905760209,0.3863267422549605,0.3592775024340471,0.372328822460109,0.3177067781427292,0.2197492467683934,0.621524201853759
matched_marginal,16,3952083430,random_forest,logsig,14,max_depth=10,0.4270114943725598,0.391941670651189,0.3569915469591673,0.36521914764694,0.4870110480740519,0.1698901739722033,0.518923789907312
matched_marginal,16,3952083430,random_forest,rawsig,39,max_depth=10,0.4061507353165592,0.3857218898673211,0.3683359488363813,0.3770955362553019,0.3121827411167512,0.2698027019146661,0.5751802265705458
matched_marginal,16,3952083430,random_forest,logsig_shuffled,14,max_depth=10,0.3821463941032252,0.3694357671868278,0.3370797340457878,0.3576247222783276,0.2524634219169901,0.2038098940616192,0.6520339855818743
matched_marginal,16,3952083430,random_forest,rawsig_shuffled,39,max_depth=6,0.3815950567422323,0.3705115026294093,0.3425609638002078,0.3667541910725106,0.1988653329352045,0.2607639226358246,0.6519052523171988
matched_marginal,16,3952083430,random_forest,statistics_logsig_shuffled,25,max_depth=10,0.4087316145183647,0.3618183836439008,0.3429623558803077,0.3527772167238941,0.2871006270528516,0.2413256876275634,0.5570288362512873
matched_marginal,16,3952083430,random_forest,statistics_rawsig_shuffled,50,max_depth=10,0.4107073783258794,0.368004883124464,0.3481337965129858,0.3589173904261765,0.2866527321588534,0.2442414228788026,0.5731204943357363
matched_marginal,16,3952083430,random_forest,b3_logsig_shuffled,54,max_depth=10,0.412817641494597,0.3804707322494423,0.3547366762734431,0.3668349828317511,0.3168109883547327,0.2195548644183108,0.6050463439752832
matched_marginal,16,3952083430,random_forest,b3_rawsig_shuffled,79,max_depth=10,0.4108659724838304,0.3809724629135226,0.3558079719298526,0.3682892344980812,0.308748880262765,0.2257750996209544,0.6083934088568486
matched_marginal,16,3952083430,logistic,hmm,3,C=0.1,0.3463571014320757,0.3376066273137108,0.3134318272716929,0.33589173904261765,0.17333532397730667,0.251044805131694,0.5884397528321318
matched_marginal,16,3952083430,logistic,statistics,11,C=1.0,0.402432802622083,0.3514794916667312,0.3348894209681048,0.3413451827913553,0.3074051955807704,0.233258820099135,0.5137744593202883
matched_marginal,16,3952083430,logistic,statistics_logsig,25,C=0.01,0.4288794719801712,0.3784127029745264,0.3595246442292386,0.3606544132498485,0.4520752463421917,0.2352998347750024,0.4478630278063851
matched_marginal,16,3952083430,logistic,statistics_rawsig,50,C=0.01,0.4546437153917259,0.4106795518948685,0.3806980535632613,0.3875580690769541,0.457748581666169,0.2036155117115365,0.5706745623069001
matched_marginal,16,3952083430,logistic,b3,40,C=0.01,0.3921167989928342,0.3714468947669365,0.3629915462101782,0.364209250656433,0.3708569722305165,0.3001263485275537,0.4433573635427394
matched_marginal,16,3952083430,logistic,b3_logsig,54,C=0.01,0.4159860149409236,0.3820672055567202,0.3704932578286913,0.3703898202383356,0.428486115258286,0.2871027310720186,0.4306127703398558
matched_marginal,16,3952083430,logistic,b3_rawsig,79,C=1.0,0.4465988190473109,0.4154924350774628,0.3955069910545811,0.3973338719450616,0.4637205135861451,0.2576538050345028,0.5251029866117405
matched_marginal,16,3952083430,logistic,logsig,14,C=0.1,0.4014944685318725,0.3834999952013757,0.3636913966266427,0.3644516259341547,0.524484920871902,0.2562931285839245,0.3697219361483007
matched_marginal,16,3952083430,logistic,rawsig,39,C=1.0,0.4452686007876998,0.4182343089188725,0.3763524789825209,0.3882044031508786,0.5095550910719617,0.1621148799688988,0.583032955715757
matched_marginal,16,3952083430,logistic,logsig_shuffled,14,C=1.0,0.3463696755474226,0.3323699796834352,0.3304116091264038,0.3344374873762876,0.351000298596596,0.3605792594032462,0.2855303810504634
matched_marginal,16,3952083430,logistic,rawsig_shuffled,39,C=1.0,0.3857577254343516,0.3680491151032052,0.3256339775078161,0.3500302969097152,0.2788892206628844,0.1532704830401399,0.6719876416065912
matched_marginal,16,3952083430,logistic,statistics_logsig_shuffled,25,C=1.0,0.4026055988648182,0.361435332262243,0.3446335197599079,0.3498283175116138,0.3362197670946551,0.236757702400622,0.5113285272914521
matched_marginal,16,3952083430,logistic,statistics_rawsig_shuffled,50,C=1.0,0.425233380160184,0.381310483065866,0.3531833341200859,0.3633205413047869,0.3614511794565542,0.1962289824083973,0.5862512873326468
matched_marginal,16,3952083430,logistic,b3_logsig_shuffled,54,C=0.01,0.3920871952366438,0.3723975246437965,0.363840082066367,0.364936376489598,0.374738727978501,0.3001263485275537,0.4423274974253347
matched_marginal,16,3952083430,logistic,b3_rawsig_shuffled,79,C=1.0,0.4164508103670544,0.3844527427909494,0.3705333336835192,0.3728135730155524,0.3842938190504628,0.2700942754397901,0.4989701338825952
matched_marginal,16,3952083430,gbm,hmm,3,max_leaf_nodes=7,0.3551665498056013,0.3469656187943584,0.33014667350939697,0.3450616037164209,0.21722902358913107,0.2732043930411119,0.5504634397528322
matched_marginal,16,3952083430,gbm,statistics,11,max_leaf_nodes=7,0.4146165229223793,0.3621592324326685,0.3478072488626405,0.3503534639466774,0.3620483726485518,0.2461852463796287,0.4782440782698249
matched_marginal,16,3952083430,gbm,statistics_logsig,25,max_leaf_nodes=7,0.43107156237926,0.381834699628138,0.365302007349308,0.3662694405170673,0.423260674828307,0.2465740110797939,0.4756694129763131
matched_marginal,16,3952083430,gbm,statistics_rawsig,50,max_leaf_nodes=7,0.4212401134362464,0.3824047991630563,0.3658605659546599,0.3680064633407392,0.3989250522544043,0.2480318787054135,0.5002574665293512
matched_marginal,16,3952083430,gbm,b3,40,max_leaf_nodes=7,0.4135364195523281,0.3891211920838242,0.3728837151009719,0.3760452433851747,0.3892206628844431,0.2607639226358246,0.517378990731205
matched_marginal,16,3952083430,gbm,b3_logsig,54,max_leaf_nodes=15,0.4176185444646972,0.3885530865165904,0.3694099019058496,0.3714805089880832,0.438489101224246,0.2421032170278938,0.4850669412976313
matched_marginal,16,3952083430,gbm,b3_rawsig,79,max_leaf_nodes=31,0.416042744375927,0.3965988783430279,0.3698557159369259,0.3748333669965663,0.4605852493281576,0.2100301292642628,0.5191812564366632
matched_marginal,16,3952083430,gbm,logsig,14,max_leaf_nodes=7,0.4279418645354524,0.4047767733840846,0.3835172329187113,0.3862250050494849,0.4550612123021798,0.2439498493536787,0.5153192584963955
matched_marginal,16,3952083430,gbm,rawsig,39,max_leaf_nodes=15,0.4260043321611014,0.3957510191985731,0.3793887780535596,0.3817814582912543,0.4059420722603762,0.2629021284867334,0.5184088568486097
matched_marginal,16,3952083430,gbm,logsig_shuffled,14,max_leaf_nodes=7,0.3795084545095504,0.3709060372466634,0.3540915347875353,0.3675217127852959,0.2499253508510003,0.2863252016716882,0.5764675592173018
matched_marginal,16,3952083430,gbm,rawsig_shuffled,39,max_leaf_nodes=7,0.3797878849325791,0.3704272578322207,0.3529881567120735,0.3660270652393456,0.2553000895789788,0.2783555253183011,0.577626158599382
matched_marginal,16,3952083430,gbm,statistics_logsig_shuffled,25,max_leaf_nodes=7,0.4141881228028161,0.3638466423639066,0.3503427109281845,0.3527772167238941,0.3592117049865631,0.2531830109826027,0.4791452111225541
matched_marginal,16,3952083430,gbm,statistics_rawsig_shuffled,50,max_leaf_nodes=7,0.413021530938906,0.3636006165088257,0.3490014863112952,0.3515653403352858,0.3621976709465512,0.2448245699290504,0.4837796086508754
matched_marginal,16,3952083430,gbm,b3_logsig_shuffled,54,max_leaf_nodes=7,0.4135364195523281,0.3891211920838242,0.3728837151009719,0.3760452433851747,0.3892206628844431,0.2607639226358246,0.517378990731205
matched_marginal,16,3952083430,gbm,b3_rawsig_shuffled,79,max_leaf_nodes=7,0.4103776202643955,0.3891864897882919,0.373633687747561,0.3767319733387194,0.3875783816064497,0.2662066284381378,0.5137744593202883
matched_marginal,17,1028844094,random_forest,hmm,3,max_depth=4,0.3691026480010445,0.330571302563434,0.3009026151567436,0.3618258937588366,0.27183391003460206,0.0835436312923363,0.6363363663633637
matched_marginal,17,1028844094,random_forest,statistics,11,max_depth=6,0.4043449815036449,0.3683677759317722,0.3682356869185201,0.3722076348212482,0.3280276816608996,0.3752158321158188,0.4018598140185981
matched_marginal,17,1028844094,random_forest,statistics_logsig,25,max_depth=10,0.4198877980852173,0.3740113216402057,0.3724623770458039,0.3760048475055544,0.4088581314878893,0.3149156594501262,0.3982601739826017
matched_marginal,17,1028844094,random_forest,statistics_rawsig,50,max_depth=10,0.424714876455265,0.3797746660551067,0.3803079663128955,0.3883255907897394,0.3330103806228374,0.3466595829459423,0.4596540345965403
matched_marginal,17,1028844094,random_forest,b3,40,max_depth=6,0.4174949226145979,0.3741631769647486,0.3736994833576434,0.3804483942637851,0.3835294117647059,0.3007039447469783,0.4382561743825617
matched_marginal,17,1028844094,random_forest,b3_logsig,54,max_depth=10,0.4234958736802681,0.3828848077050963,0.3819295756282352,0.3862250050494849,0.4139792387543252,0.3145172001593837,0.4201579842015798
matched_marginal,17,1028844094,random_forest,b3_rawsig,79,max_depth=10,0.4229822584003183,0.3808836814002128,0.3807108139518245,0.3869117350030296,0.3890657439446366,0.311329525833444,0.4422557744225577
matched_marginal,17,1028844094,random_forest,logsig,14,max_depth=10,0.4261981822206066,0.3831146306589221,0.3789129638069211,0.3900222177337911,0.434878892733564,0.2558108646566609,0.4586541345865413
matched_marginal,17,1028844094,random_forest,rawsig,39,max_depth=10,0.4196059261248187,0.3802727565910443,0.3753986207964679,0.403191274490002,0.2563321799307958,0.2899455438969319,0.5945405459454055
matched_marginal,17,1028844094,random_forest,logsig_shuffled,14,max_depth=10,0.3989281336446972,0.3431303870565661,0.3306463179259279,0.3710765501918804,0.2337716262975778,0.1860804887767299,0.6095390460953904
matched_marginal,17,1028844094,random_forest,rawsig_shuffled,39,max_depth=6,0.4068734782016199,0.3431128204272128,0.322381488915214,0.3769743486164411,0.2099653979238754,0.1535396466994288,0.6658334166583342
matched_marginal,17,1028844094,random_forest,statistics_logsig_shuffled,25,max_depth=10,0.4132622606114627,0.3728446199999934,0.3718770405506783,0.3747121793577055,0.3900346020761245,0.3348386239872493,0.3936606339366063
matched_marginal,17,1028844094,random_forest,statistics_rawsig_shuffled,50,max_depth=10,0.4195567134310224,0.3671100265049001,0.367368565448237,0.3722076348212482,0.3500346020761246,0.3352370832779918,0.4160583941605839
matched_marginal,17,1028844094,random_forest,b3_logsig_shuffled,54,max_depth=6,0.4169030423599242,0.3696734898442169,0.3700638736715747,0.3762068269036558,0.3652595155709343,0.3092044096161508,0.4345565443455654
matched_marginal,17,1028844094,random_forest,b3_rawsig_shuffled,79,max_depth=10,0.4160954035998003,0.3722244267847685,0.3719183236362713,0.377257119773783,0.3879584775086505,0.3041572586000797,0.4245575442455754
matched_marginal,17,1028844094,logistic,hmm,3,C=0.01,0.35638678012319774,0.31193464683693817,0.25636959488491523,0.355362553019592,0.1728719723183391,0.033204940895205204,0.7297270272972702
matched_marginal,17,1028844094,logistic,statistics,11,C=0.01,0.4078282728921122,0.3643941776524391,0.3565700155009634,0.3736618864875782,0.428235294117647,0.1998937441891353,0.4650534946505349
matched_marginal,17,1028844094,logistic,statistics_logsig,25,C=0.1,0.4354301808222519,0.3866875322727786,0.3800369867438085,0.3949505150474651,0.4510726643598616,0.2316376676849515,0.4773522647735226
matched_marginal,17,1028844094,logistic,statistics_rawsig,50,C=1.0,0.4588412713290663,0.4162096412626836,0.4128956068437349,0.4259745505958392,0.4499653979238754,0.2805153406826935,0.5181481851814819
matched_marginal,17,1028844094,logistic,b3,40,C=1.0,0.4024120264998823,0.349001652945836,0.3461210575161339,0.3560088870935164,0.3854671280276817,0.2378801965732501,0.4236576342365763
matched_marginal,17,1028844094,logistic,b3_logsig,54,C=1.0,0.422213584340297,0.3604744808997378,0.3584291001884719,0.3675621086649162,0.3849134948096885,0.2620533935449595,0.4344565543445655
matched_marginal,17,1028844094,logistic,b3_rawsig,79,C=1.0,0.4484249371734619,0.3896946036042205,0.3871576230928031,0.3971722884265805,0.4228373702422145,0.2775933058839155,0.4686531346865313
matched_marginal,17,1028844094,logistic,logsig,14,C=0.01,0.416217058478272,0.37253787913832,0.3590686968456943,0.3744294082003636,0.5114186851211072,0.1976358082082613,0.4085591440855914
matched_marginal,17,1028844094,logistic,rawsig,39,C=1.0,0.4557612303487839,0.4131451789174876,0.4077797450587717,0.4252878206422945,0.4530103806228374,0.2467791207331651,0.5396460353964604
matched_marginal,17,1028844094,logistic,logsig_shuffled,14,C=1.0,0.3448834968316219,0.3157845405493893,0.3029266581236553,0.3228842658048879,0.4083044982698962,0.14078894939567,0.3982601739826017
matched_marginal,17,1028844094,logistic,rawsig_shuffled,39,C=1.0,0.404072871824584,0.3582519331445726,0.3476377250562805,0.3833165017168249,0.2906574394463668,0.1831584539779519,0.6009399060093991
matched_marginal,17,1028844094,logistic,statistics_logsig_shuffled,25,C=0.01,0.4067000882679998,0.3700549221367942,0.3620227609280388,0.3791557261159362,0.4372318339100346,0.2034798778058175,0.4694530546945305
matched_marginal,17,1028844094,logistic,statistics_rawsig_shuffled,50,C=1.0,0.4257153435980877,0.3784245465889821,0.3747804692365784,0.3896990506968289,0.4005536332179931,0.2406694116084473,0.4940505949405059
matched_marginal,17,1028844094,logistic,b3_logsig_shuffled,54,C=0.01,0.4022359719314284,0.3516459721340692,0.3481025539482089,0.3579074934356696,0.3980622837370242,0.2368176384646035,0.4200579942005799
matched_marginal,17,1028844094,logistic,b3_rawsig_shuffled,79,C=1.0,0.4192529387853843,0.3667622828912583,0.3636719922758565,0.3747121793577055,0.4040138408304498,0.245318103333776,0.450954904509549
matched_marginal,17,1028844094,gbm,hmm,3,max_leaf_nodes=7,0.364933295387665,0.3315091054389531,0.32509254704393914,0.35225207028883054,0.26006920415224916,0.2040111568601408,0.5304469553044695
matched_marginal,17,1028844094,gbm,statistics,11,max_leaf_nodes=7,0.4141893605940407,0.3691621174137188,0.368391539049297,0.3725711977378307,0.3802076124567474,0.3226192057378138,0.4046595340465953
matched_marginal,17,1028844094,gbm,statistics_logsig,25,max_leaf_nodes=15,0.4285400026728072,0.3700766634673227,0.3679580370306287,0.3724904059785902,0.4124567474048443,0.2983131890025235,0.3994600539946005
matched_marginal,17,1028844094,gbm,statistics_rawsig,50,max_leaf_nodes=7,0.4344441514530788,0.3813610846295583,0.3808705604401131,0.3889315289840436,0.3828373702422145,0.303891619072918,0.4573542645735426
matched_marginal,17,1028844094,gbm,b3,40,max_leaf_nodes=7,0.4115987952562481,0.3681166582056169,0.3664085929538476,0.370874570793779,0.4016608996539792,0.3028290609642715,0.3998600139986001
matched_marginal,17,1028844094,gbm,b3_logsig,54,max_leaf_nodes=7,0.4177769414722685,0.374443376176617,0.3728001144830781,0.377539890931125,0.4053979238754325,0.3086731305618276,0.4092590740925907
matched_marginal,17,1028844094,gbm,b3_rawsig,79,max_leaf_nodes=7,0.4183883950796032,0.3738289367442102,0.3723809074644177,0.3781054332458089,0.4006920415224913,0.3008367645105592,0.41995800419958
matched_marginal,17,1028844094,gbm,logsig,14,max_leaf_nodes=7,0.4343943142847091,0.3882370002407153,0.3867267631412598,0.3974146637043022,0.3980622837370242,0.2852968521716031,0.4813518648135186
matched_marginal,17,1028844094,gbm,rawsig,39,max_leaf_nodes=15,0.4332195402206665,0.3899997066356873,0.3894343083402834,0.3992324782872147,0.3858823529411764,0.3021649621463674,0.481951804819518
matched_marginal,17,1028844094,gbm,logsig_shuffled,14,max_leaf_nodes=7,0.3954287830186633,0.3499990719622365,0.3445647636889077,0.3722076348212482,0.2422145328719723,0.2486385974232965,0.5591440855914409
matched_marginal,17,1028844094,gbm,rawsig_shuffled,39,max_leaf_nodes=7,0.3957282421516721,0.3457425820862789,0.339802864197934,0.3683700262573217,0.2376470588235294,0.2405365918448665,0.559044095590441
matched_marginal,17,1028844094,gbm,statistics_logsig_shuffled,25,max_leaf_nodes=7,0.4181655381249404,0.3719334731888259,0.3708481250011775,0.3757220763482125,0.3937716262975778,0.3094700491433125,0.4125587441255874
matched_marginal,17,1028844094,gbm,statistics_rawsig_shuffled,50,max_leaf_nodes=7,0.4165790638330941,0.3715526577616826,0.3710079640217123,0.3764088063017572,0.3778546712802768,0.3158453977951919,0.420957904209579
matched_marginal,17,1028844094,gbm,b3_logsig_shuffled,54,max_leaf_nodes=7,0.4115987952562481,0.3681166582056169,0.3664085929538476,0.370874570793779,0.4016608996539792,0.3028290609642715,0.3998600139986001
matched_marginal,17,1028844094,gbm,b3_rawsig_shuffled,79,max_leaf_nodes=7,0.4119426944066481,0.371669715245533,0.3700455462188987,0.3746717834780852,0.403598615916955,0.3057510957630495,0.4056594340565943
matched_marginal,18,2564267586,random_forest,hmm,3,max_depth=6,0.3561366200991974,0.37182329612935555,0.36514963793874844,0.39341547162189455,0.35982736917820535,0.23853795211411105,0.5171045670957503
matched_marginal,18,2564267586,random_forest,statistics,11,max_depth=4,0.3993845803606765,0.3851926224499737,0.3631281901818632,0.3939810139365785,0.4781514116166157,0.1688741721854304,0.5085522835478752
matched_marginal,18,2564267586,random_forest,statistics_logsig,25,max_depth=4,0.4036378044244382,0.390116610125695,0.376089277407636,0.4069076954150676,0.4346340586225499,0.1972745797249108,0.5384411920296244
matched_marginal,18,2564267586,random_forest,statistics_rawsig,50,max_depth=6,0.4101839143351496,0.3934172835692864,0.3856297821288006,0.4143001413855787,0.4006473655817299,0.2333163525216505,0.546288132604479
matched_marginal,18,2564267586,random_forest,b3,40,max_depth=4,0.4079498893529924,0.3976181013987253,0.3892588855572987,0.4279135528176126,0.3806869268117245,0.2107743250127356,0.6013930523717157
matched_marginal,18,2564267586,random_forest,b3_logsig,54,max_depth=10,0.4092626714469551,0.4105511598489304,0.3970402577597472,0.4173702282367199,0.4875022477971588,0.2347172694854814,0.5094339622641509
matched_marginal,18,2564267586,random_forest,b3_rawsig,79,max_depth=10,0.4132842931328191,0.4065923237972313,0.3940144278984133,0.4171278529589982,0.4691602229814781,0.228222109016811,0.522394639393405
matched_marginal,18,2564267586,random_forest,logsig,14,max_depth=10,0.4112390372618209,0.3891345973019551,0.3726319540828824,0.392324782872147,0.4786908829347239,0.2181609780947529,0.4705519308763886
matched_marginal,18,2564267586,random_forest,rawsig,39,max_depth=10,0.4101157880598455,0.4007925421996641,0.3857027406512959,0.4075136336093718,0.4736558172990469,0.2324248599083036,0.4962969493916417
matched_marginal,18,2564267586,random_forest,logsig_shuffled,14,max_depth=10,0.4003568575136769,0.391892412761325,0.3817260955154696,0.4381337103615431,0.3199064916381945,0.1831380539989811,0.6726326926467995
matched_marginal,18,2564267586,random_forest,rawsig_shuffled,39,max_depth=10,0.4057817743828287,0.3948710858014834,0.387339532748967,0.4322359119369824,0.3472397050890127,0.2087366276107998,0.6286369247046376
matched_marginal,18,2564267586,random_forest,statistics_logsig_shuffled,25,max_depth=4,0.4028162828395385,0.3882487657554479,0.3742059974941174,0.4041607756008887,0.4346340586225499,0.1985481406011207,0.5315640980426732
matched_marginal,18,2564267586,random_forest,statistics_rawsig_shuffled,50,max_depth=4,0.4056779209756631,0.3768696386850112,0.3690832116706281,0.4082407594425368,0.3474195288617155,0.2031329597554763,0.5800564274378417
matched_marginal,18,2564267586,random_forest,b3_logsig_shuffled,54,max_depth=10,0.4084518990621014,0.4096622562853301,0.397459099291573,0.4174106241163401,0.4777917640712102,0.2418492103922567,0.5093457943925234
matched_marginal,18,2564267586,random_forest,b3_rawsig_shuffled,79,max_depth=10,0.4107559926463418,0.4063469013817776,0.3938861181559965,0.4151484548576045,0.4731163459809386,0.2333163525216505,0.5126080056427438
matched_marginal,18,2564267586,logistic,hmm,3,C=1.0,0.3370608364287369,0.3179775087492123,0.2712496167156732,0.3937386386588568,0.16184139543247616,0.03922567498726439,0.7528654558278963
matched_marginal,18,2564267586,logistic,statistics,11,C=1.0,0.3955858052227592,0.4134193834639195,0.3841933681557341,0.4006867299535447,0.5882035605106996,0.2142129393785023,0.4378416505025568
matched_marginal,18,2564267586,logistic,statistics_logsig,25,C=1.0,0.4097883480240016,0.428811266593684,0.4034388782053557,0.4150676630983639,0.5889228556015105,0.261079979623026,0.4364309645565156
matched_marginal,18,2564267586,logistic,statistics_rawsig,50,C=1.0,0.4368627798823936,0.4458037313069303,0.4233356690394149,0.4365986669359725,0.5887430318288077,0.2743250127356088,0.4743431493563745
matched_marginal,18,2564267586,logistic,b3,40,C=1.0,0.3857337397359915,0.4039632360975453,0.3871250902620949,0.3980609977782266,0.5124977522028412,0.2660468670402445,0.4333450890495503
matched_marginal,18,2564267586,logistic,b3_logsig,54,C=1.0,0.4031343665787626,0.4174172751435246,0.4013767112292706,0.410300949303171,0.520589821974465,0.2969943963321447,0.434667607123964
matched_marginal,18,2564267586,logistic,b3_rawsig,79,C=1.0,0.4295377974154297,0.4411114774358502,0.4230252807266249,0.4340133306402747,0.5599712281963676,0.2945746306673459,0.468788573443837
matched_marginal,18,2564267586,logistic,logsig,14,C=1.0,0.3618507274723134,0.3498165164716693,0.3374078309601747,0.3516865279741466,0.4162920338068692,0.2264391237901171,0.4067183918180215
matched_marginal,18,2564267586,logistic,rawsig,39,C=0.01,0.447813085046062,0.4469143482001637,0.4280014481918022,0.4524338517471218,0.5479230354252832,0.2404482934284258,0.5523717157467819
matched_marginal,18,2564267586,logistic,logsig_shuffled,14,C=1.0,0.3321854970804788,0.3122606373394275,0.3078355409788997,0.3422338921430014,0.2567883474195289,0.1915435557819663,0.4884500088167872
matched_marginal,18,2564267586,logistic,rawsig_shuffled,39,C=0.1,0.4170474544804481,0.4097869384472289,0.3905891852866337,0.4430620076752171,0.4198885092609243,0.1570300560366785,0.652442250044084
matched_marginal,18,2564267586,logistic,statistics_logsig_shuffled,25,C=1.0,0.3965491321985321,0.4156138849257165,0.385774096426443,0.4028681074530398,0.5937780974644848,0.2109016811003566,0.4421618762123082
matched_marginal,18,2564267586,logistic,statistics_rawsig_shuffled,50,C=1.0,0.4179194005024675,0.4142080979261611,0.3910919517982876,0.4113512421732983,0.5475633878798777,0.2135761589403973,0.4814847469582084
matched_marginal,18,2564267586,logistic,b3_logsig_shuffled,54,C=1.0,0.3855557321243835,0.4044881125924017,0.3880785639501659,0.3987477277317713,0.5103398669304082,0.2698675496688741,0.4332569211779227
matched_marginal,18,2564267586,logistic,b3_rawsig_shuffled,79,C=1.0,0.4057965998939163,0.4117498851446095,0.3969998229476914,0.4103413451827913,0.5062039201582449,0.2652827305145186,0.4637630047610651
matched_marginal,18,2564267586,gbm,hmm,3,max_leaf_nodes=7,0.357071180212053,0.3659285477878738,0.35998896040025247,0.38509392042011714,0.35569142240604207,0.2469434538970963,0.49515076706048317
matched_marginal,18,2564267586,gbm,statistics,11,max_leaf_nodes=7,0.3815753927926965,0.3993441999283746,0.3885963511761219,0.3948697232882246,0.4626865671641791,0.326158940397351,0.4091870922235937
matched_marginal,18,2564267586,gbm,statistics_logsig,25,max_leaf_nodes=15,0.3949719909208671,0.4050582247972749,0.3902738476194913,0.3961623914360735,0.4984714979320266,0.3134233316352521,0.4032798448245459
matched_marginal,18,2564267586,gbm,statistics_rawsig,50,max_leaf_nodes=7,0.4033592500658489,0.3984621398571202,0.3857457657971924,0.3949101191678448,0.480848768207157,0.2871879775853286,0.427349673778875
matched_marginal,18,2564267586,gbm,b3,40,max_leaf_nodes=7,0.4027573680462007,0.408140700478393,0.3959219103612643,0.4069480912946879,0.4853443625247258,0.2887162506367804,0.450361488273673
matched_marginal,18,2564267586,gbm,b3_logsig,54,max_leaf_nodes=7,0.406450212747484,0.4130637415511459,0.3991157482837361,0.4096950111088669,0.5033267397950009,0.2874426897605706,0.4484217950978663
matched_marginal,18,2564267586,gbm,b3_rawsig,79,max_leaf_nodes=7,0.4101575195712622,0.4070336135720279,0.3949526852151304,0.4043627549989901,0.482287358388779,0.3013245033112582,0.4374889790160465
matched_marginal,18,2564267586,gbm,logsig,14,max_leaf_nodes=7,0.4156136330703581,0.4111644330825157,0.392504423590859,0.410300949303171,0.5202301744290595,0.2366276107997962,0.4766355140186916
matched_marginal,18,2564267586,gbm,rawsig,39,max_leaf_nodes=15,0.4240468908408276,0.4155996038320804,0.4015415817659678,0.412603514441527,0.4970329077504046,0.3019612837493632,0.4478046199964733
matched_marginal,18,2564267586,gbm,logsig_shuffled,14,max_leaf_nodes=7,0.3978626188735611,0.3935854331894686,0.3830479042489974,0.4208442738840638,0.3918360007192951,0.2031329597554763,0.5857873390936342
matched_marginal,18,2564267586,gbm,rawsig_shuffled,39,max_leaf_nodes=7,0.4039765430315801,0.3963330792289585,0.3907941235804505,0.4291658250858412,0.3551519510879338,0.2316607233825776,0.602186563216364
matched_marginal,18,2564267586,gbm,statistics_logsig_shuffled,25,max_leaf_nodes=15,0.3845973642976323,0.395497459257975,0.3819977581221725,0.3874772773177136,0.4813882395252652,0.3101120733571064,0.3949920648915535
matched_marginal,18,2564267586,gbm,statistics_rawsig_shuffled,50,max_leaf_nodes=15,0.3881970935732099,0.4015135464943645,0.3873729112399641,0.3938598262977176,0.4946951987052688,0.3014518593988792,0.4083935813789455
matched_marginal,18,2564267586,gbm,b3_logsig_shuffled,54,max_leaf_nodes=7,0.4035867741669981,0.408593518923076,0.3965978539839866,0.4075540294889921,0.4826470059341845,0.293301069791136,0.4498324810439076
matched_marginal,18,2564267586,gbm,b3_rawsig_shuffled,79,max_leaf_nodes=15,0.4032501095241738,0.3978350206384053,0.3845455478845765,0.3942233892143001,0.4777917640712102,0.2910086602139582,0.4247046376300476
matched_marginal,19,2488441197,random_forest,hmm,3,max_depth=10,0.33230050991578564,0.3299837929861736,0.3177989715741421,0.34231468390224196,0.26384909264565426,0.2519582245430809,0.47414406176978563
matched_marginal,19,2488441197,random_forest,statistics,11,max_depth=10,0.3751594535527405,0.3997854487752981,0.3841684411772066,0.4051706725913956,0.3624641833810888,0.3115441999254009,0.5253479630194047
matched_marginal,19,2488441197,random_forest,statistics_logsig,25,max_depth=10,0.3938639674919446,0.4071915022243343,0.3921216868258736,0.4134114320339325,0.3667621776504298,0.3224543080939948,0.5323580209285786
matched_marginal,19,2488441197,random_forest,statistics_rawsig,50,max_depth=10,0.3964265293528603,0.4031683026400407,0.393569449822031,0.4194708139769743,0.3235434574976122,0.3501491980604252,0.5358122523620847
matched_marginal,19,2488441197,random_forest,b3,40,max_depth=10,0.3841725607861432,0.3954039666266365,0.3819375251288311,0.4078368006463341,0.3278414517669532,0.3110779559865722,0.5472924921263842
matched_marginal,19,2488441197,random_forest,b3_logsig,54,max_depth=10,0.3867606507699805,0.3935010671237385,0.3795621139458559,0.4077560088870935,0.3170964660936007,0.3036180529653114,0.5597886823123032
matched_marginal,19,2488441197,random_forest,b3_rawsig,79,max_depth=10,0.391803545377402,0.3982193397976035,0.3854362629260507,0.4161179559684912,0.3068290353390639,0.3145281611339052,0.5733008229198415
matched_marginal,19,2488441197,random_forest,logsig,14,max_depth=10,0.3923626367314063,0.3864452081519802,0.3851915940837124,0.4177337911533023,0.2581184336198663,0.4419060052219321,0.459311185614142
matched_marginal,19,2488441197,random_forest,rawsig,39,max_depth=10,0.3896581760073568,0.3810878762699873,0.3769787140188135,0.4083215512017774,0.2617000955109838,0.3799888101454681,0.5015747231535101
matched_marginal,19,2488441197,random_forest,logsig_shuffled,14,max_depth=10,0.360307490615787,0.3567449074324802,0.3504054740432196,0.3882447990304989,0.2134670487106017,0.3221745617306975,0.5345931118561414
matched_marginal,19,2488441197,random_forest,rawsig_shuffled,39,max_depth=10,0.3632760986840066,0.3536336081499407,0.349620570596543,0.387396485558473,0.2048710601719197,0.3474449832152182,0.5085847810626841
matched_marginal,19,2488441197,random_forest,statistics_logsig_shuffled,25,max_depth=10,0.3847180343209224,0.4023028572612399,0.3870313108656313,0.4087659058776005,0.3605539637058261,0.3159268929503916,0.5304277151275018
matched_marginal,19,2488441197,random_forest,statistics_rawsig_shuffled,50,max_depth=10,0.383922614678482,0.4000504414724257,0.3899933142223507,0.4175722076348212,0.3144699140401146,0.3430622901902275,0.5426191201869349
matched_marginal,19,2488441197,random_forest,b3_logsig_shuffled,54,max_depth=10,0.3859232570733044,0.3939694119700511,0.378779127988325,0.4065845283781054,0.3233046800382044,0.2948526669153301,0.563750888956619
matched_marginal,19,2488441197,random_forest,b3_rawsig_shuffled,79,max_depth=10,0.3843931379289286,0.3969830346584566,0.3834565743651237,0.4124823268026661,0.3156638013371537,0.3105184632599776,0.5647668393782384
matched_marginal,19,2488441197,logistic,hmm,3,C=0.01,0.3308027170974052,0.30731830876616123,0.24128571202825885,0.2933144819228439,0.3264087870105062,0.03636702722864603,0.5591791120593315
matched_marginal,19,2488441197,logistic,statistics,11,C=0.01,0.3775666306362906,0.3552210545758692,0.3433062297041089,0.3574631387598465,0.3402578796561604,0.3221745617306975,0.4032307223407497
matched_marginal,19,2488441197,logistic,statistics_logsig,25,C=0.01,0.4071847128573149,0.3803556981901945,0.3631604672966818,0.3745505958392244,0.3985195797516714,0.3338306602014174,0.4087168546174947
matched_marginal,19,2488441197,logistic,statistics_rawsig,50,C=0.1,0.433447520473285,0.4316372803372676,0.4151828884135655,0.4318723490203999,0.4192932187201528,0.3590078328981723,0.5166107893934776
matched_marginal,19,2488441197,logistic,b3,40,C=0.01,0.3843089402271515,0.3710947857836926,0.3616063485726147,0.3802060189860634,0.3268863419293218,0.3433420365535248,0.4430559788682312
matched_marginal,19,2488441197,logistic,b3_logsig,54,C=0.01,0.4057319579136376,0.3794603377245508,0.3673423743109771,0.383195314077964,0.3581661891117478,0.3477247295785154,0.4324900944833892
matched_marginal,19,2488441197,logistic,b3_rawsig,79,C=0.1,0.4328678355488213,0.413454902326113,0.4000213867238983,0.4183801252272268,0.3832378223495702,0.3578888474449832,0.4992380371837854
matched_marginal,19,2488441197,logistic,logsig,14,C=0.01,0.398579016723446,0.4045942982885543,0.3431576173287037,0.3476469400121187,0.620821394460363,0.1923722491607609,0.4005892512445392
matched_marginal,19,2488441197,logistic,rawsig,39,C=0.1,0.4380444252168947,0.4327339615630274,0.4179752259470088,0.4363966875378711,0.4066380133715377,0.3681462140992167,0.5234176572183278
matched_marginal,19,2488441197,logistic,logsig_shuffled,14,C=0.01,0.3500781688231351,0.3131896375489478,0.2908772847324217,0.2972732781256312,0.3677172874880611,0.2159641924654979,0.3558874326932845
matched_marginal,19,2488441197,logistic,rawsig_shuffled,39,C=0.01,0.3734905550473004,0.3594368762872353,0.3584868757602932,0.3924055746313876,0.221585482330468,0.4009697873927639,0.455755359138474
matched_marginal,19,2488441197,logistic,statistics_logsig_shuffled,25,C=0.01,0.3774178856582439,0.3621856788123067,0.3497727470328186,0.3648151888507372,0.3440783190066858,0.3198433420365535,0.4226353753936808
matched_marginal,19,2488441197,logistic,statistics_rawsig_shuffled,50,C=0.01,0.3936118417773674,0.3842923542608805,0.3764575279358515,0.4008079175924056,0.3070678127984718,0.3526669153301007,0.4931423346540688
matched_marginal,19,2488441197,logistic,b3_logsig_shuffled,54,C=0.01,0.3839578275942483,0.3699795742131644,0.3609348158013645,0.3800444354675823,0.3218720152817574,0.3439947780678851,0.4440719292898507
matched_marginal,19,2488441197,logistic,b3_rawsig_shuffled,79,C=0.01,0.4019280832116987,0.3847804860405165,0.3765252908004721,0.400727125833165,0.3096943648519579,0.3508951883625513,0.4937519049070405
matched_marginal,19,2488441197,gbm,hmm,3,max_leaf_nodes=31,0.3390505760020414,0.3335486575344033,0.3269238856002817,0.344778832559079,0.2851002865329513,0.3381201044386423,0.3774255816316164
matched_marginal,19,2488441197,gbm,statistics,11,max_leaf_nodes=7,0.3801915194495726,0.3961844037150415,0.3798168593486844,0.397535851343163,0.3784622731614135,0.320402834763148,0.4896881032205628
matched_marginal,19,2488441197,gbm,statistics_logsig,25,max_leaf_nodes=15,0.3989133548322646,0.407307809418871,0.3863451192161576,0.4025853362956978,0.4116523400191021,0.3024990675121223,0.5077720207253886
matched_marginal,19,2488441197,gbm,statistics_rawsig,50,max_leaf_nodes=31,0.3975921883153752,0.4031889009291816,0.3768904911699386,0.394061805695819,0.4214422158548233,0.2638940693770981,0.5242304175556233
matched_marginal,19,2488441197,gbm,b3,40,max_leaf_nodes=15,0.3847319013866367,0.3885861960196715,0.371008155138449,0.3900626136134114,0.3679560649474689,0.2976501305483028,0.500152392563243
matched_marginal,19,2488441197,gbm,b3_logsig,54,max_leaf_nodes=7,0.391792859996733,0.3993750976239463,0.3840743675796401,0.4015754393051908,0.3798949379178605,0.3361618798955613,0.4820684750584171
matched_marginal,19,2488441197,gbm,b3_rawsig,79,max_leaf_nodes=7,0.3943412160018423,0.4017447769175603,0.3863318011878063,0.4051302767117754,0.3758357211079274,0.3305669526296158,0.4988316570151376
matched_marginal,19,2488441197,gbm,logsig,14,max_leaf_nodes=15,0.4092115845366552,0.4068093696499097,0.3919062292024786,0.4070692789335488,0.3978032473734479,0.3563036180529653,0.466321243523316
matched_marginal,19,2488441197,gbm,rawsig,39,max_leaf_nodes=15,0.4031536289601713,0.4074132231782306,0.3921780953311869,0.4077964047667138,0.3961318051575931,0.3457665050354345,0.4803413593416641
matched_marginal,19,2488441197,gbm,logsig_shuffled,14,max_leaf_nodes=7,0.3650412304618216,0.3567732388874791,0.3522352284863346,0.3864269844475863,0.2249283667621776,0.3437150317045878,0.501676318195672
matched_marginal,19,2488441197,gbm,rawsig_shuffled,39,max_leaf_nodes=7,0.363596763080664,0.3576257575690271,0.3533266516795209,0.3890527166229044,0.2184813753581662,0.3475382320029839,0.5068576653459311
matched_marginal,19,2488441197,gbm,statistics_logsig_shuffled,25,max_leaf_nodes=15,0.3808961216616076,0.3975817220718601,0.379541977056396,0.3974550595839224,0.3837153772683858,0.3050167847817978,0.5040130041653967
matched_marginal,19,2488441197,gbm,statistics_rawsig_shuffled,50,max_leaf_nodes=15,0.3835384452354158,0.3879236875616217,0.369003461270293,0.3862250050494849,0.3801337153772683,0.2901902275270421,0.4934471197805547
matched_marginal,19,2488441197,gbm,b3_logsig_shuffled,54,max_leaf_nodes=31,0.3862871938763903,0.3860819436969468,0.3610968534030309,0.3810947283377096,0.3861031518624642,0.2460835509138381,0.5260591283145383
matched_marginal,19,2488441197,gbm,b3_rawsig_shuffled,79,max_leaf_nodes=7,0.3878524996587599,0.3942399969771211,0.379261269999345,0.3977378307412644,0.3681948424068768,0.3253450205147333,0.4891801280097531
matched_marginal,20,3516199087,random_forest,hmm,3,max_depth=4,0.3656627403211963,0.36546624074229156,0.3192565767989612,0.3997576247222783,0.4129217415651687,0.05392809587217044,0.6295488847895355
matched_marginal,20,3516199087,random_forest,statistics,11,max_depth=4,0.3982283933951967,0.380032249086001,0.3764025151909719,0.4965461522924662,0.6787764244715105,0.1069684864624944,0.3543518363239979
matched_marginal,20,3516199087,random_forest,statistics_logsig,25,max_depth=10,0.4157924475120136,0.4138069521674262,0.4095031027118183,0.4787315693799232,0.5751084978300434,0.2321349312028406,0.4341774274693946
matched_marginal,20,3516199087,random_forest,statistics_rawsig,50,max_depth=6,0.4289815049269654,0.4144085831778383,0.4019891022343949,0.4647545950313068,0.5300293994120118,0.219485130936529,0.493711219184974
matched_marginal,20,3516199087,random_forest,b3,40,max_depth=6,0.430925230035584,0.3901760178580959,0.3826907626290547,0.4477883255907897,0.5276494470110598,0.1966267199289836,0.4462518866342445
matched_marginal,20,3516199087,random_forest,b3_logsig,54,max_depth=6,0.432544765626887,0.3979314014872663,0.3878521793535135,0.4515047465158553,0.5221895562088759,0.19751442521083,0.4740902230420929
matched_marginal,20,3516199087,random_forest,b3_rawsig,79,max_depth=6,0.4387301256883417,0.3992326379371002,0.385145139135227,0.4380933144819228,0.4846703065938681,0.2270306258322237,0.4859969813852088
matched_marginal,20,3516199087,random_forest,logsig,14,max_depth=10,0.4326285564453577,0.4249363195675724,0.4230940690632918,0.5037770147444961,0.627117457650847,0.2403462050599201,0.4073452959919503
matched_marginal,20,3516199087,random_forest,rawsig,39,max_depth=6,0.4273799916798864,0.4182515908039901,0.3897068908068148,0.4223389214300141,0.4078118437631247,0.2891699955614736,0.5577729330873721
matched_marginal,20,3516199087,random_forest,logsig_shuffled,14,max_depth=10,0.4103605909636487,0.3944118298094191,0.3638176309752512,0.3963643708341749,0.374142517149657,0.245450510430537,0.5636424618480631
matched_marginal,20,3516199087,random_forest,rawsig_shuffled,39,max_depth=6,0.4159126855605018,0.392257125164477,0.3649555715098789,0.4062613613411432,0.4020719585608288,0.2103861517976032,0.5643132651349991
matched_marginal,20,3516199087,random_forest,statistics_logsig_shuffled,25,max_depth=4,0.4040650913298977,0.393059956001625,0.3834777091266115,0.4809937386386588,0.6068878622427551,0.1205059920106524,0.4517860137514674
matched_marginal,20,3516199087,random_forest,statistics_rawsig_shuffled,50,max_depth=6,0.4172733233408788,0.3994432027548637,0.3835846566559909,0.4427388406382549,0.492790144197116,0.1970705725699068,0.5084688914975684
matched_marginal,20,3516199087,random_forest,b3_logsig_shuffled,54,max_depth=6,0.4308006139448503,0.3898847840901034,0.3774531812777216,0.4353059987881236,0.491460170796584,0.1984021304926764,0.4797920509810498
matched_marginal,20,3516199087,random_forest,b3_rawsig_shuffled,79,max_depth=6,0.4349056490406131,0.3942462226507486,0.3801573463154752,0.4332054130478691,0.4791404171916562,0.217265867731913,0.4863323830286768
matched_marginal,20,3516199087,logistic,hmm,3,C=0.1,0.3533039408808191,0.35178454735940495,0.3167230161316618,0.41947081397697433,0.49762004759904804,0.034842432312472256,0.5228911621666946
matched_marginal,20,3516199087,logistic,statistics,11,C=0.01,0.3953439641035219,0.3959596263038583,0.3906091566412466,0.4853160977580287,0.6183676326473471,0.1482467820683533,0.4212644641958745
matched_marginal,20,3516199087,logistic,statistics_logsig,25,C=0.1,0.4256481050002297,0.3929912516159226,0.3898666370992452,0.4802666128054938,0.6121377572448551,0.1620062139369729,0.4048297836659399
matched_marginal,20,3516199087,logistic,statistics_rawsig,50,C=1.0,0.4526582474243431,0.4405391880608671,0.4344243934544865,0.5022015754393052,0.5942181156376872,0.2707501109631602,0.4566493375817541
matched_marginal,20,3516199087,logistic,b3,40,C=0.1,0.4126824798847491,0.3775064749968916,0.3753065076184838,0.438699252676227,0.5311493770124598,0.2154904571682201,0.3858795908099949
matched_marginal,20,3516199087,logistic,b3_logsig,54,C=0.1,0.4313969774785942,0.384576115402463,0.3822547898741715,0.4469804079983842,0.5417891642167156,0.2223701731025299,0.3895690088881435
matched_marginal,20,3516199087,logistic,b3_rawsig,79,C=1.0,0.4655393370016966,0.4297338181342829,0.4225650969122378,0.4804281963239749,0.5571888562228755,0.2964935641367066,0.4355190340432668
matched_marginal,20,3516199087,logistic,logsig,14,C=1.0,0.4046397053696831,0.4099620141848779,0.4105527642365003,0.5122197535851343,0.6748565028699426,0.1857523302263648,0.3692772094583263
matched_marginal,20,3516199087,logistic,rawsig,39,C=1.0,0.4587115735663098,0.4567772865866382,0.4496186361134167,0.5190466572409614,0.6128377432451351,0.2902796271637816,0.4672144893509978
matched_marginal,20,3516199087,logistic,logsig_shuffled,14,C=1.0,0.3416628199831066,0.3582092035158731,0.344486610079675,0.4765501918804282,0.6584768304633908,0.0628051486906347,0.3533456313935938
matched_marginal,20,3516199087,logistic,rawsig_shuffled,39,C=1.0,0.421011255990085,0.4038878328569439,0.3834773027569283,0.4273480105029287,0.4455410891782164,0.243231247225921,0.5228911621666946
matched_marginal,20,3516199087,logistic,statistics_logsig_shuffled,25,C=0.1,0.3975112509348773,0.3891085249770167,0.3830613964827254,0.4763482124823268,0.6051378972420551,0.1409232134931203,0.4212644641958745
matched_marginal,20,3516199087,logistic,statistics_rawsig_shuffled,50,C=1.0,0.4226830018381746,0.4121703722367866,0.4062757284881628,0.474207230862452,0.5658686826263475,0.2361296049711495,0.4345128291128626
matched_marginal,20,3516199087,logistic,b3_logsig_shuffled,54,C=0.01,0.4127014602854459,0.3813645473622012,0.3795488048662189,0.4443950717026863,0.5397592048159037,0.2152685308477585,0.3890659064229415
matched_marginal,20,3516199087,logistic,b3_rawsig_shuffled,79,C=1.0,0.4390983297412155,0.3958434564286578,0.3910229664891582,0.4511411835992728,0.5332493350132997,0.2412339103417665,0.4130471239309072
matched_marginal,20,3516199087,gbm,hmm,3,max_leaf_nodes=15,0.3601207264797998,0.3708056907958673,0.3601513853210414,0.402464148656837,0.4525409491810164,0.2998224589436307,0.3600536642629549
matched_marginal,20,3516199087,gbm,statistics,11,max_leaf_nodes=7,0.3938903646789793,0.3809858731356016,0.3737330326263747,0.4220965461522925,0.4847403051938961,0.2751886373723923,0.3830286768405165
matched_marginal,20,3516199087,gbm,statistics_logsig,25,max_leaf_nodes=7,0.4212780178327267,0.4156475822964512,0.4071220751886473,0.4582508584124419,0.5195996080078399,0.2856191744340879,0.4417239644474258
matched_marginal,20,3516199087,gbm,statistics_rawsig,50,max_leaf_nodes=7,0.4192404635447873,0.4127149301018125,0.4024985095656995,0.4482326802666128,0.498670026599468,0.3002663115845539,0.4392084521214154
matched_marginal,20,3516199087,gbm,b3,40,max_leaf_nodes=7,0.4150679921481837,0.3779458111140405,0.3709255157071507,0.4150676630983639,0.4716505669886602,0.2825122059476254,0.379674660405836
matched_marginal,20,3516199087,gbm,b3_logsig,54,max_leaf_nodes=7,0.4180117519746549,0.3735287471127828,0.3681738432742844,0.4134518279135528,0.4742405151896962,0.2705281846426986,0.3758175415059533
matched_marginal,20,3516199087,gbm,b3_rawsig,79,max_leaf_nodes=7,0.4235042219764902,0.3777505823882481,0.3697997090261957,0.4110280751363361,0.4612207755844883,0.2891699955614736,0.3828609760187825
matched_marginal,20,3516199087,gbm,logsig,14,max_leaf_nodes=7,0.4424257274601983,0.4379862097059483,0.4313607665432951,0.4968693193294284,0.5867982640347194,0.2876165113182423,0.4395438537648835
matched_marginal,20,3516199087,gbm,rawsig,39,max_leaf_nodes=7,0.4377563115580735,0.4331105748830011,0.4184952000922968,0.4622500504948495,0.505459890802184,0.3513093652907235,0.4425624685560959
matched_marginal,20,3516199087,gbm,logsig_shuffled,14,max_leaf_nodes=7,0.4096835806849137,0.3962022925814801,0.3735535372576851,0.4093718440719047,0.4127117457650847,0.2667554371948513,0.5091396947845045
matched_marginal,20,3516199087,gbm,rawsig_shuffled,39,max_leaf_nodes=7,0.407866081987728,0.3954231500425533,0.3707632202927268,0.4036760250454453,0.3985720285594288,0.2731913004882379,0.5145061210799933
matched_marginal,20,3516199087,gbm,statistics_logsig_shuffled,25,max_leaf_nodes=7,0.4024766732649029,0.3960637338483226,0.3860002774597897,0.4316703696222985,0.4841103177936441,0.2940523746116289,0.4100285091396948
matched_marginal,20,3516199087,gbm,statistics_rawsig_shuffled,50,max_leaf_nodes=7,0.4051653277336859,0.4014511032404396,0.3906836337015941,0.4356291658250858,0.4851602967940641,0.2989347536617843,0.4202582592654704
matched_marginal,20,3516199087,gbm,b3_logsig_shuffled,54,max_leaf_nodes=7,0.4150679921481837,0.3779458111140405,0.3709255157071507,0.4150676630983639,0.4716505669886602,0.2825122059476254,0.379674660405836
matched_marginal,20,3516199087,gbm,b3_rawsig_shuffled,79,max_leaf_nodes=7,0.412643223192866,0.3747771013697318,0.3682110101588951,0.4113916380529186,0.4667506649867002,0.2780736795383932,0.3795069595841019
matched_marginal,21,477080894,random_forest,hmm,3,max_depth=10,0.37775134607140287,0.381509828501442,0.3721372999611227,0.3793173096344173,0.3618262523779328,0.25458318920788653,0.5281200439185068
matched_marginal,21,477080894,random_forest,statistics,11,max_depth=6,0.4253207644855182,0.4332140311780222,0.4196958787083997,0.4287618662896384,0.4974001268230818,0.2437449556093623,0.5584970111016225
matched_marginal,21,477080894,random_forest,statistics_logsig,25,max_depth=6,0.4391574590892125,0.4344101265257207,0.4194470183549066,0.4296505756412846,0.5069118579581484,0.2344056266574426,0.5619128949615713
matched_marginal,21,477080894,random_forest,statistics_rawsig,50,max_depth=10,0.4360872038405443,0.4487609022543653,0.4396829090305781,0.4462936780448394,0.4232086239695624,0.3037011414735385,0.6193729413199951
matched_marginal,21,477080894,random_forest,b3,40,max_depth=6,0.4268705345954718,0.4284061931408585,0.4129338235678144,0.4240355483740658,0.4707672796448954,0.2288712095007494,0.5855800902769306
matched_marginal,21,477080894,random_forest,b3_logsig,54,max_depth=6,0.4329784811537578,0.4342011395873895,0.4171652622788518,0.4297313674005251,0.4701331642358909,0.2252968984203851,0.6071733561058924
matched_marginal,21,477080894,random_forest,b3_rawsig,79,max_depth=6,0.4351444581998132,0.44335508878713,0.4253150315104896,0.4392647949909109,0.4494610019023462,0.2346362273723048,0.645968037086739
matched_marginal,21,477080894,random_forest,logsig,14,max_depth=10,0.4318054390246836,0.4416024847847577,0.4334584902268081,0.4380529186023025,0.5047558655675333,0.2983973250317075,0.5216542637550323
matched_marginal,21,477080894,random_forest,rawsig,39,max_depth=10,0.4264404556031541,0.4402843611717874,0.4278438382421596,0.4397495455463542,0.3228915662650602,0.3355240401245243,0.6624374771257777
matched_marginal,21,477080894,random_forest,logsig_shuffled,14,max_depth=10,0.401457815862873,0.4288636029460692,0.4044653235050722,0.427105635225207,0.3006975269499048,0.2534301856335754,0.7324630962547274
matched_marginal,21,477080894,random_forest,rawsig_shuffled,39,max_depth=6,0.4096028887394894,0.4306374925560721,0.3992908537039786,0.4289638456877399,0.2726696258719087,0.2400553441715669,0.7791875076247408
matched_marginal,21,477080894,random_forest,statistics_logsig_shuffled,25,max_depth=6,0.4314557472787422,0.4438451214198357,0.4281914413044973,0.4395071702686326,0.4811667723525681,0.2427072523924824,0.6076613395144566
matched_marginal,21,477080894,random_forest,statistics_rawsig_shuffled,50,max_depth=6,0.4296221301748115,0.4487197543947037,0.4290563668450495,0.4452433851747122,0.4098922003804692,0.2424766516776202,0.6937904111260217
matched_marginal,21,477080894,random_forest,b3_logsig_shuffled,54,max_depth=4,0.4306476985658958,0.4337421402817078,0.4133827689840479,0.429125429206221,0.4607482561826252,0.211345555171221,0.6291326094912773
matched_marginal,21,477080894,random_forest,b3_rawsig_shuffled,79,max_depth=6,0.4305938649341745,0.4408991697475484,0.4229864553351156,0.4370834174914159,0.4319594166138237,0.2365963334486336,0.6541417591801879
matched_marginal,21,477080894,logistic,hmm,3,C=1.0,0.3668697701641009,0.39274688832028687,0.3808739542436775,0.39046657240961424,0.3595434369055168,0.2523924824166955,0.5663047456386483
matched_marginal,21,477080894,logistic,statistics,11,C=0.01,0.4207721032738978,0.4215438201870207,0.411287133106296,0.4170470611997576,0.5324032974001268,0.2603482070794419,0.4718799560814932
matched_marginal,21,477080894,logistic,statistics_logsig,25,C=0.01,0.4334888339793886,0.4539928839016916,0.445809537887184,0.4498081195718036,0.562714013950539,0.3076213536261962,0.4916432841283396
matched_marginal,21,477080894,logistic,statistics_rawsig,50,C=0.01,0.457673960356995,0.4830121572829149,0.4715899691905396,0.4787315693799232,0.5452124286620165,0.3011645336100542,0.6026595095766744
matched_marginal,21,477080894,logistic,b3,40,C=0.01,0.4133541240176191,0.4118263175985879,0.4088483570764078,0.4093718440719047,0.4620164870006341,0.3170759829355471,0.4563864828595828
matched_marginal,21,477080894,logistic,b3_logsig,54,C=1.0,0.4263686195295366,0.4346864245976172,0.4319044608869684,0.4321955160573622,0.4887761572606214,0.3405972558514931,0.4746858606807368
matched_marginal,21,477080894,logistic,b3_rawsig,79,C=1.0,0.4537806975654293,0.4578011829835474,0.453878372252948,0.4550595839224399,0.4996829422954977,0.342672662285253,0.5310479443698914
matched_marginal,21,477080894,logistic,logsig,14,C=0.01,0.4141062039440728,0.4190702382597351,0.4097414553372144,0.4149464754595031,0.5732403297400127,0.3056612475498674,0.3783091374893254
matched_marginal,21,477080894,logistic,rawsig,39,C=0.1,0.458193510679924,0.4801841948468333,0.4627443219301216,0.4753787113714401,0.5301204819277109,0.2630001153003574,0.6474319873124313
matched_marginal,21,477080894,logistic,logsig_shuffled,14,C=1.0,0.376628940544326,0.3868321866526401,0.3800924042594158,0.3834376893556857,0.499429296131896,0.2841000807102502,0.376967183115774
matched_marginal,21,477080894,logistic,rawsig_shuffled,39,C=1.0,0.4157312080692923,0.439451583087153,0.410043047620958,0.4357099575843264,0.3756499682942295,0.2030439294361812,0.739660851531048
matched_marginal,21,477080894,logistic,statistics_logsig_shuffled,25,C=0.01,0.4156816944737456,0.4334016339997783,0.4221809322316849,0.4287618662896384,0.5364616360177552,0.2596564049348553,0.5040868610467244
matched_marginal,21,477080894,logistic,statistics_rawsig_shuffled,50,C=0.1,0.4359511736012604,0.4551915935076181,0.4414102531391502,0.4510603918400323,0.4916930881420419,0.2642684192320996,0.6096132731487129
matched_marginal,21,477080894,logistic,b3_logsig_shuffled,54,C=0.01,0.4137981209160079,0.4125479894358917,0.4096639432147393,0.4101393657846899,0.4623969562460367,0.3199584918713248,0.4552885201903135
matched_marginal,21,477080894,logistic,b3_rawsig_shuffled,79,C=1.0,0.427152219750055,0.4401412764968069,0.4358511811004321,0.4375277721672389,0.4778693722257451,0.3289519197509512,0.5136025375137245
matched_marginal,21,477080894,gbm,hmm,3,max_leaf_nodes=7,0.3758900411113244,0.38307432432942407,0.37634844099215187,0.38048879014340536,0.4083703233988586,0.2651908220915485,0.47566182749786506
matched_marginal,21,477080894,gbm,statistics,11,max_leaf_nodes=7,0.4199973280410902,0.4210626859306368,0.4158274453609886,0.4182185417087457,0.4569435637285986,0.296667819670241,0.5095766743930706
matched_marginal,21,477080894,gbm,statistics_logsig,25,max_leaf_nodes=7,0.431864578979036,0.4350506097100812,0.4302098668979149,0.4323570995758433,0.4645529486366518,0.3143087743572005,0.5262901061363914
matched_marginal,21,477080894,gbm,statistics_rawsig,50,max_leaf_nodes=7,0.4336929584774585,0.4384986908893332,0.4346971917897808,0.4360331246212886,0.4596068484464172,0.3241093047388447,0.5317799194827376
matched_marginal,21,477080894,gbm,b3,40,max_leaf_nodes=7,0.4181985321279844,0.4183005170301045,0.4144521668441358,0.4158351848111493,0.4399492707672796,0.3042776432606941,0.5106746370623398
matched_marginal,21,477080894,gbm,b3_logsig,54,max_leaf_nodes=7,0.4210731842763959,0.4190535180292887,0.4156430117111621,0.4165623106443142,0.4479391249207355,0.308428456128214,0.5007929730389167
matched_marginal,21,477080894,gbm,b3_rawsig,79,max_leaf_nodes=7,0.4233678078203202,0.4177720372462428,0.415106123062556,0.4156736012926681,0.4308180088776157,0.3171912832929782,0.5053068195681347
matched_marginal,21,477080894,gbm,logsig,14,max_leaf_nodes=7,0.4372287090224442,0.4499363146447342,0.4429851982104602,0.447101595637245,0.4712745719720989,0.3164994811483915,0.5620348908137124
matched_marginal,21,477080894,gbm,rawsig,39,max_leaf_nodes=7,0.4364322238014406,0.4372618224122295,0.4313874108118034,0.4354675823066047,0.4142041851616994,0.3288366193935201,0.5687446626814688
matched_marginal,21,477080894,gbm,logsig_shuffled,14,max_leaf_nodes=7,0.4064839289050104,0.4309774728062313,0.4150228133196137,0.4297717632801454,0.3199746353836398,0.2955148160959299,0.6774429669391241
matched_marginal,21,477080894,gbm,rawsig_shuffled,39,max_leaf_nodes=7,0.4045674337561776,0.4270912218599036,0.4108369636849416,0.4259341547162189,0.3137603043753963,0.2926323071601522,0.6748810540441625
matched_marginal,21,477080894,gbm,statistics_logsig_shuffled,25,max_leaf_nodes=7,0.4206661227590225,0.4232372392945163,0.4177845705426261,0.4206018986063422,0.4413443246670894,0.2980514239594142,0.5303159692570453
matched_marginal,21,477080894,gbm,statistics_rawsig_shuffled,50,max_leaf_nodes=7,0.4195650397433474,0.4284463671330849,0.4234229139762519,0.4258937588365987,0.446290424857324,0.307390752911334,0.5316579236305966
matched_marginal,21,477080894,gbm,b3_logsig_shuffled,54,max_leaf_nodes=7,0.4181985321279844,0.4183005170301045,0.4144521668441358,0.4158351848111493,0.4399492707672796,0.3042776432606941,0.5106746370623398
matched_marginal,21,477080894,gbm,b3_rawsig_shuffled,79,max_leaf_nodes=7,0.4195945521211172,0.4114380689645493,0.4077849635644394,0.4090486770349424,0.4311984781230183,0.3001268303931742,0.5029888983774552
matched_marginal,22,2790236236,random_forest,hmm,3,max_depth=4,0.35210429056976816,0.37035902984907515,0.3622899677637849,0.39862654009291054,0.3167433831990794,0.19722109807095642,0.5971126082771896
matched_marginal,22,2790236236,random_forest,statistics,11,max_depth=4,0.3963520064753865,0.3942290526987386,0.3788467144058081,0.4134114320339325,0.4536823935558113,0.1660596249831377,0.5629451395572665
matched_marginal,22,2790236236,random_forest,statistics_logsig,25,max_depth=10,0.4027021212416526,0.3808696590927501,0.3809202337929451,0.3923651787517673,0.3476697353279632,0.3236206663968703,0.4713185755534168
matched_marginal,22,2790236236,random_forest,statistics_rawsig,50,max_depth=4,0.4051314018520751,0.3983892067102252,0.3917476182299384,0.4324782872147041,0.2613636363636363,0.273168757588021,0.6606352261790183
matched_marginal,22,2790236236,random_forest,b3,40,max_depth=6,0.4054160457877881,0.4110079044128178,0.4092416650382572,0.4276307816602706,0.3932681242807825,0.2932685822204235,0.5464870067372474
matched_marginal,22,2790236236,random_forest,b3_logsig,54,max_depth=6,0.4057432006801107,0.4082359979479975,0.4064569075207666,0.4279135528176126,0.3686708860759494,0.2903008228787265,0.5657362848893166
matched_marginal,22,2790236236,random_forest,b3_rawsig,79,max_depth=6,0.4060195105760639,0.4045154675358109,0.4028542460889043,0.427832761058372,0.3302646720368239,0.2963712397140159,0.5869104908565929
matched_marginal,22,2790236236,random_forest,logsig,14,max_depth=10,0.4035186122223592,0.4023219309153627,0.4016654726508073,0.4212078368006463,0.3564441887226697,0.2982598138405504,0.5522617901828681
matched_marginal,22,2790236236,random_forest,rawsig,39,max_depth=10,0.3956322652409716,0.3928392981070097,0.3926284401827875,0.4128458897192486,0.3026467203682393,0.3306353702954269,0.5452358036573628
matched_marginal,22,2790236236,random_forest,logsig_shuffled,14,max_depth=6,0.3771324431187074,0.3958045592319963,0.3902281838011153,0.4282771157341951,0.2392117376294591,0.3066234992580601,0.6415784408084697
matched_marginal,22,2790236236,random_forest,rawsig_shuffled,39,max_depth=4,0.3817020420357455,0.3973769392252657,0.3903024255618375,0.4297313674005251,0.2090046029919447,0.345878861459598,0.6372473532242541
matched_marginal,22,2790236236,random_forest,statistics_logsig_shuffled,25,max_depth=10,0.3978975226084292,0.3775716389250987,0.3775559958023812,0.3894970712987275,0.3413406214039125,0.3202482125994874,0.471126082771896
matched_marginal,22,2790236236,random_forest,statistics_rawsig_shuffled,50,max_depth=4,0.4014730477462502,0.3990356500493226,0.3927211113253282,0.432316703696223,0.2738780207134637,0.266828544448941,0.6564003849855631
matched_marginal,22,2790236236,random_forest,b3_logsig_shuffled,54,max_depth=6,0.4021770756501376,0.408162378141425,0.4066958998638288,0.4281559280953342,0.3601841196777905,0.2973155267772832,0.5669874879692012
matched_marginal,22,2790236236,random_forest,b3_rawsig_shuffled,79,max_depth=6,0.4031492648427959,0.4087711878627173,0.4076627588610136,0.4298929509190062,0.3491081703107019,0.3020369620936193,0.5751684311838307
matched_marginal,22,2790236236,logistic,hmm,3,C=0.1,0.35856220349304085,0.37337832731384335,0.31852480939241845,0.3988285194910119,0.49381472957422323,0.0226628895184136,0.6036573628488932
matched_marginal,22,2790236236,logistic,statistics,11,C=0.1,0.4059383244751407,0.3958495220230674,0.3851449637672757,0.407392445970511,0.4765535097813579,0.2066639687036287,0.5043310875842156
matched_marginal,22,2790236236,logistic,statistics_logsig,25,C=1.0,0.419743011382893,0.4135007488841191,0.4062145652291755,0.4251666330034336,0.4755466052934407,0.244840145690004,0.5201154956689125
matched_marginal,22,2790236236,logistic,statistics_rawsig,50,C=1.0,0.4478147304510796,0.4342811427042809,0.4310539444769993,0.4494041607756009,0.4574223245109321,0.2818022393093214,0.563618864292589
matched_marginal,22,2790236236,logistic,b3,40,C=1.0,0.3936722440122073,0.3928567659433577,0.3897834112196869,0.3984649565744294,0.4318181818181818,0.3012275731822474,0.4455245428296439
matched_marginal,22,2790236236,logistic,b3_logsig,54,C=1.0,0.4022183722837026,0.4077014569709739,0.405587904248994,0.4138557867097556,0.4321058688147295,0.3283421017132065,0.4626564003849855
matched_marginal,22,2790236236,logistic,b3_rawsig,79,C=1.0,0.4317931307233864,0.4426587972081924,0.4416064655415115,0.4504948495253484,0.4592922899884925,0.3582894914339674,0.5103946102021174
matched_marginal,22,2790236236,logistic,logsig,14,C=0.1,0.3882244706060826,0.3824664133400739,0.3718052886838345,0.3890931125025247,0.4841772151898734,0.2099015243491164,0.4533205004812319
matched_marginal,22,2790236236,logistic,rawsig,39,C=0.1,0.4444207683999289,0.441355115518637,0.4367261637343894,0.4624116340133306,0.4439010356731875,0.2633211924996627,0.6168431183830606
matched_marginal,22,2790236236,logistic,logsig_shuffled,14,C=0.01,0.3424414019756741,0.3416819978198933,0.326686102389712,0.355362553019592,0.4187284234752589,0.1389450964521786,0.4673724735322425
matched_marginal,22,2790236236,logistic,rawsig_shuffled,39,C=1.0,0.3937860547771474,0.4091339451728362,0.4041655083620291,0.4361543122601494,0.357307249712313,0.2443005530824227,0.6257940327237729
matched_marginal,22,2790236236,logistic,statistics_logsig_shuffled,25,C=0.1,0.4056038600436702,0.3930089749360679,0.3825198809982685,0.4052514643506362,0.4687859608745685,0.2036962093619317,0.5065447545717036
matched_marginal,22,2790236236,logistic,statistics_rawsig_shuffled,50,C=1.0,0.4101594344495036,0.4138442881804773,0.4104438866268725,0.429125429206221,0.4299482163406214,0.2681775259678942,0.5434071222329163
matched_marginal,22,2790236236,logistic,b3_logsig_shuffled,54,C=1.0,0.3933766257080055,0.393994518602665,0.3909469480992602,0.3994344576853161,0.4334004602991945,0.3032510454606772,0.4453320500481232
matched_marginal,22,2790236236,logistic,b3_rawsig_shuffled,79,C=1.0,0.4074289940614854,0.4168550085034745,0.4154562037801999,0.424197131892547,0.4321058688147295,0.3381896668015648,0.480269489894129
matched_marginal,22,2790236236,gbm,hmm,3,max_leaf_nodes=7,0.3550367935031546,0.3668204744141341,0.36250825917556434,0.3878812361139164,0.3383199079401611,0.2246054229057062,0.5375360923965351
matched_marginal,22,2790236236,gbm,statistics,11,max_leaf_nodes=7,0.3917737951941283,0.3846769322816941,0.3839749628027224,0.3932538881034134,0.3711162255466053,0.3290165924726831,0.453897978825794
matched_marginal,22,2790236236,gbm,statistics_logsig,25,max_leaf_nodes=7,0.4048584905871825,0.3893402913776504,0.389013253098782,0.3985053524540496,0.3731300345224396,0.3318494536624848,0.4630413859480269
matched_marginal,22,2790236236,gbm,statistics_rawsig,50,max_leaf_nodes=7,0.4028051697101047,0.3884097003397411,0.3882797464767295,0.3985861442132902,0.3611910241657077,0.3352219074598678,0.4688161693936477
matched_marginal,22,2790236236,gbm,b3,40,max_leaf_nodes=7,0.3811260140313936,0.3987250495351118,0.3979518723738266,0.4035144415269642,0.3778768699654775,0.3829758532308107,0.4353224254090471
matched_marginal,22,2790236236,gbm,b3_logsig,54,max_leaf_nodes=7,0.3917707820101768,0.4027656282981784,0.4023178026423998,0.4085235305998788,0.3771576524741081,0.3844597329016592,0.446679499518768
matched_marginal,22,2790236236,gbm,b3_rawsig,79,max_leaf_nodes=7,0.3880148190417471,0.4008815224043355,0.4001995928717988,0.4053322561098768,0.3811852704257767,0.3866181033319844,0.4348411934552454
matched_marginal,22,2790236236,gbm,logsig,14,max_leaf_nodes=7,0.4090918916550425,0.4062114705193919,0.4057671217897218,0.4205615027267219,0.3817606444188722,0.3151220828274653,0.5217516843118383
matched_marginal,22,2790236236,gbm,rawsig,39,max_leaf_nodes=31,0.4050611657425834,0.3810598656149144,0.3812820262251051,0.3884871743082205,0.3568757192174914,0.3472278429785512,0.4390760346487006
matched_marginal,22,2790236236,gbm,logsig_shuffled,14,max_leaf_nodes=7,0.3756901300940861,0.3933249054010034,0.391666957087484,0.4170874570793779,0.3027905638665132,0.3002832861189802,0.5769008662175168
matched_marginal,22,2790236236,gbm,rawsig_shuffled,39,max_leaf_nodes=15,0.3762740855841556,0.3868863516146232,0.3860570395803082,0.4067057160169662,0.3165995397008055,0.3032510454606772,0.5408084696823869
matched_marginal,22,2790236236,gbm,statistics_logsig_shuffled,25,max_leaf_nodes=7,0.3899233614706517,0.3794406015299601,0.3790713637590603,0.3899010300949303,0.3594649021864212,0.3155267772831512,0.4633301251203079
matched_marginal,22,2790236236,gbm,statistics_rawsig_shuffled,50,max_leaf_nodes=7,0.391541482435842,0.382247837095705,0.3818647964895996,0.3928903251868309,0.3604718066743383,0.3188992310805342,0.4673724735322425
matched_marginal,22,2790236236,gbm,b3_logsig_shuffled,54,max_leaf_nodes=15,0.3811300591901629,0.3880316752647659,0.3856703948329917,0.3884467784286002,0.3734177215189873,0.4014569000404694,0.3892204042348411
matched_marginal,22,2790236236,gbm,b3_rawsig_shuffled,79,max_leaf_nodes=7,0.382004193208082,0.4024120411557268,0.4017213839562391,0.4073520500908907,0.3770138089758343,0.3906650478888439,0.4395572666025024
matched_marginal,23,3947746016,random_forest,hmm,3,max_depth=10,0.3370565024023267,0.3501825132492858,0.34852199677972334,0.3713189254696021,0.3517174649250121,0.21169609079445145,0.487133984028394
matched_marginal,23,3947746016,random_forest,statistics,11,max_depth=4,0.3945631714208577,0.401921734207143,0.3968219800843913,0.4313472025853363,0.4358974358974359,0.1934110970996216,0.5764566696243715
matched_marginal,23,3947746016,random_forest,statistics_logsig,25,max_depth=10,0.4015574724591692,0.4140205188380257,0.4146139301832097,0.4299737426782468,0.4338413159167876,0.3002837326607818,0.5079365079365079
matched_marginal,23,3947746016,random_forest,statistics_rawsig,50,max_depth=10,0.3985589106005374,0.4211227074320791,0.420660152103385,0.4410826095738234,0.459603289791969,0.2720680958385876,0.5316967366656807
matched_marginal,23,3947746016,random_forest,b3,40,max_depth=10,0.3779900645387803,0.3969396936426578,0.3976625881617615,0.4098969905069682,0.3849782293178519,0.3184110970996217,0.4874297545104998
matched_marginal,23,3947746016,random_forest,b3_logsig,54,max_depth=10,0.3803828177824591,0.3917376597026288,0.3925514190585705,0.405655423146839,0.3769956458635703,0.3083228247162673,0.4898945085280489
matched_marginal,23,3947746016,random_forest,b3_rawsig,79,max_depth=10,0.3847154708386255,0.3940001583360155,0.3946616216621823,0.407392445970511,0.3863086598935655,0.3105296343001261,0.4851621808143547
matched_marginal,23,3947746016,random_forest,logsig,14,max_depth=10,0.3855961130176555,0.413880945913287,0.4087111137177734,0.4375277721672389,0.5199564586357039,0.2074401008827238,0.5142462782214335
matched_marginal,23,3947746016,random_forest,rawsig,39,max_depth=10,0.3858877558667852,0.4023715392557285,0.3990097315554274,0.4267824681882448,0.4622641509433962,0.2137452711223203,0.531105195701469
matched_marginal,23,3947746016,random_forest,logsig_shuffled,14,max_depth=10,0.3314104179198853,0.3730868876328739,0.368777484367389,0.3956776408806302,0.4465408805031446,0.1896279949558638,0.4830917874396135
matched_marginal,23,3947746016,random_forest,rawsig_shuffled,39,max_depth=10,0.3438113053430158,0.3779371291381078,0.3771638489722079,0.3974954554635427,0.3913884857281083,0.2438524590163934,0.4985704426698215
matched_marginal,23,3947746016,random_forest,statistics_logsig_shuffled,25,max_depth=10,0.3923999248215484,0.4058236232557528,0.4061951746453655,0.4250858412441931,0.4148524431543299,0.2758511979823455,0.5267672286305827
matched_marginal,23,3947746016,random_forest,statistics_rawsig_shuffled,50,max_depth=10,0.3916813804769196,0.4100401158591828,0.4095512633436292,0.4320743284185013,0.4184808901790033,0.2622950819672131,0.549344375431332
matched_marginal,23,3947746016,random_forest,b3_logsig_shuffled,54,max_depth=10,0.3789482023347818,0.3980440749570435,0.3987312248270599,0.4117552009695011,0.3866715045960329,0.3143127364438839,0.4931479838312136
matched_marginal,23,3947746016,random_forest,b3_rawsig_shuffled,79,max_depth=10,0.3799718670962304,0.39648549008906,0.3970733616413706,0.4107453039789941,0.3801402999516207,0.3116330390920555,0.4976831312235039
matched_marginal,23,3947746016,logistic,hmm,3,C=0.1,0.32387355274216095,0.34939563035931426,0.34106700697393794,0.381013936578469,0.318577648766328,0.1585750315258512,0.5710342107857636
matched_marginal,23,3947746016,logistic,statistics,11,C=1.0,0.3727958016566859,0.3903260707375109,0.3907402195094689,0.4060189860634215,0.3767537493952588,0.2947667087011349,0.4994577541161392
matched_marginal,23,3947746016,logistic,statistics_logsig,25,C=1.0,0.3988622136285209,0.422701712185116,0.4225548098791731,0.4393455867501515,0.4650459603289792,0.2933480453972257,0.5097111308291432
matched_marginal,23,3947746016,logistic,statistics_rawsig,50,C=1.0,0.4103199866505554,0.4608999743866692,0.4590352963571871,0.4820440315087861,0.5394291243347847,0.2843631778058008,0.5589076210194223
matched_marginal,23,3947746016,logistic,b3,40,C=1.0,0.370494976488569,0.3875444726662659,0.3874693615338928,0.3956776408806302,0.4144895984518626,0.3212484237074401,0.4268953958394952
matched_marginal,23,3947746016,logistic,b3_logsig,54,C=1.0,0.3868338617874999,0.4131042895816781,0.4131667888632919,0.4231872349020399,0.4498064828253507,0.3292875157629256,0.4602188701567583
matched_marginal,23,3947746016,logistic,b3_rawsig,79,C=1.0,0.4038076677300808,0.4465392823529412,0.4463141267666664,0.4614421329024439,0.5045960328979197,0.3207755359394704,0.5142462782214335
matched_marginal,23,3947746016,logistic,logsig,14,C=1.0,0.3483295774664471,0.3934830302204892,0.3869365691072362,0.41450212078368,0.5315674891146589,0.1883669609079445,0.4605146406388642
matched_marginal,23,3947746016,logistic,rawsig,39,C=1.0,0.4086674776482273,0.4444702663332649,0.4364992594934279,0.473480105029287,0.5611998064828253,0.1978247162673392,0.5743862762496302
matched_marginal,23,3947746016,logistic,logsig_shuffled,14,C=1.0,0.3093235420252611,0.3385503018799882,0.3384585225530154,0.3552009695011109,0.3220851475568457,0.2381778058007566,0.4553879522823622
matched_marginal,23,3947746016,logistic,rawsig_shuffled,39,C=1.0,0.3685555441765789,0.388070276496214,0.3816732914185501,0.4188244799030499,0.4016690856313498,0.1809583858764186,0.5815833579808735
matched_marginal,23,3947746016,logistic,statistics_logsig_shuffled,25,C=1.0,0.3805593316248672,0.3887330494516578,0.38897682357026,0.4035548374065845,0.3863086598935655,0.2933480453972257,0.4865424430641822
matched_marginal,23,3947746016,logistic,statistics_rawsig_shuffled,50,C=1.0,0.3970470627832592,0.4168280735818434,0.4158933779502843,0.4382145021207836,0.4542815674891146,0.2589848675914249,0.5372177856649907
matched_marginal,23,3947746016,logistic,b3_logsig_shuffled,54,C=1.0,0.3707512631236559,0.3870784460656855,0.3869603837535323,0.3951120985659462,0.4127963231736816,0.3220365699873896,0.4264024450359854
matched_marginal,23,3947746016,logistic,b3_rawsig_shuffled,79,C=1.0,0.3782410859859622,0.4083369043110682,0.4089395565883598,0.4214906079579882,0.4379535558780841,0.3080075662042875,0.4790495908508331
matched_marginal,23,3947746016,gbm,hmm,3,max_leaf_nodes=7,0.33823152371084486,0.34899426369812314,0.3484970250291773,0.366229044637447,0.35268505079825835,0.23486759142496846,0.45943014887114264
matched_marginal,23,3947746016,gbm,statistics,11,max_leaf_nodes=7,0.3891197385828315,0.3848413466924436,0.3859772385460802,0.4010906887497475,0.3981615868408321,0.2723833543505675,0.4839790988859311
matched_marginal,23,3947746016,gbm,statistics_logsig,25,max_leaf_nodes=15,0.4002243832784804,0.4095280295747431,0.4099483679191075,0.421450212078368,0.4606918238993711,0.3065889029003783,0.4613033619244799
matched_marginal,23,3947746016,gbm,statistics_rawsig,50,max_leaf_nodes=7,0.4013448008045792,0.4254837850783101,0.4255850618640249,0.4406786507776207,0.481736816642477,0.2987074401008827,0.4960070984915705
matched_marginal,23,3947746016,gbm,b3,40,max_leaf_nodes=15,0.3800514395383016,0.3926370649363158,0.3910343490117569,0.3947081397697435,0.3892114175133043,0.3808322824716267,0.4078674948240166
matched_marginal,23,3947746016,gbm,b3_logsig,54,max_leaf_nodes=7,0.3818701051420402,0.3994837363770993,0.3997073361178019,0.4072712583316502,0.4075955491049831,0.3447351828499369,0.4461204771763778
matched_marginal,23,3947746016,gbm,b3_rawsig,79,max_leaf_nodes=15,0.3867979570034984,0.4060549621196041,0.4045240578190134,0.4088870935164613,0.3990082244799225,0.391078184110971,0.4280784777679187
matched_marginal,23,3947746016,gbm,logsig,14,max_leaf_nodes=15,0.3963294777848203,0.4249050741784832,0.4228969316278986,0.4412845889719248,0.5240686985970004,0.2692307692307692,0.4814157547076801
matched_marginal,23,3947746016,gbm,rawsig,39,max_leaf_nodes=15,0.3981295428911837,0.4297995922928921,0.4280671127288456,0.4455665522116744,0.5223754233188196,0.2813682219419924,0.4856551316178645
matched_marginal,23,3947746016,gbm,logsig_shuffled,14,max_leaf_nodes=31,0.3482057191043781,0.3736916403369979,0.3736988537038268,0.3869521308826499,0.3543783260764392,0.2968158890290038,0.4698807059055506
matched_marginal,23,3947746016,gbm,rawsig_shuffled,39,max_leaf_nodes=31,0.3524231524700898,0.371319086225102,0.3714613377971785,0.3853766915774591,0.3647798742138364,0.2829445145018915,0.466232869959578
matched_marginal,23,3947746016,gbm,statistics_logsig_shuffled,25,max_leaf_nodes=7,0.3924565150275476,0.3936316264238429,0.3946106790997514,0.4089274893960816,0.4089259796806966,0.2864123581336696,0.4855565414571626
matched_marginal,23,3947746016,gbm,statistics_rawsig_shuffled,50,max_leaf_nodes=7,0.3939374300720215,0.3933277349030173,0.3941380666796106,0.4097354069884871,0.4182389937106918,0.2741172761664565,0.4876269348319038
matched_marginal,23,3947746016,gbm,b3_logsig_shuffled,54,max_leaf_nodes=7,0.3789444958332041,0.3969107246167569,0.396711181901385,0.4041203797212684,0.3956216739235607,0.3505674653215637,0.4445430346051464
matched_marginal,23,3947746016,gbm,b3_rawsig_shuffled,79,max_leaf_nodes=15,0.3787733630910792,0.3977384045643628,0.3969430324289836,0.4018178145829125,0.3953797774552491,0.3723203026481715,0.4255151335896677
matched_marginal,24,3343472307,random_forest,hmm,3,max_depth=6,0.37109199714930036,0.3537174321594963,0.3534962409768086,0.3562108664916179,0.37251727115716754,0.29791553871142396,0.3907194866098976
matched_marginal,24,3343472307,random_forest,statistics,11,max_depth=10,0.4157406579758606,0.4097436335510309,0.410702416844469,0.4146637043021612,0.481541450777202,0.3559826746074715,0.3917067752684191
matched_marginal,24,3343472307,random_forest,statistics_logsig,25,max_depth=10,0.4301594110117726,0.416880784289495,0.4181676686712108,0.4226620884669764,0.4903929188255613,0.3360855441256091,0.4241638899173146
matched_marginal,24,3343472307,random_forest,statistics_rawsig,50,max_depth=10,0.4320542478059053,0.4198415743836925,0.4216057986929618,0.4238739648555847,0.4670768566493955,0.3569301570113697,0.4355177094903122
matched_marginal,24,3343472307,random_forest,b3,40,max_depth=10,0.4243100190314955,0.4312350008204227,0.4314486332197458,0.4367602504544536,0.4913644214162349,0.3375744450460206,0.4647661359990127
matched_marginal,24,3343472307,random_forest,b3_logsig,54,max_depth=10,0.4256229492749974,0.4285785816674725,0.4290418335714223,0.4339325388810341,0.4840241796200345,0.3332430969139144,0.4684684684684684
matched_marginal,24,3343472307,random_forest,b3_rawsig,79,max_depth=10,0.4318149437213684,0.443004903303423,0.4436424413973061,0.4477883255907897,0.4937392055267703,0.3597726042230644,0.4755029001604344
matched_marginal,24,3343472307,random_forest,logsig,14,max_depth=10,0.4212672871298264,0.4192893334027718,0.4171707870607341,0.430579680872551,0.5768566493955095,0.284244721169464,0.396766629643342
matched_marginal,24,3343472307,random_forest,rawsig,39,max_depth=10,0.417583347138238,0.4152597415839079,0.4103338153392189,0.4188244799030499,0.4100820379965457,0.2834325933946941,0.5522645933604837
matched_marginal,24,3343472307,random_forest,logsig_shuffled,14,max_depth=10,0.395858667427946,0.3980659046913044,0.3876661760419502,0.3982225812967077,0.3284758203799655,0.2796426637791012,0.5860792299148464
matched_marginal,24,3343472307,random_forest,rawsig_shuffled,39,max_depth=6,0.4084094859855144,0.4084289912534606,0.4028770293256236,0.4106645122197536,0.3861183074265976,0.2948023822414726,0.5443662840923115
matched_marginal,24,3343472307,random_forest,statistics_logsig_shuffled,25,max_depth=10,0.4250038066850058,0.4102108492289846,0.4115720268706848,0.4153504342557059,0.4750647668393782,0.3375744450460206,0.4179933358015549
matched_marginal,24,3343472307,random_forest,statistics_rawsig_shuffled,50,max_depth=10,0.4270176693902116,0.4142607224228175,0.4159231052527004,0.4184205211068471,0.4655656303972366,0.3535462912831619,0.4236702455880538
matched_marginal,24,3343472307,random_forest,b3_logsig_shuffled,54,max_depth=4,0.4264131269913108,0.4180414681927937,0.4124460460755013,0.4229852555039386,0.4300518134715025,0.2663779101245263,0.5576946809823522
matched_marginal,24,3343472307,random_forest,b3_rawsig_shuffled,79,max_depth=6,0.4301789322290283,0.4362179706592965,0.4334453867551957,0.4403958796202787,0.4501295336787564,0.3141580942068219,0.5443662840923115
matched_marginal,24,3343472307,logistic,hmm,3,C=0.1,0.34355889210680285,0.3277388226095941,0.3051019317845012,0.3287820642294486,0.4231433506044905,0.4465349214943151,0.11353819572997655
matched_marginal,24,3343472307,logistic,statistics,11,C=0.1,0.413497980546337,0.4202961522061079,0.4140758103881115,0.4298525550393859,0.5080958549222798,0.2319978343259339,0.5207947673701099
matched_marginal,24,3343472307,logistic,statistics_logsig,25,C=0.01,0.4318136370257968,0.4312086176802938,0.4265059330071256,0.4423348818420521,0.5563471502590673,0.2491878722252301,0.488090830556584
matched_marginal,24,3343472307,logistic,statistics_rawsig,50,C=0.1,0.4637196059354498,0.4676402551464306,0.4640554240994272,0.4782872147041002,0.5864637305699482,0.291959935029778,0.5244970998395656
matched_marginal,24,3343472307,logistic,b3,40,C=1.0,0.4073224701647606,0.4026363651203808,0.4010470315810562,0.409573823470006,0.471394645941278,0.2740931239848402,0.462421325435024
matched_marginal,24,3343472307,logistic,b3_logsig,54,C=1.0,0.4241731789687568,0.4187633872659668,0.4173764295348327,0.4272268228640679,0.5173791018998273,0.2858689767190038,0.4530420831790694
matched_marginal,24,3343472307,logistic,b3_rawsig,79,C=1.0,0.4506577266064028,0.4471088399542799,0.4453466364889457,0.455221167440921,0.531951640759931,0.3040064970221982,0.5053683820807109
matched_marginal,24,3343472307,logistic,logsig,14,C=0.01,0.4067980740724423,0.4021418521911712,0.390509150963739,0.4178145829125429,0.6079447322970639,0.1936924742826204,0.4047883499938294
matched_marginal,24,3343472307,logistic,rawsig,39,C=1.0,0.4601390069125215,0.4535110363526352,0.4450294701037861,0.4646334073924459,0.5588298791018999,0.2394423389279913,0.5622608910280144
matched_marginal,24,3343472307,logistic,logsig_shuffled,14,C=1.0,0.3668506974038132,0.3668964558884354,0.3607832270164492,0.3761664310240356,0.4622193436960276,0.2007309149972929,0.4377391089719857
matched_marginal,24,3343472307,logistic,rawsig_shuffled,39,C=1.0,0.4105150439388905,0.4165143610349925,0.3930302559096874,0.4245202989295092,0.4294041450777202,0.1602598808879263,0.6598790571393311
matched_marginal,24,3343472307,logistic,statistics_logsig_shuffled,25,C=1.0,0.4162910268197508,0.421306883823972,0.4149321004666395,0.4311856190668552,0.5143566493955095,0.2303735787763941,0.5191904233000123
matched_marginal,24,3343472307,logistic,statistics_rawsig_shuffled,50,C=0.01,0.431504112937735,0.4380396909886427,0.432272343029542,0.4483538679054736,0.5401554404145078,0.2467514889009204,0.5272121436504998
matched_marginal,24,3343472307,logistic,b3_logsig_shuffled,54,C=1.0,0.4075290260676181,0.4027789662253822,0.4012382707641858,0.4096950111088669,0.4718264248704663,0.2754466702761234,0.4610638035295569
matched_marginal,24,3343472307,logistic,b3_rawsig_shuffled,79,C=0.01,0.4207205407940173,0.4132908943622115,0.4107876473482235,0.4216925873560896,0.5005397236614854,0.2640768814293449,0.475256077995804
matched_marginal,24,3343472307,gbm,hmm,3,max_leaf_nodes=7,0.37267337603426864,0.3564722783230654,0.35483380162679284,0.3648151888507372,0.47020725388601037,0.2523010286951814,0.34690855238800444
matched_marginal,24,3343472307,gbm,statistics,11,max_leaf_nodes=7,0.4158850312659563,0.4217293609607455,0.4210170698030417,0.4277115734195112,0.4789507772020725,0.3075257173795344,0.4787115883006294
matched_marginal,24,3343472307,gbm,statistics_logsig,25,max_leaf_nodes=15,0.4268350133762548,0.4265229738181739,0.4268171686795401,0.4332862048071096,0.5074481865284974,0.3237682728749323,0.4483524620510922
matched_marginal,24,3343472307,gbm,statistics_rawsig,50,max_leaf_nodes=7,0.4334457907017395,0.43630088368823,0.435448764125553,0.4429812159159765,0.5041018998272885,0.3151055766107201,0.4896951746266815
matched_marginal,24,3343472307,gbm,b3,40,max_leaf_nodes=7,0.4160947334125239,0.4251029794757405,0.424206504177496,0.4322359119369824,0.5026986183074266,0.3041418516513264,0.4684684684684684
matched_marginal,24,3343472307,gbm,b3_logsig,54,max_leaf_nodes=7,0.4238571718586723,0.4311772269329687,0.4300740179452204,0.4386588567966067,0.5115500863557858,0.3026529507309149,0.4793286437122053
matched_marginal,24,3343472307,gbm,b3_rawsig,79,max_leaf_nodes=7,0.4215976879693601,0.4325169874844792,0.4315646462800937,0.4393859826297717,0.5036701208981001,0.3102328099621007,0.483648031593237
matched_marginal,24,3343472307,gbm,logsig,14,max_leaf_nodes=7,0.434268571604343,0.4260009926858947,0.4240083893611113,0.4358311452231872,0.5484671848013817,0.2845154304277206,0.445020362828582
matched_marginal,24,3343472307,gbm,rawsig,39,max_leaf_nodes=7,0.4292302627923959,0.4311630695738705,0.4299208928282281,0.4378913350838214,0.4958981001727116,0.3033297238765566,0.4942613846723436
matched_marginal,24,3343472307,gbm,logsig_shuffled,14,max_leaf_nodes=7,0.4039564409577298,0.3835636572688916,0.3812174081550261,0.3885679660674611,0.4152633851468048,0.2617758527341635,0.4736517339257065
matched_marginal,24,3343472307,gbm,rawsig_shuffled,39,max_leaf_nodes=7,0.3977186429665782,0.3856410096234433,0.3827813788199177,0.3902645930115128,0.4091105354058721,0.2636708175419599,0.4841416759224978
matched_marginal,24,3343472307,gbm,statistics_logsig_shuffled,25,max_leaf_nodes=7,0.419005720206804,0.4220455025784542,0.421136097224272,0.4279943445768531,0.476360103626943,0.3042772062804548,0.4854991978279649
matched_marginal,24,3343472307,gbm,statistics_rawsig_shuffled,50,max_leaf_nodes=7,0.4186457208209639,0.4205147420342657,0.4199938542030062,0.4265804887901434,0.4795984455958549,0.3064428803465078,0.4755029001604344
matched_marginal,24,3343472307,gbm,b3_logsig_shuffled,54,max_leaf_nodes=7,0.4160947334125239,0.4251029794757405,0.424206504177496,0.4322359119369824,0.5026986183074266,0.3041418516513264,0.4684684684684684
matched_marginal,24,3343472307,gbm,b3_rawsig_shuffled,79,max_leaf_nodes=7,0.4179887436647516,0.4232834118972477,0.4225214622035434,0.4304584932336902,0.5006476683937824,0.3004872766648619,0.4687152906330988
matched_marginal,25,3930994991,random_forest,hmm,3,max_depth=6,0.3416300538129804,0.35163883835100035,0.33580265594270026,0.3529388002423753,0.21954674220963172,0.5430313982380844,0.292338374605285
matched_marginal,25,3930994991,random_forest,statistics,11,max_depth=4,0.3868989224229563,0.3766685374566323,0.3458113298106275,0.3479297111694607,0.2424119789558883,0.3088999322340185,0.5786937011799901
matched_marginal,25,3930994991,random_forest,statistics_logsig,25,max_depth=10,0.4014707920497538,0.3895581136005779,0.3721003878418753,0.3715613007473238,0.3049372723593687,0.3478653715834651,0.5158716968588998
matched_marginal,25,3930994991,random_forest,statistics_rawsig,50,max_depth=6,0.4102657182850037,0.3819523822224126,0.3449271555713218,0.3486164411230054,0.2471671388101983,0.274791054890445,0.6238989529665947
matched_marginal,25,3930994991,random_forest,b3,40,max_depth=4,0.4028431997935184,0.3861140893887314,0.3550405162972822,0.3570187840840234,0.2726628895184136,0.2868759882538965,0.598803390393884
matched_marginal,25,3930994991,random_forest,b3_logsig,54,max_depth=6,0.4051216810353026,0.3995341434473493,0.3717794683892068,0.3728539688951727,0.2696276811007689,0.3437994126948272,0.5851753365464517
matched_marginal,25,3930994991,random_forest,b3_rawsig,79,max_depth=6,0.4068737349542464,0.3985346322424923,0.3668158460108442,0.3686931932942839,0.2631525698097936,0.3226790151344025,0.6097723117832807
matched_marginal,25,3930994991,random_forest,logsig,14,max_depth=10,0.4193043291204989,0.4008193176429273,0.3855066003375405,0.3859018380125227,0.3642250101173614,0.3205330923876214,0.5176998504237993
matched_marginal,25,3930994991,random_forest,rawsig,39,max_depth=10,0.4146476559830286,0.393338965019301,0.3684982891924998,0.3695819026459301,0.3168757588021044,0.2902642873277614,0.5728768489280373
matched_marginal,25,3930994991,random_forest,logsig_shuffled,14,max_depth=10,0.3928507920724978,0.373839008082556,0.3291091964397969,0.336093718440719,0.2442331040064751,0.2211429862209171,0.6561409340202758
matched_marginal,25,3930994991,random_forest,rawsig_shuffled,39,max_depth=10,0.3998016161534445,0.3780753357894236,0.3427101657640536,0.3476065441324985,0.2981586402266289,0.2211429862209171,0.6149243809207247
matched_marginal,25,3930994991,random_forest,statistics_logsig_shuffled,25,max_depth=6,0.3940167550802904,0.3732068663925665,0.3440508818746466,0.3462734801050293,0.2282476730068798,0.3357804382200136,0.5555924879508061
matched_marginal,25,3930994991,random_forest,statistics_rawsig_shuffled,50,max_depth=6,0.3989229746572911,0.3788024778283822,0.3397337017161556,0.3441728943647748,0.2344192634560906,0.273435735260899,0.6285524347681569
matched_marginal,25,3930994991,random_forest,b3_logsig_shuffled,54,max_depth=4,0.4021802726091296,0.3890889861353119,0.3556345614888982,0.3581498687133912,0.2620396600566572,0.2922972667720804,0.6129300315771979
matched_marginal,25,3930994991,random_forest,b3_rawsig_shuffled,79,max_depth=6,0.4036305828238718,0.3893179291472767,0.3567423399695649,0.358998182185417,0.2641643059490084,0.2953467359385588,0.6084427455542629
matched_marginal,25,3930994991,logistic,hmm,3,C=0.1,0.34304865357091224,0.3425175869232333,0.33998882503492095,0.35911936982427795,0.36756373937677056,0.4532414727806641,0.20674754861226524
matched_marginal,25,3930994991,logistic,statistics,11,C=1.0,0.3795192952853832,0.3862769438016945,0.3623321203518059,0.3698242779236518,0.4091460946985026,0.2115428055116331,0.5381419311949477
matched_marginal,25,3930994991,logistic,statistics_logsig,25,C=1.0,0.4070947026384832,0.3910779150080909,0.3689585822694718,0.3737830741264391,0.395588830433023,0.2340185227016037,0.543626391889646
matched_marginal,25,3930994991,logistic,statistics_rawsig,50,C=1.0,0.4306442216323757,0.4135756141717008,0.3903544034681132,0.3939406180569582,0.4028733306353703,0.2568330697989609,0.5810204420807712
matched_marginal,25,3930994991,logistic,b3,40,C=0.1,0.3822040764215715,0.373265563142793,0.3627029609382588,0.3650575641284589,0.3847632537434237,0.2859724418341992,0.4490609938507562
matched_marginal,25,3930994991,logistic,b3_logsig,54,C=0.1,0.3977092757297611,0.3842807764007783,0.3722553122444971,0.374348616441123,0.3908336705787131,0.2886830810932911,0.4733255775303307
matched_marginal,25,3930994991,logistic,b3_rawsig,79,C=1.0,0.4256109131752515,0.4077565476949966,0.3934560045569751,0.3956776408806302,0.4106636989073249,0.2983962051050373,0.5142097390726276
matched_marginal,25,3930994991,logistic,logsig,14,C=1.0,0.3939594118290296,0.3857702308758656,0.3695200632905542,0.3828317511613815,0.4903885066774585,0.2175288005421278,0.4493933854080106
matched_marginal,25,3930994991,logistic,rawsig,39,C=0.1,0.4377154365453061,0.4272757919514858,0.4042065357798317,0.4086447182387396,0.4231080534196682,0.2703862660944206,0.5883330563403689
matched_marginal,25,3930994991,logistic,logsig_shuffled,14,C=1.0,0.3326155574110038,0.3456576265078803,0.3421777182224021,0.3468794182993334,0.3746458923512747,0.31680596340637,0.3455210237659963
matched_marginal,25,3930994991,logistic,rawsig_shuffled,39,C=0.1,0.4012528950676478,0.3851894111944163,0.3404387245562169,0.3528580084831347,0.3402468636179684,0.1643325050824486,0.650988864882832
matched_marginal,25,3930994991,logistic,statistics_logsig_shuffled,25,C=1.0,0.3766563799008333,0.3872767491049082,0.3651649275706667,0.3719652595435265,0.4114730878186969,0.2206912130110684,0.5296659464849592
matched_marginal,25,3930994991,logistic,statistics_rawsig_shuffled,50,C=1.0,0.4054294165696154,0.3962413418788659,0.3682949076697883,0.3764088063017572,0.4070214488061514,0.2084933363451547,0.5732092404852916
matched_marginal,25,3930994991,logistic,b3_logsig_shuffled,54,C=1.0,0.3826065761361013,0.3719129391888575,0.3612976792734479,0.363482124823268,0.381323350870093,0.2855206686243505,0.4488947980721289
matched_marginal,25,3930994991,logistic,b3_rawsig_shuffled,79,C=0.1,0.4102771827470416,0.3894020536239793,0.3752755090846003,0.3780246414865684,0.3960946985026305,0.281002936525864,0.4911085258434435
matched_marginal,25,3930994991,gbm,hmm,3,max_leaf_nodes=7,0.34185599767670066,0.3530029173759821,0.3433424786438946,0.3477681276509796,0.2651760420882234,0.4270386266094421,0.36679408343028086
matched_marginal,25,3930994991,gbm,statistics,11,max_leaf_nodes=7,0.3817960920359087,0.3842874490770074,0.3692878760772066,0.3700262573217532,0.3517806556050182,0.3041563135306076,0.4969253780953964
matched_marginal,25,3930994991,gbm,statistics_logsig,25,max_leaf_nodes=7,0.3982111967035515,0.3959016351255589,0.3824556303432803,0.3833972934760654,0.3745447187373533,0.3159024169866727,0.4972577696526508
matched_marginal,25,3930994991,gbm,statistics_rawsig,50,max_leaf_nodes=7,0.4068127814028291,0.4008815911180252,0.387070959911781,0.3878004443546758,0.377579927154998,0.3185001129433024,0.5065647332557753
matched_marginal,25,3930994991,gbm,b3,40,max_leaf_nodes=31,0.3856650690314669,0.3808379602479448,0.3755469618922049,0.3787517673197333,0.4078308377175232,0.3258414276033431,0.4088416154229682
matched_marginal,25,3930994991,gbm,b3_logsig,54,max_leaf_nodes=7,0.3950296498885339,0.3935800271895763,0.3835435899163097,0.3854170874570793,0.3978146499392958,0.3165800768014457,0.4663453548279874
matched_marginal,25,3930994991,gbm,b3_rawsig,79,max_leaf_nodes=7,0.3951263894359071,0.3926795657520376,0.3824271009010778,0.3840032316703696,0.3934641845406718,0.3159024169866727,0.4686720957287685
matched_marginal,25,3930994991,gbm,logsig,14,max_leaf_nodes=7,0.4208178532014169,0.4051521536534516,0.3882922773419673,0.3899010300949303,0.3838526912181303,0.3011068443641292,0.5304969253780953
matched_marginal,25,3930994991,gbm,rawsig,39,max_leaf_nodes=7,0.409501966755253,0.4154587982599252,0.397428562836621,0.3980609977782266,0.3732294617563739,0.3212107522023944,0.5519361808210071
matched_marginal,25,3930994991,gbm,logsig_shuffled,14,max_leaf_nodes=7,0.3950914262018578,0.3766267195475684,0.3447930769853869,0.3480508988083216,0.2940105220558478,0.2398915744296363,0.5959780621572212
matched_marginal,25,3930994991,gbm,rawsig_shuffled,39,max_leaf_nodes=7,0.3925987191536892,0.3750410123281205,0.34297611357156,0.3463542718642698,0.2913800080938891,0.2387621414050146,0.5949808874854579
matched_marginal,25,3930994991,gbm,statistics_logsig_shuffled,25,max_leaf_nodes=7,0.3825086044966223,0.3817906732412233,0.3676766660723254,0.3685720056554231,0.354208822339134,0.3040433702281455,0.4871198271563902
matched_marginal,25,3930994991,gbm,statistics_rawsig_shuffled,50,max_leaf_nodes=7,0.3857924759511427,0.3860849100720943,0.371887653180782,0.3726519894970713,0.3575475515985431,0.3077704992093968,0.492936679408343
matched_marginal,25,3930994991,gbm,b3_logsig_shuffled,54,max_leaf_nodes=7,0.387451818932653,0.3889500251308369,0.3791246854304382,0.3809331448192284,0.3911371914204775,0.3160153602891348,0.4596975236828984
matched_marginal,25,3930994991,gbm,b3_rawsig_shuffled,79,max_leaf_nodes=7,0.3872102870821718,0.3907041624549993,0.3810920518590627,0.3828317511613815,0.3933630109267503,0.3183871696408403,0.4603623067974073
matched_marginal,26,3385255092,random_forest,hmm,3,max_depth=6,0.3552826394914739,0.3595270902027102,0.34190422577516655,0.3515653403352858,0.2454256165473349,0.2742561448900388,0.5588995091707569
matched_marginal,26,3385255092,random_forest,statistics,11,max_depth=6,0.4102242966376574,0.4077303668092066,0.4036831684241311,0.4142597455059584,0.4359586316626889,0.285036653730056,0.5021958150348748
matched_marginal,26,3385255092,random_forest,statistics_logsig,25,max_depth=6,0.4187708948707819,0.4183210904882283,0.4109232200646756,0.4245606948091294,0.4332736674622116,0.265631737818025,0.5560578661844484
matched_marginal,26,3385255092,random_forest,statistics_rawsig,50,max_depth=10,0.4130556489882567,0.4164343737666829,0.408519613276864,0.4187840840234296,0.3979713603818616,0.287911456087394,0.5634203048307931
matched_marginal,26,3385255092,random_forest,b3,40,max_depth=10,0.4210851161710275,0.4187228024952338,0.4127948615027597,0.4212078368006463,0.4073190135242641,0.3067414115279575,0.5421079824334797
matched_marginal,26,3385255092,random_forest,b3_logsig,54,max_depth=10,0.423601258994806,0.4261223838985129,0.4202586563526408,0.4279539486972328,0.4096062052505966,0.3196780221359781,0.5490829243089641
matched_marginal,26,3385255092,random_forest,b3_rawsig,79,max_depth=10,0.4189170309752451,0.4198598493164507,0.4108290921330886,0.4219349626338113,0.3958830548926014,0.283742992669254,0.5799535003874968
matched_marginal,26,3385255092,random_forest,logsig,14,max_depth=10,0.406051018002612,0.4038787988318333,0.397221648964646,0.4096546152292466,0.4169649960222752,0.2603133534569498,0.5343580470162749
matched_marginal,26,3385255092,random_forest,rawsig,39,max_depth=10,0.3979547605251807,0.3971285404668951,0.372169436358692,0.3946273480105029,0.3073786793953858,0.2114417133822049,0.6725652286230948
matched_marginal,26,3385255092,random_forest,logsig_shuffled,14,max_depth=10,0.3794739529012845,0.38967488755817,0.352647430146374,0.3799232478287214,0.227326968973747,0.2186287192755498,0.7230689744252131
matched_marginal,26,3385255092,random_forest,rawsig_shuffled,39,max_depth=10,0.3787803201553909,0.3946183938065483,0.3628588585527697,0.3852958998182185,0.2428400954653937,0.2411959177806525,0.6998191681735986
matched_marginal,26,3385255092,random_forest,statistics_logsig_shuffled,25,max_depth=6,0.4092797051833973,0.4066714246640943,0.3982092882251415,0.408846697636841,0.3864359586316627,0.2784246083081788,0.5551537070524413
matched_marginal,26,3385255092,random_forest,statistics_rawsig_shuffled,50,max_depth=6,0.406562616707447,0.4025743044221528,0.3864323544064943,0.4001211876388608,0.3284606205250596,0.261463274399885,0.6177990183415139
matched_marginal,26,3385255092,random_forest,b3_logsig_shuffled,54,max_depth=10,0.4196606284043933,0.4216812868154448,0.4159182192385597,0.4242779236517875,0.411296738265712,0.3091849935316947,0.544562128648928
matched_marginal,26,3385255092,random_forest,b3_rawsig_shuffled,79,max_depth=10,0.4156832507039161,0.4218214703059161,0.4136507251194722,0.4230660472631791,0.3942919649960222,0.3014230271668823,0.5697494187548438
matched_marginal,26,3385255092,logistic,hmm,3,C=0.1,0.3401103289989856,0.35319150928023246,0.327008361973641,0.3435669561704706,0.21091885441527447,0.23731493459824637,0.6113407388271764
matched_marginal,26,3385255092,logistic,statistics,11,C=0.1,0.408783735875329,0.3964927792595059,0.3896615522907061,0.4075136336093718,0.4564439140811456,0.2256719850510277,0.5073624386463446
matched_marginal,26,3385255092,logistic,statistics_logsig,25,C=0.01,0.4280005387778565,0.4302128762564471,0.4265957315868289,0.4449202181377499,0.5315234685759745,0.2650567773465574,0.4940583828468096
matched_marginal,26,3385255092,logistic,statistics_rawsig,50,C=0.1,0.4375555478147783,0.4380683206327423,0.431937895179,0.4500504948495253,0.5051710421638823,0.2580135115710795,0.5510204081632653
matched_marginal,26,3385255092,logistic,b3,40,C=1.0,0.4075415124563996,0.4182567298015917,0.4162496646649347,0.4259745505958392,0.4646976929196499,0.3117723156532988,0.4783001808318264
matched_marginal,26,3385255092,logistic,b3_logsig,54,C=0.01,0.423577597416197,0.4290382626042897,0.4277648850772867,0.4374469804079984,0.4840891010342084,0.3261463274399885,0.4768793593386722
matched_marginal,26,3385255092,logistic,b3_rawsig,79,C=0.1,0.4369589212253666,0.4452837869008661,0.4426517278189845,0.453766915774591,0.4928400954653938,0.3179531407215754,0.525058124515629
matched_marginal,26,3385255092,logistic,logsig,14,C=1.0,0.4098857918402774,0.3891248097162377,0.3868203842281801,0.4065845283781054,0.5266507557677009,0.2439269800201236,0.3967966933608887
matched_marginal,26,3385255092,logistic,rawsig,39,C=1.0,0.4324818514039696,0.438372769917773,0.4294207145206845,0.4496061401737022,0.4921439936356404,0.2426333189593215,0.580340997158357
matched_marginal,26,3385255092,logistic,logsig_shuffled,14,C=1.0,0.3472594494975484,0.3469205979986166,0.3412811930665709,0.3480105029287013,0.3288583929992044,0.2593071726318816,0.4525962283647636
matched_marginal,26,3385255092,logistic,rawsig_shuffled,39,C=0.1,0.392715946935447,0.4030247779977959,0.379420043115824,0.3981417895374672,0.2956443914081145,0.2404772171913181,0.672952725393955
matched_marginal,26,3385255092,logistic,statistics_logsig_shuffled,25,C=0.1,0.4095695049996078,0.3988755115083619,0.3922470993586703,0.4093718440719047,0.4544550517104216,0.2317090700014374,0.5104624128132266
matched_marginal,26,3385255092,logistic,statistics_rawsig_shuffled,50,C=0.1,0.414281795833854,0.4190309253294184,0.4090978277113415,0.4287214704100182,0.4578361177406523,0.2278280868190312,0.5714285714285714
matched_marginal,26,3385255092,logistic,b3_logsig_shuffled,54,C=1.0,0.4075968551306071,0.4167431526499459,0.4147299473176093,0.4243587154110281,0.4623110580747812,0.3109098749460974,0.4770085249289589
matched_marginal,26,3385255092,logistic,b3_rawsig_shuffled,79,C=0.01,0.417731728839435,0.4291725513202216,0.4265390227495282,0.4361543122601494,0.4657915672235481,0.3169469598965071,0.5047791268406097
matched_marginal,26,3385255092,gbm,hmm,3,max_leaf_nodes=7,0.35484248845453736,0.35743976820179424,0.3426954695164652,0.34768733589173906,0.2425417661097852,0.3262900675578554,0.5034874709377422
matched_marginal,26,3385255092,gbm,statistics,11,max_leaf_nodes=7,0.3964295554345671,0.3870664565948797,0.3848042068986759,0.3920016158351848,0.4062251392203659,0.287911456087394,0.4670627744768794
matched_marginal,26,3385255092,gbm,statistics_logsig,25,max_leaf_nodes=15,0.410089754904718,0.4051789700572877,0.4033637882888745,0.4104221369420319,0.4289976133651551,0.3100474342388961,0.4764918625678119
matched_marginal,26,3385255092,gbm,statistics_rawsig,50,max_leaf_nodes=7,0.4110076763037055,0.4037451583219462,0.4018488427973143,0.409573823470006,0.4315831344470963,0.3019979876383498,0.4776543528803926
matched_marginal,26,3385255092,gbm,b3,40,max_leaf_nodes=15,0.3961037054625842,0.4074951335360031,0.4056331291350557,0.4109876792567158,0.4171638822593476,0.3258588472042547,0.4794626711444071
matched_marginal,26,3385255092,gbm,b3_logsig,54,max_leaf_nodes=7,0.402770169318337,0.4189029139574661,0.4169951359491557,0.4238335689759644,0.4401352426412092,0.3260025873221216,0.4905709119090674
matched_marginal,26,3385255092,gbm,b3_rawsig,79,max_leaf_nodes=31,0.4029681694342779,0.4116244407531312,0.4107636834724472,0.4152696424964653,0.4284009546539379,0.3461262038234871,0.4603461637819684
matched_marginal,26,3385255092,gbm,logsig,14,max_leaf_nodes=7,0.4164783038199073,0.4146321101436365,0.4091244619162543,0.4213694203191274,0.4388424821002387,0.2735374443007043,0.5315164040299665
matched_marginal,26,3385255092,gbm,rawsig,39,max_leaf_nodes=7,0.4148228835286911,0.4062184358600848,0.3988762176150482,0.4098969905069682,0.4007557677008751,0.2741124047721719,0.5437871351072074
matched_marginal,26,3385255092,gbm,logsig_shuffled,14,max_leaf_nodes=7,0.3774328091442843,0.3908993078558011,0.3651779154112955,0.3851747121793577,0.2755568814638027,0.2314215897657036,0.6657194523378972
matched_marginal,26,3385255092,gbm,rawsig_shuffled,39,max_leaf_nodes=7,0.3800311770169799,0.39262184391515,0.3651186560224914,0.3853362956978388,0.2626292760540971,0.239183556130516,0.676052699560837
matched_marginal,26,3385255092,gbm,statistics_logsig_shuffled,25,max_leaf_nodes=15,0.4006925426910857,0.3901240978109058,0.3875119501145061,0.3941829933346799,0.4016507557677009,0.2961046428058071,0.4726168948592095
matched_marginal,26,3385255092,gbm,statistics_rawsig_shuffled,50,max_leaf_nodes=15,0.402323485980752,0.3949909004650569,0.3927653357799651,0.3990304988891133,0.4085123309466985,0.3074601121172919,0.4690002583311806
matched_marginal,26,3385255092,gbm,b3_logsig_shuffled,54,max_leaf_nodes=7,0.3945007299750965,0.405309160466933,0.403049001276364,0.409856594627348,0.4217382657120127,0.3103349144746298,0.4838543012141565
matched_marginal,26,3385255092,gbm,b3_rawsig_shuffled,79,max_leaf_nodes=7,0.3955565888010845,0.4057886763564129,0.4031941877949317,0.4092102605534236,0.4128878281622912,0.3188155814287767,0.485662619478171
matched_marginal,27,689021210,random_forest,hmm,3,max_depth=10,0.35953352721573034,0.3701484359041336,0.35880894963362175,0.36691577459099173,0.37516718680338834,0.2254638671875,0.5098142537215123
matched_marginal,27,689021210,random_forest,statistics,11,max_depth=4,0.410546064875229,0.3955064444837117,0.3589707388818159,0.3963643708341749,0.5403477485510477,0.0980224609375,0.5481491239625873
matched_marginal,27,689021210,random_forest,statistics_logsig,25,max_depth=10,0.4194958205992792,0.4098374454830469,0.3962965229777941,0.409129468794183,0.483281319661168,0.2119140625,0.5343169542879725
matched_marginal,27,689021210,random_forest,statistics_rawsig,50,max_depth=10,0.4304588391913964,0.414711873984501,0.4050636707073087,0.4124015350434256,0.4423762817654926,0.2559814453125,0.5457778948755104
matched_marginal,27,689021210,random_forest,b3,40,max_depth=4,0.4145540179874394,0.4174600789549913,0.3925756791205816,0.4162795394869723,0.5076905929558627,0.1614990234375,0.5831906204716111
matched_marginal,27,689021210,random_forest,b3_logsig,54,max_depth=6,0.4178241356863841,0.4151247157921349,0.3889423484793572,0.4132498485154514,0.4947614801604993,0.1549072265625,0.5957054406534054
matched_marginal,27,689021210,random_forest,b3_rawsig,79,max_depth=10,0.4224085743907698,0.4102137843978339,0.3910265925731893,0.4069480912946879,0.4470575122603656,0.1910400390625,0.5925438018706363
matched_marginal,27,689021210,random_forest,logsig,14,max_depth=10,0.4213544228306114,0.4003615107587269,0.387368289017737,0.4028681074530398,0.5306509139545252,0.2042236328125,0.4662099855091556
matched_marginal,27,689021210,random_forest,rawsig,39,max_depth=10,0.4094568246064123,0.390511473415123,0.3828708794508391,0.3881640072712583,0.4090503789567543,0.251220703125,0.5112633381636148
matched_marginal,27,689021210,random_forest,logsig_shuffled,14,max_depth=10,0.3935562369260235,0.3849585463496443,0.3533738906569615,0.3791153302363159,0.390213999108337,0.1322021484375,0.6324594915030958
matched_marginal,27,689021210,random_forest,rawsig_shuffled,39,max_depth=6,0.3946128844165846,0.3846895940930824,0.3567268830084615,0.377822662088467,0.3610120374498439,0.15625,0.6368067448294032
matched_marginal,27,689021210,random_forest,statistics_logsig_shuffled,25,max_depth=10,0.4135157025939171,0.4080858624089323,0.3962596496874595,0.4065037366188648,0.4590949621043245,0.2257080078125,0.5394546173099724
matched_marginal,27,689021210,random_forest,statistics_rawsig_shuffled,50,max_depth=10,0.4207598171245778,0.4136821172926235,0.4038980735078621,0.410866491617855,0.4317877842175657,0.256103515625,0.553155052035305
matched_marginal,27,689021210,random_forest,b3_logsig_shuffled,54,max_depth=6,0.4175212623823983,0.4153613698270076,0.3890110416499473,0.4130882649969703,0.487962550156041,0.1549072265625,0.6032143327624819
matched_marginal,27,689021210,random_forest,b3_rawsig_shuffled,79,max_depth=10,0.4172745503761675,0.4078391268472059,0.3872885848446923,0.4044435467582307,0.4459429335711101,0.180419921875,0.5971545250955078
matched_marginal,27,689021210,logistic,hmm,3,C=0.01,0.3471542448043361,0.3481543955302051,0.2921305634670266,0.3470410018178146,0.4671199286669639,0.0289306640625,0.5484125938611514
matched_marginal,27,689021210,logistic,statistics,11,C=0.01,0.4178926971273971,0.4152321915992498,0.4022236430996742,0.4161987477277317,0.5193936691930451,0.2156982421875,0.5106046634172046
matched_marginal,27,689021210,logistic,statistics_logsig,25,C=1.0,0.4319433615290766,0.4311697690480887,0.4246364986218196,0.432033932538881,0.5125947391885867,0.2796630859375,0.5012514820181794
matched_marginal,27,689021210,logistic,statistics_rawsig,50,C=1.0,0.4583719520335726,0.4605889543891471,0.4545698433644791,0.4628963845687739,0.5714444939812751,0.3009033203125,0.5094190488736662
matched_marginal,27,689021210,logistic,b3,40,C=1.0,0.4105168438667118,0.395472593550475,0.3930132839038934,0.3947081397697435,0.4160722246990637,0.316650390625,0.4536951653273613
matched_marginal,27,689021210,logistic,b3_logsig,54,C=1.0,0.426814205874658,0.4057405487014628,0.404180389910544,0.4060997778226621,0.4473918858671422,0.3248291015625,0.4450006586747464
matched_marginal,27,689021210,logistic,b3_rawsig,79,C=0.1,0.4502401081634044,0.442142384783828,0.4391051200890786,0.4431831953140779,0.5160499331252787,0.315185546875,0.4951916743512053
matched_marginal,27,689021210,logistic,logsig,14,C=0.1,0.4041349125907275,0.3822051211792106,0.3719455942905212,0.3868309432437891,0.5381185911725368,0.2144775390625,0.3940192333025952
matched_marginal,27,689021210,logistic,rawsig,39,C=1.0,0.4472958960258486,0.4367160389852247,0.4220445678158018,0.4383356897596445,0.5611903700401248,0.2174072265625,0.5315505203530496
matched_marginal,27,689021210,logistic,logsig_shuffled,14,C=0.01,0.3573646797363434,0.3425669460685711,0.3167465135187531,0.344213290244395,0.4753678109674543,0.105224609375,0.4471084178632591
matched_marginal,27,689021210,logistic,rawsig_shuffled,39,C=1.0,0.3995551282425114,0.3922760581154111,0.3582648892892322,0.3871945061603716,0.4194159607668301,0.12060546875,0.6368067448294032
matched_marginal,27,689021210,logistic,statistics_logsig_shuffled,25,C=0.1,0.4190014479911974,0.4218556774513173,0.4089487251869916,0.4213290244395071,0.4967677218011591,0.22802734375,0.5407719668027928
matched_marginal,27,689021210,logistic,statistics_rawsig_shuffled,50,C=1.0,0.4346856155894052,0.4356424716673648,0.4237225692600998,0.4355483740658453,0.5188363798484174,0.2406005859375,0.5474904492161771
matched_marginal,27,689021210,logistic,b3_logsig_shuffled,54,C=1.0,0.4111658380703488,0.3956692850445228,0.3932557265325587,0.3949101191678448,0.4161836825679893,0.3172607421875,0.4535634303780793
matched_marginal,27,689021210,logistic,b3_rawsig_shuffled,79,C=0.1,0.4240990681055973,0.418423839668204,0.4149038421899817,0.4181781458291254,0.4627730717788675,0.306396484375,0.4861019628507443
matched_marginal,27,689021210,gbm,hmm,3,max_leaf_nodes=7,0.3570717882951819,0.3696590003762756,0.36174804523500187,0.36711775398909313,0.37639322336156933,0.24951171875,0.4830720590172573
matched_marginal,27,689021210,gbm,statistics,11,max_leaf_nodes=7,0.4055723321531275,0.4008308171751274,0.3907958466737142,0.3983841648151888,0.4253232278198841,0.2437744140625,0.5333948096429982
matched_marginal,27,689021210,gbm,statistics_logsig,25,max_leaf_nodes=7,0.4232738944393697,0.4278807027172865,0.4194247377571123,0.4266612805493839,0.4729157378510923,0.274169921875,0.5365564484257673
matched_marginal,27,689021210,gbm,statistics_rawsig,50,max_leaf_nodes=7,0.4202082749460474,0.4195828641501634,0.4131680435845961,0.417976166431024,0.44694605439144,0.29052734375,0.5212751943090502
matched_marginal,27,689021210,gbm,b3,40,max_leaf_nodes=7,0.4130425170774914,0.4176421855888642,0.4083337286146976,0.4155524136538073,0.4487293802942487,0.2601318359375,0.5440653405348439
matched_marginal,27,689021210,gbm,b3_logsig,54,max_leaf_nodes=7,0.4153664145050896,0.4194407258356382,0.4092274818514371,0.4177337911533023,0.4621043245653143,0.2510986328125,0.5451192201291003
matched_marginal,27,689021210,gbm,b3_rawsig,79,max_leaf_nodes=7,0.4186789784464476,0.4146053752209229,0.4051141567564315,0.4126843062007675,0.4497325011145787,0.2547607421875,0.5393228823606903
matched_marginal,27,689021210,gbm,logsig,14,max_leaf_nodes=7,0.424755705132733,0.4182547263487996,0.4129115192091543,0.4208442738840638,0.5254123941150245,0.2786865234375,0.4506652614938743
matched_marginal,27,689021210,gbm,rawsig,39,max_leaf_nodes=7,0.4149776428424225,0.4083109106582959,0.403504675748276,0.4090082811553222,0.4798261257244761,0.272705078125,0.4724015281254117
matched_marginal,27,689021210,gbm,logsig_shuffled,14,max_leaf_nodes=7,0.3895280009223786,0.3755565179906937,0.3662546565161799,0.3710361543122601,0.3462995987516719,0.256591796875,0.5237781583454091
matched_marginal,27,689021210,gbm,rawsig_shuffled,39,max_leaf_nodes=7,0.391177581394577,0.3819546760424195,0.3691350723813888,0.3764492021813775,0.3434016941596077,0.2437744140625,0.5586879199051509
matched_marginal,27,689021210,gbm,statistics_logsig_shuffled,25,max_leaf_nodes=7,0.4100874263204401,0.4077498455174009,0.3981926914429307,0.4052918602302565,0.4311190370040125,0.2528076171875,0.5393228823606903
matched_marginal,27,689021210,gbm,statistics_rawsig_shuffled,50,max_leaf_nodes=7,0.412700339955048,0.4082338358151067,0.3980856659581731,0.4055342355079782,0.4283325902808738,0.2508544921875,0.5455144249769464
matched_marginal,27,689021210,gbm,b3_logsig_shuffled,54,max_leaf_nodes=7,0.4130425170774914,0.4176421855888642,0.4083337286146976,0.4155524136538073,0.4487293802942487,0.2601318359375,0.5440653405348439
matched_marginal,27,689021210,gbm,b3_rawsig_shuffled,79,max_leaf_nodes=7,0.4130452806935501,0.4175429638901906,0.4082799318834611,0.4153504342557059,0.4460543914400356,0.26171875,0.5448557502305361
matched_marginal,28,2556523997,random_forest,hmm,3,max_depth=6,0.35576824288020087,0.331186876203075,0.3176754967304213,0.32732781256311855,0.3213398035270446,0.32341975936281986,0.3488010657193606
matched_marginal,28,2556523997,random_forest,statistics,11,max_depth=4,0.399331706926456,0.3596302031514476,0.3388974752608982,0.3519692991314886,0.4890519588116936,0.2636841213353669,0.3261545293072824
matched_marginal,28,2556523997,random_forest,statistics_logsig,25,max_depth=6,0.4076623917884505,0.383564601645002,0.3571863881622112,0.3641688547768127,0.4748490945674044,0.2684290798169801,0.4074156305506217
matched_marginal,28,2556523997,random_forest,statistics_rawsig,50,max_depth=10,0.4038313558610678,0.3882827473525307,0.354694340281354,0.3556857200565542,0.3886850514853829,0.2774953397729198,0.4986678507992895
matched_marginal,28,2556523997,random_forest,b3,40,max_depth=4,0.396821119194022,0.3795824513599905,0.3354772996740713,0.3342355079781862,0.3164871582435791,0.2598712082697847,0.5623889875666075
matched_marginal,28,2556523997,random_forest,b3_logsig,54,max_depth=6,0.3990500018000984,0.3923242764581907,0.3472871714829879,0.3457079377903453,0.3537696768848384,0.2550415183867141,0.5681616341030196
matched_marginal,28,2556523997,random_forest,b3_rawsig,79,max_depth=10,0.3951463667613295,0.3869559611991595,0.3432884587222302,0.3422338921430014,0.3357793821754053,0.2629215387222505,0.5621669626998224
matched_marginal,28,2556523997,random_forest,logsig,14,max_depth=10,0.4125278396315825,0.381474571340137,0.3561297274275271,0.3599676832963038,0.3871464078589182,0.3054567022538553,0.4518206039076377
matched_marginal,28,2556523997,random_forest,rawsig,39,max_depth=10,0.3926566371153197,0.383628353387484,0.3478329060728449,0.3507170268632599,0.2906852881997869,0.3222335197424165,0.5379662522202486
matched_marginal,28,2556523997,random_forest,logsig_shuffled,14,max_depth=10,0.3678855415022992,0.3639501427083438,0.3217933383264255,0.3250252474247627,0.2435791217895609,0.2969835621081172,0.5512877442273535
matched_marginal,28,2556523997,random_forest,rawsig_shuffled,39,max_depth=10,0.3724169360126284,0.3695320716250458,0.3393513179483379,0.3430014138557867,0.2997987927565392,0.3172343670564311,0.4915630550621669
matched_marginal,28,2556523997,random_forest,statistics_logsig_shuffled,25,max_depth=4,0.4015145423635101,0.365955703365486,0.3441924788646386,0.3509997980206019,0.4301100721978932,0.2805456702253855,0.3872113676731794
matched_marginal,28,2556523997,random_forest,statistics_rawsig_shuffled,50,max_depth=6,0.3980248849065202,0.3861238533402645,0.3481869441907954,0.3477681276509796,0.347023316368801,0.2771564141670903,0.5341918294849023
matched_marginal,28,2556523997,random_forest,b3_logsig_shuffled,54,max_depth=6,0.3951474864058742,0.3892488634496985,0.3453567294265843,0.3438901232074328,0.352112676056338,0.255465175394001,0.5601687388987566
matched_marginal,28,2556523997,random_forest,b3_rawsig_shuffled,79,max_depth=6,0.3949288810256637,0.3856761131710182,0.340525930852007,0.3390022217733791,0.3263108060125458,0.2594475512624978,0.5712699822380106
matched_marginal,28,2556523997,logistic,hmm,3,C=0.01,0.3452531312287109,0.32084467905316433,0.3117231467675539,0.32748939608159966,0.396023198011599,0.3027452974072191,0.26376554174067496
matched_marginal,28,2556523997,logistic,statistics,11,C=0.01,0.3969370889737115,0.358021868265969,0.3395502037332147,0.3472025853362957,0.414960350337318,0.2905439755973564,0.3685612788632327
matched_marginal,28,2556523997,logistic,statistics_logsig,25,C=0.01,0.4134493925009073,0.3712585595652209,0.3547081617510391,0.3650575641284589,0.4335424310569298,0.316556515844772,0.3636767317939609
matched_marginal,28,2556523997,logistic,statistics_rawsig,50,C=1.0,0.449513391382676,0.425549001819354,0.3959435101974158,0.4005251464350636,0.4873949579831932,0.3072360616844602,0.4820159857904085
matched_marginal,28,2556523997,logistic,b3,40,C=0.01,0.3961100351418095,0.366591017615845,0.350232475331353,0.3598060997778227,0.4046632737602083,0.3229961023555329,0.3721136767317939
matched_marginal,28,2556523997,logistic,b3_logsig,54,C=0.01,0.4036373182422781,0.3704048332024019,0.355117547588164,0.3657442940820036,0.4136584211149248,0.3312150482968988,0.3663410301953819
matched_marginal,28,2556523997,logistic,b3_rawsig,79,C=1.0,0.4359460387618818,0.4160978637170964,0.393610862097706,0.4011714805089881,0.4673925908391526,0.3377393662091171,0.4431616341030195
matched_marginal,28,2556523997,logistic,logsig,14,C=0.01,0.396444017291734,0.36385214298712,0.3536527367598344,0.3666330034336497,0.3847792638182033,0.3619725470259278,0.3448046181172291
matched_marginal,28,2556523997,logistic,rawsig,39,C=1.0,0.441176943826474,0.4338854978186031,0.3977501860333057,0.398707331852151,0.4540182270091135,0.3036773428232503,0.5439609236234458
matched_marginal,28,2556523997,logistic,logsig_shuffled,14,C=0.1,0.344458369404828,0.3236104870096172,0.3138609829281906,0.3400525146435064,0.2271274707065925,0.4315370276224369,0.3121669626998223
matched_marginal,28,2556523997,logistic,rawsig_shuffled,39,C=1.0,0.3797635496619242,0.3843354775320622,0.3341753592830187,0.334639466774389,0.2771925671677122,0.2736824267073377,0.6021314387211367
matched_marginal,28,2556523997,logistic,statistics_logsig_shuffled,25,C=1.0,0.3968981066905157,0.3655845921813054,0.3472277787232888,0.3548374065845284,0.4065569889927802,0.3069818674800881,0.3832149200710479
matched_marginal,28,2556523997,logistic,statistics_rawsig_shuffled,50,C=1.0,0.4216441322648436,0.397163071798878,0.3706108834947355,0.3751161381539083,0.4366197183098591,0.3010506693780715,0.4538188277087033
matched_marginal,28,2556523997,logistic,b3_logsig_shuffled,54,C=0.01,0.3939133336117427,0.3665238076504795,0.3507277392958428,0.3606544132498485,0.4030062729317079,0.3268937468225724,0.3696714031971581
matched_marginal,28,2556523997,logistic,b3_rawsig_shuffled,79,C=0.1,0.4118693019582238,0.391042230835429,0.370044799516269,0.3770551403756816,0.4219434252574269,0.3268937468225724,0.4242895204262877
matched_marginal,28,2556523997,gbm,hmm,3,max_leaf_nodes=7,0.3517420745281889,0.3309776526327801,0.319488726653449,0.33358917390426174,0.2859510001183572,0.3641755634638197,0.3428063943161634
matched_marginal,28,2556523997,gbm,statistics,11,max_leaf_nodes=7,0.3876490735663191,0.3848623202181221,0.3587847659700875,0.3631589577863058,0.4157888507515682,0.2945263514658532,0.4442717584369449
matched_marginal,28,2556523997,gbm,statistics_logsig,25,max_leaf_nodes=7,0.3982276243376195,0.3861778327666814,0.3612131788088917,0.365946273480105,0.406201917386673,0.306727673275716,0.4456039076376554
matched_marginal,28,2556523997,gbm,statistics_rawsig,50,max_leaf_nodes=31,0.3976909726321107,0.3801120846623506,0.3547358793618851,0.3584730357503534,0.3973251272339922,0.2974072191154042,0.4456039076376554
matched_marginal,28,2556523997,gbm,b3,40,max_leaf_nodes=7,0.3991981046477069,0.3864457716034392,0.3601976991815508,0.3640880630175722,0.4005207716889573,0.3029994916115912,0.4558170515097691
matched_marginal,28,2556523997,gbm,b3_logsig,54,max_leaf_nodes=7,0.4031745037099359,0.3917642616011339,0.3649568177145404,0.3685316097758028,0.4045449165581725,0.3060498220640569,0.4646980461811723
matched_marginal,28,2556523997,gbm,b3_rawsig,79,max_leaf_nodes=15,0.397019456476682,0.386550958273188,0.3601838868485074,0.3640476671379519,0.3850159782222748,0.3110489747500423,0.4635879218472469
matched_marginal,28,2556523997,gbm,logsig,14,max_leaf_nodes=7,0.4173311943966218,0.3908485948345852,0.3710627428599538,0.3778630579680873,0.406201917386673,0.3385019488222335,0.427841918294849
matched_marginal,28,2556523997,gbm,rawsig,39,max_leaf_nodes=15,0.4176832201976042,0.4028918475739671,0.3800522496429545,0.3858614421329024,0.4129482779027104,0.3396881884426368,0.4560390763765541
matched_marginal,28,2556523997,gbm,logsig_shuffled,14,max_leaf_nodes=7,0.3733781035731043,0.3664447562458338,0.342390957444417,0.3480912946879418,0.3108060125458634,0.3342653787493645,0.4542628774422735
matched_marginal,28,2556523997,gbm,rawsig_shuffled,39,max_leaf_nodes=7,0.3705396946097805,0.3646273808961024,0.3390313482495896,0.344778832559079,0.2957746478873239,0.3345195729537366,0.4635879218472469
matched_marginal,28,2556523997,gbm,statistics_logsig_shuffled,25,max_leaf_nodes=7,0.3858717221302782,0.3855981095813994,0.3603119146901853,0.3648151888507372,0.409397561841638,0.3022369089984748,0.4451598579040852
matched_marginal,28,2556523997,gbm,statistics_rawsig_shuffled,50,max_leaf_nodes=7,0.3914329034340204,0.3881946292582087,0.3616318740481751,0.3655019188042819,0.4095159190436738,0.2996949669547534,0.4553730017761989
matched_marginal,28,2556523997,gbm,b3_logsig_shuffled,54,max_leaf_nodes=7,0.3994302483574707,0.3847567241003201,0.3581392904418495,0.3616643102403555,0.3976801988400994,0.2994407727503813,0.4571492007104796
matched_marginal,28,2556523997,gbm,b3_rawsig_shuffled,79,max_leaf_nodes=7,0.3972586719338296,0.3859067037991406,0.3582961180261536,0.3615431226014946,0.3981536276482424,0.2966446365022877,0.4629218472468916
matched_marginal,29,1164312638,random_forest,hmm,3,max_depth=4,0.36677684763591084,0.350758054635776,0.29714813559568864,0.3302363158957786,0.18055824772242682,0.15297884187082406,0.718737074314077
matched_marginal,29,1164312638,random_forest,statistics,11,max_depth=6,0.3983803226716375,0.3995925722162903,0.3886440303961332,0.4058977984245607,0.44640434192673,0.2168708240534521,0.5355025506686888
matched_marginal,29,1164312638,random_forest,statistics_logsig,25,max_depth=4,0.4051080608785706,0.4108617194262394,0.3894480951059238,0.4208038780044435,0.4854622988951347,0.1577115812917594,0.589411278091824
matched_marginal,29,1164312638,random_forest,statistics_rawsig,50,max_depth=4,0.4107285343377067,0.3951415252499564,0.3716758673361068,0.4035548374065845,0.457259158751696,0.1359966592427617,0.5921687577554116
matched_marginal,29,1164312638,random_forest,b3,40,max_depth=4,0.407414043974205,0.4087404187242896,0.3850169335795869,0.4138153908301353,0.4441752277573173,0.1620267260579064,0.6200193023576451
matched_marginal,29,1164312638,random_forest,b3_logsig,54,max_depth=4,0.4068063050839666,0.4134324072801282,0.3862222979291252,0.4212078368006463,0.4701492537313433,0.1432349665924276,0.6269130015166138
matched_marginal,29,1164312638,random_forest,b3_rawsig,79,max_depth=4,0.4116082753256919,0.40272690089254,0.3716955089365468,0.4075540294889921,0.4355495251017639,0.1288975501113585,0.6437336274644975
matched_marginal,29,1164312638,random_forest,logsig,14,max_depth=10,0.425249037921078,0.4251805411822191,0.4099735446912678,0.448555847303575,0.608063578212832,0.1625835189309576,0.5048945264028678
matched_marginal,29,1164312638,random_forest,rawsig,39,max_depth=10,0.4210211482700303,0.4056001865462278,0.3824435879858044,0.4026257321753181,0.3769141306454739,0.1984966592427617,0.641389769750448
matched_marginal,29,1164312638,random_forest,logsig_shuffled,14,max_depth=6,0.4023138005968502,0.377223559630732,0.3236492438701277,0.3717632801454251,0.3264198488079085,0.0794821826280623,0.725768647456225
matched_marginal,29,1164312638,random_forest,rawsig_shuffled,39,max_depth=4,0.3996923513723101,0.3803094368959503,0.3238122999920026,0.3791557261159362,0.3637332816437294,0.0579064587973273,0.7192885702467944
matched_marginal,29,1164312638,random_forest,statistics_logsig_shuffled,25,max_depth=4,0.4015671927740235,0.3968196814402202,0.377238466763419,0.4050494849525348,0.4579375848032564,0.1591035634743875,0.5734178960430166
matched_marginal,29,1164312638,random_forest,statistics_rawsig_shuffled,50,max_depth=4,0.4079865932580493,0.3868235313685111,0.3617618279807255,0.3959200161583519,0.454351618530723,0.1229120267260579,0.5832069488487522
matched_marginal,29,1164312638,random_forest,b3_logsig_shuffled,54,max_depth=4,0.4031421925291666,0.4045373716862584,0.3784747181794718,0.4098969905069682,0.4420430315952704,0.1476893095768374,0.6238797738866676
matched_marginal,29,1164312638,random_forest,b3_rawsig_shuffled,79,max_depth=4,0.4076113744738177,0.4010642071863696,0.3708957325008972,0.4067057160169662,0.4404923434774181,0.1284799554565701,0.6342203226251206
matched_marginal,29,1164312638,logistic,hmm,3,C=0.1,0.37076571854353463,0.3499324143225873,0.32277623009368733,0.34057766107856996,0.2705950765652258,0.18193207126948774,0.5972700951330484
matched_marginal,29,1164312638,logistic,statistics,11,C=1.0,0.4082177808354525,0.3827146605821012,0.3690758671898506,0.397535851343163,0.4972862957937585,0.1546492204899777,0.4962084654625672
matched_marginal,29,1164312638,logistic,statistics_logsig,25,C=0.01,0.4220693265743299,0.4158653489090131,0.4073740190216528,0.432316703696223,0.5440007753440589,0.205456570155902,0.4981387012270784
matched_marginal,29,1164312638,logistic,statistics_rawsig,50,C=1.0,0.4472784723617795,0.4608349355009339,0.4526126639122288,0.4758634619268834,0.5773405698778833,0.2442928730512249,0.5608713635736936
matched_marginal,29,1164312638,logistic,b3,40,C=1.0,0.4002996251649,0.3909976713303074,0.3855234921012407,0.3961623914360735,0.429637526652452,0.2544543429844098,0.4889011443540604
matched_marginal,29,1164312638,logistic,b3_logsig,54,C=1.0,0.4202775058492773,0.4106630792767998,0.4058101596967412,0.4202787315693799,0.4847838728435743,0.2533407572383073,0.4938646077485178
matched_marginal,29,1164312638,logistic,b3_rawsig,79,C=1.0,0.4427793300978446,0.4514504905142633,0.446064280004216,0.4622096546152292,0.5344058926148478,0.2763084632516703,0.5436371156762719
matched_marginal,29,1164312638,logistic,logsig,14,C=1.0,0.4098521184524942,0.4189787582464225,0.4054491403689553,0.4452029892950919,0.625218065516573,0.1717706013363029,0.4599476078863918
matched_marginal,29,1164312638,logistic,rawsig,39,C=1.0,0.459856222137273,0.4864018180103245,0.4673416678730164,0.5021611795596849,0.6072882341539058,0.2022550111358574,0.6496622087412105
matched_marginal,29,1164312638,logistic,logsig_shuffled,14,C=0.01,0.372873737230757,0.3367695653340992,0.32514747212877,0.3484952534841446,0.4273114944756735,0.1518652561247216,0.4311319454019026
matched_marginal,29,1164312638,logistic,rawsig_shuffled,39,C=0.1,0.4095313185501839,0.3960284506114431,0.3580350563445212,0.3878408402342961,0.3244814886605931,0.1553452115812917,0.7082586515924445
matched_marginal,29,1164312638,logistic,statistics_logsig_shuffled,25,C=0.01,0.4092259496683574,0.3848530610292959,0.3716138976944486,0.3991920824075944,0.4955417716611746,0.157293986636971,0.5017234247897422
matched_marginal,29,1164312638,logistic,statistics_rawsig_shuffled,50,C=1.0,0.4124233169779542,0.3940925225964231,0.3800526118807767,0.4041607756008887,0.4704400077534406,0.1733017817371937,0.5385357782986351
matched_marginal,29,1164312638,logistic,b3_logsig_shuffled,54,C=1.0,0.4006688238682671,0.3899289274327631,0.3845924209652324,0.3953948697232882,0.4309943787555728,0.2530623608017817,0.4857300427409348
matched_marginal,29,1164312638,logistic,b3_rawsig_shuffled,79,C=1.0,0.4106013218005004,0.398489090739525,0.3922522806311059,0.4017774187032922,0.422077922077922,0.2665645879732739,0.506824762167379
matched_marginal,29,1164312638,gbm,hmm,3,max_leaf_nodes=7,0.36368974171207863,0.3466923245818652,0.33070189015703894,0.34045647343970914,0.29356464431091295,0.22396993318485522,0.5225423962498277
matched_marginal,29,1164312638,gbm,statistics,11,max_leaf_nodes=7,0.3955973738557806,0.3739380750575825,0.3719339856402268,0.3793577055140376,0.415390579569684,0.2708797327394209,0.4355439128636426
matched_marginal,29,1164312638,gbm,statistics_logsig,25,max_leaf_nodes=7,0.4140970829621331,0.4065246326035974,0.4049885119269186,0.4159159765703898,0.4794533824384571,0.2767260579064588,0.4633944574658762
matched_marginal,29,1164312638,gbm,statistics_rawsig,50,max_leaf_nodes=7,0.4149598453155492,0.4050130818150217,0.4009946154503216,0.4094526358311452,0.4379724752859081,0.2763084632516703,0.5007583069074866
matched_marginal,29,1164312638,gbm,b3,40,max_leaf_nodes=7,0.3969885114477889,0.385477420501533,0.3817076083858217,0.3865885679660674,0.3927117658460942,0.308184855233853,0.4555356404246519
matched_marginal,29,1164312638,gbm,b3_logsig,54,max_leaf_nodes=7,0.4016655978606953,0.3935651819626604,0.3900539034795862,0.3970107049080993,0.4190734638495832,0.2905066815144766,0.4711154005239211
matched_marginal,29,1164312638,gbm,b3_rawsig,79,max_leaf_nodes=7,0.4041479077822594,0.3983250372041285,0.3935706768025795,0.3995152494445566,0.4056987788331072,0.298858574610245,0.4904177581690335
matched_marginal,29,1164312638,gbm,logsig,14,max_leaf_nodes=15,0.4285170498712873,0.4269149723681022,0.4201521130500565,0.4361543122601494,0.49748013180849,0.2466592427616926,0.5366055425341238
matched_marginal,29,1164312638,gbm,rawsig,39,max_leaf_nodes=7,0.433664360376138,0.4331683311053497,0.4216797306548041,0.4398707331852151,0.4827485946888932,0.2309298440979955,0.5858265545291603
matched_marginal,29,1164312638,gbm,logsig_shuffled,14,max_leaf_nodes=7,0.3934132191237503,0.3794069048966306,0.3581686172522068,0.3764895980609978,0.3516185307230083,0.1916759465478842,0.5949262374189991
matched_marginal,29,1164312638,gbm,rawsig_shuffled,39,max_leaf_nodes=7,0.3946372961180306,0.3850390262815813,0.3622668330943421,0.3820238335689759,0.3562705950765652,0.188891982182628,0.6099545015855508
matched_marginal,29,1164312638,gbm,statistics_logsig_shuffled,25,max_leaf_nodes=7,0.4011998505082761,0.3790214462336292,0.3776198474482952,0.3842860028277116,0.4194611358790463,0.286609131403118,0.4309940714187233
matched_marginal,29,1164312638,gbm,statistics_rawsig_shuffled,50,max_leaf_nodes=7,0.3965835004075702,0.383326021122205,0.3814319431729334,0.3885275701878408,0.4230471021515797,0.281597995545657,0.4453329656693782
matched_marginal,29,1164312638,gbm,b3_logsig_shuffled,54,max_leaf_nodes=7,0.3969885114477889,0.385477420501533,0.3817076083858217,0.3865885679660674,0.3927117658460942,0.308184855233853,0.4555356404246519
matched_marginal,29,1164312638,gbm,b3_rawsig_shuffled,79,max_leaf_nodes=7,0.39555515768136,0.3839581834495906,0.3799307684070628,0.384932336901636,0.3899980616398527,0.3027561247216035,0.4591203639873156
matched_marginal,30,3560492814,random_forest,hmm,3,max_depth=4,0.3645663183597234,0.34305756510899327,0.32505792212762297,0.32639870733185217,0.43867670790747715,0.2271677901930003,0.36332819722650234
matched_marginal,30,3560492814,random_forest,statistics,11,max_depth=6,0.405086681387897,0.4102251863446302,0.4060198558156256,0.4094122399515249,0.371301775147929,0.4140733216363468,0.4453004622496148
matched_marginal,30,3560492814,random_forest,statistics_logsig,25,max_depth=10,0.4134894771522719,0.4273907748746967,0.4185131865930626,0.4181781458291254,0.4324905863367402,0.3737187182565333,0.4759630200308166
matched_marginal,30,3560492814,random_forest,statistics_rawsig,50,max_depth=10,0.4163011617328485,0.4246741469720883,0.4121339179382118,0.4125227226822864,0.3848843464228079,0.364022532089759,0.5251155624036979
matched_marginal,30,3560492814,random_forest,b3,40,max_depth=4,0.4156285268769107,0.4256458411630259,0.4089575746012108,0.4140981619874773,0.3074233458848843,0.3855388309169821,0.5839753466872111
matched_marginal,30,3560492814,random_forest,b3_logsig,54,max_depth=4,0.4129264769606834,0.4308069736405608,0.4139073755950379,0.4186225005049485,0.315357719203873,0.3864622772185797,0.5906009244992296
matched_marginal,30,3560492814,random_forest,b3_rawsig,79,max_depth=6,0.4114060297742917,0.4276562110516291,0.4105635637586572,0.415229246616845,0.3142818719741796,0.3814756671899529,0.587211093990755
matched_marginal,30,3560492814,random_forest,logsig,14,max_depth=10,0.4219717608251807,0.4184308445891827,0.4020674015694653,0.4005251464350636,0.4743141473910705,0.3040908671160772,0.4768875192604006
matched_marginal,30,3560492814,random_forest,rawsig,39,max_depth=10,0.4059261608899589,0.4235045386212763,0.4001925296459734,0.4025045445364573,0.343329747175901,0.3211746236956321,0.6060092449922958
matched_marginal,30,3560492814,random_forest,logsig_shuffled,14,max_depth=10,0.4048149411969707,0.4027299161018881,0.3415170974070172,0.3567360129266815,0.2996234534696073,0.1628035829716502,0.7457627118644068
matched_marginal,30,3560492814,random_forest,rawsig_shuffled,39,max_depth=6,0.4052724144629887,0.3997647318881419,0.3274006919135515,0.3495859422338921,0.2684238838084992,0.1421183858158648,0.7887519260400616
matched_marginal,30,3560492814,random_forest,statistics_logsig_shuffled,25,max_depth=10,0.406934839027737,0.4260545536218518,0.4166835062795646,0.4161179559684912,0.4213286713286713,0.3703943115707822,0.4864406779661017
matched_marginal,30,3560492814,random_forest,statistics_rawsig_shuffled,50,max_depth=6,0.4129508378528657,0.414250700599347,0.4018327477495901,0.4063017572207635,0.3184507799892415,0.3897866839043309,0.5345146379044684
matched_marginal,30,3560492814,random_forest,b3_logsig_shuffled,54,max_depth=4,0.4117709855600868,0.4278941160439523,0.4104694557587064,0.4151080589779842,0.3146853146853147,0.3796287745867577,0.5893682588597843
matched_marginal,30,3560492814,random_forest,b3_rawsig_shuffled,79,max_depth=4,0.4134421082384034,0.4264731782338303,0.409431167117229,0.4154312260149465,0.3032544378698225,0.3903407516852895,0.585824345146379
matched_marginal,30,3560492814,logistic,hmm,3,C=1.0,0.36827607388354644,0.3585775826180984,0.3071098157269641,0.3187638860836195,0.4345077998924153,0.11487671991873673,0.5263482280431433
matched_marginal,30,3560492814,logistic,statistics,11,C=1.0,0.3921878433140852,0.4413962744131578,0.4007413264354653,0.4054534437487376,0.5829747175901022,0.2054668021054575,0.5357473035439138
matched_marginal,30,3560492814,logistic,statistics_logsig,25,C=0.1,0.4182437992029128,0.4594862521735748,0.4238634928462989,0.4273480105029287,0.6141742872512104,0.24240465416936,0.5218798151001541
matched_marginal,30,3560492814,logistic,statistics_rawsig,50,C=0.1,0.4465960534922344,0.4817770665491239,0.4492172353511325,0.4493637648959806,0.5828402366863905,0.2748176193554345,0.587673343605547
matched_marginal,30,3560492814,logistic,b3,40,C=0.1,0.3949210408833588,0.4169886860479916,0.4002410752729091,0.3985053524540496,0.4888380849919311,0.2958721950318589,0.4662557781201849
matched_marginal,30,3560492814,logistic,b3_logsig,54,C=0.1,0.410169226368864,0.4292051832266353,0.4124448807443537,0.4107049080993739,0.516406670252824,0.3046449348970357,0.4665639445300462
matched_marginal,30,3560492814,logistic,b3_rawsig,79,C=1.0,0.4341062950545291,0.4470721752108361,0.4309358189139356,0.4286406786507776,0.4973103819257665,0.3309631544925662,0.5129429892141757
matched_marginal,30,3560492814,logistic,logsig,14,C=0.01,0.3954808585615242,0.4142634760161301,0.3799094793342494,0.3867501514845485,0.600726196880043,0.216640502354788,0.4254237288135593
matched_marginal,30,3560492814,logistic,rawsig,39,C=0.1,0.4420805397079765,0.467249816749121,0.422732848752512,0.4264996970309028,0.5461269499731038,0.2175639486563856,0.6380585516178736
matched_marginal,30,3560492814,logistic,logsig_shuffled,14,C=0.1,0.344420771360742,0.3953587519926962,0.383577068178179,0.3857806503736619,0.4756589564281872,0.3232062055591467,0.387211093990755
matched_marginal,30,3560492814,logistic,rawsig_shuffled,39,C=0.1,0.4193653264670496,0.4242433436390028,0.3626063544139391,0.3756008887093516,0.400484131253362,0.1519069166127989,0.7203389830508474
matched_marginal,30,3560492814,logistic,statistics_logsig_shuffled,25,C=0.1,0.3967657792320829,0.4454706454750279,0.4052791727341094,0.4098161987477277,0.5895642818719742,0.2106381013944039,0.5362095531587057
matched_marginal,30,3560492814,logistic,statistics_rawsig_shuffled,50,C=0.1,0.4232015209460502,0.4410634243942013,0.4086175000677834,0.4092102605534236,0.5098171059709521,0.2443438914027149,0.5690292758089368
matched_marginal,30,3560492814,logistic,b3_logsig_shuffled,54,C=0.1,0.3941168281833313,0.4179985348321001,0.4013065115051642,0.3996364370834175,0.4904518558364712,0.2974420537445748,0.4661016949152542
matched_marginal,30,3560492814,logistic,b3_rawsig_shuffled,79,C=0.01,0.4176823783903248,0.4368358946317379,0.4192993598615372,0.4176126035144415,0.5024206562668101,0.312863606981254,0.4952234206471494
matched_marginal,30,3560492814,gbm,hmm,3,max_leaf_nodes=15,0.3621693905807945,0.3547634901737429,0.3464464682441226,0.3479297111694607,0.392684238838085,0.3075076184319882,0.3640986132511556
matched_marginal,30,3560492814,gbm,statistics,11,max_leaf_nodes=7,0.4024699318201161,0.4165009496290379,0.4058892903934008,0.4051302767117754,0.4435180204410973,0.3457382953181273,0.460246533127889
matched_marginal,30,3560492814,gbm,statistics_logsig,25,max_leaf_nodes=7,0.4186616250814849,0.4297328355034358,0.4174583035564169,0.4163603312462129,0.4731038192576654,0.3439837473450919,0.4721109399075501
matched_marginal,30,3560492814,gbm,statistics_rawsig,50,max_leaf_nodes=7,0.4160761801997574,0.4381140791579804,0.4235880829375101,0.422177337911533,0.4663797740720817,0.3410287191799797,0.5069337442218799
matched_marginal,30,3560492814,gbm,b3,40,max_leaf_nodes=7,0.4042213829749073,0.432801752460359,0.4143286923016987,0.4125227226822864,0.4806347498655191,0.3066765167605503,0.5110939907550077
matched_marginal,30,3560492814,gbm,b3_logsig,54,max_leaf_nodes=7,0.4109183058244674,0.432577387406855,0.4147594700120416,0.4130882649969703,0.4848036578805809,0.3100009234463016,0.5029275808936826
matched_marginal,30,3560492814,gbm,b3_rawsig,79,max_leaf_nodes=7,0.4029007554327236,0.435755004767199,0.4185998161611124,0.4170066653201373,0.4761968800430339,0.3199741435035552,0.5110939907550077
matched_marginal,30,3560492814,gbm,logsig,14,max_leaf_nodes=7,0.4270939048745262,0.4185189539752225,0.4028177562254209,0.4012118763886083,0.436256051640667,0.315910979776526,0.5033898305084745
matched_marginal,30,3560492814,gbm,rawsig,39,max_leaf_nodes=7,0.4145783093487958,0.4272174563974986,0.4093244443035964,0.4085639264794991,0.4089564281871974,0.3247760642718625,0.547919876733436
matched_marginal,30,3560492814,gbm,logsig_shuffled,14,max_leaf_nodes=7,0.3962012352233133,0.3963224986934079,0.3747633742692742,0.3773783074126439,0.3109198493813878,0.3068612060208698,0.5711864406779661
matched_marginal,30,3560492814,gbm,rawsig_shuffled,39,max_leaf_nodes=7,0.3955409695573473,0.3943901224570207,0.3710147707036982,0.3737830741264391,0.3099784830554061,0.2952257826207406,0.5779661016949152
matched_marginal,30,3560492814,gbm,statistics_logsig_shuffled,25,max_leaf_nodes=7,0.408238839866324,0.4237002746868752,0.4104941242188733,0.4092506564330438,0.4599246906939214,0.3333641148767199,0.4778120184899846
matched_marginal,30,3560492814,gbm,statistics_rawsig_shuffled,50,max_leaf_nodes=7,0.4102298240418136,0.4259512464644322,0.4128228576687077,0.4116744092102605,0.4596557288864981,0.3371502447132699,0.4810477657935285
matched_marginal,30,3560492814,gbm,b3_logsig_shuffled,54,max_leaf_nodes=7,0.4042213829749073,0.432801752460359,0.4143286923016987,0.4125227226822864,0.4806347498655191,0.3066765167605503,0.5110939907550077
matched_marginal,30,3560492814,gbm,b3_rawsig_shuffled,79,max_leaf_nodes=7,0.4041687609907951,0.4321116827580951,0.4154801300780654,0.4136538073116542,0.4799623453469607,0.3163727029273248,0.5
matched_marginal,31,523232252,random_forest,hmm,3,max_depth=6,0.39261748252467993,0.35553337889876135,0.3044476811100567,0.36554231468390225,0.38646006271905553,0.04122794008601513,0.6389121338912134
matched_marginal,31,523232252,random_forest,statistics,11,max_depth=6,0.4250666577164887,0.4058444058734023,0.3903338352410491,0.4292062209654615,0.5342187788230953,0.1554204360077117,0.5278940027894002
matched_marginal,31,523232252,random_forest,statistics_logsig,25,max_depth=6,0.4332456989205605,0.4129913770917935,0.3971496318661727,0.4343768935568572,0.5280391071757978,0.1625389292599733,0.5483960948396095
matched_marginal,31,523232252,random_forest,statistics_rawsig,50,max_depth=10,0.4347267849659755,0.4181402741316273,0.4071377127500753,0.4311048273076146,0.4824755580151263,0.219783479163577,0.5521617852161785
matched_marginal,31,523232252,random_forest,b3,40,max_depth=10,0.4341644179264048,0.4201618318157598,0.4101884962823245,0.4428196323974954,0.5473159933591588,0.2000593207771021,0.5131101813110182
matched_marginal,31,523232252,random_forest,b3_logsig,54,max_depth=10,0.4368766189609372,0.4261570765507351,0.4146266045622249,0.4498081195718036,0.5585685297915514,0.1936823372386178,0.5262203626220363
matched_marginal,31,523232252,random_forest,b3_rawsig,79,max_depth=6,0.4395456584345065,0.4170727863690555,0.398514411381331,0.4307008685114118,0.4805386460062719,0.1727717633100993,0.597907949790795
matched_marginal,31,523232252,random_forest,logsig,14,max_depth=10,0.4406994544768158,0.412068246272274,0.3988434646115451,0.4287214704100182,0.4977863862755949,0.1837461070740026,0.5546722454672246
matched_marginal,31,523232252,random_forest,rawsig,39,max_depth=10,0.4238081529321653,0.3992072827556122,0.3752736426638485,0.4012522722682286,0.3869212322449732,0.1749962924514311,0.6357043235704324
matched_marginal,31,523232252,random_forest,logsig_shuffled,14,max_depth=10,0.4056762636900506,0.3764304368151225,0.3238772709815219,0.3743890123207433,0.327707065117137,0.075782292748035,0.7258019525801953
matched_marginal,31,523232252,random_forest,rawsig_shuffled,39,max_depth=6,0.4117831079284191,0.3799555196472171,0.3294410891422536,0.3731367400525146,0.3015126360450101,0.1006970191309506,0.7376569037656904
matched_marginal,31,523232252,random_forest,statistics_logsig_shuffled,25,max_depth=6,0.4260901760445381,0.4044286966611889,0.3893440712127624,0.4251666330034336,0.5161409334071204,0.1628355331454842,0.5343096234309623
matched_marginal,31,523232252,random_forest,statistics_rawsig_shuffled,50,max_depth=4,0.4267507133633098,0.4066948660712859,0.388752125307751,0.4132498485154514,0.4263051097583472,0.1953136586089277,0.598465829846583
matched_marginal,31,523232252,random_forest,b3_logsig_shuffled,54,max_depth=10,0.4348540774174785,0.4230650184416333,0.4126931883170887,0.4456877398505352,0.549714074893931,0.200652528548124,0.5188284518828452
matched_marginal,31,523232252,random_forest,b3_rawsig_shuffled,79,max_depth=4,0.4344870346439545,0.4150613215433061,0.3887633677641023,0.4277115734195112,0.4682715366168604,0.1392555242473676,0.6376569037656904
matched_marginal,31,523232252,logistic,hmm,3,C=0.1,0.37937541930013935,0.33924862813646234,0.30830456957226143,0.3495455463542719,0.37880464858882124,0.08245588017203026,0.5564853556485355
matched_marginal,31,523232252,logistic,statistics,11,C=0.1,0.4072169884051915,0.3877158142097578,0.374181516645117,0.4077156130074732,0.4957572403615569,0.1573483612635325,0.5100418410041841
matched_marginal,31,523232252,logistic,statistics_logsig,25,C=1.0,0.4285337129062722,0.4123471794399493,0.4007526747073996,0.4345788729549586,0.5348644161593802,0.1770725196500074,0.5251046025104602
matched_marginal,31,523232252,logistic,statistics_rawsig,50,C=1.0,0.4542389694335796,0.4367970166046846,0.4277900551952296,0.4590991718844678,0.5601365061796717,0.2045083790597656,0.5457461645746164
matched_marginal,31,523232252,logistic,b3,40,C=1.0,0.4244865548868073,0.3962299688219186,0.3933104599850888,0.4127650979600081,0.4909610772920125,0.2522616046270206,0.4454672245467224
matched_marginal,31,523232252,logistic,b3_logsig,54,C=1.0,0.4385356649646514,0.4180428746267057,0.4163066164799029,0.4328014542516663,0.5029514849658735,0.292599733056503,0.4585774058577406
matched_marginal,31,523232252,logistic,b3_rawsig,79,C=1.0,0.457401657891304,0.4482949083489445,0.4455088582137437,0.4665724096142193,0.5532189632909057,0.2909684116861931,0.500697350069735
matched_marginal,31,523232252,logistic,logsig,14,C=0.01,0.4074389096287545,0.4082945679874704,0.4027144166015284,0.4421329024439507,0.6123408965135584,0.2012457363191457,0.4112970711297071
matched_marginal,31,523232252,logistic,rawsig,39,C=1.0,0.4533329901109362,0.4491192349402724,0.4362817915747493,0.4708543728539689,0.5669618151632541,0.2024321518611893,0.5779637377963738
matched_marginal,31,523232252,logistic,logsig_shuffled,14,C=0.01,0.3584337182069386,0.3245680113121662,0.3131637382257704,0.3200969501110887,0.2841726618705036,0.2363932967521874,0.4531380753138075
matched_marginal,31,523232252,logistic,rawsig_shuffled,39,C=1.0,0.4072072881156086,0.3910168339603562,0.3461244596528878,0.3947485356493637,0.3807415605976757,0.0863117306836719,0.7059972105997211
matched_marginal,31,523232252,logistic,statistics_logsig_shuffled,25,C=1.0,0.4069465400975736,0.3848730332790195,0.3703084093511139,0.4054938396283579,0.4963106437926581,0.1477087349844283,0.5105997210599721
matched_marginal,31,523232252,logistic,statistics_rawsig_shuffled,50,C=1.0,0.4217376379876331,0.3948220490981307,0.3783115558883339,0.4151080589779842,0.5021213798192216,0.1414800533886994,0.5408647140864714
matched_marginal,31,523232252,logistic,b3_logsig_shuffled,54,C=1.0,0.4249049060836432,0.3965509626699631,0.3936565045081611,0.4131286608765906,0.4915144807231138,0.2521133026842652,0.4460251046025104
matched_marginal,31,523232252,logistic,b3_rawsig_shuffled,79,C=1.0,0.4394885212809881,0.4151194390998485,0.4107939979583662,0.4311856190668552,0.5051650986902786,0.2580453803944831,0.4821478382147838
matched_marginal,31,523232252,gbm,hmm,3,max_leaf_nodes=7,0.38506523527929654,0.35151465840354285,0.3373961116542854,0.3608967885275702,0.39282420217672015,0.1628355331454842,0.498884239888424
matched_marginal,31,523232252,gbm,statistics,11,max_leaf_nodes=7,0.4099253960447231,0.4008197447435526,0.3939087353999959,0.4116744092102605,0.4556354916067146,0.2429185822334272,0.503905160390516
matched_marginal,31,523232252,gbm,statistics_logsig,25,max_leaf_nodes=7,0.4310214412829412,0.4182182725983196,0.4109252869395587,0.4347404564734397,0.5075631802250508,0.228681595728904,0.5184100418410041
matched_marginal,31,523232252,gbm,statistics_rawsig,50,max_leaf_nodes=15,0.4351384051998397,0.4020294161334001,0.3962288425853125,0.4195516057362149,0.4994465965688987,0.2239359335607296,0.4827057182705718
matched_marginal,31,523232252,gbm,b3,40,max_leaf_nodes=7,0.4290134023448859,0.411572350521215,0.4073624801220921,0.4296909715209048,0.5148496587345508,0.2492955657719116,0.4705718270571827
matched_marginal,31,523232252,gbm,b3_logsig,54,max_leaf_nodes=7,0.438446881389968,0.4092070018220231,0.4050550491805658,0.4257725711977378,0.5025825493451392,0.2518166987987543,0.4732217573221757
matched_marginal,31,523232252,gbm,b3_rawsig,79,max_leaf_nodes=7,0.4398658167365218,0.4146772313673859,0.4103360691725441,0.4322359119369824,0.5141117874930825,0.2518166987987543,0.4781032078103208
matched_marginal,31,523232252,gbm,logsig,14,max_leaf_nodes=7,0.4411083491836605,0.4213100168276125,0.4141054685668084,0.4348212482326802,0.4915144807231138,0.2417321666913836,0.5306834030683403
matched_marginal,31,523232252,gbm,rawsig,39,max_leaf_nodes=7,0.4351403399314317,0.4123001815463682,0.4047908029826274,0.4241567360129267,0.4717764250138351,0.2363932967521874,0.5287308228730823
matched_marginal,31,523232252,gbm,logsig_shuffled,14,max_leaf_nodes=7,0.3989859875883031,0.3778526130159143,0.3561016439428013,0.3756816804685922,0.3415421508946689,0.191457808097286,0.600557880055788
matched_marginal,31,523232252,gbm,rawsig_shuffled,39,max_leaf_nodes=7,0.4017807084126106,0.3830062225796257,0.359288140516796,0.3801656231064431,0.3413576830843018,0.1895298828414652,0.6181311018131102
matched_marginal,31,523232252,gbm,statistics_logsig_shuffled,25,max_leaf_nodes=7,0.413588921425502,0.4055379967817623,0.3985953533277066,0.4171278529589982,0.4649511160302527,0.2445499036037372,0.507112970711297
matched_marginal,31,523232252,gbm,statistics_rawsig_shuffled,50,max_leaf_nodes=7,0.4154747710494016,0.4042033457701174,0.3964714009142283,0.4156736012926681,0.4619996310643792,0.236244994809432,0.5143654114365411
matched_marginal,31,523232252,gbm,b3_logsig_shuffled,54,max_leaf_nodes=7,0.4290134023448859,0.411572350521215,0.4073624801220921,0.4296909715209048,0.5148496587345508,0.2492955657719116,0.4705718270571827
matched_marginal,31,523232252,gbm,b3_rawsig_shuffled,79,max_leaf_nodes=31,0.4271552987987737,0.3942428275618582,0.3890521687264825,0.4142597455059584,0.5090389227079875,0.2209698947056206,0.4527196652719665
matched_marginal,32,848187189,random_forest,hmm,3,max_depth=6,0.3844090885931645,0.3415893147948701,0.3302895460495934,0.3368208442738841,0.2087334247828075,0.40036740868813486,0.415667110913668
matched_marginal,32,848187189,random_forest,statistics,11,max_depth=4,0.413046036539159,0.3818510712498938,0.3671541814912762,0.3690163603312462,0.2717192501143118,0.3426626323751891,0.5311713312601807
matched_marginal,32,848187189,random_forest,statistics_logsig,25,max_depth=6,0.4223845030758976,0.4008354747591722,0.3917248967419284,0.3918804281963239,0.3155006858710562,0.3802679922195807,0.50673774618688
matched_marginal,32,848187189,random_forest,statistics_rawsig,50,max_depth=6,0.4202624229248329,0.3931261710767399,0.376521017994346,0.3776610785699859,0.2895518975765889,0.3226712772854981,0.5671553383681327
matched_marginal,32,848187189,random_forest,b3,40,max_depth=6,0.4254866889020909,0.4019848666396712,0.3930906211144205,0.3932942839830337,0.3174439871970736,0.3834017722066133,0.5051088405153266
matched_marginal,32,848187189,random_forest,b3_logsig,54,max_depth=6,0.4274105036882165,0.400635670941843,0.3911784352762842,0.391153302363159,0.3159579332418838,0.374324616382105,0.5116244632015401
matched_marginal,32,848187189,random_forest,b3_rawsig,79,max_depth=6,0.4213649676820968,0.3982622740034935,0.3839494428413828,0.3846091698646738,0.3031550068587105,0.3389885454938405,0.5526432696579298
matched_marginal,32,848187189,random_forest,logsig,14,max_depth=10,0.4266209538292487,0.4129468770661419,0.4109241925343045,0.4122399515249444,0.4370141746684957,0.3867516749513723,0.4150747815785577
matched_marginal,32,848187189,random_forest,rawsig,39,max_depth=10,0.4106920397712317,0.3802805962272456,0.369994881297625,0.3688951726923853,0.3203017832647462,0.3154311649016641,0.5051088405153266
matched_marginal,32,848187189,random_forest,logsig_shuffled,14,max_depth=10,0.3965820206105188,0.3706086636132637,0.3567889646143581,0.3577459099171884,0.2706904435299497,0.3229954614220877,0.5181400858877536
matched_marginal,32,848187189,random_forest,rawsig_shuffled,39,max_depth=6,0.3931411886024877,0.3712751171433749,0.3475625770475581,0.3522520702888305,0.241540923639689,0.286470715366328,0.5858137124241078
matched_marginal,32,848187189,random_forest,statistics_logsig_shuffled,25,max_depth=6,0.4193941003625781,0.3983655926278133,0.3905659309526099,0.3906281559280953,0.3203017832647462,0.3840501404797925,0.4907448541389012
matched_marginal,32,848187189,random_forest,statistics_rawsig_shuffled,50,max_depth=6,0.4184179738020765,0.3918441756622646,0.375819407271123,0.3771359321349222,0.285893918609968,0.3307758807002377,0.5588627276765882
matched_marginal,32,848187189,random_forest,b3_logsig_shuffled,54,max_depth=6,0.4216123507269753,0.4001654969737999,0.3913895827354833,0.3912744900020198,0.3179012345679012,0.3777825805057273,0.5048126758477713
matched_marginal,32,848187189,random_forest,b3_rawsig_shuffled,79,max_depth=6,0.4211899452335158,0.3957406466490183,0.3837841687494161,0.3840436275499899,0.307384545038866,0.3504430516533391,0.5293943432548497
matched_marginal,32,848187189,logistic,hmm,3,C=0.01,0.350326278284613,0.33674433317509495,0.3047692050284178,0.3303171076550192,0.09933699131229995,0.4625027015344716,0.44839330667851324
matched_marginal,32,848187189,logistic,statistics,11,C=1.0,0.4122760510555797,0.4181331770810392,0.4100837241555309,0.4108260957382347,0.4503886602652034,0.3200778041927815,0.4839330667851325
matched_marginal,32,848187189,logistic,statistics_logsig,25,C=1.0,0.4350459472263397,0.4333630666211366,0.4257344136970922,0.4277923651787517,0.5020576131687243,0.3234277069375405,0.4746038797571449
matched_marginal,32,848187189,logistic,statistics_rawsig,50,C=0.1,0.4640267185983931,0.4516800277407922,0.444828603174334,0.4455665522116744,0.5020576131687243,0.350983358547655,0.5019991115059973
matched_marginal,32,848187189,logistic,b3,40,C=1.0,0.4036600058644317,0.3926950346076037,0.3902933820415165,0.3896586548172086,0.3976909007773205,0.3586557164469419,0.4217384865985488
matched_marginal,32,848187189,logistic,b3_logsig,54,C=1.0,0.4228238066603156,0.4036831931420184,0.4008658352753906,0.4000807917592405,0.4189529035208048,0.3558461205964988,0.4362505553087517
matched_marginal,32,848187189,logistic,b3_rawsig,79,C=1.0,0.4456201560820034,0.4235304935022055,0.4207020974322865,0.4199959604120379,0.4450160036579789,0.3714069591527988,0.4541685176958389
matched_marginal,32,848187189,logistic,logsig,14,C=0.01,0.403458999523907,0.3984394480744062,0.3916632053817572,0.3964047667137952,0.5028577960676726,0.2950075642965204,0.3974529838590256
matched_marginal,32,848187189,logistic,rawsig,39,C=1.0,0.4574041755416633,0.4361777755216257,0.4287832131012554,0.4298525550393859,0.4934842249657064,0.3278582234709314,0.4871908781282393
matched_marginal,32,848187189,logistic,logsig_shuffled,14,C=1.0,0.3570997763720278,0.3613775093462016,0.3441167516368908,0.3600484750555443,0.1785550983081847,0.4940566241625243,0.4115208055678958
matched_marginal,32,848187189,logistic,rawsig_shuffled,39,C=1.0,0.4014788089094996,0.3658734526612501,0.3451894081299305,0.347970107049081,0.3127572016460905,0.2310352280095094,0.5538279283281504
matched_marginal,32,848187189,logistic,statistics_logsig_shuffled,25,C=1.0,0.4142450796156973,0.4208745938200381,0.4133487890100198,0.4141385578670976,0.4585048010973936,0.3241841365895829,0.4799348437731379
matched_marginal,32,848187189,logistic,statistics_rawsig_shuffled,50,C=0.1,0.427309991773406,0.4256233709070661,0.4172093517650845,0.4171278529589982,0.4476451760402378,0.3239680138318564,0.5052569228491041
matched_marginal,32,848187189,logistic,b3_logsig_shuffled,54,C=1.0,0.4030688495215737,0.3926355893511433,0.3903209050264302,0.3896990506968289,0.3975765889346136,0.3596282688567106,0.4207019102621057
matched_marginal,32,848187189,logistic,b3_rawsig_shuffled,79,C=0.1,0.4126064121403693,0.4050608173837619,0.4024708199464977,0.4016966269440517,0.3979195244627343,0.3774583963691377,0.4398045313194136
matched_marginal,32,848187189,gbm,hmm,3,max_leaf_nodes=7,0.3767009096166907,0.34107222435701307,0.3307353822900442,0.3331448192284387,0.2401691815272062,0.34309487789064186,0.43995261365319116
matched_marginal,32,848187189,gbm,statistics,11,max_leaf_nodes=7,0.3959093306162661,0.3983668852871689,0.3954614545742179,0.3956372450010099,0.4207818930041152,0.3534687702615085,0.4208499925958833
matched_marginal,32,848187189,gbm,statistics_logsig,25,max_leaf_nodes=15,0.4131167725114487,0.4053673745954274,0.4022404117882114,0.4039587962027873,0.4621627800640146,0.3461205964988113,0.4078187472234562
matched_marginal,32,848187189,gbm,statistics_rawsig,50,max_leaf_nodes=7,0.4147227352195937,0.4085929635934116,0.4027198890170049,0.4029488992122803,0.438957475994513,0.3285065917441107,0.4583148230416111
matched_marginal,32,848187189,gbm,b3,40,max_leaf_nodes=7,0.407587933729406,0.4129676968509308,0.4093516829480634,0.4092102605534236,0.4253543667123914,0.3658958288307758,0.4476528950096253
matched_marginal,32,848187189,gbm,b3_logsig,54,max_leaf_nodes=7,0.4106955153035774,0.4102336727930942,0.4069936438897035,0.407109674813169,0.4366712391403749,0.3582234709314891,0.4358063083074189
matched_marginal,32,848187189,gbm,b3_rawsig,79,max_leaf_nodes=7,0.4137253471621526,0.4132640579762796,0.4096635719304703,0.4094930317107655,0.4219250114311842,0.3690296088178085,0.448837553679846
matched_marginal,32,848187189,gbm,logsig,14,max_leaf_nodes=7,0.432367713399528,0.423549836729242,0.4201543969305404,0.4216925873560896,0.4735939643347051,0.3652474605575967,0.4318080852954242
matched_marginal,32,848187189,gbm,rawsig,39,max_leaf_nodes=7,0.4250226238775785,0.4120982866083356,0.4093489607084341,0.4089274893960816,0.4083219021490626,0.3837259563432029,0.444247001332741
matched_marginal,32,848187189,gbm,logsig_shuffled,14,max_leaf_nodes=7,0.3914148134367856,0.3671412941587482,0.3542183336971116,0.3552009695011109,0.2649748513946044,0.3304516965636481,0.505997334517992
matched_marginal,32,848187189,gbm,rawsig_shuffled,39,max_leaf_nodes=7,0.3914472890081624,0.3684852780178935,0.3557332842716765,0.3566956170470612,0.2685185185185185,0.3315323103522801,0.5054050051828817
matched_marginal,32,848187189,gbm,statistics_logsig_shuffled,25,max_leaf_nodes=7,0.4009942211740152,0.3952021141966146,0.3921083939958409,0.3922843869925267,0.4184956561499771,0.3477415171817592,0.4193691692581075
matched_marginal,32,848187189,gbm,statistics_rawsig_shuffled,50,max_leaf_nodes=7,0.4029578683652757,0.3998499425915141,0.3964104454062406,0.3964855584730357,0.4211248285322359,0.3495785606224335,0.4288464386198726
matched_marginal,32,848187189,gbm,b3_logsig_shuffled,54,max_leaf_nodes=7,0.407587933729406,0.4129676968509308,0.4093516829480634,0.4092102605534236,0.4253543667123914,0.3658958288307758,0.4476528950096253
matched_marginal,32,848187189,gbm,b3_rawsig_shuffled,79,max_leaf_nodes=7,0.4061954672068606,0.4108137346231067,0.4074018729902924,0.4074328418501313,0.427069044352995,0.3643829695266911,0.4409891899896342
matched_marginal,33,1462329290,random_forest,hmm,3,max_depth=10,0.35446832912394144,0.3449734640543232,0.34309551206914496,0.3551201777418703,0.24703118882944017,0.46555280528052806,0.3223363980530016
matched_marginal,33,1462329290,random_forest,statistics,11,max_depth=10,0.3790542345685546,0.3910070599571352,0.3834341663287,0.3825489800040396,0.4234633955369959,0.2962046204620462,0.4533531638723634
matched_marginal,33,1462329290,random_forest,statistics_logsig,25,max_depth=10,0.383821737838278,0.3986964224694909,0.3903473019768471,0.3894970712987275,0.4233328983426856,0.2968234323432343,0.4759329367225527
matched_marginal,33,1462329290,random_forest,statistics_rawsig,50,max_depth=10,0.3891880372666514,0.3928066572948006,0.3833923354497235,0.3836396687537871,0.3839227456609683,0.2951732673267326,0.4993239588967009
matched_marginal,33,1462329290,random_forest,b3,40,max_depth=10,0.3765153232797028,0.3975375297427185,0.3838966650590975,0.3850939204201171,0.4152420722954456,0.2615511551155115,0.5158193618171985
matched_marginal,33,1462329290,random_forest,b3_logsig,54,max_depth=10,0.3826214152375488,0.3918409986390016,0.3767980708122088,0.3784689961623914,0.4165470442385489,0.245049504950495,0.5139264467279611
matched_marginal,33,1462329290,random_forest,b3_rawsig,79,max_depth=10,0.3835126430410276,0.3972951836956719,0.3814781534717912,0.3838820440315088,0.3985384314237244,0.2527846534653465,0.5405624661979448
matched_marginal,33,1462329290,random_forest,logsig,14,max_depth=10,0.379609718199241,0.3853981143253834,0.3845519985167971,0.3840840234296102,0.3904476053764844,0.3706683168316831,0.3950784207679827
matched_marginal,33,1462329290,random_forest,rawsig,39,max_depth=10,0.3883814037156339,0.3825167331934715,0.3673693515657694,0.3731367400525146,0.2910087433120188,0.2921823432343234,0.5643591130340725
matched_marginal,33,1462329290,random_forest,logsig_shuffled,14,max_depth=10,0.3700049149749183,0.3728991722871178,0.3505769475166865,0.3668349828317511,0.1923528644134151,0.3285891089108911,0.5977555435370471
matched_marginal,33,1462329290,random_forest,rawsig_shuffled,39,max_depth=10,0.3794743496519559,0.3719438998990394,0.3446782717741001,0.3602504544536457,0.217408325720997,0.264026402640264,0.6343969713358573
matched_marginal,33,1462329290,random_forest,statistics_logsig_shuffled,25,max_depth=4,0.3753459195933404,0.3907505701648803,0.3832180640804641,0.3848111492627752,0.3284614380790813,0.3340552805280528,0.5097349918875067
matched_marginal,33,1462329290,random_forest,statistics_rawsig_shuffled,50,max_depth=10,0.3819811663737895,0.3887438556598537,0.3793023333607455,0.3793981013936578,0.3869241811301057,0.2883663366336633,0.4909410492157923
matched_marginal,33,1462329290,random_forest,b3_logsig_shuffled,54,max_depth=10,0.3799241871234756,0.3989521565803386,0.3849635614886242,0.3864269844475863,0.4132846143807908,0.2624793729372937,0.5210924824229313
matched_marginal,33,1462329290,random_forest,b3_rawsig_shuffled,79,max_depth=10,0.3825462735795696,0.3905160681223825,0.3747820541836971,0.3772167238941628,0.387446169907347,0.2477310231023102,0.5363710113574905
matched_marginal,33,1462329290,logistic,hmm,3,C=1.0,0.35885332787993174,0.3266243859535581,0.32550157231092075,0.33552817612603514,0.3214145895863239,0.42306105610561057,0.23539751216873986
matched_marginal,33,1462329290,logistic,statistics,11,C=1.0,0.3931816836625803,0.4082944290415353,0.3930192294643946,0.3952332862048071,0.4880595067206055,0.258457095709571,0.4783666846944294
matched_marginal,33,1462329290,logistic,statistics_logsig,25,C=1.0,0.4035569955442229,0.4161188781546101,0.4030473794441319,0.4039587962027873,0.4877985123319848,0.2769183168316831,0.4836398053001622
matched_marginal,33,1462329290,logistic,statistics_rawsig,50,C=0.1,0.4385732130862094,0.4424677868428668,0.4273588752121395,0.4283579074934356,0.5230327547957719,0.28125,0.5231206057328286
matched_marginal,33,1462329290,logistic,b3,40,C=1.0,0.3815664911857784,0.3869450431584126,0.3778234137079159,0.3770955362553019,0.4366436121623385,0.2751650165016501,0.4490265008112493
matched_marginal,33,1462329290,logistic,b3_logsig,54,C=1.0,0.3955340496388724,0.3994850777855758,0.3897506425790066,0.3886891537063219,0.462351559441472,0.275990099009901,0.4601135749053542
matched_marginal,33,1462329290,logistic,b3_rawsig,79,C=0.1,0.4264418216654589,0.4168452539699306,0.405351529646254,0.4046051302767118,0.5042411588150855,0.2749587458745874,0.471335857220119
matched_marginal,33,1462329290,logistic,logsig,14,C=0.1,0.3752562658069453,0.398738255711089,0.3785075879627629,0.3859018380125227,0.5911522902257601,0.2382425742574257,0.3668199026500811
matched_marginal,33,1462329290,logistic,rawsig,39,C=0.01,0.4418733448991292,0.4369696230208379,0.4182461920131622,0.4214906079579882,0.5431293227195615,0.2580445544554455,0.5097349918875067
matched_marginal,33,1462329290,logistic,logsig_shuffled,14,C=0.1,0.3077515610792828,0.3538927774901665,0.353628716325137,0.3566552211674409,0.3366827613206316,0.3856229372937294,0.3393726338561385
matched_marginal,33,1462329290,logistic,rawsig_shuffled,39,C=0.01,0.4019223255722055,0.3950689726685992,0.3673495715449225,0.3770551403756816,0.3592587759363174,0.2053424092409241,0.620605732828556
matched_marginal,33,1462329290,logistic,statistics_logsig_shuffled,25,C=1.0,0.387515862750497,0.4016600675622295,0.3885163663972209,0.3896990506968289,0.4560876941145765,0.2666047854785479,0.4822877230935641
matched_marginal,33,1462329290,logistic,statistics_rawsig_shuffled,50,C=0.01,0.4062339889432628,0.4046570122723782,0.3897799019055143,0.3914360735205009,0.4729218321806081,0.2544348184818482,0.4866143861546782
matched_marginal,33,1462329290,logistic,b3_logsig_shuffled,54,C=1.0,0.380723100807246,0.3865762024299111,0.3774619911437378,0.3767319733387194,0.4362521205794075,0.2748556105610561,0.4486208761492699
matched_marginal,33,1462329290,logistic,b3_rawsig_shuffled,79,C=0.1,0.3963172422517622,0.3897364146035662,0.3812455198215079,0.3799636437083417,0.4297272608638914,0.2799092409240924,0.459572742022715
matched_marginal,33,1462329290,gbm,hmm,3,max_leaf_nodes=7,0.35053283991344686,0.34607285701356466,0.3455798312088619,0.35281761260351446,0.2753490799947801,0.4268770627062706,0.33599242833964305
matched_marginal,33,1462329290,gbm,statistics,11,max_leaf_nodes=7,0.3938446480049977,0.3798283121704234,0.374021590959334,0.3727731771359321,0.3820957849406238,0.3036303630363036,0.4537587885343428
matched_marginal,33,1462329290,gbm,statistics_logsig,25,max_leaf_nodes=7,0.3988058849171583,0.3952359007212645,0.3898005135123365,0.3884871743082205,0.4004958893383792,0.3219884488448845,0.46322336398053
matched_marginal,33,1462329290,gbm,statistics_rawsig,50,max_leaf_nodes=7,0.4058948895161756,0.3917876748351792,0.3860706339060868,0.3847303575035346,0.3929270520683805,0.3156971947194719,0.4667387777176852
matched_marginal,33,1462329290,gbm,b3,40,max_leaf_nodes=7,0.383282675865821,0.3937522013468886,0.3841583156531256,0.3833972934760654,0.4294662664752708,0.2781559405940594,0.4736343969713358
matched_marginal,33,1462329290,gbm,b3_logsig,54,max_leaf_nodes=15,0.3851027802649808,0.3893738357673559,0.378363069090175,0.3783074126439103,0.4413415111575101,0.2642326732673267,0.4625473228772309
matched_marginal,33,1462329290,gbm,b3_rawsig,79,max_leaf_nodes=7,0.3882083838324379,0.3906499962461562,0.3804839310006651,0.3800444354675823,0.4243768758971682,0.2725866336633663,0.474986479177934
matched_marginal,33,1462329290,gbm,logsig,14,max_leaf_nodes=31,0.3994924977174461,0.3968184314195906,0.3884027119925371,0.3875580690769541,0.4333811823045804,0.2929042904290429,0.4641698215251487
matched_marginal,33,1462329290,gbm,rawsig,39,max_leaf_nodes=7,0.4055013546509294,0.4019348857573651,0.3937488110303848,0.393334679862654,0.4140675975466527,0.3079620462046205,0.4837750135208221
matched_marginal,33,1462329290,gbm,logsig_shuffled,14,max_leaf_nodes=15,0.3745288196361889,0.3618685049149326,0.3473733266344475,0.35507978186225,0.2438992561659924,0.3024958745874587,0.5392103839913467
matched_marginal,33,1462329290,gbm,rawsig_shuffled,39,max_leaf_nodes=7,0.3746831996022028,0.3666197732464913,0.347378663216548,0.3582306604726318,0.229153073208926,0.2922854785478548,0.5784207679826934
matched_marginal,33,1462329290,gbm,statistics_logsig_shuffled,25,max_leaf_nodes=7,0.3910163003744127,0.3826386112717512,0.3757269733352251,0.3747525752373258,0.3862716951585541,0.2973391089108911,0.4643050297458085
matched_marginal,33,1462329290,gbm,statistics_rawsig_shuffled,50,max_leaf_nodes=7,0.392991223134213,0.3842338246042536,0.3774197573229264,0.376529993940618,0.3767453999739005,0.3021864686468646,0.4737696051919957
matched_marginal,33,1462329290,gbm,b3_logsig_shuffled,54,max_leaf_nodes=7,0.383282675865821,0.3937522013468886,0.3841583156531256,0.3833972934760654,0.4294662664752708,0.2781559405940594,0.4736343969713358
matched_marginal,33,1462329290,gbm,b3_rawsig_shuffled,79,max_leaf_nodes=7,0.3808387467668799,0.3965659425582222,0.3855870686111843,0.3853766915774591,0.4324677019444082,0.2719678217821782,0.48526230394808
matched_marginal,34,3713455433,random_forest,hmm,3,max_depth=10,0.3645808994474414,0.3633309015835318,0.3625793799669552,0.3667137951928903,0.4031982421875,0.2829739383516338,0.4038205242114616
matched_marginal,34,3713455433,random_forest,statistics,11,max_depth=10,0.410507009351914,0.4119191477121878,0.4079995409851122,0.4195112098565946,0.4466552734375,0.2623362878687657,0.5267658818302976
matched_marginal,34,3713455433,random_forest,statistics_logsig,25,max_depth=10,0.4229048601774661,0.4284020560750064,0.4231233140751591,0.4368814380933145,0.4677734375,0.2610133615557613,0.5564193691692582
matched_marginal,34,3713455433,random_forest,statistics_rawsig,50,max_depth=10,0.4288831697174074,0.4250682782298597,0.419886620835997,0.4336901636033125,0.455810546875,0.2600873131366583,0.5593069746779209
matched_marginal,34,3713455433,random_forest,b3,40,max_depth=6,0.4188043088942155,0.4009830483953396,0.3950937902372937,0.4090486770349424,0.4503173828125,0.2350840058208757,0.5175477565526433
matched_marginal,34,3713455433,random_forest,b3_logsig,54,max_depth=10,0.4225717319369608,0.4087662809067899,0.4016512784777904,0.417531811755201,0.4652099609375,0.2268818626802487,0.534207019102621
matched_marginal,34,3713455433,random_forest,b3_rawsig,79,max_depth=10,0.4277851497527709,0.4065233198691615,0.4006785086597446,0.4146233084225409,0.4632568359375,0.2358777616086784,0.5204353620613061
matched_marginal,34,3713455433,random_forest,logsig,14,max_depth=10,0.4164511449012728,0.436041627458906,0.4277877319636552,0.441163401333064,0.593017578125,0.2600873131366583,0.45501999111506
matched_marginal,34,3713455433,random_forest,rawsig,39,max_depth=10,0.4305757902048124,0.4223425983757472,0.4157557087833125,0.4326802666128055,0.4237060546875,0.2444767826432067,0.5988449577965349
matched_marginal,34,3713455433,random_forest,logsig_shuffled,14,max_depth=10,0.4101998578856503,0.4000530008537206,0.3942819378426039,0.4106645122197536,0.3338623046875,0.255457071041143,0.6108396268325189
matched_marginal,34,3713455433,random_forest,rawsig_shuffled,39,max_depth=6,0.4207862128379154,0.4042985345617352,0.3914079582409057,0.4181377499495051,0.3447265625,0.2006879216827622,0.6674811195024434
matched_marginal,34,3713455433,random_forest,statistics_logsig_shuffled,25,max_depth=10,0.4163477909086882,0.4131131505355087,0.4084515163775046,0.4212482326802666,0.4451904296875,0.2557216563037439,0.5384273656152821
matched_marginal,34,3713455433,random_forest,statistics_rawsig_shuffled,50,max_depth=10,0.4248251713030104,0.4173002899920821,0.4121447795408534,0.4255705917996364,0.4578857421875,0.2528112184151342,0.5412039093736117
matched_marginal,34,3713455433,random_forest,b3_logsig_shuffled,54,max_depth=10,0.4177965623967823,0.4015505309531111,0.3955165391051849,0.4098969905069682,0.44921875,0.2317766900383648,0.5236561528209684
matched_marginal,34,3713455433,random_forest,b3_rawsig_shuffled,79,max_depth=10,0.4237600012630326,0.4012882705227691,0.3962215901247699,0.409129468794183,0.4481201171875,0.2406402963354941,0.5151043980453132
matched_marginal,34,3713455433,logistic,hmm,3,C=0.1,0.35728667632458494,0.37266596474413854,0.37337228932018834,0.37410624116340135,0.3226318359375,0.37610795078714115,0.4192581075077743
matched_marginal,34,3713455433,logistic,statistics,11,C=0.1,0.4128177101272214,0.4131510153126801,0.398206797384624,0.421167440921026,0.572509765625,0.1862680248710146,0.4806752554420258
matched_marginal,34,3713455433,logistic,statistics_logsig,25,C=1.0,0.4121020553937724,0.4316466063295145,0.4234382384293025,0.4373257927691375,0.579345703125,0.2513559994708295,0.4642381163927143
matched_marginal,34,3713455433,logistic,statistics_rawsig,50,C=0.1,0.4423208517078985,0.4643541481355795,0.4584600700334595,0.4693193294283983,0.6065673828125,0.2993782246328879,0.4871168369613505
matched_marginal,34,3713455433,logistic,b3,40,C=1.0,0.3927832746338702,0.3903850519603222,0.3854120755693169,0.3943849727327813,0.5087890625,0.2553247784098426,0.4070413149711239
matched_marginal,34,3713455433,logistic,b3_logsig,54,C=1.0,0.4019210252124103,0.4156802204173426,0.4107769148019747,0.4193900222177338,0.543212890625,0.2804603783569255,0.4233673922701021
matched_marginal,34,3713455433,logistic,b3_rawsig,79,C=0.1,0.429004170479099,0.441692691140827,0.4376466347142496,0.4448394263785094,0.576416015625,0.3120783172377299,0.4365837405597512
matched_marginal,34,3713455433,logistic,logsig,14,C=1.0,0.3759044590964529,0.4110125239584224,0.4045251005404531,0.4146637043021612,0.5562744140625,0.2668342373329805,0.4099289204797867
matched_marginal,34,3713455433,logistic,rawsig,39,C=0.01,0.4536654947511637,0.456741653303842,0.4521984725442025,0.4624116340133306,0.5792236328125,0.2907792035983595,0.5002221235006664
matched_marginal,34,3713455433,logistic,logsig_shuffled,14,C=1.0,0.3266508066645859,0.3400826217718903,0.3398933534737687,0.3405776610785699,0.3074951171875,0.3499140097896547,0.3628387383385162
matched_marginal,34,3713455433,logistic,rawsig_shuffled,39,C=1.0,0.4203108446938879,0.4062359885483309,0.4025636132435244,0.4157543930519087,0.3935546875,0.250297658420426,0.5748556197245669
matched_marginal,34,3713455433,logistic,statistics_logsig_shuffled,25,C=1.0,0.4040230115645601,0.4144949599343118,0.403202869405077,0.4215713997172288,0.5599365234375,0.211535917449398,0.4720124389160373
matched_marginal,34,3713455433,logistic,statistics_rawsig_shuffled,50,C=0.01,0.4210446934978322,0.4233638266453636,0.4161571758136464,0.4305392849929307,0.5328369140625,0.2389204921285884,0.4983340737450022
matched_marginal,34,3713455433,logistic,b3_logsig_shuffled,54,C=1.0,0.3918290178431808,0.3888901283262521,0.3838019045084917,0.3929711169460715,0.5078125,0.2521497552586321,0.4067081297201244
matched_marginal,34,3713455433,logistic,b3_rawsig_shuffled,79,C=0.1,0.4065228911317462,0.4035229266756221,0.4002216894198122,0.4072308624520299,0.50830078125,0.2811218415134277,0.4211461572634384
matched_marginal,34,3713455433,gbm,hmm,3,max_leaf_nodes=7,0.36026285473296443,0.35571379852992707,0.3556748287341707,0.3568572005655423,0.3773193359375,0.32398465405476917,0.3658374055975122
matched_marginal,34,3713455433,gbm,statistics,11,max_leaf_nodes=7,0.4050236456383042,0.4077526042605235,0.4035167301700593,0.414784891941022,0.465087890625,0.2550601931472417,0.5031097290093292
matched_marginal,34,3713455433,gbm,statistics_logsig,25,max_leaf_nodes=15,0.4140560293604838,0.4260295899109746,0.4193491373922175,0.4342961017976166,0.497802734375,0.2440799047493054,0.5362061306086184
matched_marginal,34,3713455433,gbm,statistics_rawsig,50,max_leaf_nodes=7,0.4201383770074992,0.4197531782022354,0.4158767198298821,0.4266208846697636,0.478271484375,0.2692155046963884,0.5117725455353176
matched_marginal,34,3713455433,gbm,b3,40,max_leaf_nodes=31,0.404507582041887,0.4027133367175934,0.3916229087882993,0.4128054938396283,0.4635009765625,0.1956608016933456,0.5489782318969347
matched_marginal,34,3713455433,gbm,b3_logsig,54,max_leaf_nodes=31,0.4109101746809823,0.4144331793806962,0.4018646726453711,0.4248030700868511,0.495849609375,0.1910305595978304,0.5564193691692582
matched_marginal,34,3713455433,gbm,b3_rawsig,79,max_leaf_nodes=31,0.4168825903081002,0.4085110334720838,0.3962449297160015,0.4189052716622904,0.482177734375,0.1890461701283238,0.5543091959129276
matched_marginal,34,3713455433,gbm,logsig,14,max_leaf_nodes=7,0.4306096035262044,0.4489358613193535,0.4451681202025999,0.4542516663300343,0.55419921875,0.2987167614763857,0.4938916037316748
matched_marginal,34,3713455433,gbm,rawsig,39,max_leaf_nodes=7,0.4290868844408628,0.4377044421073918,0.4371624588965897,0.4414865683700262,0.5047607421875,0.3352295277153062,0.4731230564193692
matched_marginal,34,3713455433,gbm,logsig_shuffled,14,max_leaf_nodes=7,0.3968406434782235,0.3860024100232731,0.3837174767112413,0.3930923045849323,0.3677978515625,0.2747717952110067,0.5154375832963127
matched_marginal,34,3713455433,gbm,rawsig_shuffled,39,max_leaf_nodes=7,0.3989293758729815,0.3940689193486301,0.3913367418164364,0.4015350434255706,0.3876953125,0.2697446752215902,0.5247667703243003
matched_marginal,34,3713455433,gbm,statistics_logsig_shuffled,25,max_leaf_nodes=7,0.4069074272606225,0.4115541283357857,0.4070919383967472,0.4189052716622904,0.4656982421875,0.2551924857785421,0.513771657041315
matched_marginal,34,3713455433,gbm,statistics_rawsig_shuffled,50,max_leaf_nodes=7,0.4093058753346535,0.4113045461472831,0.406745044492133,0.418703292264189,0.46826171875,0.2525466331525334,0.5131052865393159
matched_marginal,34,3713455433,gbm,b3_logsig_shuffled,54,max_leaf_nodes=31,0.4018279480057365,0.4066417836714643,0.3947920861820431,0.416966269440517,0.475341796875,0.1911628522291308,0.5534207019102622
matched_marginal,34,3713455433,gbm,b3_rawsig_shuffled,79,max_leaf_nodes=31,0.4076773358586948,0.4005583865378185,0.3888004852093269,0.410866491617855,0.464111328125,0.1882524143405212,0.5493114171479343
matched_marginal,35,4116307193,random_forest,hmm,3,max_depth=4,0.3488739927607845,0.3696052859528735,0.35097504221374437,0.3533427590385781,0.2979083222073876,0.3119355286925108,0.4989720069587221
matched_marginal,35,4116307193,random_forest,statistics,11,max_depth=4,0.4118070771489702,0.4206964846896006,0.4049584606976519,0.420723086245203,0.451357365376057,0.2491315826038627,0.5616005060888819
matched_marginal,35,4116307193,random_forest,statistics_logsig,25,max_depth=4,0.4109634068935182,0.4334944687647521,0.4059039055972517,0.4277923651787517,0.444681797952826,0.2091149089898568,0.6466866993515736
matched_marginal,35,4116307193,random_forest,statistics_rawsig,50,max_depth=6,0.4127165191797977,0.4265999893245975,0.3975939825011938,0.41159361745102,0.3837116154873164,0.2426010837849103,0.6534872687015657
matched_marginal,35,4116307193,random_forest,b3,40,max_depth=4,0.421241154831453,0.4278487647920008,0.396707659844262,0.4220965461522925,0.4418335558522474,0.1863276365152146,0.6553851020085403
matched_marginal,35,4116307193,random_forest,b3_logsig,54,max_depth=6,0.4202578489239769,0.4354575850296463,0.4101758994263431,0.4209250656433044,0.3904761904761905,0.2766430457134917,0.6392535188992566
matched_marginal,35,4116307193,random_forest,b3_rawsig,79,max_depth=4,0.4245613274871931,0.4211829739845243,0.3839180192436533,0.403918400323167,0.3740097908322207,0.1973044324023898,0.6922346987189625
matched_marginal,35,4116307193,random_forest,logsig,14,max_depth=10,0.4282177279727858,0.4218614253386799,0.4105012089440493,0.4284790951322965,0.483845126835781,0.2609420591913297,0.5207970899889293
matched_marginal,35,4116307193,random_forest,rawsig,39,max_depth=10,0.4119484253769909,0.4063372510010056,0.3801306616209985,0.3846899616239143,0.3142857142857143,0.3105460608586911,0.5941799778586114
matched_marginal,35,4116307193,random_forest,logsig_shuffled,14,max_depth=10,0.3929708065234522,0.3908171560191333,0.3524537560657095,0.3620682690365582,0.2711170449488206,0.2492705293872446,0.6520638937213348
matched_marginal,35,4116307193,random_forest,rawsig_shuffled,39,max_depth=6,0.3960284672194471,0.3876956123164654,0.3535918334336426,0.3599676832963038,0.2674677347574544,0.2780325135473114,0.6175865886446307
matched_marginal,35,4116307193,random_forest,statistics_logsig_shuffled,25,max_depth=6,0.4034367635325093,0.4364790558672524,0.4161138439111787,0.4284386992526762,0.4242990654205607,0.2771988328470195,0.6079392693341769
matched_marginal,35,4116307193,random_forest,statistics_rawsig_shuffled,50,max_depth=4,0.4030470442200016,0.4280355000499649,0.3960943240298633,0.4185013128660876,0.4213618157543391,0.1954981242184243,0.6672465601771311
matched_marginal,35,4116307193,random_forest,b3_logsig_shuffled,54,max_depth=4,0.4173426609056996,0.4306768281542402,0.4012041713465171,0.4229448596243183,0.4317757009345794,0.2055022926219258,0.6547524909062155
matched_marginal,35,4116307193,random_forest,b3_rawsig_shuffled,79,max_depth=6,0.4172679568981912,0.4307927339413981,0.4024346712980853,0.4133306402746919,0.3714285714285714,0.2698346533277754,0.6511149770678475
matched_marginal,35,4116307193,logistic,hmm,3,C=0.1,0.3413673203949846,0.37373978698649424,0.34166959919804046,0.3428802262169259,0.2210057854917668,0.35806586077532304,0.5421477146923929
matched_marginal,35,4116307193,logistic,statistics,11,C=0.1,0.4043179009208395,0.4395859226437535,0.4256805579780487,0.4424964653605332,0.4845571873609257,0.2692788661942476,0.5649217143760873
matched_marginal,35,4116307193,logistic,statistics_logsig,25,C=0.1,0.4243582128614103,0.4461154407285675,0.4368261288459476,0.452029892950919,0.5013796172674677,0.303042934556065,0.5339237703621699
matched_marginal,35,4116307193,logistic,statistics_rawsig,50,C=0.1,0.4488600326667957,0.465131457828432,0.4465837473172717,0.4628963845687739,0.4869603916332888,0.2791440878143671,0.6292898940376404
matched_marginal,35,4116307193,logistic,b3,40,C=1.0,0.3903037952161841,0.4205274615331659,0.4111523495202626,0.4233084225409008,0.4574988874054295,0.291510351535362,0.5125731456587063
matched_marginal,35,4116307193,logistic,b3_logsig,54,C=1.0,0.4106177018107687,0.4282948348127902,0.4208357628308207,0.4318319531407796,0.4656875834445927,0.3183270807280811,0.5008698402656967
matched_marginal,35,4116307193,logistic,b3_rawsig,79,C=0.1,0.4392210887388734,0.4418634842615157,0.4277037040193109,0.4388608361947081,0.4526924788607032,0.2959566486035848,0.5769413253202593
matched_marginal,35,4116307193,logistic,logsig,14,C=1.0,0.3943867287906162,0.4053967066696239,0.4032884481749408,0.4312260149464754,0.558700489541611,0.275392524663054,0.3820971058042068
matched_marginal,35,4116307193,logistic,rawsig,39,C=1.0,0.4512219934899219,0.4357506455444254,0.414172892865557,0.4341749141587558,0.4643524699599466,0.2303737668472975,0.612525699826032
matched_marginal,35,4116307193,logistic,logsig_shuffled,14,C=0.1,0.3431247226667502,0.3558740725363654,0.3544600441933385,0.3716824883861846,0.4483311081441922,0.2840072252327358,0.3352838842321682
matched_marginal,35,4116307193,logistic,rawsig_shuffled,39,C=0.1,0.4041366377531979,0.3890074052757957,0.3489286927911907,0.3703090284790951,0.3342234089897641,0.1672919271918855,0.6655068796457377
matched_marginal,35,4116307193,logistic,statistics_logsig_shuffled,25,C=1.0,0.4020487886183077,0.4389157027772665,0.4246564763418061,0.4416885477681276,0.4836671117044949,0.2659441433930804,0.5671358532342242
matched_marginal,35,4116307193,logistic,statistics_rawsig_shuffled,50,C=0.01,0.4205236789416493,0.4420354318938154,0.422218824758446,0.4391840032316704,0.4611481975967957,0.2538557732388495,0.6111023248458011
matched_marginal,35,4116307193,logistic,b3_logsig_shuffled,54,C=1.0,0.3896057287315272,0.4215908109196123,0.412196371688356,0.4243587154110281,0.4583889630618603,0.2931777129359455,0.5132057567610312
matched_marginal,35,4116307193,logistic,b3_rawsig_shuffled,79,C=1.0,0.4101043120999195,0.4179388650721174,0.4027183415192367,0.412037972126843,0.411214953271028,0.2885924690843407,0.5540091728609837
matched_marginal,35,4116307193,gbm,hmm,3,max_leaf_nodes=31,0.3481279513727908,0.3663004201051599,0.36112686472551075,0.3684912138961826,0.3833555852247441,0.33249965263304154,0.38304602245769415
matched_marginal,35,4116307193,gbm,statistics,11,max_leaf_nodes=7,0.3926747276897133,0.4257023589795101,0.4128672618199205,0.4176933952736821,0.3971517578994215,0.3593163818257607,0.5206389372133481
matched_marginal,35,4116307193,gbm,statistics_logsig,25,max_leaf_nodes=7,0.4183939501927616,0.4393293562583161,0.4274706931135665,0.4333669965663502,0.4219848687138406,0.3679310823954425,0.5280721176656651
matched_marginal,35,4116307193,gbm,statistics_rawsig,50,max_leaf_nodes=7,0.4083119242351776,0.4388386167555692,0.4260587774095632,0.4328418501312866,0.4242990654205607,0.3507016812560789,0.541515103590068
matched_marginal,35,4116307193,gbm,b3,40,max_leaf_nodes=7,0.4070897206082806,0.4301148514895976,0.4159548773118209,0.4191072510603918,0.3842456608811749,0.3761289426149785,0.5299699509726395
matched_marginal,35,4116307193,gbm,b3_logsig,54,max_leaf_nodes=7,0.4158575844554639,0.4345809290952191,0.4208689750082265,0.4245202989295092,0.3951935914552737,0.3709879116298458,0.5375612842005377
matched_marginal,35,4116307193,gbm,b3_rawsig,79,max_leaf_nodes=7,0.4155041776119932,0.4298772870816272,0.4162821985234684,0.4208846697636841,0.3975077881619938,0.3570932332916493,0.5350308397912383
matched_marginal,35,4116307193,gbm,logsig,14,max_leaf_nodes=7,0.4292884841920065,0.4166993935496326,0.4044165973567854,0.4155928095334276,0.4336448598130841,0.2901208837015423,0.5263324371342717
matched_marginal,35,4116307193,gbm,rawsig,39,max_leaf_nodes=7,0.4188283076558431,0.4045624788227329,0.3879613479449388,0.3948697232882246,0.3749888740542946,0.2962345421703488,0.5424640202435552
matched_marginal,35,4116307193,gbm,logsig_shuffled,14,max_leaf_nodes=7,0.394083090924509,0.3859674861666541,0.3577980974042223,0.366229044637447,0.3103693813974187,0.25177157148812,0.5957615056144235
matched_marginal,35,4116307193,gbm,rawsig_shuffled,39,max_leaf_nodes=7,0.3943211811498099,0.3866520393032529,0.3582808368657511,0.3654211270450414,0.3013796172674677,0.2645546755592608,0.5940218250830303
matched_marginal,35,4116307193,gbm,statistics_logsig_shuffled,25,max_leaf_nodes=7,0.3978562100232983,0.4299785524147552,0.4175466435945678,0.4235104019390022,0.4107699154428126,0.3547311379741559,0.5244346038272971
matched_marginal,35,4116307193,gbm,statistics_rawsig_shuffled,50,max_leaf_nodes=7,0.3977874278679065,0.434981163484073,0.422633016360838,0.4289234498081196,0.4183355585224744,0.3569542865082673,0.5296536454214772
matched_marginal,35,4116307193,gbm,b3_logsig_shuffled,54,max_leaf_nodes=7,0.4070897206082806,0.4301148514895976,0.4159548773118209,0.4191072510603918,0.3842456608811749,0.3761289426149785,0.5299699509726395
matched_marginal,35,4116307193,gbm,b3_rawsig_shuffled,79,max_leaf_nodes=7,0.4076686460481901,0.4303368236414453,0.4163671418331289,0.4191880428196324,0.3827325322652425,0.3821036543004029,0.5261742843586905
matched_marginal,36,1259335069,random_forest,hmm,3,max_depth=4,0.3455360914772903,0.3792012255172839,0.35998057301747605,0.3844071904665724,0.29773181541670285,0.2376906738752655,0.6021811872598835
matched_marginal,36,1259335069,random_forest,statistics,11,max_depth=4,0.3996703887355518,0.4278235351252324,0.4209896612695656,0.4344576853160977,0.4439906144086208,0.3902297740876617,0.449250216879415
matched_marginal,36,1259335069,random_forest,statistics_logsig,25,max_depth=6,0.398601281719961,0.4356462017766443,0.4346206838202113,0.4673399313270046,0.5430607456330929,0.2919482525584089,0.471929607138431
matched_marginal,36,1259335069,random_forest,statistics_rawsig,50,max_depth=4,0.4052191895120874,0.432843751269504,0.4182686666946216,0.4375681680468592,0.372121317458938,0.3201390229774087,0.6062709133721651
matched_marginal,36,1259335069,random_forest,b3,40,max_depth=4,0.4011735297588659,0.4353915331658177,0.4227946536125549,0.4346192688345788,0.3884591987485878,0.3861749372465727,0.5315404635022927
matched_marginal,36,1259335069,random_forest,b3_logsig,54,max_depth=6,0.4028218907259462,0.4390348032483915,0.430863327121781,0.4468592203595233,0.4361692882593204,0.3686039776018536,0.5123311438840005
matched_marginal,36,1259335069,random_forest,b3_rawsig,79,max_depth=6,0.4073465053592736,0.429943719766209,0.4225349409873205,0.4419309230458493,0.4281741548622577,0.3251592971616142,0.5364977072747552
matched_marginal,36,1259335069,random_forest,logsig,14,max_depth=10,0.3982878126206601,0.4245008748092678,0.4241144388267943,0.4697636841042213,0.593377943860259,0.2376906738752655,0.4424340066922791
matched_marginal,36,1259335069,random_forest,rawsig,39,max_depth=10,0.4018062897827981,0.4177801541870534,0.4118944091574316,0.4414057766107857,0.4486834100982011,0.252172234022012,0.5524848184409469
matched_marginal,36,1259335069,random_forest,logsig_shuffled,14,max_depth=10,0.3788060721873276,0.3999412996641577,0.3874268951966238,0.4206826903655827,0.3874163552620144,0.2073759413014095,0.6050316024290494
matched_marginal,36,1259335069,random_forest,rawsig_shuffled,39,max_depth=10,0.3830324467588301,0.4017029326942654,0.3932063901161313,0.4243587154110281,0.4147909967845659,0.223209113728519,0.5671086875697112
matched_marginal,36,1259335069,random_forest,statistics_logsig_shuffled,25,max_depth=6,0.3919028682127246,0.4237276122336078,0.4200398947328177,0.4430216117955968,0.4687581472147388,0.3120293492952307,0.4903953401908539
matched_marginal,36,1259335069,random_forest,statistics_rawsig_shuffled,50,max_depth=4,0.3984328545322937,0.4332924552231705,0.4184923320405314,0.4357907493435669,0.3701225341096724,0.3367445452790114,0.5930102862808279
matched_marginal,36,1259335069,random_forest,b3_logsig_shuffled,54,max_depth=4,0.4014471545069626,0.4334328951382524,0.4216726894492388,0.4336093718440719,0.3925436690710002,0.3832786252172234,0.5244763911265337
matched_marginal,36,1259335069,random_forest,b3_rawsig_shuffled,79,max_depth=6,0.4015357254868683,0.4291622874658962,0.4216394285617555,0.4400727125833165,0.4280872512383766,0.334427495655532,0.5249721155037799
matched_marginal,36,1259335069,logistic,hmm,3,C=1.0,0.33635269523496575,0.38911067133571126,0.3849545787051139,0.41228034740456476,0.42443729903536975,0.23267039969106004,0.5102243152807039
matched_marginal,36,1259335069,logistic,statistics,11,C=0.01,0.3922630638418996,0.4362264486168499,0.4359483107185521,0.4767925671581499,0.5778221951855392,0.2571925082062174,0.4736646424587929
matched_marginal,36,1259335069,logistic,statistics_logsig,25,C=0.1,0.4102241994968459,0.4562159685872701,0.4556452623526022,0.5040193900222177,0.6261406100634397,0.2488897470554161,0.4936175486429545
matched_marginal,36,1259335069,logistic,statistics_rawsig,50,C=0.1,0.4354544861336116,0.4588380611019684,0.4585745254836213,0.5036154312260149,0.6122360302424611,0.2577717706120873,0.506506382451357
matched_marginal,36,1259335069,logistic,b3,40,C=1.0,0.3900185760349777,0.4136641158184382,0.4128912996689834,0.4432639870733185,0.5149039714956114,0.280556091909635,0.4455322840500682
matched_marginal,36,1259335069,logistic,b3_logsig,54,C=1.0,0.4022492303923082,0.4293172951992326,0.429199695966298,0.4646738032720662,0.5572260363257148,0.2786252172234022,0.452100632048581
matched_marginal,36,1259335069,logistic,b3_rawsig,79,C=0.1,0.4301796703437556,0.4444913476663468,0.4447780012893791,0.4823671985457483,0.582167376379595,0.2838385788762309,0.4674680877432148
matched_marginal,36,1259335069,logistic,logsig,14,C=0.01,0.3851036719561156,0.4392081921683158,0.4375235854990658,0.4994546556251262,0.6857564960458851,0.216451052326704,0.4154170281323584
matched_marginal,36,1259335069,logistic,rawsig,39,C=1.0,0.4345194296132793,0.4560190900397722,0.4557821624093381,0.4985255503938598,0.6048492222125663,0.2689708437922379,0.4942372041145123
matched_marginal,36,1259335069,logistic,logsig_shuffled,14,C=0.01,0.3314104994401496,0.416695775580607,0.4139160984287778,0.4538881034134518,0.6064134874424264,0.3238076848812512,0.3198661544181435
matched_marginal,36,1259335069,logistic,rawsig_shuffled,39,C=0.1,0.3900107420417295,0.4052940013348019,0.4004303140140434,0.4397495455463542,0.4810115581819761,0.2002317049623479,0.5346387408600818
matched_marginal,36,1259335069,logistic,statistics_logsig_shuffled,25,C=1.0,0.3894042691605773,0.4318012292904345,0.430361045464849,0.4775600888709351,0.5839923524810985,0.2208920641050396,0.4905192712851654
matched_marginal,36,1259335069,logistic,statistics_rawsig_shuffled,50,C=0.1,0.4037703358903592,0.4258265806879112,0.4237113464868431,0.4678246818824479,0.549143999304771,0.2127823904228615,0.5155533523361011
matched_marginal,36,1259335069,logistic,b3_logsig_shuffled,54,C=1.0,0.3915107399780635,0.4127591643791748,0.4120399091943702,0.4425368612401535,0.5149039714956114,0.2792044796292721,0.4441690420126409
matched_marginal,36,1259335069,logistic,b3_rawsig_shuffled,79,C=0.01,0.4042839046371596,0.413222468654679,0.4131256391631885,0.4504140577661079,0.5378465282002259,0.2429040355280942,0.4589168422357169
matched_marginal,36,1259335069,gbm,hmm,3,max_leaf_nodes=31,0.33948380201867545,0.37651145646185674,0.3694402510438968,0.3816198747727732,0.38246284870079084,0.339833944776984,0.40723757590779525
matched_marginal,36,1259335069,gbm,statistics,11,max_leaf_nodes=7,0.3800674383028171,0.3915271775250774,0.3876940016384727,0.4038376085639265,0.4370383244981315,0.3402201197142305,0.3973230883628702
matched_marginal,36,1259335069,gbm,statistics_logsig,25,max_leaf_nodes=7,0.4007559218544567,0.4055198787708491,0.4038605985565965,0.4254494041607756,0.4817936907969062,0.3255454720988608,0.4092204734167802
matched_marginal,36,1259335069,gbm,statistics_rawsig,50,max_leaf_nodes=7,0.4092128802183999,0.4060828086884065,0.4031128654045071,0.4215310038376085,0.4603284956982706,0.3382892450279977,0.4196306853389515
matched_marginal,36,1259335069,gbm,b3,40,max_leaf_nodes=15,0.3880002640124711,0.399170161281873,0.3918128904788391,0.4060997778226621,0.4426870600504041,0.3915813863680247,0.3632420374271904
matched_marginal,36,1259335069,gbm,b3_logsig,54,max_leaf_nodes=15,0.391458314011556,0.4085191631079326,0.4022903186485391,0.4185417087457079,0.4644998696445642,0.3892643367445453,0.3717932829346883
matched_marginal,36,1259335069,gbm,b3_rawsig,79,max_leaf_nodes=7,0.3949428128249477,0.4150342346498165,0.4105042341424088,0.4284790951322965,0.4736247501520813,0.3695694149449701,0.4019085388523981
matched_marginal,36,1259335069,gbm,logsig,14,max_leaf_nodes=7,0.4048045740572956,0.4259387479847907,0.4254639512092374,0.4630175722076348,0.5525332406361345,0.258930295423827,0.4663527078944107
matched_marginal,36,1259335069,gbm,rawsig,39,max_leaf_nodes=7,0.4102646083282844,0.4284007964257253,0.4268564619232833,0.4555443344778832,0.5136873207612758,0.297354701679861,0.4741603668360392
matched_marginal,36,1259335069,gbm,logsig_shuffled,14,max_leaf_nodes=7,0.3799831514294495,0.4001876302671719,0.3920194558502357,0.420723086245203,0.4085339358651256,0.2342150994400463,0.557813855496344
matched_marginal,36,1259335069,gbm,rawsig_shuffled,39,max_leaf_nodes=7,0.3812679187016181,0.3994932542328067,0.3923152857352126,0.4230660472631791,0.4221778048144607,0.224560726008882,0.5517412318750775
matched_marginal,36,1259335069,gbm,statistics_logsig_shuffled,25,max_leaf_nodes=7,0.3848269239002773,0.3894207887980594,0.3872151242566188,0.4063017572207635,0.4546797601459981,0.3224560726008882,0.3911265336472921
matched_marginal,36,1259335069,gbm,statistics_rawsig_shuffled,50,max_leaf_nodes=7,0.3864378818023049,0.3905100669463703,0.3878029241454435,0.406382548980004,0.4518119405579213,0.3274763467850936,0.3922419134960961
matched_marginal,36,1259335069,gbm,b3_logsig_shuffled,54,max_leaf_nodes=7,0.3868324396161657,0.4087236247080854,0.4026721911279916,0.4181781458291254,0.4534631094116624,0.3809615755937439,0.3917461891188499
matched_marginal,36,1259335069,gbm,b3_rawsig_shuffled,79,max_leaf_nodes=7,0.3864423377488395,0.4067097181861057,0.4011847666569967,0.4172086447182387,0.4543321456504736,0.3734311643174358,0.3923658445904077
matched_marginal,37,3143487523,random_forest,hmm,3,max_depth=6,0.3535565559764337,0.33528939509226313,0.29596013073389366,0.29771763280145425,0.2779175050301811,0.18620378719567177,0.5417468930509365
matched_marginal,37,3143487523,random_forest,statistics,11,max_depth=6,0.3871286373129705,0.376248012904107,0.3577512423167051,0.3619470813976974,0.2693661971830985,0.3549143372407574,0.5044635042884649
matched_marginal,37,3143487523,random_forest,statistics_logsig,25,max_depth=10,0.394965862595325,0.3988481440260266,0.3884345660803135,0.3936578468996162,0.3218058350100604,0.4070333633904418,0.4677052336775774
matched_marginal,37,3143487523,random_forest,statistics_rawsig,50,max_depth=10,0.3920932375053774,0.4043652592040264,0.3866650520475084,0.3893758836598667,0.3169014084507042,0.3717763751127141,0.524417994048661
matched_marginal,37,3143487523,random_forest,b3,40,max_depth=6,0.3980239112087758,0.3909352226617287,0.3722572428159649,0.3776206826903656,0.2741448692152917,0.3782687105500451,0.5203920882198495
matched_marginal,37,3143487523,random_forest,b3_logsig,54,max_depth=6,0.4005110437907127,0.3925694123578542,0.374368567683229,0.3810543324580893,0.2679828973843058,0.3914337240757439,0.518291615613513
matched_marginal,37,3143487523,random_forest,b3_rawsig,79,max_depth=6,0.4007230874525755,0.4004977197242092,0.3765145259361468,0.3817006665320137,0.2683601609657948,0.3689810640216411,0.5641519341851917
matched_marginal,37,3143487523,random_forest,logsig,14,max_depth=10,0.4159020006952521,0.4277993055450096,0.4167868783091755,0.4196323974954554,0.3923541247484909,0.4049594229035166,0.4860843689830211
matched_marginal,37,3143487523,random_forest,rawsig,39,max_depth=10,0.3997726991605239,0.418301376422803,0.3875089392484316,0.3890931125025247,0.3160211267605634,0.3264201983769161,0.6124628041309295
matched_marginal,37,3143487523,random_forest,logsig_shuffled,14,max_depth=6,0.3774872962084286,0.3957675572646835,0.3298683110139325,0.343768935568572,0.1866197183098591,0.2434625788999098,0.7572203745842815
matched_marginal,37,3143487523,random_forest,rawsig_shuffled,39,max_depth=6,0.383975188593871,0.4208827866032956,0.3476323768977327,0.3616643102403555,0.2082494969818913,0.2367899008115419,0.8176089620164537
matched_marginal,37,3143487523,random_forest,statistics_logsig_shuffled,25,max_depth=6,0.3821806585058563,0.3822483861452891,0.3618351822045631,0.367683296303777,0.2565392354124748,0.3675383228133453,0.5226676002100472
matched_marginal,37,3143487523,random_forest,statistics_rawsig_shuffled,50,max_depth=4,0.3870525403362335,0.3881716650226032,0.3572014426127934,0.3704302161179559,0.198692152917505,0.3853922452660054,0.580430596884299
matched_marginal,37,3143487523,random_forest,b3_logsig_shuffled,54,max_depth=6,0.3982937208972283,0.3897206071595664,0.3717617883471627,0.3783478085235306,0.2672283702213279,0.3883678990081154,0.513565552249256
matched_marginal,37,3143487523,random_forest,b3_rawsig_shuffled,79,max_depth=10,0.3980980743471051,0.3810158961847096,0.3713910755827607,0.3762876186628964,0.3186619718309859,0.3852119026149684,0.4391738141081743
matched_marginal,37,3143487523,logistic,hmm,3,C=1.0,0.3477743999963326,0.3440481610309682,0.28804012258179346,0.2954958594223389,0.35261569416498995,0.1169522091974752,0.5625765797304394
matched_marginal,37,3143487523,logistic,statistics,11,C=1.0,0.373859991738154,0.4027370577087008,0.3716888762473466,0.3715209048677035,0.4725855130784708,0.229936880072137,0.5056887799754944
matched_marginal,37,3143487523,logistic,statistics_logsig,25,C=1.0,0.4034007251897042,0.4209796178930918,0.3937271575243561,0.3923651787517673,0.4739688128772635,0.2671776375112714,0.5217924032907404
matched_marginal,37,3143487523,logistic,statistics_rawsig,50,C=0.1,0.4356966875043467,0.4428632877592639,0.4115581237575536,0.4093314481922844,0.477364185110664,0.2741208295761947,0.5771048485909329
matched_marginal,37,3143487523,logistic,b3,40,C=1.0,0.3816948545292901,0.4011854810091894,0.3788939228373436,0.3789537467178347,0.4559859154929577,0.2760144274120829,0.4715561001225276
matched_marginal,37,3143487523,logistic,b3_logsig,54,C=0.1,0.4029311210395756,0.4109183985569589,0.3895592271192201,0.3890123207432842,0.4474346076458752,0.2948602344454463,0.4904603535795554
matched_marginal,37,3143487523,logistic,b3_rawsig,79,C=1.0,0.4301710136998493,0.4305939521133404,0.4086054860207268,0.4069884871743082,0.4572434607645875,0.3108205590622182,0.5237178365132155
matched_marginal,37,3143487523,logistic,logsig,14,C=0.01,0.4067189552649916,0.405785507521111,0.3586744187825619,0.3730559482932741,0.6316649899396378,0.1610459873760144,0.4246455452476807
matched_marginal,37,3143487523,logistic,rawsig,39,C=0.1,0.4381826782649409,0.4399204128231566,0.4049132870417267,0.4030296909715209,0.45988430583501,0.2617673579801623,0.5981095746542973
matched_marginal,37,3143487523,logistic,logsig_shuffled,14,C=0.01,0.3352228516344945,0.3581058077984339,0.3338986144984464,0.3402140981619875,0.4971076458752515,0.21785392245266,0.3593558550673901
matched_marginal,37,3143487523,logistic,rawsig_shuffled,39,C=0.01,0.3761206118332909,0.4127333385805589,0.3499058813016005,0.3555645324176933,0.3541247484909456,0.1739404869251578,0.7101347803255732
matched_marginal,37,3143487523,logistic,statistics_logsig_shuffled,25,C=1.0,0.3782160791340925,0.3993864889346247,0.3680332413001928,0.3680872550999798,0.4704476861167002,0.2256988277727682,0.5020129529144057
matched_marginal,37,3143487523,logistic,statistics_rawsig_shuffled,50,C=1.0,0.3987933981683484,0.4222157292932809,0.3940611071684574,0.3920824075944253,0.4161217303822938,0.2860234445446348,0.5645020129529144
matched_marginal,37,3143487523,logistic,b3_logsig_shuffled,54,C=1.0,0.3826172682875829,0.4006824576393598,0.3790094258436295,0.3791153302363159,0.454476861167002,0.278990081154193,0.4685804305968843
matched_marginal,37,3143487523,logistic,b3_rawsig_shuffled,79,C=1.0,0.4002792970311066,0.418375232911532,0.3966974995408286,0.3959200161583519,0.442907444668008,0.3047790802524797,0.5074391738141082
matched_marginal,37,3143487523,gbm,hmm,3,max_leaf_nodes=7,0.34783579860137864,0.34589678309469796,0.3319027614537926,0.33577055140375683,0.278546277665996,0.327321911632101,0.4318221599859968
matched_marginal,37,3143487523,gbm,statistics,11,max_leaf_nodes=7,0.3703082660230534,0.3955388122970213,0.3835596702937263,0.3848111492627752,0.3838028169014084,0.3510369702434626,0.4517766497461929
matched_marginal,37,3143487523,gbm,statistics_logsig,25,max_leaf_nodes=15,0.3879595902967062,0.4032904067830291,0.3942408388052046,0.3964451625934154,0.4126006036217304,0.3678990081154193,0.4293716086119377
matched_marginal,37,3143487523,gbm,statistics_rawsig,50,max_leaf_nodes=7,0.3888624503702665,0.4089085447303111,0.3964384377945188,0.3975762472227833,0.4011569416498994,0.3599639314697926,0.465604761071241
matched_marginal,37,3143487523,gbm,b3,40,max_leaf_nodes=7,0.3814493623548197,0.3969767337570498,0.3870581546381739,0.3895778630579681,0.3776408450704225,0.3709648331830478,0.442324523017679
matched_marginal,37,3143487523,gbm,b3_logsig,54,max_leaf_nodes=7,0.3907660518023947,0.3979296678685482,0.3877557474463771,0.3899414259745506,0.3875754527162978,0.3654643823264202,0.4407491685629267
matched_marginal,37,3143487523,gbm,b3_rawsig,79,max_leaf_nodes=7,0.3854188704855632,0.3975127862715228,0.3866861202210944,0.3884871743082205,0.3922283702213279,0.3581605049594229,0.4421494836338176
matched_marginal,37,3143487523,gbm,logsig,14,max_leaf_nodes=7,0.418326377275531,0.4398760863009753,0.4215788933167133,0.4218137749949505,0.4258048289738431,0.3625788999098286,0.5312445300192543
matched_marginal,37,3143487523,gbm,rawsig,39,max_leaf_nodes=7,0.4088150183998828,0.4151266948271873,0.3942123703628346,0.3938598262977176,0.391725352112676,0.326961226330027,0.5266935060388588
matched_marginal,37,3143487523,gbm,logsig_shuffled,14,max_leaf_nodes=7,0.3775912941763935,0.4059188183751255,0.3654598707162136,0.3675217127852959,0.2955231388329979,0.2751127141568981,0.6471206021354805
matched_marginal,37,3143487523,gbm,rawsig_shuffled,39,max_leaf_nodes=7,0.375211311782811,0.4089466790857816,0.3647149274488814,0.3667945869521309,0.3030684104627766,0.2589720468890892,0.6647995799054788
matched_marginal,37,3143487523,gbm,statistics_logsig_shuffled,25,max_leaf_nodes=15,0.3735342967806423,0.3960752597147555,0.3865304900128963,0.3886487578267016,0.3931086519114688,0.3631199278629395,0.4319971993698582
matched_marginal,37,3143487523,gbm,statistics_rawsig_shuffled,50,max_leaf_nodes=7,0.3742365094388488,0.4018925310685834,0.3892628279020962,0.3902241971318925,0.3865694164989939,0.3545536519386835,0.4645545247680728
matched_marginal,37,3143487523,gbm,b3_logsig_shuffled,54,max_leaf_nodes=7,0.3814493623548197,0.3969767337570498,0.3870581546381739,0.3895778630579681,0.3776408450704225,0.3709648331830478,0.442324523017679
matched_marginal,37,3143487523,gbm,b3_rawsig_shuffled,79,max_leaf_nodes=7,0.384180462634462,0.4000682169587231,0.3902742623015348,0.3928499293072107,0.3882042253521127,0.3717763751127141,0.4402240504113425
matched_marginal,38,1836839349,random_forest,hmm,3,max_depth=10,0.3405388346420069,0.35718527890743257,0.3483657601942259,0.3713997172288427,0.29263445534716187,0.21072487200215576,0.5681965093729799
matched_marginal,38,1836839349,random_forest,statistics,11,max_depth=10,0.3987228172244739,0.4030680339257178,0.4015787613184648,0.412320743284185,0.3987082350018631,0.2828078684990568,0.5276879982762336
matched_marginal,38,1836839349,random_forest,statistics_logsig,25,max_depth=10,0.401818639817651,0.4139310908896963,0.4112702294048065,0.4249242577257119,0.4117500931561296,0.2690649420641336,0.5609782374488257
matched_marginal,38,1836839349,random_forest,statistics_rawsig,50,max_depth=10,0.4006885364719854,0.4113385636924538,0.4063855506994616,0.4246818824479903,0.3856663768475966,0.2507410401509027,0.5976082740788623
matched_marginal,38,1836839349,random_forest,b3,40,max_depth=10,0.3992886686034575,0.4136136019702638,0.4120524384265038,0.4233488184205211,0.3963482797168053,0.2954729183508488,0.5490196078431373
matched_marginal,38,1836839349,random_forest,b3_logsig,54,max_depth=10,0.4057660388226627,0.4093014188618069,0.4068345996877242,0.4199959604120379,0.3969693205812942,0.2751279978442468,0.5558069381598794
matched_marginal,38,1836839349,random_forest,b3_rawsig,79,max_depth=10,0.4041117469059319,0.4142164055328401,0.4101547265634429,0.4263381135124217,0.392622034529872,0.267178658043654,0.5828485240249947
matched_marginal,38,1836839349,random_forest,logsig,14,max_depth=10,0.4024972737713002,0.4058493168130013,0.3853692970893195,0.4216117955968491,0.4977021488013911,0.1352735111829695,0.5845722904546434
matched_marginal,38,1836839349,random_forest,rawsig,39,max_depth=10,0.3915226803409958,0.4079548225539513,0.3938458667442641,0.4261361341143203,0.3607005340951434,0.1972514147130153,0.6659125188536953
matched_marginal,38,1836839349,random_forest,logsig_shuffled,14,max_depth=10,0.3668262623219832,0.3783521655633857,0.3416490218266291,0.4038780044435467,0.2917649981368774,0.0959310158986796,0.7473604826546003
matched_marginal,38,1836839349,random_forest,rawsig_shuffled,39,max_depth=10,0.3740639267008736,0.3856051129507521,0.3663939506437861,0.405655423146839,0.3056763135014284,0.1716518458636486,0.6794871794871795
matched_marginal,38,1836839349,random_forest,statistics_logsig_shuffled,25,max_depth=10,0.3977952115300002,0.4029175478260797,0.4009104674074186,0.4130074732377297,0.3918767854924854,0.2759364052815952,0.5409394527041586
matched_marginal,38,1836839349,random_forest,statistics_rawsig_shuffled,50,max_depth=10,0.3969955539832016,0.4066502000997018,0.4022484531528077,0.4193092304584932,0.3729971432120234,0.2604419293990838,0.5865115276879983
matched_marginal,38,1836839349,random_forest,b3_logsig_shuffled,54,max_depth=10,0.4028395962509725,0.4086022258177674,0.4061088765857001,0.4193496263381135,0.3915041609737921,0.276879547291835,0.5574229691876751
matched_marginal,38,1836839349,random_forest,b3_rawsig_shuffled,79,max_depth=10,0.4026671510093032,0.4123117531672364,0.4087453365309979,0.4241163401333064,0.3856663768475966,0.2728375101050929,0.5784313725490197
matched_marginal,38,1836839349,logistic,hmm,3,C=0.01,0.32857518039759154,0.3490251885632052,0.3332183269557005,0.3658250858412442,0.2209663395851447,0.21018593371059013,0.6159232923938807
matched_marginal,38,1836839349,logistic,statistics,11,C=0.01,0.4055685978900473,0.3850898089321958,0.377109579644177,0.3934154716218945,0.4898770339088312,0.2049312853678253,0.460461107519931
matched_marginal,38,1836839349,logistic,statistics_logsig,25,C=0.01,0.4158246700222474,0.4134931990771764,0.4015441255539355,0.4222581296707736,0.5603030679418706,0.1996766370250606,0.4804998922645981
matched_marginal,38,1836839349,logistic,statistics_rawsig,50,C=0.1,0.4429082684965601,0.432164388052962,0.4175401666875595,0.4445566552211674,0.5625388150540306,0.1809485313931554,0.5530058177117001
matched_marginal,38,1836839349,logistic,b3,40,C=1.0,0.3867588641038468,0.3918940639912328,0.3881257059198046,0.3968895172692385,0.4835424170910446,0.2647534357316087,0.427386339151045
matched_marginal,38,1836839349,logistic,b3_logsig,54,C=1.0,0.4016846697891857,0.4182244144744694,0.413643665130476,0.4237527772167239,0.5242826978015154,0.2744543249797898,0.455936220642103
matched_marginal,38,1836839349,logistic,b3_rawsig,79,C=0.1,0.4319284769899315,0.433984301544409,0.4282112796587945,0.4414057766107857,0.546143336231524,0.2609808676906494,0.4948287007110536
matched_marginal,38,1836839349,logistic,logsig,14,C=0.1,0.4055678448810669,0.3827904238165593,0.3723664293461246,0.3893354877802464,0.5282573593342442,0.1994071678792778,0.420706744236156
matched_marginal,38,1836839349,logistic,rawsig,39,C=1.0,0.4348410784215392,0.432033623540202,0.4124555309875394,0.4475863461926883,0.5379455968202708,0.1549447588251145,0.6032105149752208
matched_marginal,38,1836839349,logistic,logsig_shuffled,14,C=0.1,0.3394112969067624,0.3234874990749358,0.3154827061543373,0.3314885881640073,0.1861880511737672,0.307868499056858,0.4764059469941822
matched_marginal,38,1836839349,logistic,rawsig_shuffled,39,C=0.1,0.3806626651669782,0.380209524559728,0.3523787713762407,0.4028681074530398,0.3302695317351882,0.1116949609269738,0.6986640810170222
matched_marginal,38,1836839349,logistic,statistics_logsig_shuffled,25,C=0.01,0.402909228175333,0.3849224023452639,0.3766391504570299,0.3937386386588568,0.4859023723761023,0.2007545136081918,0.4681103210514975
matched_marginal,38,1836839349,logistic,statistics_rawsig_shuffled,50,C=0.1,0.4058229952363457,0.4028123306239421,0.3880647285845962,0.4163603312462129,0.4963358588995156,0.1606036108865534,0.5514975220857574
matched_marginal,38,1836839349,logistic,b3_logsig_shuffled,54,C=1.0,0.3869903155853174,0.3917862414952796,0.3879850986167348,0.3968087255099979,0.4835424170910446,0.2642144974400431,0.4276018099547511
matched_marginal,38,1836839349,logistic,b3_rawsig_shuffled,79,C=0.1,0.4041254462536026,0.4052054120217911,0.4008439732462447,0.4117955968491213,0.4989442305303689,0.2554567502021018,0.4612152553329024
matched_marginal,38,1836839349,gbm,hmm,3,max_leaf_nodes=15,0.34271871301346124,0.353134997692393,0.34973454688908134,0.3629569783882044,0.3359831076884859,0.23376448396658583,0.4896574014221073
matched_marginal,38,1836839349,gbm,statistics,11,max_leaf_nodes=15,0.3906819984954744,0.4018747811129111,0.4024844295527126,0.4066249242577257,0.4066575580673208,0.3354890864995958,0.4634776987718164
matched_marginal,38,1836839349,gbm,statistics_logsig,25,max_leaf_nodes=7,0.4032648714882492,0.4160613828189575,0.4157670800312111,0.4223389214300141,0.4496335858899515,0.3102937213689032,0.4882568411980176
matched_marginal,38,1836839349,gbm,statistics_rawsig,50,max_leaf_nodes=7,0.4088185629428245,0.4151458080764729,0.4149989936044115,0.421450212078368,0.4429263445534716,0.3128536782538399,0.4896574014221073
matched_marginal,38,1836839349,gbm,b3,40,max_leaf_nodes=15,0.3939634842856556,0.39564829339635,0.3959278515443012,0.3993536659260755,0.4116258849832319,0.3357585556453786,0.4395604395604395
matched_marginal,38,1836839349,gbm,b3_logsig,54,max_leaf_nodes=15,0.3993165407025559,0.4010752956445084,0.4015933254560723,0.404928297313674,0.4159731710346541,0.3399353274050121,0.4473173884938591
matched_marginal,38,1836839349,gbm,b3_rawsig,79,max_leaf_nodes=7,0.39854612480119,0.4058043590858844,0.4057713350116203,0.4103817410624116,0.4303813190907962,0.3286176232821342,0.4584141348847231
matched_marginal,38,1836839349,gbm,logsig,14,max_leaf_nodes=7,0.4098974127900119,0.4162849901869452,0.4099978717218376,0.426822864067865,0.4805614209414979,0.233495014820803,0.5347985347985348
matched_marginal,38,1836839349,gbm,rawsig,39,max_leaf_nodes=15,0.4099917052277738,0.4115525894365337,0.4083990588654848,0.4209654615229247,0.4481430878151782,0.2620587442737807,0.5244559362206421
matched_marginal,38,1836839349,gbm,logsig_shuffled,14,max_leaf_nodes=7,0.3740167038528781,0.3842530971924134,0.3681628571361944,0.4029085033326601,0.3193392125201838,0.1789275127997844,0.6544925662572721
matched_marginal,38,1836839349,gbm,rawsig_shuffled,39,max_leaf_nodes=7,0.3737520381988452,0.383646659624633,0.3678178794508908,0.4022621692587356,0.3102720158986461,0.1844516302883319,0.6562163326869209
matched_marginal,38,1836839349,gbm,statistics_logsig_shuffled,25,max_leaf_nodes=7,0.3942886765389639,0.4087426207535269,0.4088312271996853,0.4151080589779842,0.4158489628617563,0.3193209377526273,0.4910579616461969
matched_marginal,38,1836839349,gbm,statistics_rawsig_shuffled,50,max_leaf_nodes=7,0.3936499139768059,0.4087098693765065,0.4087738511917537,0.415229246616845,0.4157247546888585,0.3172999191592562,0.4931049342814049
matched_marginal,38,1836839349,gbm,b3_logsig_shuffled,54,max_leaf_nodes=15,0.3939634842856556,0.39564829339635,0.3959278515443012,0.3993536659260755,0.4116258849832319,0.3357585556453786,0.4395604395604395
matched_marginal,38,1836839349,gbm,b3_rawsig_shuffled,79,max_leaf_nodes=15,0.3932669422687345,0.3954466620193201,0.3959403672134874,0.3996364370834175,0.4050428518196497,0.3333333333333333,0.4479638009049774
matched_marginal,39,2191034984,random_forest,hmm,3,max_depth=10,0.3342139868205,0.34502783252989994,0.3232426356498921,0.3303171076550192,0.32104607721046075,0.25342098202307484,0.4606164383561644
matched_marginal,39,2191034984,random_forest,statistics,11,max_depth=10,0.378775737318465,0.3961416544233162,0.3735924945047713,0.3838416481518885,0.3921129099211291,0.2700563455862624,0.526255707762557
matched_marginal,39,2191034984,random_forest,statistics_logsig,25,max_depth=10,0.3846465260575706,0.4054355429999104,0.3843743429317498,0.3995556453241769,0.4322125363221253,0.2565065736517306,0.5275875190258752
matched_marginal,39,2191034984,random_forest,statistics_rawsig,50,max_depth=10,0.3861227108061755,0.3987395598621161,0.3720917152103019,0.3851747121793577,0.4014943960149439,0.2374563992487255,0.5572678843226788
matched_marginal,39,2191034984,random_forest,b3,40,max_depth=10,0.3888653420714389,0.3991200544713231,0.3665479213180034,0.371157341951121,0.3331672893316729,0.2878991145693587,0.5762937595129376
matched_marginal,39,2191034984,random_forest,b3_logsig,54,max_depth=6,0.3952108161932408,0.4010194908892308,0.377439138130172,0.3878408402342961,0.3950186799501868,0.2711295948484035,0.536910197869102
matched_marginal,39,2191034984,random_forest,b3_rawsig,79,max_depth=10,0.3923165054146656,0.404556769117766,0.3699594768051273,0.377539890931125,0.3527604815276048,0.2602629460692245,0.6006468797564688
matched_marginal,39,2191034984,random_forest,logsig,14,max_depth=10,0.3899761781640077,0.4102946900484124,0.3993941634545966,0.4351040193900222,0.5583229555832295,0.2324926214113228,0.4400684931506849
matched_marginal,39,2191034984,random_forest,rawsig,39,max_depth=10,0.3940592685329511,0.3867815713755744,0.3527163376088925,0.3679256715814987,0.375840597758406,0.2082103568553796,0.5762937595129376
matched_marginal,39,2191034984,random_forest,logsig_shuffled,14,max_depth=10,0.3649266293274031,0.3748937539043798,0.3115968820551741,0.3178751767319733,0.2118721461187214,0.2362489938288167,0.6765601217656012
matched_marginal,39,2191034984,random_forest,rawsig_shuffled,39,max_depth=4,0.3684154504162964,0.3727747202351257,0.2823231814637441,0.294647545950313,0.1337484433374844,0.2311510598336463,0.7534246575342466
matched_marginal,39,2191034984,random_forest,statistics_logsig_shuffled,25,max_depth=10,0.3814069402762067,0.3976734719684171,0.3762001661539144,0.3876388608361947,0.4034869240348692,0.2667024416420713,0.5228310502283106
matched_marginal,39,2191034984,random_forest,statistics_rawsig_shuffled,50,max_depth=10,0.382332122509619,0.4001924956160247,0.3763918023728476,0.3875580690769541,0.399252801992528,0.2607995707002951,0.5405251141552512
matched_marginal,39,2191034984,random_forest,b3_logsig_shuffled,54,max_depth=6,0.3903293965419121,0.3962555411270085,0.3728913576870612,0.3817814582912543,0.3809049398090494,0.280654682049906,0.52720700152207
matched_marginal,39,2191034984,random_forest,b3_rawsig_shuffled,79,max_depth=6,0.3892635055361143,0.4028365608962218,0.3754777363435084,0.3849727327812563,0.3809049398090494,0.2693855647974242,0.5582191780821918
matched_marginal,39,2191034984,logistic,hmm,3,C=0.1,0.31731879483543884,0.3142458988999047,0.3079839862108169,0.35863461926883455,0.4567040265670403,0.37416152401395225,0.11187214611872145
matched_marginal,39,2191034984,logistic,statistics,11,C=0.01,0.382473226730715,0.400444783259747,0.3851076406929108,0.3987477277317713,0.4274802822748028,0.2978266702441642,0.476027397260274
matched_marginal,39,2191034984,logistic,statistics_logsig,25,C=0.1,0.4107016687374508,0.424507100648255,0.4088951723691689,0.4354675823066047,0.5193856371938563,0.2548966997585189,0.4992389649923896
matched_marginal,39,2191034984,logistic,statistics_rawsig,50,C=1.0,0.4309514109950642,0.4376634112775597,0.4215008701701346,0.4467784286002828,0.5240348692403487,0.2735444056882211,0.5154109589041096
matched_marginal,39,2191034984,logistic,b3,40,C=1.0,0.3912128842762565,0.377536465309418,0.3639237550882683,0.3770955362553019,0.4112909921129099,0.268312315535283,0.4530060882800609
matched_marginal,39,2191034984,logistic,b3_logsig,54,C=0.1,0.4102242686027917,0.3964234222654819,0.3842957305587552,0.405372651989497,0.473225404732254,0.2599946337536893,0.4560502283105023
matched_marginal,39,2191034984,logistic,b3_rawsig,79,C=1.0,0.4270011394261033,0.4158565901921496,0.4010229131286738,0.4227428802262169,0.489082606890826,0.2672390662731419,0.491248097412481
matched_marginal,39,2191034984,logistic,logsig,14,C=0.1,0.3938662762222644,0.3919497193908101,0.3747051237167159,0.4220561502726722,0.5727687837276878,0.172524818889187,0.4305555555555556
matched_marginal,39,2191034984,logistic,rawsig,39,C=0.1,0.429422772378795,0.4239800741134032,0.3990404370026509,0.43768935568572,0.5506019095060191,0.1872819962436275,0.5340563165905632
matched_marginal,39,2191034984,logistic,logsig_shuffled,14,C=1.0,0.342381678092023,0.3429968935619115,0.3334384908293751,0.3453443748737628,0.3649647156496471,0.3015830426616582,0.3624429223744292
matched_marginal,39,2191034984,logistic,rawsig_shuffled,39,C=1.0,0.3636914654093334,0.3757771627051153,0.3311738205631553,0.3375883659866693,0.281527604815276,0.2367856184598873,0.6090182648401826
matched_marginal,39,2191034984,logistic,statistics_logsig_shuffled,25,C=1.0,0.3818518963995844,0.3943442518043449,0.376531632604282,0.3892143001413856,0.4135325861353258,0.2773007781057151,0.4921993911719939
matched_marginal,39,2191034984,logistic,statistics_rawsig_shuffled,50,C=1.0,0.3905639365215556,0.4144125226917953,0.393363388613754,0.404645526156332,0.4160232461602324,0.2994365441373759,0.5277777777777778
matched_marginal,39,2191034984,logistic,b3_logsig_shuffled,54,C=0.1,0.3918547477891893,0.3770670332302222,0.363070266280299,0.3762472227832761,0.4104607721046077,0.2646900992755567,0.4560502283105023
matched_marginal,39,2191034984,logistic,b3_rawsig_shuffled,79,C=0.1,0.4015776918155729,0.3977812965537677,0.3817215397850004,0.3970511007877196,0.4368617683686177,0.2688489401663536,0.4876331811263318
matched_marginal,39,2191034984,gbm,hmm,3,max_leaf_nodes=31,0.3397572003904985,0.3403297749682517,0.3270018142363223,0.33403352858008484,0.32552926525529263,0.31513281459618997,0.3803272450532725
matched_marginal,39,2191034984,gbm,statistics,11,max_leaf_nodes=7,0.3750575000134405,0.3995841620095032,0.3802860726330356,0.390587760048475,0.4012453300124533,0.2931312047222967,0.5043759512937596
matched_marginal,39,2191034984,gbm,statistics_logsig,25,max_leaf_nodes=7,0.3946678682433635,0.4201018810857787,0.4030615660495991,0.4161583518481115,0.4420091324200913,0.308022538234505,0.5102739726027398
matched_marginal,39,2191034984,gbm,statistics_rawsig,50,max_leaf_nodes=7,0.393645676019815,0.4144421467549438,0.3954837784276754,0.4075136336093718,0.4261519302615193,0.3002414810839817,0.5169330289193302
matched_marginal,39,2191034984,gbm,b3,40,max_leaf_nodes=7,0.3813443953575963,0.4006830643595496,0.3765435048876803,0.3811755200969501,0.3524283935242839,0.3300241481083982,0.5195966514459666
matched_marginal,39,2191034984,gbm,b3_logsig,54,max_leaf_nodes=7,0.393453763050706,0.4034853650364859,0.3814794351667778,0.3886891537063219,0.3787463677874637,0.313254628387443,0.518455098934551
matched_marginal,39,2191034984,gbm,b3_rawsig,79,max_leaf_nodes=7,0.3866390204782279,0.4072803770386386,0.3838842041595909,0.3894970712987275,0.3685346616853466,0.3266702441642071,0.5266362252663622
matched_marginal,39,2191034984,gbm,logsig,14,max_leaf_nodes=15,0.4068217519913655,0.4073534596899821,0.3919248846587113,0.4109472833770955,0.4661685346616853,0.2661658170110008,0.4897260273972603
matched_marginal,39,2191034984,gbm,rawsig,39,max_leaf_nodes=15,0.4133706954440543,0.3906539810420599,0.3739904375167951,0.3907089476873359,0.432461602324616,0.2621411322779715,0.4773592085235921
matched_marginal,39,2191034984,gbm,logsig_shuffled,14,max_leaf_nodes=7,0.3642366359359652,0.3682834491595808,0.325274796312615,0.3292264189052716,0.2621004566210045,0.2563724174939629,0.5863774733637748
matched_marginal,39,2191034984,gbm,rawsig_shuffled,39,max_leaf_nodes=7,0.3641812198741161,0.3627250562207798,0.3198493000690091,0.325065643304383,0.2659194686591947,0.2375905554064931,0.5846651445966514
matched_marginal,39,2191034984,gbm,statistics_logsig_shuffled,25,max_leaf_nodes=7,0.3767072141452764,0.4074299756028974,0.3886665991888386,0.3993940618056958,0.4117891241178912,0.3034612288704051,0.5070395738203958
matched_marginal,39,2191034984,gbm,statistics_rawsig_shuffled,50,max_leaf_nodes=7,0.3792660934297014,0.4070361015761297,0.3875971400547964,0.3984649565744294,0.4107928601079286,0.2988999195063053,0.5114155251141552
matched_marginal,39,2191034984,gbm,b3_logsig_shuffled,54,max_leaf_nodes=7,0.3813443953575963,0.4006830643595496,0.3765435048876803,0.3811755200969501,0.3524283935242839,0.3300241481083982,0.5195966514459666
matched_marginal,39,2191034984,gbm,b3_rawsig_shuffled,79,max_leaf_nodes=7,0.385002971535171,0.4033639831363587,0.3790482018080198,0.3836800646334073,0.3553341635533416,0.3300241481083982,0.5247336377473364
matched_marginal,40,954646438,random_forest,hmm,3,max_depth=4,0.35373139788064883,0.3813188210520589,0.2865746210143781,0.306806705716017,0.31933519411316924,0.07528510334996436,0.7493361656930431
matched_marginal,40,954646438,random_forest,statistics,11,max_depth=6,0.3941130040739132,0.3944305380766765,0.3548999698093247,0.3560492829731367,0.3063943161634103,0.2592658588738418,0.6176314391927775
matched_marginal,40,954646438,random_forest,statistics_logsig,25,max_depth=10,0.4059408475517698,0.4121329443348585,0.3677320203191958,0.3680468592203595,0.3459781781273788,0.2428724162508909,0.6475482386263055
matched_marginal,40,954646438,random_forest,statistics_rawsig,50,max_depth=10,0.4159463508761913,0.4234481939670656,0.3718866711368322,0.3735406988487174,0.3428063943161634,0.2341411261582323,0.6933970614268012
matched_marginal,40,954646438,random_forest,b3,40,max_depth=6,0.4063656473178751,0.4128862469469745,0.3664906995599259,0.3678852757018784,0.3166708957117483,0.2516037063435495,0.6703841387856257
matched_marginal,40,954646438,random_forest,b3_logsig,54,max_depth=6,0.4069217728753186,0.4064079792852899,0.3602417669309985,0.3628761866289638,0.2876173560010149,0.2606913756236635,0.6709152062311914
matched_marginal,40,954646438,random_forest,b3_rawsig,79,max_depth=10,0.4143103000761086,0.4152909093009578,0.3674457261899657,0.3675217127852959,0.3704643491499619,0.2211332858161083,0.654275092936803
matched_marginal,40,954646438,random_forest,logsig,14,max_depth=10,0.4257631660307321,0.4304327567685789,0.3722962611895997,0.375075742274288,0.4215935041867546,0.1881682109764789,0.6815365551425031
matched_marginal,40,954646438,random_forest,rawsig,39,max_depth=10,0.4126418363384855,0.4199452233320619,0.3661856875116746,0.3686527974146637,0.3192083227607206,0.2325374198146828,0.7080899274207825
matched_marginal,40,954646438,random_forest,logsig_shuffled,14,max_depth=10,0.3938004992589529,0.4184570343667201,0.3639541020899221,0.3685720056554231,0.2808931743212383,0.2520491803278688,0.7224287484510533
matched_marginal,40,954646438,random_forest,rawsig_shuffled,39,max_depth=10,0.3967333308359544,0.4178873394363737,0.365392136891368,0.3682084427388406,0.3112154275564577,0.2400213827512473,0.7024252080014162
matched_marginal,40,954646438,random_forest,statistics_logsig_shuffled,25,max_depth=10,0.4020727180399843,0.3967815586389019,0.3544521287724986,0.3547162189456675,0.3331641715300685,0.2354775481111903,0.621702956275447
matched_marginal,40,954646438,random_forest,statistics_rawsig_shuffled,50,max_depth=10,0.4066969537951333,0.4151601280593044,0.3654713000607905,0.3669965663502322,0.3358284699314894,0.233071988595866,0.6765799256505576
matched_marginal,40,954646438,random_forest,b3_logsig_shuffled,54,max_depth=10,0.4058352830556784,0.4180744039958248,0.3687613470049922,0.3690971520904867,0.3903831514843948,0.2116892373485388,0.6521508231545406
matched_marginal,40,954646438,random_forest,b3_rawsig_shuffled,79,max_depth=10,0.4066906627279553,0.4209353428469346,0.3721073488817885,0.3726519894970713,0.3751585891905608,0.2248752672843905,0.6627721720658524
matched_marginal,40,954646438,logistic,hmm,3,C=0.1,0.3430256150673276,0.37103032160357596,0.2678952245743988,0.29957584326398706,0.44582593250444047,0.023788310762651463,0.643476721543636
matched_marginal,40,954646438,logistic,statistics,11,C=1.0,0.390134774874036,0.3736470041638773,0.340732718046778,0.3413855786709756,0.4250190307028673,0.2098182466143977,0.4861037351743671
matched_marginal,40,954646438,logistic,statistics_logsig,25,C=1.0,0.4177228610782283,0.3981099893408428,0.3653185405073398,0.3648959806099778,0.4332656686120274,0.2365466856735566,0.5245176137369446
matched_marginal,40,954646438,logistic,statistics_rawsig,50,C=1.0,0.4475010710920699,0.4429416368486924,0.4087587779115253,0.4075944253686124,0.4682821618878457,0.2758374910905203,0.5847052575677111
matched_marginal,40,954646438,logistic,b3,40,C=0.01,0.37447100266554,0.3944967054367593,0.3686970073078972,0.3705514037568168,0.4849023090586146,0.2519600855310049,0.4466277217206585
matched_marginal,40,954646438,logistic,b3_logsig,54,C=0.1,0.4018639473984907,0.4073932181106154,0.383133372066954,0.3841244193092304,0.4829992387718853,0.2737883107626515,0.4653921047973092
matched_marginal,40,954646438,logistic,b3_rawsig,79,C=1.0,0.4341872687840291,0.4374965208466608,0.4108664235069256,0.4104221369420319,0.4857904085257549,0.2979330007127583,0.5287661533014693
matched_marginal,40,954646438,logistic,logsig,14,C=0.01,0.4060878229558126,0.366681417944394,0.3394495093411033,0.3413855786709756,0.465871606191322,0.2146293656450463,0.4195432819968136
matched_marginal,40,954646438,logistic,rawsig,39,C=0.1,0.4522726815295246,0.4319662997296746,0.3884974840583483,0.3887699454655625,0.4687896472976401,0.2254098360655737,0.6016994158258099
matched_marginal,40,954646438,logistic,logsig_shuffled,14,C=0.01,0.340081567584297,0.3376798682277271,0.3285531341903737,0.3367804483942638,0.2621162141588429,0.363952245188881,0.3869711453354576
matched_marginal,40,954646438,logistic,rawsig_shuffled,39,C=0.01,0.4027896640747206,0.4082249842646228,0.3409375467044699,0.346960210058574,0.3827708703374778,0.1463827512473271,0.6955213312090636
matched_marginal,40,954646438,logistic,statistics_logsig_shuffled,25,C=1.0,0.3898602535835242,0.3801701852105778,0.3486159836368777,0.3485356493637649,0.4165186500888099,0.2251425516749821,0.4988493538679412
matched_marginal,40,954646438,logistic,statistics_rawsig_shuffled,50,C=0.1,0.4104271337406442,0.412375889952292,0.3780963527887692,0.37681276509796,0.4119512814006597,0.2546329294369209,0.5705434590192955
matched_marginal,40,954646438,logistic,b3_logsig_shuffled,54,C=0.01,0.3728880263167721,0.3931121859076524,0.367533545108427,0.369420319127449,0.483760466886577,0.2516037063435495,0.4439723844928306
matched_marginal,40,954646438,logistic,b3_rawsig_shuffled,79,C=1.0,0.399003426482798,0.4229691873905374,0.3959309063303481,0.3960008079175924,0.4784318700837351,0.2810049893086244,0.509470702779253
matched_marginal,40,954646438,gbm,hmm,3,max_leaf_nodes=7,0.3443374857825761,0.37539532918603663,0.33063775597039774,0.3320541304786912,0.35701598579040855,0.1903064861012117,0.5788635156664896
matched_marginal,40,954646438,gbm,statistics,11,max_leaf_nodes=7,0.3937523227242543,0.3908740633658663,0.3649146444077635,0.3642900424156736,0.351560517635118,0.2885780470420527,0.5324836254204284
matched_marginal,40,954646438,gbm,statistics_logsig,25,max_leaf_nodes=15,0.4202698125106147,0.40889248931612,0.3787197233517352,0.3777418703292264,0.4275564577518396,0.2630969351389879,0.5360240750575324
matched_marginal,40,954646438,gbm,statistics_rawsig,50,max_leaf_nodes=31,0.4193567384724047,0.4061477481869108,0.3758291717484457,0.3749141587558069,0.4270489723420451,0.259087669280114,0.5323066029385732
matched_marginal,40,954646438,gbm,b3,40,max_leaf_nodes=7,0.4021329274782668,0.399351853110544,0.3695291081074157,0.3697434861644112,0.4580055823395077,0.2443870277975766,0.4956629491945477
matched_marginal,40,954646438,gbm,b3_logsig,54,max_leaf_nodes=7,0.4099944775694015,0.4126117334027309,0.3819516942551225,0.3820238335689759,0.4690433900025374,0.2541874554526016,0.5146043547530537
matched_marginal,40,954646438,gbm,b3_rawsig,79,max_leaf_nodes=7,0.4126238893451699,0.4165685885279382,0.3883837972722461,0.3885275701878408,0.470185232174575,0.2705808980755524,0.5089396353336874
matched_marginal,40,954646438,gbm,logsig,14,max_leaf_nodes=15,0.4311960475409604,0.4200453222105238,0.3817941609201346,0.380731165421127,0.4238771885308297,0.2439415538132573,0.5923172242874845
matched_marginal,40,954646438,gbm,rawsig,39,max_leaf_nodes=7,0.4283140689230754,0.4124053839597956,0.3781352591813742,0.3770147444960614,0.3705912205024105,0.2720064148253742,0.594618516551602
matched_marginal,40,954646438,gbm,logsig_shuffled,14,max_leaf_nodes=7,0.3937552420306892,0.4095856732753533,0.3654567468278019,0.3678044839426378,0.2978939355493529,0.2687990021382751,0.6620640821384316
matched_marginal,40,954646438,gbm,rawsig_shuffled,39,max_leaf_nodes=15,0.3949200859190901,0.4071304680373318,0.3653905544139288,0.3669965663502322,0.3060137021060644,0.2694226657163222,0.6459550362896088
matched_marginal,40,954646438,gbm,statistics_logsig_shuffled,25,max_leaf_nodes=31,0.400964204290006,0.392101321335488,0.3652436341322513,0.3645324176933953,0.378076630296879,0.2753029223093371,0.5229244114002478
matched_marginal,40,954646438,gbm,statistics_rawsig_shuffled,50,max_leaf_nodes=7,0.40057305428983,0.3961331211583301,0.3700035325673338,0.3696222985255504,0.3476275057092108,0.2978439059158945,0.542927951849885
matched_marginal,40,954646438,gbm,b3_logsig_shuffled,54,max_leaf_nodes=7,0.4040440317255742,0.3996165394805621,0.3697962054998405,0.3699050696828923,0.4553412839380867,0.2453670705630791,0.4981412639405204
matched_marginal,40,954646438,gbm,b3_rawsig_shuffled,79,max_leaf_nodes=7,0.4016855112300208,0.4058599114554502,0.3780210703981749,0.3783882044031508,0.4657447348388734,0.2598895224518888,0.4919454770755886
matched_marginal,41,1086479476,random_forest,hmm,3,max_depth=10,0.3592870941020232,0.3617639159282307,0.3279442648142514,0.33043829529388,0.20636499254102436,0.3437975233543341,0.5351292318893338
matched_marginal,41,1086479476,random_forest,statistics,11,max_depth=4,0.4065678493036282,0.4070304603218586,0.3676983791062,0.3798020601898606,0.4413724515166584,0.1832500543124049,0.5964688751365126
matched_marginal,41,1086479476,random_forest,statistics_logsig,25,max_depth=6,0.4099614165948311,0.4239835334249389,0.3869451926114084,0.3950313068067057,0.4302337145698657,0.2232239843580273,0.6184929013469239
matched_marginal,41,1086479476,random_forest,statistics_rawsig,50,max_depth=6,0.4121787894259328,0.419606332046234,0.3759603760195766,0.3798828519491012,0.3465937344604674,0.244405822289811,0.6678194393884237
matched_marginal,41,1086479476,random_forest,b3,40,max_depth=10,0.4169140965891402,0.4219478295025411,0.3872909381578881,0.3964855584730357,0.4481352560914968,0.2199652400608299,0.5977429923552967
matched_marginal,41,1086479476,random_forest,b3_logsig,54,max_depth=10,0.4165601514260117,0.4254632603479855,0.3900843460866923,0.3988689153706322,0.4462456489308801,0.2225722354985878,0.6075718966144885
matched_marginal,41,1086479476,random_forest,b3_rawsig,79,max_depth=10,0.4210813969452044,0.4203477827795154,0.3862709078755788,0.3927287416683498,0.4208851317752362,0.2354985878774712,0.6046596286858391
matched_marginal,41,1086479476,random_forest,logsig,14,max_depth=10,0.4117335228329062,0.4206518286290763,0.3878811868435535,0.3941425974550596,0.4243659870711089,0.2393004562242016,0.5982890425919185
matched_marginal,41,1086479476,random_forest,rawsig,39,max_depth=6,0.4035064886048216,0.4191995970222741,0.369317165356704,0.3722480307008685,0.2844356041770263,0.2716706495763632,0.7014925373134329
matched_marginal,41,1086479476,random_forest,logsig_shuffled,14,max_depth=10,0.3943933424206706,0.4086562060833104,0.3591050119108499,0.3636033124621288,0.3100944803580308,0.229306973712796,0.6865671641791045
matched_marginal,41,1086479476,random_forest,rawsig_shuffled,39,max_depth=4,0.3973921018560087,0.4095917294435001,0.3519778491784782,0.3572611593617451,0.2634510193933366,0.2401694547034542,0.7251547142337095
matched_marginal,41,1086479476,random_forest,statistics_logsig_shuffled,25,max_depth=6,0.4085717142327426,0.4237062961636055,0.3879847124251781,0.3959604120379721,0.4337145698657384,0.2263741038453182,0.6110302147797597
matched_marginal,41,1086479476,random_forest,statistics_rawsig_shuffled,50,max_depth=4,0.4086147518059692,0.4163970761008221,0.3623821841392869,0.3675621086649162,0.3026355047240179,0.2305018466217684,0.71605387695668
matched_marginal,41,1086479476,random_forest,b3_logsig_shuffled,54,max_depth=10,0.4170178361134495,0.4209267925329719,0.3861605364797435,0.3944253686124015,0.4379910492292392,0.2232239843580273,0.6015653440116491
matched_marginal,41,1086479476,random_forest,b3_rawsig_shuffled,79,max_depth=10,0.4158210667922082,0.4198407592852351,0.3847970340383889,0.3919208240759442,0.4241670810542018,0.2283293504236367,0.6070258463778667
matched_marginal,41,1086479476,logistic,hmm,3,C=0.1,0.3518126795696462,0.35326310060429916,0.2741775260515319,0.30624116340133306,0.04236698160119343,0.4216815120573539,0.5957408081543502
matched_marginal,41,1086479476,logistic,statistics,11,C=1.0,0.4081317366960205,0.4097260980247246,0.3822521590324009,0.3900626136134114,0.4467429139731477,0.2331088420595264,0.5493265380414998
matched_marginal,41,1086479476,logistic,statistics_logsig,25,C=0.1,0.4120005757308209,0.4237338111196395,0.3972605202241986,0.407392445970511,0.4884137245151665,0.235281338257658,0.547506370586094
matched_marginal,41,1086479476,logistic,statistics_rawsig,50,C=0.01,0.4378460281836711,0.4469077031230391,0.4177086856587778,0.4283983033730559,0.5125808055693685,0.2427764501412122,0.5853658536585366
matched_marginal,41,1086479476,logistic,b3,40,C=1.0,0.3978477610417646,0.4054031570917869,0.3879981354727699,0.3922439911129065,0.4305320735952263,0.2867694981533782,0.4989078995267564
matched_marginal,41,1086479476,logistic,b3_logsig,54,C=0.1,0.4076970535142257,0.4180884280291905,0.4003148962956446,0.405372651989497,0.4555942317255097,0.2872039973930045,0.5114670549690572
matched_marginal,41,1086479476,logistic,b3_rawsig,79,C=0.1,0.4302542885409521,0.4475463790544309,0.4275909018454037,0.433488184205211,0.4913973147687717,0.2999131001520747,0.5513287222424463
matched_marginal,41,1086479476,logistic,logsig,14,C=0.1,0.3906540041946971,0.3733338760661143,0.3601269076962055,0.382185417087457,0.5422178020885132,0.2248533565066261,0.3529304696032035
matched_marginal,41,1086479476,logistic,rawsig,39,C=0.01,0.4301870258962046,0.4391492076815684,0.4059582054637884,0.4134518279135528,0.4604674291397315,0.2415815772322398,0.6153986166727339
matched_marginal,41,1086479476,logistic,logsig_shuffled,14,C=1.0,0.3428527243091548,0.3329632807409157,0.3138092971363289,0.3152898404362755,0.2304326205867727,0.3410819031066696,0.4273753185293047
matched_marginal,41,1086479476,logistic,rawsig_shuffled,39,C=1.0,0.4009150045262982,0.4033537659729009,0.3534561811863662,0.3590385780650373,0.3184485330681253,0.2121442537475559,0.6794685111030215
matched_marginal,41,1086479476,logistic,statistics_logsig_shuffled,25,C=1.0,0.4068025402624398,0.4076373232651802,0.3808606391613447,0.3888103413451828,0.4479363500745897,0.2325657180099934,0.5424099017109574
matched_marginal,41,1086479476,logistic,statistics_rawsig_shuffled,50,C=0.01,0.4187752265873712,0.4206208546934073,0.3909590579572222,0.3995152494445566,0.4586772749875684,0.2331088420595264,0.5700764470331271
matched_marginal,41,1086479476,logistic,b3_logsig_shuffled,54,C=1.0,0.3973665171922562,0.4053751510689114,0.3880479814491367,0.3922843869925267,0.4310293386374937,0.2865522485335651,0.4985438660356753
matched_marginal,41,1086479476,logistic,b3_rawsig_shuffled,79,C=0.1,0.4156781222990853,0.423208277772459,0.4029805665523876,0.4086043223591193,0.4588761810044753,0.2819900065174885,0.5287586457954132
matched_marginal,41,1086479476,gbm,hmm,3,max_leaf_nodes=7,0.35653108943751133,0.3598554328886534,0.32733641553136544,0.33096344172894365,0.19701640974639484,0.367260482294156,0.5152894066254096
matched_marginal,41,1086479476,gbm,statistics,11,max_leaf_nodes=7,0.3871408618564009,0.4047704814386278,0.3831979529807641,0.387396485558473,0.4180009945300845,0.2726482728655225,0.5236621769202766
matched_marginal,41,1086479476,gbm,statistics_logsig,25,max_leaf_nodes=7,0.4042494546955097,0.4184463471760489,0.3951520745320846,0.4010502928701272,0.4468423669816012,0.2675429067999131,0.5409537677466327
matched_marginal,41,1086479476,gbm,statistics_rawsig,50,max_leaf_nodes=7,0.4058799690283757,0.4238191010920891,0.4021671483587091,0.4081599676832963,0.4554947787170562,0.2804692591787964,0.535493265380415
matched_marginal,41,1086479476,gbm,b3,40,max_leaf_nodes=7,0.3999087938406796,0.4116019999640827,0.3931511425076617,0.4023833568975964,0.4815514669318746,0.264175537692809,0.4890789952675646
matched_marginal,41,1086479476,gbm,b3_logsig,54,max_leaf_nodes=7,0.4059636399256121,0.4206986053265553,0.4001503159268836,0.4090486770349424,0.4850323222277474,0.2639582880729959,0.5131052056789225
matched_marginal,41,1086479476,gbm,b3_rawsig,79,max_leaf_nodes=7,0.4045926257669477,0.4144512847362683,0.394689800899234,0.4029488992122803,0.4737941322725012,0.2648272865522485,0.5047324353840553
matched_marginal,41,1086479476,gbm,logsig,14,max_leaf_nodes=7,0.4138790546175939,0.426457780620491,0.3989417670484268,0.4008079175924056,0.3940328194927897,0.2952422333260917,0.5900982890425919
matched_marginal,41,1086479476,gbm,rawsig,39,max_leaf_nodes=7,0.4082808770209933,0.437808869604009,0.4090121383759559,0.4107049080993739,0.3977125808055693,0.3063219639365631,0.6093920640698944
matched_marginal,41,1086479476,gbm,logsig_shuffled,14,max_leaf_nodes=15,0.3904984127660296,0.4076870832836817,0.3675455398903226,0.3688951726923853,0.3009448035803083,0.2801433847490767,0.64197306152166
matched_marginal,41,1086479476,gbm,rawsig_shuffled,39,max_leaf_nodes=7,0.3897924614067349,0.4080009331597399,0.3652724999267497,0.366956170470612,0.2914967677772253,0.2774277645014121,0.6550782672005825
matched_marginal,41,1086479476,gbm,statistics_logsig_shuffled,25,max_leaf_nodes=7,0.3973270036230948,0.4143893991336294,0.3921202955398988,0.3974146637043022,0.4377921432123322,0.2724310232457093,0.5329450309428467
matched_marginal,41,1086479476,gbm,statistics_rawsig_shuffled,50,max_leaf_nodes=7,0.3985188202503651,0.4134842786581683,0.391484652446262,0.3974146637043022,0.4441571357533565,0.2686291548989789,0.5276665453221696
matched_marginal,41,1086479476,gbm,b3_logsig_shuffled,54,max_leaf_nodes=7,0.3999087938406796,0.4116019999640827,0.3931511425076617,0.4023833568975964,0.4815514669318746,0.264175537692809,0.4890789952675646
matched_marginal,41,1086479476,gbm,b3_rawsig_shuffled,79,max_leaf_nodes=7,0.3998630105728555,0.414947123307392,0.396536594470323,0.4046859220359523,0.4748881153654898,0.2728655224853356,0.4970877320713505
matched_marginal,42,1373004360,random_forest,hmm,3,max_depth=6,0.3573814394328372,0.35217297720189195,0.3232845273162445,0.32393455867501514,0.31954463480613166,0.2256370355961875,0.5113372612033565
matched_marginal,42,1373004360,random_forest,statistics,11,max_depth=6,0.4220452719763828,0.4088800489282754,0.3517562808084267,0.3629569783882044,0.4328223624887286,0.1492900213966154,0.6445277628994822
matched_marginal,42,1373004360,random_forest,statistics_logsig,25,max_depth=6,0.4311653475807686,0.4176095268907892,0.356291071536339,0.3691779438497273,0.44285392245266,0.1438436101925695,0.666131048027138
matched_marginal,42,1373004360,random_forest,statistics_rawsig,50,max_depth=6,0.4310981038247654,0.4028017762083184,0.3426166148400924,0.3505554433447788,0.3480613165013526,0.1647539389223886,0.695590073201214
matched_marginal,42,1373004360,random_forest,b3,40,max_depth=6,0.4373379464559419,0.3982754235763133,0.3501741302488255,0.3545142395475661,0.3609107303877367,0.192958568371912,0.6409569719692912
matched_marginal,42,1373004360,random_forest,b3_logsig,54,max_depth=6,0.437757996760414,0.4022610674333602,0.3518963763705784,0.3568975964451626,0.366546438232642,0.1873176424820073,0.6529191215854312
matched_marginal,42,1373004360,random_forest,b3_rawsig,79,max_depth=6,0.4318699459141156,0.3954919486251384,0.3416835392810324,0.3478489194102201,0.350653742110009,0.1748687025870453,0.660953401178361
matched_marginal,42,1373004360,random_forest,logsig,14,max_depth=10,0.4275276965371929,0.4044836467315543,0.3558310045057431,0.366229044637447,0.4647204688908927,0.1600855864617778,0.5886448848419925
matched_marginal,42,1373004360,random_forest,rawsig,39,max_depth=10,0.4262280826308425,0.3923674076129981,0.3338573720547553,0.3414663704302161,0.3445671776375112,0.1565843221163197,0.6759507230851634
matched_marginal,42,1373004360,random_forest,logsig_shuffled,14,max_depth=10,0.411689778383808,0.374409486980732,0.299837612557365,0.3138355887699454,0.2708521190261497,0.1264345458082085,0.7259417961078379
matched_marginal,42,1373004360,random_forest,rawsig_shuffled,39,max_depth=6,0.4145283528071761,0.3793248368276522,0.3028885875966887,0.3171480508988083,0.2651036970243463,0.1303248395253841,0.7425459739332262
matched_marginal,42,1373004360,random_forest,statistics_logsig_shuffled,25,max_depth=6,0.4263695098147638,0.4105141434043882,0.3514160292952381,0.3621894566754191,0.4162533814247069,0.1509433962264151,0.6643456525620425
matched_marginal,42,1373004360,random_forest,statistics_rawsig_shuffled,50,max_depth=6,0.4289930468357886,0.4015933381416703,0.3405460565484972,0.3501110886689557,0.3691388638412984,0.1520132269986384,0.6836279235850741
matched_marginal,42,1373004360,random_forest,b3_logsig_shuffled,54,max_depth=6,0.4343894956594082,0.397474329107458,0.3463996654202571,0.3516057362149061,0.3565148782687105,0.1835246061077611,0.6523835029459025
matched_marginal,42,1373004360,random_forest,b3_rawsig_shuffled,79,max_depth=6,0.433760993893435,0.3984986999352276,0.3435506387437754,0.3498687133912341,0.3489630297565374,0.1759385333592686,0.6705945366898768
matched_marginal,42,1373004360,logistic,hmm,3,C=0.1,0.35589656718215607,0.3604025100811367,0.3279917191379525,0.32870127247020803,0.3109783588818756,0.22729041042598716,0.5429387609355473
matched_marginal,42,1373004360,logistic,statistics,11,C=0.01,0.4108345077670181,0.3918124958249112,0.3588778573795779,0.3655827105635225,0.4661857529305681,0.2011281851779809,0.5081235493661846
matched_marginal,42,1373004360,logistic,statistics_logsig,25,C=0.1,0.4347141725190262,0.4066620443928934,0.3744033081300648,0.3811351242173298,0.4913210099188458,0.2125072943007197,0.5161578289591144
matched_marginal,42,1373004360,logistic,statistics_rawsig,50,C=1.0,0.45782048449847,0.4420000802170951,0.4115969091354673,0.4159967683296304,0.5112714156898106,0.2560785839330869,0.5586502410283878
matched_marginal,42,1373004360,logistic,b3,40,C=0.1,0.4071782154886154,0.369773830042014,0.3591257038355309,0.3614219349626338,0.3902164111812443,0.3113207547169811,0.4077843242278164
matched_marginal,42,1373004360,logistic,b3_logsig,54,C=0.1,0.4218619503279512,0.3916729450046249,0.3782450704655053,0.3808927489396082,0.4391343552750225,0.3014977630811126,0.4343867166577397
matched_marginal,42,1373004360,logistic,b3_rawsig,79,C=1.0,0.4485940517195232,0.4270833400462044,0.4090799207910787,0.4109472833770955,0.4721596032461677,0.3102509239447578,0.4988394929476879
matched_marginal,42,1373004360,logistic,logsig,14,C=1.0,0.4027185366375508,0.3876953447140607,0.3672477665393887,0.3856190668551807,0.5903967538322813,0.2350709978603384,0.3376182824495626
matched_marginal,42,1373004360,logistic,rawsig,39,C=1.0,0.4587184012204666,0.4452255624343196,0.4076425095746467,0.4134518279135528,0.5109332732191163,0.2312779614860922,0.5934654525977504
matched_marginal,42,1373004360,logistic,logsig_shuffled,14,C=1.0,0.3528771132448962,0.3176586006277969,0.3097288869949346,0.313916380529186,0.263751127141569,0.3355378331063995,0.3536868416354222
matched_marginal,42,1373004360,logistic,rawsig_shuffled,39,C=1.0,0.4070601056665993,0.3825326449590298,0.3310987178569998,0.3355685720056554,0.2951983769161406,0.195195487259288,0.6572040707016604
matched_marginal,42,1373004360,logistic,statistics_logsig_shuffled,25,C=0.1,0.4121720982875798,0.3824370861176612,0.3551063200359303,0.3582306604726318,0.4233543733092876,0.2258315502820463,0.4981253347616497
matched_marginal,42,1373004360,logistic,statistics_rawsig_shuffled,50,C=1.0,0.419273682655283,0.39507461293739,0.3600065974462723,0.3622298525550393,0.3984445446348061,0.2190235362769889,0.5677557579003749
matched_marginal,42,1373004360,logistic,b3_logsig_shuffled,54,C=1.0,0.4077035785260088,0.3689045359011389,0.358228878467306,0.3604928297313674,0.3875112714156898,0.3114180120599105,0.4077843242278164
matched_marginal,42,1373004360,logistic,b3_rawsig_shuffled,79,C=1.0,0.4175989998449044,0.395174848800072,0.3786419622466827,0.3793981013936578,0.4056582506762849,0.3044154833689944,0.4754508123549366
matched_marginal,42,1373004360,gbm,hmm,3,max_leaf_nodes=15,0.3543491842581539,0.3528541612755236,0.3334449014822581,0.33459907089476876,0.3647430117222723,0.24800622446994747,0.445813247634351
matched_marginal,42,1373004360,gbm,statistics,11,max_leaf_nodes=7,0.3992722230436258,0.3875209518632361,0.3670536592062321,0.3667541910725106,0.3801848512173129,0.2828243532386695,0.4995536511337261
matched_marginal,42,1373004360,gbm,statistics_logsig,25,max_leaf_nodes=7,0.4120573893294629,0.3988440862355322,0.3785060851204331,0.3787517673197333,0.4059963931469793,0.2875899630422097,0.5029459025174076
matched_marginal,42,1373004360,gbm,statistics_rawsig,50,max_leaf_nodes=7,0.4108059830091635,0.3999296651953661,0.3788797512915748,0.3791153302363159,0.4186203787195672,0.2767943979770472,0.504374218889484
matched_marginal,42,1373004360,gbm,b3,40,max_leaf_nodes=7,0.4063348283116424,0.3932679423451845,0.3750964135198224,0.3765703898202383,0.4242560865644725,0.2833106399533164,0.4722371005177647
matched_marginal,42,1373004360,gbm,b3_logsig,54,max_leaf_nodes=7,0.4108131000417268,0.4007958047519603,0.3823290417624801,0.3840032316703696,0.4371055004508566,0.2866173896129158,0.4786645241921085
matched_marginal,42,1373004360,gbm,b3_rawsig,79,max_leaf_nodes=7,0.4084898378916355,0.3991452012344123,0.3799043490163427,0.3817814582912543,0.4429666366095581,0.2766971406341179,0.4777718264595608
matched_marginal,42,1373004360,gbm,logsig,14,max_leaf_nodes=7,0.4283725283069422,0.4138887157818208,0.3856616684945257,0.387679256715815,0.4467989179440937,0.2522855475588407,0.5425816818425281
matched_marginal,42,1373004360,gbm,rawsig,39,max_leaf_nodes=7,0.4284728082127126,0.4035946969307686,0.3773838390863366,0.3786709755604928,0.4342876465284039,0.2503404007002529,0.5261560435636493
matched_marginal,42,1373004360,gbm,logsig_shuffled,14,max_leaf_nodes=7,0.4007380680684111,0.3794877174335843,0.3313524445793944,0.3348414461724904,0.2911406672678088,0.205115736238086,0.6422067487948581
matched_marginal,42,1373004360,gbm,rawsig_shuffled,39,max_leaf_nodes=7,0.4009252179262377,0.3753982458583864,0.3303401652933613,0.3330236315895779,0.2899008115419296,0.2110484341567788,0.6252454918764506
matched_marginal,42,1373004360,gbm,statistics_logsig_shuffled,25,max_leaf_nodes=7,0.4007917237593745,0.3874445385792489,0.3661836799876066,0.3661482528782064,0.385595130748422,0.2761135965765415,0.5006248884127834
matched_marginal,42,1373004360,gbm,statistics_rawsig_shuffled,50,max_leaf_nodes=7,0.4020578063223878,0.3872054607968733,0.3659513305117854,0.365663502322763,0.3817628494138864,0.2770861700058354,0.5027673629708981
matched_marginal,42,1373004360,gbm,b3_logsig_shuffled,54,max_leaf_nodes=7,0.405557906480204,0.3970433496244017,0.3787572348750558,0.3801656231064431,0.425946798917944,0.2875899630422097,0.4775932869130512
matched_marginal,42,1373004360,gbm,b3_rawsig_shuffled,79,max_leaf_nodes=7,0.4046261185036703,0.3970372043935546,0.3787750373531159,0.3802868107453039,0.4284265103697024,0.2865201322699864,0.4761649705409748
matched_marginal,43,1584559146,random_forest,hmm,3,max_depth=10,0.3418727125790845,0.32412919676666135,0.3008206575078147,0.3049888911331044,0.307556773688332,0.1958073654390935,0.4690234511725586
matched_marginal,43,1584559146,random_forest,statistics,11,max_depth=6,0.3774408724763298,0.3503858393278227,0.3283224798630251,0.3284992930721066,0.2336530931871574,0.3451558073654391,0.4723486174308715
matched_marginal,43,1584559146,random_forest,statistics_logsig,25,max_depth=10,0.3984435449321151,0.3563428219799232,0.3428564259960543,0.343041809735407,0.2867071260767423,0.3512747875354107,0.4310465523276164
matched_marginal,43,1584559146,random_forest,statistics_rawsig,50,max_depth=10,0.4008383729707221,0.3669968819417232,0.3521306907474493,0.3528580084831347,0.2828895849647611,0.3762039660056657,0.4418970948547427
matched_marginal,43,1584559146,random_forest,b3,40,max_depth=10,0.3990593039878702,0.3693307376629953,0.3586966177556527,0.3591597657038982,0.3275254502740798,0.3488951841359773,0.4315715785789289
matched_marginal,43,1584559146,random_forest,b3_logsig,54,max_depth=10,0.4032719452593158,0.3676980515148922,0.3577292080961755,0.3585134316299737,0.3333985904463586,0.3442492917847025,0.4254462723136157
matched_marginal,43,1584559146,random_forest,b3_rawsig,79,max_depth=10,0.4051756236990158,0.371294597841684,0.3602042039318908,0.361017976166431,0.3185199686765858,0.3658923512747875,0.4294714735736787
matched_marginal,43,1584559146,random_forest,logsig,14,max_depth=10,0.4055344560264836,0.3697285321245172,0.3599883150931778,0.3627146031104827,0.370301487862177,0.3130878186968838,0.4257962898144907
matched_marginal,43,1584559146,random_forest,rawsig,39,max_depth=10,0.3868548333601887,0.3692640935070468,0.3582959531295864,0.3600888709351646,0.3101018010963195,0.3818696883852691,0.415820791039552
matched_marginal,43,1584559146,random_forest,logsig_shuffled,14,max_depth=10,0.3617255590300566,0.3473699587801381,0.3399120314857149,0.3424358715411028,0.3116679718089272,0.3597733711048159,0.3706685334266713
matched_marginal,43,1584559146,random_forest,rawsig_shuffled,39,max_depth=6,0.3651384548862653,0.3505890414059533,0.3418339898208541,0.3438497273278125,0.312744714173845,0.351728045325779,0.3872943647182359
matched_marginal,43,1584559146,random_forest,statistics_logsig_shuffled,25,max_depth=6,0.3866077095039326,0.355996706598444,0.3368040652013658,0.3368208442738841,0.2604737666405638,0.341643059490085,0.4658732936646832
matched_marginal,43,1584559146,random_forest,statistics_rawsig_shuffled,50,max_depth=10,0.3918152906597122,0.3548650918079899,0.3397821910909517,0.3405372651989497,0.2651722787783868,0.3706515580736544,0.4287714385719286
matched_marginal,43,1584559146,random_forest,b3_logsig_shuffled,54,max_depth=10,0.3972505691939311,0.3652434717515201,0.3547143848988223,0.35507978186225,0.3197924823805795,0.3501416430594901,0.4257962898144907
matched_marginal,43,1584559146,random_forest,b3_rawsig_shuffled,79,max_depth=10,0.400317402028308,0.3652030788926078,0.3538579874501937,0.3543930519087053,0.3083398590446358,0.3614730878186968,0.4257962898144907
matched_marginal,43,1584559146,logistic,hmm,3,C=0.1,0.339561197859358,0.3243348792325093,0.288948711739711,0.302322763078166,0.33721613155833985,0.1305382436260623,0.5052502625131257
matched_marginal,43,1584559146,logistic,statistics,11,C=1.0,0.3924437160339022,0.3956599069783177,0.3747338607872816,0.3818218541708745,0.4305011746280344,0.235127478753541,0.5213510675533777
matched_marginal,43,1584559146,logistic,statistics_logsig,25,C=0.1,0.4184110901540444,0.4047022151809039,0.3894406107152737,0.3963643708341749,0.4490994518402506,0.2741076487252125,0.4908995449772488
matched_marginal,43,1584559146,logistic,statistics_rawsig,50,C=0.1,0.4329023153013684,0.4199151182163369,0.4038505894124551,0.4094122399515249,0.4504698512137823,0.2921246458923512,0.5171508575428772
matched_marginal,43,1584559146,logistic,b3,40,C=1.0,0.3939661799389797,0.3925135630335415,0.3790204135236806,0.381458291254292,0.3915426781519185,0.3059490084985836,0.4800490024501225
matched_marginal,43,1584559146,logistic,b3_logsig,54,C=1.0,0.4101260568813593,0.4044361905088495,0.3940852695356525,0.3977782266208847,0.4151331245105716,0.3359773371104816,0.4621981099054952
matched_marginal,43,1584559146,logistic,b3_rawsig,79,C=0.1,0.4292387624514955,0.4197435117462769,0.4084796365057241,0.4132094526358311,0.4449882537196554,0.3312181303116147,0.4830241512075603
matched_marginal,43,1584559146,logistic,logsig,14,C=1.0,0.4102701388701222,0.3692702314561697,0.3596518989744208,0.3712381337103615,0.4645653876272513,0.2470254957507082,0.3962198109905495
matched_marginal,43,1584559146,logistic,rawsig,39,C=0.1,0.4295448972537488,0.3979174079969461,0.3820575584417223,0.3859018380125227,0.4100430696945967,0.2847592067988668,0.4989499474973748
matched_marginal,43,1584559146,logistic,logsig_shuffled,14,C=0.01,0.3516712274007685,0.3331125160567363,0.3220808867939579,0.3216723894162795,0.2843578700078308,0.3126345609065156,0.4023451172558628
matched_marginal,43,1584559146,logistic,rawsig_shuffled,39,C=0.01,0.3761661559289112,0.3607514518060724,0.3302990960937838,0.3310846293678045,0.2361981205951448,0.3049291784702549,0.5411270563528177
matched_marginal,43,1584559146,logistic,statistics_logsig_shuffled,25,C=1.0,0.3920774962947139,0.3929592625342821,0.3714679892356478,0.377822662088467,0.4185591229444009,0.2354674220963172,0.5248512425621281
matched_marginal,43,1584559146,logistic,statistics_rawsig_shuffled,50,C=0.01,0.409999085409884,0.3992555196916487,0.378515870103468,0.3837204605130276,0.4095536413469068,0.2607365439093484,0.527476373818691
matched_marginal,43,1584559146,logistic,b3_logsig_shuffled,54,C=1.0,0.3935806987064949,0.3926919506460495,0.3791636309857164,0.3815390830135326,0.3903680501174628,0.3073087818696884,0.4803990199509975
matched_marginal,43,1584559146,logistic,b3_rawsig_shuffled,79,C=0.01,0.4043497108969946,0.3994733149713567,0.386002617464279,0.3898202383356897,0.4121965544244322,0.3042492917847025,0.4819740987049352
matched_marginal,43,1584559146,gbm,hmm,3,max_leaf_nodes=15,0.34186796904094274,0.3230290812438788,0.3129710002014168,0.31629973742678247,0.33486687548942834,0.2523512747875354,0.38186909345467274
matched_marginal,43,1584559146,gbm,statistics,11,max_leaf_nodes=7,0.37631575182957,0.3626521201474447,0.3533871246111624,0.3549585942233892,0.3188136256851996,0.3648725212464589,0.4042702135106755
matched_marginal,43,1584559146,gbm,statistics_logsig,25,max_leaf_nodes=7,0.3949663524072218,0.3794543227800651,0.370348864493057,0.3729347606544133,0.3733359436178543,0.3364305949008498,0.4285964298214911
matched_marginal,43,1584559146,gbm,statistics_rawsig,50,max_leaf_nodes=7,0.3924732663445072,0.3757205814239895,0.3670236379129495,0.3689355685720056,0.3454385277995301,0.3655524079320113,0.416170808540427
matched_marginal,43,1584559146,gbm,b3,40,max_leaf_nodes=7,0.3964308465790105,0.3828851483991207,0.3741372403968719,0.3770551403756816,0.3895849647611589,0.326798866855524,0.432271613580679
matched_marginal,43,1584559146,gbm,b3_logsig,54,max_leaf_nodes=7,0.4009076720411573,0.3855556939206172,0.3764899245177875,0.3794384972732781,0.3960454189506656,0.321699716713881,0.4389219460973048
matched_marginal,43,1584559146,gbm,b3_rawsig,79,max_leaf_nodes=7,0.4030071290292971,0.3786706846955525,0.3700219382007765,0.3727731771359321,0.3838097102584181,0.3243059490084986,0.427896394819741
matched_marginal,43,1584559146,gbm,logsig,14,max_leaf_nodes=7,0.4127594693811069,0.3875865898337794,0.3788935158436102,0.3848111492627752,0.4263899765074393,0.3093484419263456,0.4270213510675534
matched_marginal,43,1584559146,gbm,rawsig,39,max_leaf_nodes=15,0.3977953576884012,0.3875144936834787,0.3809546876642976,0.3853766915774591,0.3912490211433046,0.365099150141643,0.4061953097654883
matched_marginal,43,1584559146,gbm,logsig_shuffled,14,max_leaf_nodes=31,0.3672270535282614,0.3546672809357427,0.3441435821383509,0.3456271460311048,0.3164643696162881,0.3380169971671388,0.4095204760238012
matched_marginal,43,1584559146,gbm,rawsig_shuffled,39,max_leaf_nodes=15,0.3652061696101793,0.3574738837354632,0.3461035822184219,0.3473641688547768,0.3190093970242756,0.3326912181303116,0.4207210360518026
matched_marginal,43,1584559146,gbm,statistics_logsig_shuffled,25,max_leaf_nodes=15,0.3855178311038403,0.3632529878954677,0.3541075540983227,0.3556453241769339,0.3254698512137823,0.3573937677053824,0.4068953447672384
matched_marginal,43,1584559146,gbm,statistics_rawsig_shuffled,50,max_leaf_nodes=15,0.3845351804255816,0.3664753629662289,0.3580306515555134,0.3600484750555443,0.3338880187940485,0.3624929178470255,0.4030451522576129
matched_marginal,43,1584559146,gbm,b3_logsig_shuffled,54,max_leaf_nodes=7,0.3964308465790105,0.3828851483991207,0.3741372403968719,0.3770551403756816,0.3895849647611589,0.326798866855524,0.432271613580679
matched_marginal,43,1584559146,gbm,b3_rawsig_shuffled,79,max_leaf_nodes=31,0.3957555822564924,0.3653477275447838,0.3584777555427241,0.3614219349626338,0.370399373531715,0.326798866855524,0.3988449422471123
matched_marginal,44,3323231533,random_forest,hmm,3,max_depth=10,0.3530532551296004,0.35060884102801787,0.3350818325777214,0.3373055948293274,0.43563129357087527,0.22584281176350035,0.39035241774967805
matched_marginal,44,3323231533,random_forest,statistics,11,max_depth=10,0.3980960043457338,0.4075398586822314,0.3868024361988154,0.4006059381943042,0.3863671572424477,0.2303514704375448,0.6059009483667018
matched_marginal,44,3323231533,random_forest,statistics_logsig,25,max_depth=10,0.4080912374431262,0.4033538111237747,0.3817234090750017,0.3968491213896182,0.3755228505034856,0.2234860129111589,0.6110525699566796
matched_marginal,44,3323231533,random_forest,statistics_rawsig,50,max_depth=10,0.4158089769872077,0.3952480449180415,0.3728857928441115,0.3882851949101191,0.3711851278079008,0.2125217747720053,0.6020372321742185
matched_marginal,44,3323231533,random_forest,b3,40,max_depth=10,0.4072967314713634,0.4218152833263898,0.4019165971455415,0.4123611391638053,0.427420604182804,0.2392663182703145,0.5987589275260509
matched_marginal,44,3323231533,random_forest,b3_logsig,54,max_depth=10,0.41084491031091,0.4234514587718483,0.4033541276415939,0.4142193496263381,0.425406661502711,0.2391638487549953,0.6057838660578386
matched_marginal,44,3323231533,random_forest,b3_rawsig,79,max_depth=10,0.4106153110514016,0.4186094495522257,0.3984289085504995,0.4097354069884871,0.4181254841208365,0.2374218669945691,0.6002809975412715
matched_marginal,44,3323231533,random_forest,logsig,14,max_depth=10,0.405863155391394,0.3861576114661904,0.3665977857092661,0.3720056554231468,0.4591789310611929,0.2235884824264781,0.4757054209109003
matched_marginal,44,3323231533,random_forest,rawsig,39,max_depth=10,0.3978287489135539,0.3704612102789142,0.3543165682469342,0.3631185619066855,0.3719597211463981,0.2237934214571165,0.515630488233228
matched_marginal,44,3323231533,random_forest,logsig_shuffled,14,max_depth=10,0.3816322539538211,0.345104023287732,0.2946377727045256,0.334922237931731,0.3116963594113091,0.0809509171021621,0.6426647933497248
matched_marginal,44,3323231533,random_forest,rawsig_shuffled,39,max_depth=6,0.3855175020875343,0.349667371538424,0.2996495204675602,0.3383154918198344,0.3287374128582494,0.0831027769238651,0.6371619248331577
matched_marginal,44,3323231533,random_forest,statistics_logsig_shuffled,25,max_depth=10,0.403840930167552,0.4048858613187005,0.3838325984190329,0.3980609977782266,0.3818745158791634,0.2267650374013731,0.6060180306755649
matched_marginal,44,3323231533,random_forest,statistics_rawsig_shuffled,50,max_depth=10,0.4094668283195883,0.3936322443405736,0.3708707394622952,0.3862654009291052,0.3727343144848954,0.20811558561328,0.6000468329235452
matched_marginal,44,3323231533,random_forest,b3_logsig_shuffled,54,max_depth=10,0.407715357621868,0.4203496321591795,0.4010166074343658,0.4117552009695011,0.4175058094500387,0.2408033610001024,0.6027397260273972
matched_marginal,44,3323231533,random_forest,b3_rawsig_shuffled,79,max_depth=10,0.4050893608527787,0.4226829674988797,0.4030779800348836,0.4143809331448192,0.4170410534469403,0.244287324520955,0.6067205245287437
matched_marginal,44,3323231533,logistic,hmm,3,C=0.01,0.34135198491045715,0.3521696966921475,0.3254615249435057,0.3482932740860432,0.29000774593338496,0.16692284045496464,0.5995785036880927
matched_marginal,44,3323231533,logistic,statistics,11,C=0.01,0.4146509981959487,0.4213024458743273,0.3684166440390193,0.3929307210664512,0.5769171185127808,0.1111794241213239,0.5758107949888772
matched_marginal,44,3323231533,logistic,statistics_logsig,25,C=0.01,0.4277966945564715,0.4289952247174728,0.3883033305562269,0.403191274490002,0.5798605731990705,0.1629265293575161,0.5441985715958318
matched_marginal,44,3323231533,logistic,statistics_rawsig,50,C=1.0,0.4441158846448464,0.4328740142592964,0.4052382600747952,0.41450212078368,0.5240898528272657,0.2156983297469002,0.5588338602037232
matched_marginal,44,3323231533,logistic,b3,40,C=0.01,0.4127977446317731,0.4398984754872975,0.4167061610607419,0.4212886285598869,0.5493415956622772,0.249103391740957,0.5212504390586582
matched_marginal,44,3323231533,logistic,b3_logsig,54,C=0.01,0.4208265715384938,0.4326719098469422,0.4125949613721791,0.4159967683296304,0.531990704879938,0.2638590019469208,0.5021660227139679
matched_marginal,44,3323231533,logistic,b3_rawsig,79,C=1.0,0.4482592180576143,0.437792118637746,0.4183179884037092,0.4221369420319127,0.5247095274980635,0.2684701301362844,0.52019669827889
matched_marginal,44,3323231533,logistic,logsig,14,C=1.0,0.4012077521343555,0.4038264983197774,0.362993914691347,0.3741466370430216,0.6184353214562355,0.1681524746387949,0.4248916988643016
matched_marginal,44,3323231533,logistic,rawsig,39,C=1.0,0.437347212650774,0.4041971855631112,0.378707442187232,0.3899818218541708,0.4557707203718048,0.2036069269392355,0.553213909378293
matched_marginal,44,3323231533,logistic,logsig_shuffled,14,C=1.0,0.3424090420361267,0.3605766272666579,0.3312899153715057,0.3380731165421127,0.5200619674670798,0.1763500358643303,0.3853178784685634
matched_marginal,44,3323231533,logistic,rawsig_shuffled,39,C=1.0,0.388772579816472,0.3711446466010681,0.3345042957414672,0.3650979600080792,0.3098373353989155,0.1432523824162311,0.6603442219880576
matched_marginal,44,3323231533,logistic,statistics_logsig_shuffled,25,C=0.01,0.4135333767700035,0.4224093691978342,0.3775478448655239,0.3968491213896182,0.5587916343919442,0.1364893944051644,0.5719470787963938
matched_marginal,44,3323231533,logistic,statistics_rawsig_shuffled,50,C=0.1,0.4257700730735938,0.425500228097839,0.3861711203530172,0.4043223591193698,0.5202168861347792,0.1572907060149605,0.598993092143777
matched_marginal,44,3323231533,logistic,b3_logsig_shuffled,54,C=0.01,0.4135169397887385,0.4395524809728603,0.4164596777022669,0.4210058574025449,0.54856700232378,0.2493083307715954,0.5207821098232057
matched_marginal,44,3323231533,logistic,b3_rawsig_shuffled,79,C=1.0,0.4252121695215115,0.4519112232993843,0.4313766634832618,0.4360331246212886,0.5332300542215337,0.2684701301362844,0.5540334855403348
matched_marginal,44,3323231533,gbm,hmm,3,max_leaf_nodes=7,0.34905033371166994,0.3542276719243631,0.3429205532483683,0.3434457685316098,0.42881487219209913,0.2628343067937289,0.37103383678726143
matched_marginal,44,3323231533,gbm,statistics,11,max_leaf_nodes=15,0.3932438956082174,0.4148085284637748,0.4021834227270821,0.4065037366188648,0.4374903175832688,0.2848652525873553,0.5220700152207002
matched_marginal,44,3323231533,gbm,statistics_logsig,25,max_leaf_nodes=7,0.4154780746934929,0.422919306937298,0.4082367929893273,0.4128862855988689,0.4577846630518977,0.2787170816682037,0.5322561760917925
matched_marginal,44,3323231533,gbm,statistics_rawsig,50,max_leaf_nodes=7,0.410617272990647,0.4143686266865914,0.4011010626804727,0.4067057160169662,0.4255615801704105,0.277794856030331,0.5397494438590329
matched_marginal,44,3323231533,gbm,b3,40,max_leaf_nodes=7,0.4038485275721228,0.4301126175051113,0.4145953537887779,0.4192688345788729,0.4687838884585593,0.2759504047545855,0.5456035593021894
matched_marginal,44,3323231533,gbm,b3_logsig,54,max_leaf_nodes=7,0.409851229811864,0.4322650586982382,0.4168589254607748,0.4213290244395071,0.4735863671572424,0.2807664719745875,0.5424423369628849
matched_marginal,44,3323231533,gbm,b3_rawsig,79,max_leaf_nodes=7,0.4084200488858234,0.4298539967547524,0.4153563596458103,0.4198343768935568,0.463981409759876,0.2846603135567169,0.5409202669476643
matched_marginal,44,3323231533,gbm,logsig,14,max_leaf_nodes=15,0.4109471259061599,0.3946877609240192,0.3815924213564243,0.3839628357907493,0.4506584043377227,0.2725689107490521,0.4608359676852827
matched_marginal,44,3323231533,gbm,rawsig,39,max_leaf_nodes=7,0.4028085694146879,0.384412399137182,0.3756604691903853,0.3787517673197333,0.3978311386522076,0.2923455272056563,0.4630605315536822
matched_marginal,44,3323231533,gbm,logsig_shuffled,14,max_leaf_nodes=7,0.3814912568417617,0.3512127702868751,0.3283866201927403,0.3433649767723692,0.3412858249419055,0.1747105236192233,0.5376419622994966
matched_marginal,44,3323231533,gbm,rawsig_shuffled,39,max_leaf_nodes=7,0.3801952586347696,0.3514344992308577,0.3272768344179548,0.3436073520500909,0.337722695584818,0.1688697612460293,0.5477110408617258
matched_marginal,44,3323231533,gbm,statistics_logsig_shuffled,25,max_leaf_nodes=31,0.3967699463096544,0.4062726175801563,0.3936427563831899,0.397980206018986,0.429124709527498,0.2768726303924582,0.5128205128205128
matched_marginal,44,3323231533,gbm,statistics_rawsig_shuffled,50,max_leaf_nodes=7,0.3974854262702386,0.417594542169216,0.4038884210228187,0.4101393657846899,0.4250968241673121,0.2789220206988421,0.548764781641494
matched_marginal,44,3323231533,gbm,b3_logsig_shuffled,54,max_leaf_nodes=7,0.4038485275721228,0.4301126175051113,0.4145953537887779,0.4192688345788729,0.4687838884585593,0.2759504047545855,0.5456035593021894
matched_marginal,44,3323231533,gbm,b3_rawsig_shuffled,79,max_leaf_nodes=7,0.408614024701128,0.4322051380723728,0.416037360443351,0.4209250656433044,0.4732765298218435,0.2732861973562865,0.5500526870389885
matched_marginal,45,320324471,random_forest,hmm,3,max_depth=10,0.34744029678455884,0.35313423330763366,0.34041432335532734,0.3480105029287013,0.2950144571979322,0.3103264726756565,0.4540617700493122
matched_marginal,45,320324471,random_forest,statistics,11,max_depth=4,0.4063933836481837,0.4054113051250041,0.401374590106145,0.4466572409614219,0.5606764216244633,0.1902058197303051,0.4653516740202439
matched_marginal,45,320324471,random_forest,statistics_logsig,25,max_depth=6,0.4125886003712597,0.4158444583700341,0.4146555817153434,0.4532417693395273,0.5651450100762289,0.2359829666430092,0.4464053983908642
matched_marginal,45,320324471,random_forest,statistics_rawsig,50,max_depth=4,0.4064883279285534,0.4221276846522501,0.4187703631672632,0.4566350232276308,0.54376588101288,0.2272888573456352,0.4953283155982351
matched_marginal,45,320324471,random_forest,b3,40,max_depth=6,0.4098733171153726,0.42361567269654,0.4220519560182375,0.4452837810543325,0.5087181284500132,0.3168914123491838,0.445237477290423
matched_marginal,45,320324471,random_forest,b3_logsig,54,max_depth=6,0.4151170824349434,0.420903934663624,0.4194566327677932,0.4441123005453444,0.509681941645492,0.3023420865862313,0.4506877757591487
matched_marginal,45,320324471,random_forest,b3_rawsig,79,max_depth=4,0.4078726285010249,0.4286955716883521,0.4250049629210091,0.4523934558675015,0.5000438096907036,0.2730660042583392,0.5129769011160135
matched_marginal,45,320324471,random_forest,logsig,14,max_depth=6,0.4209640930195862,0.3993226489344327,0.390616388296069,0.4654009291052313,0.6996407605362306,0.1469127040454222,0.3514144822216454
matched_marginal,45,320324471,random_forest,rawsig,39,max_depth=10,0.3869150353150805,0.4223467062482887,0.4157953428013779,0.4319127449000202,0.4317006921931131,0.3246983676366217,0.5106410589151311
matched_marginal,45,320324471,random_forest,logsig_shuffled,14,max_depth=10,0.3617072580972711,0.3858939343626278,0.3597824369814927,0.3846495657442941,0.2878296679225444,0.2251596877217885,0.6446924474435505
matched_marginal,45,320324471,random_forest,rawsig_shuffled,39,max_depth=6,0.3573794910623729,0.3903440933475903,0.363131045617367,0.3790749343566956,0.2611933759747656,0.2938254080908445,0.6160134959771607
matched_marginal,45,320324471,random_forest,statistics_logsig_shuffled,25,max_depth=6,0.4052038921214231,0.4158735080527074,0.4153154914473855,0.4494849525348414,0.5530535354420398,0.2595812633073101,0.4349857254087724
matched_marginal,45,320324471,random_forest,statistics_rawsig_shuffled,50,max_depth=6,0.4018619991948318,0.4189074137325025,0.4168145344165713,0.4447586346192688,0.5095067028826776,0.2720014194464158,0.4752141188684142
matched_marginal,45,320324471,random_forest,b3_logsig_shuffled,54,max_depth=4,0.4083350974505439,0.4207661612628245,0.4179929678461586,0.4419713189254696,0.4897047226846578,0.2906316536550745,0.4819621074487412
matched_marginal,45,320324471,random_forest,b3_rawsig_shuffled,79,max_depth=6,0.4076155869860732,0.4291097057185089,0.4268300816861196,0.4487982225812967,0.5010952422675896,0.322569198012775,0.4636646768751622
matched_marginal,45,320324471,logistic,hmm,3,C=1.0,0.3357554550499951,0.35503414654168397,0.2983774430181176,0.3037366188648758,0.16218347498466662,0.6231369765791341,0.279781988061251
matched_marginal,45,320324471,logistic,statistics,11,C=0.01,0.406886539091123,0.4158604654425603,0.4154059891332349,0.4483538679054736,0.5503373346184176,0.2680979418026969,0.4291461199065663
matched_marginal,45,320324471,logistic,statistics_logsig,25,C=0.1,0.4340304957248211,0.4177257604051227,0.4176962495621794,0.4529186023025651,0.5668097783229651,0.2638396025550035,0.4225279003373994
matched_marginal,45,320324471,logistic,statistics_rawsig,50,C=1.0,0.4534532662524128,0.4397429776458079,0.4395875340105532,0.4732377297515653,0.5708402698676948,0.2739531582682754,0.4744355048014534
matched_marginal,45,320324471,logistic,b3,40,C=1.0,0.4118524581997279,0.3992485692343381,0.3984226919675848,0.421450212078368,0.4932971173223517,0.3021646557842441,0.4022839345964183
matched_marginal,45,320324471,logistic,b3_logsig,54,C=0.1,0.4288267109745307,0.4153586481172159,0.4151190957475381,0.4417289436477479,0.5298343993691405,0.3050035486160397,0.4112379963664677
matched_marginal,45,320324471,logistic,b3_rawsig,79,C=1.0,0.4482802586702102,0.4498988581939069,0.4487907287154145,0.4723086245202989,0.5404363445194077,0.3440383250532292,0.4652219050090838
matched_marginal,45,320324471,logistic,logsig,14,C=0.1,0.4134056839243231,0.3868649601799995,0.3830805906547732,0.4378105433245809,0.6037851572767896,0.1660752306600426,0.3907344926031663
matched_marginal,45,320324471,logistic,rawsig,39,C=0.1,0.4506069599217467,0.4333779144086659,0.430910824573936,0.4639466774389012,0.5349163234907561,0.2496451383960255,0.5155722813392162
matched_marginal,45,320324471,logistic,logsig_shuffled,14,C=1.0,0.3413139557324751,0.3233671183035678,0.3226822894794618,0.3430822056150273,0.4037501095242267,0.2315471965933286,0.3348040487931482
matched_marginal,45,320324471,logistic,rawsig_shuffled,39,C=0.01,0.3799881433722188,0.3908296980557568,0.37085324488588,0.3980206018986063,0.3374222377990011,0.2091909155429382,0.6258759408253309
matched_marginal,45,320324471,logistic,statistics_logsig_shuffled,25,C=1.0,0.4057013571071696,0.4181087195350142,0.4171503802217524,0.4501312866087659,0.544817313589766,0.2620652945351313,0.4474435504801453
matched_marginal,45,320324471,logistic,statistics_rawsig_shuffled,50,C=0.01,0.414775638830954,0.4294610506200799,0.4280271756239719,0.4565542314683902,0.5293963024621046,0.2844215755855216,0.4745652738126135
matched_marginal,45,320324471,logistic,b3_logsig_shuffled,54,C=1.0,0.4109862205859693,0.3996906955675715,0.3988726662870219,0.4219349626338113,0.4941733111364234,0.302874378992193,0.4020243965740981
matched_marginal,45,320324471,logistic,b3_rawsig_shuffled,79,C=1.0,0.4197726303397091,0.428697168662672,0.4263529970869742,0.4464148656837002,0.4947866468062735,0.335166784953868,0.4561380742278744
matched_marginal,45,320324471,gbm,hmm,3,max_leaf_nodes=7,0.34838628065815985,0.3571695376591452,0.347934282251434,0.35415067663098365,0.3299745903793919,0.34457061745919093,0.39696340513885287
matched_marginal,45,320324471,gbm,statistics,11,max_leaf_nodes=7,0.3965938460975686,0.4101487049289777,0.4086868456820874,0.4281963239749545,0.4860247086655568,0.3301987224982257,0.4142226836231508
matched_marginal,45,320324471,gbm,statistics_logsig,25,max_leaf_nodes=7,0.4156729118336861,0.4135486243933903,0.4138972741679128,0.4385780650373662,0.5233505651450101,0.3108587650816182,0.4064365429535427
matched_marginal,45,320324471,gbm,statistics_rawsig,50,max_leaf_nodes=7,0.4095538984929209,0.4119368055133239,0.4119678021919171,0.4354271864269844,0.5088933672128275,0.3046486870120652,0.4222683623150791
matched_marginal,45,320324471,gbm,b3,40,max_leaf_nodes=7,0.3993165804376293,0.3982392410750748,0.3977865899474107,0.4199151686527974,0.4962761762901954,0.3145848119233499,0.3838567350116792
matched_marginal,45,320324471,gbm,b3_logsig,54,max_leaf_nodes=7,0.410662998068692,0.4144422978308377,0.4142466320653976,0.4380529186023025,0.5208096030842022,0.322569198012775,0.3999480923955359
matched_marginal,45,320324471,gbm,b3_rawsig,79,max_leaf_nodes=7,0.4078964731961227,0.4046019849014242,0.4040646950513851,0.4266208846697636,0.5042495399982476,0.3197303051809794,0.3898261095250454
matched_marginal,45,320324471,gbm,logsig,14,max_leaf_nodes=7,0.4122658111196071,0.4224694437738979,0.4222140850480206,0.4464956574429408,0.5270305791641111,0.3223917672107877,0.4179859849467947
matched_marginal,45,320324471,gbm,rawsig,39,max_leaf_nodes=15,0.4117929620165415,0.4103380580551091,0.4095557456080971,0.4334477883255908,0.5003942872163323,0.2952448545067423,0.4353750324422528
matched_marginal,45,320324471,gbm,logsig_shuffled,14,max_leaf_nodes=7,0.3571703337110223,0.3909772945315701,0.3798357919093632,0.3921631993536659,0.3518794357311837,0.306777856635912,0.5142745912276149
matched_marginal,45,320324471,gbm,rawsig_shuffled,39,max_leaf_nodes=7,0.3590852300021841,0.3875342309426949,0.3755531785629495,0.3873156937992325,0.3412774905809165,0.3073101490418736,0.5140150532052946
matched_marginal,45,320324471,gbm,statistics_logsig_shuffled,25,max_leaf_nodes=7,0.395010686211097,0.4031264931692843,0.4022654425773675,0.4220157543930519,0.4841847016560063,0.3223917672107877,0.4028030106410589
matched_marginal,45,320324471,gbm,statistics_rawsig_shuffled,50,max_leaf_nodes=7,0.3937706145748003,0.4053420651954225,0.4043020245367622,0.4235507978186225,0.4819065977394199,0.3246983676366217,0.4094212302102258
matched_marginal,45,320324471,gbm,b3_logsig_shuffled,54,max_leaf_nodes=7,0.3991626587455451,0.3996128844625982,0.3989963648887074,0.4210866491617855,0.4974152282484885,0.3179559971611072,0.3834674279781988
matched_marginal,45,320324471,gbm,b3_rawsig_shuffled,79,max_leaf_nodes=7,0.3995285525021186,0.4019119008575511,0.4009648056252515,0.4222985255503939,0.4936475948479804,0.3223917672107877,0.3896963405138853
matched_marginal,46,1965164083,random_forest,hmm,3,max_depth=6,0.3596253660785869,0.36806894633893306,0.3559648219820885,0.36663300343364974,0.43775258748151796,0.21777296777296778,0.4486812837623133
matched_marginal,46,1965164083,random_forest,statistics,11,max_depth=4,0.4060986707116816,0.395662093393009,0.3665016294048369,0.3878408402342961,0.4738294726466239,0.151034151034151,0.5621226564982523
matched_marginal,46,1965164083,random_forest,statistics_logsig,25,max_depth=6,0.4162007987642406,0.4036253188151081,0.3786082417077718,0.3935770551403756,0.4514539181862986,0.1895141895141895,0.5699078487448364
matched_marginal,46,1965164083,random_forest,statistics_rawsig,50,max_depth=10,0.4102928913500398,0.4047183524594791,0.3904628326361418,0.3951120985659462,0.411828486939379,0.2735690235690236,0.528757546870035
matched_marginal,46,1965164083,random_forest,b3,40,max_depth=6,0.4036396533957504,0.4032910434722074,0.3862351801483568,0.398707331852151,0.4680137999014293,0.2239057239057239,0.5179536066094693
matched_marginal,46,1965164083,random_forest,b3_logsig,54,max_depth=6,0.4044434808272643,0.4046001389251306,0.3856288876742151,0.3973338719450616,0.45352390340069,0.2224627224627224,0.5378137909119797
matched_marginal,46,1965164083,random_forest,b3_rawsig,79,max_depth=6,0.4069528024848141,0.4161048675613072,0.3921285032240396,0.4044435467582307,0.4453425332676195,0.2176527176527176,0.5853193517635844
matched_marginal,46,1965164083,random_forest,logsig,14,max_depth=6,0.4108487153983373,0.4042116009288152,0.3825948939666879,0.4055342355079782,0.5285362247412518,0.1836219336219336,0.5004766444232602
matched_marginal,46,1965164083,random_forest,rawsig,39,max_depth=6,0.3869269999787612,0.4054648740590494,0.3632458659359588,0.3793173096344173,0.3601774273040907,0.1715969215969216,0.684620273276136
matched_marginal,46,1965164083,random_forest,logsig_shuffled,14,max_depth=6,0.3795031192416855,0.396856611860661,0.3571849000404712,0.3764492021813775,0.3939871858058156,0.1524771524771525,0.6441054972990149
matched_marginal,46,1965164083,random_forest,rawsig_shuffled,39,max_depth=4,0.3811561207789147,0.397388078242148,0.3597853716489371,0.3739446576449202,0.3621488417939872,0.1774891774891775,0.6525262154432793
matched_marginal,46,1965164083,random_forest,statistics_logsig_shuffled,25,max_depth=10,0.4032894073035963,0.4005306800101079,0.3880912089841752,0.392042011714805,0.41123706259241,0.2762145262145262,0.5141404512233874
matched_marginal,46,1965164083,random_forest,statistics_rawsig_shuffled,50,max_depth=10,0.4092705586759892,0.3996785044867403,0.3836937281870075,0.388123611391638,0.3979300147856087,0.2615440115440115,0.5395614871306006
matched_marginal,46,1965164083,random_forest,b3_logsig_shuffled,54,max_depth=6,0.4054444794775018,0.4026193724196061,0.3837936200517932,0.396081599676833,0.4572695909314933,0.2184944684944685,0.5320940578328567
matched_marginal,46,1965164083,random_forest,b3_rawsig_shuffled,79,max_depth=6,0.4043463850084919,0.4080355684326577,0.3840298105941377,0.3968895172692385,0.4413997042878265,0.208032708032708,0.5746742929774389
matched_marginal,46,1965164083,logistic,hmm,3,C=0.01,0.348951572668581,0.355715134998087,0.33799698394027783,0.3398909311250253,0.3043863972400197,0.2597402597402597,0.5030187480139816
matched_marginal,46,1965164083,logistic,statistics,11,C=0.01,0.4089932542536198,0.4138082183458779,0.3902443621360343,0.4180165623106443,0.5681616559881715,0.1713564213564213,0.501906577693041
matched_marginal,46,1965164083,logistic,statistics_logsig,25,C=0.1,0.4203642130181105,0.4239521556590016,0.4099798776356196,0.4290850333266007,0.5571217348447511,0.2331649831649831,0.4815697489672704
matched_marginal,46,1965164083,logistic,statistics_rawsig,50,C=0.1,0.4548311054954834,0.454319349875594,0.440385954476672,0.4550999798020602,0.5561360275998029,0.2699615199615199,0.5368605020654592
matched_marginal,46,1965164083,logistic,b3,40,C=0.01,0.3759807235158254,0.3920194760761156,0.3840893761573373,0.3956372450010099,0.4869393790044357,0.2555315055315055,0.4335875436924055
matched_marginal,46,1965164083,logistic,b3_logsig,54,C=0.01,0.3941915265913026,0.3997042218639904,0.3910779016732145,0.4045647343970915,0.5089206505667817,0.2512025012025012,0.4389895138226882
matched_marginal,46,1965164083,logistic,b3_rawsig,79,C=0.1,0.4324315110130015,0.4229283128692205,0.413951821854096,0.4242779236517875,0.5081320847708231,0.2771765271765272,0.4834763266603114
matched_marginal,46,1965164083,logistic,logsig,14,C=1.0,0.393625235282578,0.3951319512074253,0.3789819620898142,0.4059785901838012,0.5733859043863972,0.1884319384319384,0.4235780108039402
matched_marginal,46,1965164083,logistic,rawsig,39,C=0.1,0.4521688880155314,0.4391264965259568,0.4199000138723745,0.4361947081397697,0.5280433711187777,0.2338864838864839,0.5554496345726089
matched_marginal,46,1965164083,logistic,logsig_shuffled,14,C=0.1,0.3597408957422829,0.3634536150988723,0.3590858729325507,0.3690971520904867,0.4486939379004436,0.2702020202020202,0.3714648871941531
matched_marginal,46,1965164083,logistic,rawsig_shuffled,39,C=0.01,0.3940517359463222,0.4038205216822448,0.3783481199991568,0.3864269844475863,0.3852143913257762,0.2263107263107263,0.599936447410232
matched_marginal,46,1965164083,logistic,statistics_logsig_shuffled,25,C=0.01,0.3994834109105814,0.4160148480365753,0.3976765005534309,0.4195920016158352,0.5513060620995565,0.2021404521404521,0.4945980298697172
matched_marginal,46,1965164083,logistic,statistics_rawsig_shuffled,50,C=0.01,0.4138214751667368,0.4440907936973565,0.4253521943598333,0.4423752777216724,0.5429275505174963,0.2348484848484848,0.5544963457260883
matched_marginal,46,1965164083,logistic,b3_logsig_shuffled,54,C=1.0,0.3751946376265212,0.3888336737430893,0.3812967584010922,0.3924055746313876,0.4819122720551996,0.2552910052910053,0.4292977438830632
matched_marginal,46,1965164083,logistic,b3_rawsig_shuffled,79,C=0.1,0.3990166878635645,0.407407275173505,0.3988097554324514,0.4098969905069682,0.4995564317397732,0.2623857623857624,0.4602796313949793
matched_marginal,46,1965164083,gbm,hmm,3,max_leaf_nodes=7,0.3582188389917444,0.36726744899161606,0.35579286877815935,0.36740052514643506,0.44642681123706257,0.21813371813371812,0.4372418176040674
matched_marginal,46,1965164083,gbm,statistics,11,max_leaf_nodes=15,0.3912661868555429,0.3885814214951166,0.3824204384242761,0.3870329226418905,0.4280926564810251,0.2943722943722944,0.4432793136320305
matched_marginal,46,1965164083,gbm,statistics_logsig,25,max_leaf_nodes=7,0.4065494329455377,0.4032527052299926,0.3949367198427409,0.3991516865279741,0.4329226219812715,0.2965367965367965,0.4802986971719097
matched_marginal,46,1965164083,gbm,statistics_rawsig,50,max_leaf_nodes=7,0.4102215389488737,0.4026794372742848,0.3941627649339305,0.3985457483336699,0.4318383440118284,0.2965367965367965,0.4796631712742294
matched_marginal,46,1965164083,gbm,b3,40,max_leaf_nodes=7,0.3939184472308235,0.3956052276548864,0.3917348478070445,0.4000807917592405,0.4723509117792016,0.3042328042328042,0.4102319669526533
matched_marginal,46,1965164083,gbm,b3_logsig,54,max_leaf_nodes=7,0.3999119554487394,0.3993442614904487,0.3954005131619418,0.4035952332862048,0.4762937407589945,0.3048340548340548,0.4169049888782968
matched_marginal,46,1965164083,gbm,b3_rawsig,79,max_leaf_nodes=7,0.3953661698216391,0.3953352129226248,0.3910730651899932,0.398707331852151,0.4669295219319862,0.3002645502645503,0.4188115665713378
matched_marginal,46,1965164083,gbm,logsig,14,max_leaf_nodes=7,0.4109077908898377,0.4123607281215902,0.400689507391639,0.4116744092102605,0.4871365204534253,0.2615440115440115,0.4884016523673339
matched_marginal,46,1965164083,gbm,rawsig,39,max_leaf_nodes=15,0.4075228518090474,0.4047104151861544,0.3949850251770466,0.4035144415269642,0.4675209462789551,0.2704425204425204,0.4761677788369876
matched_marginal,46,1965164083,gbm,logsig_shuffled,14,max_leaf_nodes=7,0.3807033290001567,0.3885969854005704,0.3580189313688063,0.3692183397293476,0.3669788072942336,0.1925204425204425,0.6062917063870352
matched_marginal,46,1965164083,gbm,rawsig_shuffled,39,max_leaf_nodes=7,0.3768540937857105,0.3894112507356864,0.357854677881845,0.3704706119975762,0.3754558896007886,0.1841029341029341,0.6086749285033365
matched_marginal,46,1965164083,gbm,statistics_logsig_shuffled,25,max_leaf_nodes=7,0.3949418869290323,0.3938583888059657,0.385394453090588,0.3889315289840436,0.4136027599802858,0.2959355459355459,0.4720368605020654
matched_marginal,46,1965164083,gbm,statistics_rawsig_shuffled,50,max_leaf_nodes=7,0.3966468482613532,0.39450069206026,0.3858844708934457,0.3897394465764492,0.4182355840315426,0.291005291005291,0.4742612011439466
matched_marginal,46,1965164083,gbm,b3_logsig_shuffled,54,max_leaf_nodes=7,0.3939184472308235,0.3956052276548864,0.3917348478070445,0.4000807917592405,0.4723509117792016,0.3042328042328042,0.4102319669526533
matched_marginal,46,1965164083,gbm,b3_rawsig_shuffled,79,max_leaf_nodes=7,0.3910607643113415,0.3902048100413148,0.3863300049914618,0.3944253686124015,0.4652538196155741,0.2989417989417989,0.4064188115665713
matched_marginal,47,3754333007,random_forest,hmm,3,max_depth=6,0.3655639381773839,0.3928288823637349,0.3652445006545724,0.3745101999596041,0.5955249569707401,0.20841623557500996,0.37454545454545457
matched_marginal,47,3754333007,random_forest,statistics,11,max_depth=6,0.4103883639393363,0.4181633356966444,0.4156579705725032,0.4155524136538073,0.3991791341188931,0.3985276561878233,0.4567832167832167
matched_marginal,47,3754333007,random_forest,statistics_logsig,25,max_depth=10,0.4241878630224261,0.4102325473745415,0.4033174337844108,0.4025045445364573,0.4023566794651132,0.3454038997214484,0.4829370629370629
matched_marginal,47,3754333007,random_forest,statistics_rawsig,50,max_depth=10,0.4292440415281235,0.4211120633122848,0.4129232116634462,0.41159361745102,0.4073877929299616,0.3418225228810187,0.5141258741258741
matched_marginal,47,3754333007,random_forest,b3,40,max_depth=6,0.418130164364608,0.4187139328660287,0.4121780112802285,0.4108260957382347,0.4355885078776645,0.3490847592518902,0.4714685314685314
matched_marginal,47,3754333007,random_forest,b3_logsig,54,max_depth=6,0.4198227945047174,0.4228820372499267,0.414847566751588,0.4132902443950717,0.4302925989672977,0.3400318344608038,0.4983216783216783
matched_marginal,47,3754333007,random_forest,b3_rawsig,79,max_depth=10,0.4230638677258773,0.4145911203047827,0.4063025845273453,0.4054938396283579,0.3876605322388455,0.3407282132908873,0.5153846153846153
matched_marginal,47,3754333007,random_forest,logsig,14,max_depth=10,0.435550003788784,0.4421609479779765,0.4289394613554144,0.4279135528176126,0.5166159142062756,0.3102865101472344,0.4995804195804196
matched_marginal,47,3754333007,random_forest,rawsig,39,max_depth=10,0.4198121633049473,0.4309670938965834,0.4063447540775577,0.4088870935164613,0.4064610088706474,0.2460206923995224,0.6404195804195805
matched_marginal,47,3754333007,random_forest,logsig_shuffled,14,max_depth=10,0.3936122684858656,0.4337021406176019,0.3858148741056904,0.4010502928701272,0.4220839401562293,0.1567847194588141,0.7222377622377623
matched_marginal,47,3754333007,random_forest,rawsig_shuffled,39,max_depth=6,0.3974501656297454,0.4350156935501097,0.3823096919470148,0.4004847505554433,0.4141400767906792,0.1433545563072025,0.7475524475524475
matched_marginal,47,3754333007,random_forest,statistics_logsig_shuffled,25,max_depth=10,0.4192304918305424,0.4010741421547878,0.3944928727654371,0.3947485356493637,0.3761419303587978,0.3505769996020692,0.4765034965034965
matched_marginal,47,3754333007,random_forest,statistics_rawsig_shuffled,50,max_depth=10,0.4222484794472885,0.408935370655678,0.4017348230634796,0.4011714805089881,0.3895141003574738,0.3454038997214484,0.4918881118881119
matched_marginal,47,3754333007,random_forest,b3_logsig_shuffled,54,max_depth=6,0.4197979233679973,0.4239514693224798,0.4154504433593124,0.4140173702282367,0.4294982126307427,0.3384401114206128,0.5039160839160839
matched_marginal,47,3754333007,random_forest,b3_rawsig_shuffled,79,max_depth=6,0.4203868020105927,0.4243431388224488,0.4147669069574073,0.4128458897192486,0.4412816099563088,0.3239156386788698,0.5078321678321678
matched_marginal,47,3754333007,logistic,hmm,3,C=0.1,0.32917777862466835,0.3930517086140135,0.29269343100445716,0.34861644112300544,0.4931815172779028,9.948269001193792e-05,0.6858741258741259
matched_marginal,47,3754333007,logistic,statistics,11,C=1.0,0.4176921030722068,0.4251155992378264,0.416314336924173,0.4149464754595031,0.4733218588640275,0.331675288499801,0.4703496503496503
matched_marginal,47,3754333007,logistic,statistics_logsig,25,C=1.0,0.426933754387185,0.4305777050080168,0.4181224072701995,0.4179357705514037,0.5352839931153184,0.3081973736569837,0.4482517482517482
matched_marginal,47,3754333007,logistic,statistics_rawsig,50,C=1.0,0.4604560744969563,0.4691994327561666,0.454609008827079,0.4536861240153504,0.5481265722229578,0.3259052924791086,0.5335664335664335
matched_marginal,47,3754333007,logistic,b3,40,C=0.01,0.3931337512954029,0.4058095817887072,0.3962404714206822,0.3958392243991113,0.4625976433205349,0.3128730600875448,0.4419580419580419
matched_marginal,47,3754333007,logistic,b3_logsig,54,C=1.0,0.4020216722669447,0.4131724892663913,0.4017262026749382,0.4016158351848111,0.4986098239110287,0.3027258257063271,0.4381818181818182
matched_marginal,47,3754333007,logistic,b3_rawsig,79,C=1.0,0.438442601559192,0.4529002544255758,0.4396083549554366,0.4386184609169865,0.5323712432146167,0.3200358137684043,0.5062937062937063
matched_marginal,47,3754333007,logistic,logsig,14,C=0.1,0.4211046364141455,0.4151584698596143,0.3929094346695116,0.3994344576853161,0.6084999338011386,0.2541782729805014,0.3827972027972028
matched_marginal,47,3754333007,logistic,rawsig,39,C=1.0,0.4668195550319227,0.4667342146504478,0.4487524356501974,0.4477883255907897,0.5477293790546802,0.2938718662952646,0.5586013986013986
matched_marginal,47,3754333007,logistic,logsig_shuffled,14,C=1.0,0.3567527066707137,0.4033905548088183,0.385819364669241,0.390870531205817,0.5769892757844565,0.272483087942698,0.3606993006993007
matched_marginal,47,3754333007,logistic,rawsig_shuffled,39,C=1.0,0.4051916593152902,0.4379372267159628,0.3995453677045632,0.4086851141183599,0.4622004501522573,0.1850378034222045,0.6665734265734266
matched_marginal,47,3754333007,logistic,statistics_logsig_shuffled,25,C=1.0,0.4249035045873278,0.4226404610815793,0.4145483905387523,0.4130882649969703,0.4701443135178075,0.3345602865101472,0.4632167832167832
matched_marginal,47,3754333007,logistic,statistics_rawsig_shuffled,50,C=1.0,0.430628197510329,0.4408703372787005,0.4292140240151731,0.4277115734195112,0.4575665298556864,0.3263032232391564,0.5387412587412588
matched_marginal,47,3754333007,logistic,b3_logsig_shuffled,54,C=0.01,0.3926091157368521,0.4053035339329261,0.3957348858731245,0.3953544738436679,0.4640540182708857,0.3122761639474731,0.4395804195804196
matched_marginal,47,3754333007,logistic,b3_rawsig_shuffled,79,C=1.0,0.4055666508590551,0.4249596571387355,0.4122805065328903,0.4115128256917794,0.4684231431219383,0.3042180660565061,0.5022377622377623
matched_marginal,47,3754333007,gbm,hmm,3,max_leaf_nodes=7,0.3625533770982144,0.3900754918471467,0.3731196041983386,0.37709553625530196,0.5426982655898318,0.25815758058097893,0.36937062937062937
matched_marginal,47,3754333007,gbm,statistics,11,max_leaf_nodes=7,0.4109611248837881,0.3893898716870828,0.3835213733100089,0.3832357099575843,0.3975903614457831,0.3357540787902905,0.4348251748251748
matched_marginal,47,3754333007,gbm,statistics_logsig,25,max_leaf_nodes=7,0.4245441697892914,0.4091742334921178,0.400483212763993,0.3996768329630377,0.4497550642128955,0.3225228810187027,0.4552447552447552
matched_marginal,47,3754333007,gbm,statistics_rawsig,50,max_leaf_nodes=15,0.4291820269726476,0.4111137173059514,0.4035240507307384,0.4023025651383559,0.4197007811465643,0.3347592518901711,0.4788811188811189
matched_marginal,47,3754333007,gbm,b3,40,max_leaf_nodes=31,0.3942059412370498,0.383382473708681,0.3738291510384768,0.3760452433851747,0.315768568780617,0.3301830481496219,0.5041958041958042
matched_marginal,47,3754333007,gbm,b3_logsig,54,max_leaf_nodes=7,0.3997204330685271,0.3924017986242371,0.3847055944035769,0.383922439911129,0.4141400767906792,0.3170513330680461,0.446013986013986
matched_marginal,47,3754333007,gbm,b3_rawsig,79,max_leaf_nodes=31,0.3998379001561639,0.3898295396362316,0.3818534664848909,0.3825085841244193,0.3366874089765656,0.3347592518901711,0.498041958041958
matched_marginal,47,3754333007,gbm,logsig,14,max_leaf_nodes=7,0.4377612887268642,0.4401379036218114,0.4261800925992695,0.4252878206422945,0.5117171984641864,0.3035216872264226,0.5051748251748251
matched_marginal,47,3754333007,gbm,rawsig,39,max_leaf_nodes=7,0.4415311237489348,0.4329754078745587,0.4222703336584462,0.4203999192082407,0.4694823249040116,0.3206327099084759,0.5088111888111888
matched_marginal,47,3754333007,gbm,logsig_shuffled,14,max_leaf_nodes=7,0.3981462837613256,0.4231349742313933,0.3982588474800874,0.4010502928701272,0.4157288494637892,0.2357739753282929,0.6179020979020979
matched_marginal,47,3754333007,gbm,rawsig_shuffled,39,max_leaf_nodes=7,0.3964934284289189,0.4220541372019708,0.3953648323222976,0.398990103009493,0.4083145769892757,0.2272184639872662,0.6306293706293706
matched_marginal,47,3754333007,gbm,statistics_logsig_shuffled,25,max_leaf_nodes=7,0.415993762069643,0.3970064531792223,0.3905698211870667,0.3900626136134114,0.4108301337216999,0.3358535614803024,0.4443356643356643
matched_marginal,47,3754333007,gbm,statistics_rawsig_shuffled,50,max_leaf_nodes=7,0.4178986776110089,0.3991496341360421,0.3924328421061213,0.3916784487982225,0.4167880312458625,0.3329685634699562,0.4476923076923076
matched_marginal,47,3754333007,gbm,b3_logsig_shuffled,54,max_leaf_nodes=15,0.3951907415656677,0.3866851374174259,0.380486739417037,0.3806503736618865,0.3655501125380643,0.338141663350577,0.4563636363636363
matched_marginal,47,3754333007,gbm,b3_rawsig_shuffled,79,max_leaf_nodes=31,0.3950623643039703,0.3848029888470201,0.3767028871451867,0.3781054332458089,0.3287435456110155,0.3354556307202547,0.4902097902097902
matched_marginal,48,3015000268,random_forest,hmm,3,max_depth=6,0.3801442870174238,0.33252363681875513,0.31839713408362774,0.3460311048273076,0.16760204081632654,0.267901395591496,0.5620674740484429
matched_marginal,48,3015000268,random_forest,statistics,11,max_depth=4,0.4307189422830142,0.3725154030570099,0.365799998475722,0.3841648151888507,0.2696428571428571,0.2817268814399374,0.5661764705882353
matched_marginal,48,3015000268,random_forest,statistics_logsig,25,max_depth=10,0.4362793779459324,0.3845245428287396,0.3834212005138075,0.3909109270854373,0.3043367346938775,0.3559410460414764,0.493295847750865
matched_marginal,48,3015000268,random_forest,statistics_rawsig,50,max_depth=6,0.443620163647836,0.3843828355654248,0.3750239970407401,0.3941829933346799,0.2142857142857142,0.3824181557323595,0.5564446366782007
matched_marginal,48,3015000268,random_forest,b3,40,max_depth=6,0.4430086298972711,0.3729288369841219,0.3687873337195401,0.3831549181983437,0.2974489795918367,0.2800313029868266,0.5413062283737025
matched_marginal,48,3015000268,random_forest,b3_logsig,54,max_depth=6,0.4438582273247835,0.3739955934114875,0.3701574281824306,0.3840436275499899,0.3025510204081633,0.2802921612103821,0.539143598615917
matched_marginal,48,3015000268,random_forest,b3_rawsig,79,max_depth=6,0.4500637503089552,0.3789707147369186,0.3729010077569852,0.38986063421531,0.2580357142857143,0.3161601669492631,0.5627162629757786
matched_marginal,48,3015000268,random_forest,logsig,14,max_depth=10,0.4402132526739802,0.3885196510454971,0.3853809607709944,0.3985457483336699,0.3053571428571429,0.3055954088952654,0.554606401384083
matched_marginal,48,3015000268,random_forest,rawsig,39,max_depth=10,0.4362217697930856,0.3813317210932893,0.3745196327401,0.3926883457887296,0.2519132653061224,0.318768749184818,0.5733131487889274
matched_marginal,48,3015000268,random_forest,logsig_shuffled,14,max_depth=10,0.4177310775368967,0.3555689058589393,0.3457271204608111,0.366956170470612,0.2006377551020408,0.3152471631668188,0.5508217993079585
matched_marginal,48,3015000268,random_forest,rawsig_shuffled,39,max_depth=4,0.4221739580402441,0.3537861688303859,0.3376868756561906,0.3691779438497273,0.1873724489795918,0.2609886526672753,0.6129974048442907
matched_marginal,48,3015000268,random_forest,statistics_logsig_shuffled,25,max_depth=4,0.4352223924588245,0.3698863773369005,0.3614657656059993,0.3816602706523934,0.2321428571428571,0.3082039911308204,0.5693122837370242
matched_marginal,48,3015000268,random_forest,statistics_rawsig_shuffled,50,max_depth=6,0.4412399718884144,0.3719192734482602,0.3650736606815477,0.382750959402141,0.241454081632653,0.3185078909612625,0.5557958477508651
matched_marginal,48,3015000268,random_forest,b3_logsig_shuffled,54,max_depth=6,0.4409580887631171,0.3717336243222996,0.3677578306588806,0.3818218541708745,0.3021683673469387,0.275727142298161,0.5373053633217993
matched_marginal,48,3015000268,random_forest,b3_rawsig_shuffled,79,max_depth=6,0.4462721124906332,0.3723330322738198,0.3667652070558423,0.3833568975964451,0.267219387755102,0.293335072388157,0.5564446366782007
matched_marginal,48,3015000268,logistic,hmm,3,C=0.1,0.3807335759352823,0.3191246460759862,0.31071636920213197,0.3302767117753989,0.275765306122449,0.18312247293595932,0.4984861591695502
matched_marginal,48,3015000268,logistic,statistics,11,C=1.0,0.4344973756585648,0.3538209215471763,0.3509090127817842,0.3599676832963038,0.379719387755102,0.2345115429763923,0.4472318339100346
matched_marginal,48,3015000268,logistic,statistics_logsig,25,C=1.0,0.4491584706152703,0.3726454443131106,0.3725293267393665,0.3770955362553019,0.3900510204081632,0.2874657623581583,0.4404195501730104
matched_marginal,48,3015000268,logistic,statistics_rawsig,50,C=1.0,0.474104052971276,0.4058346068961039,0.4039395830884866,0.4144213290244395,0.394515306122449,0.2814660232163819,0.5415224913494809
matched_marginal,48,3015000268,logistic,b3,40,C=1.0,0.4166558588965083,0.3721343454559337,0.3720712954754765,0.3747121793577055,0.3946428571428571,0.3117255771488196,0.4100346020761246
matched_marginal,48,3015000268,logistic,b3_logsig,54,C=1.0,0.4373814942298804,0.3845347507073782,0.3847455587505745,0.3877196525954353,0.4066326530612245,0.3149863049432633,0.4319852941176471
matched_marginal,48,3015000268,logistic,b3_rawsig,79,C=1.0,0.4529943582651612,0.4166223248788233,0.4164136563059893,0.4223389214300141,0.4321428571428571,0.3132907264901526,0.5044333910034602
matched_marginal,48,3015000268,logistic,logsig,14,C=1.0,0.4023318129120697,0.3953861497644578,0.3858009047782638,0.3974146637043022,0.5438775510204081,0.2313812442937263,0.4108996539792388
matched_marginal,48,3015000268,logistic,rawsig,39,C=0.1,0.4693766808995809,0.4085035967562974,0.4023936564990504,0.4205615027267219,0.3678571428571429,0.2559019173079431,0.6017517301038062
matched_marginal,48,3015000268,logistic,logsig_shuffled,14,C=1.0,0.3659751054596381,0.336348855115282,0.3336226812979847,0.3338719450616037,0.379719387755102,0.3365071083865918,0.2928200692041522
matched_marginal,48,3015000268,logistic,rawsig_shuffled,39,C=0.1,0.4315204430962366,0.3601724523120843,0.3443072516263598,0.3765703898202383,0.2607142857142857,0.1919916525368462,0.6278114186851211
matched_marginal,48,3015000268,logistic,statistics_logsig_shuffled,25,C=1.0,0.4352826697669101,0.3516908569871146,0.3504246976395875,0.3568975964451626,0.3649234693877551,0.2583800704317203,0.4317690311418685
matched_marginal,48,3015000268,logistic,statistics_rawsig_shuffled,50,C=0.1,0.447166786718444,0.3748384572950087,0.3714558399802876,0.3838012522722682,0.3534438775510204,0.2535541932959436,0.5175173010380623
matched_marginal,48,3015000268,logistic,b3_logsig_shuffled,54,C=1.0,0.4167742119773998,0.3712327711833396,0.3711642171294298,0.3738234700060593,0.3942602040816326,0.3101604278074866,0.4092776816608997
matched_marginal,48,3015000268,logistic,b3_rawsig_shuffled,79,C=1.0,0.4255584955433407,0.3874565758219292,0.3875469075816247,0.3916380529186023,0.3920918367346939,0.3178557454023738,0.4524221453287197
matched_marginal,48,3015000268,gbm,hmm,3,max_leaf_nodes=7,0.37684050543730124,0.33272417157811346,0.32370090726568573,0.34380933144819226,0.19260204081632654,0.2839441763401591,0.5216262975778547
matched_marginal,48,3015000268,gbm,statistics,11,max_leaf_nodes=7,0.4231422722684859,0.3605809289282427,0.3603960945719,0.3655019188042819,0.3519132653061224,0.291248206599713,0.4385813148788927
matched_marginal,48,3015000268,gbm,statistics_logsig,25,max_leaf_nodes=7,0.4368041460830157,0.3785073527911229,0.3789671132777628,0.3831549181983437,0.3779336734693878,0.3062475544541542,0.451340830449827
matched_marginal,48,3015000268,gbm,statistics_rawsig,50,max_leaf_nodes=7,0.4334656153060248,0.3872705147012502,0.3874010380037653,0.392324782872147,0.3639030612244898,0.3289422199034824,0.4689662629757785
matched_marginal,48,3015000268,gbm,b3,40,max_leaf_nodes=7,0.4190532048209781,0.3662866535684314,0.3668723963547247,0.368410422136942,0.3790816326530612,0.3216381896439285,0.3981401384083045
matched_marginal,48,3015000268,gbm,b3_logsig,54,max_leaf_nodes=7,0.4249592761878106,0.3782871225312872,0.3788610814246747,0.3805695819026459,0.3979591836734694,0.32502934655015,0.4118728373702422
matched_marginal,48,3015000268,gbm,b3_rawsig,79,max_leaf_nodes=7,0.4238512690318942,0.3787804221075413,0.3794448626170899,0.381458291254292,0.384438775510204,0.3318116603625929,0.420090830449827
matched_marginal,48,3015000268,gbm,logsig,14,max_leaf_nodes=7,0.4377370853782933,0.3958018175314994,0.393602014780985,0.4051302767117754,0.3544642857142857,0.2865527585757141,0.5463884083044983
matched_marginal,48,3015000268,gbm,rawsig,39,max_leaf_nodes=7,0.4397134656876008,0.395814866640539,0.3934322395059399,0.4047667137951929,0.3145408163265306,0.3280292161210382,0.5448745674740484
matched_marginal,48,3015000268,gbm,logsig_shuffled,14,max_leaf_nodes=7,0.4228657731986889,0.3587722414516869,0.349108533214522,0.3719248636639062,0.2357142857142857,0.2624233728968306,0.5781790657439446
matched_marginal,48,3015000268,gbm,rawsig_shuffled,39,max_leaf_nodes=7,0.4168058607815,0.359636856568635,0.3509487284546959,0.3724500100989699,0.2502551020408163,0.2564236337550541,0.5722318339100346
matched_marginal,48,3015000268,gbm,statistics_logsig_shuffled,25,max_leaf_nodes=7,0.4242652723716393,0.3646208150666031,0.3645078689268386,0.3701878408402343,0.3440051020408163,0.2958132255119343,0.4540441176470588
matched_marginal,48,3015000268,gbm,statistics_rawsig_shuffled,50,max_leaf_nodes=7,0.4273577317119114,0.3620253488117563,0.3618609940400825,0.3677236921833973,0.3404336734693877,0.2920307812703795,0.4536115916955017
matched_marginal,48,3015000268,gbm,b3_logsig_shuffled,54,max_leaf_nodes=7,0.4190532048209781,0.3662866535684314,0.3668723963547247,0.368410422136942,0.3790816326530612,0.3216381896439285,0.3981401384083045
matched_marginal,48,3015000268,gbm,b3_rawsig_shuffled,79,max_leaf_nodes=7,0.4185017516038684,0.3692342451523455,0.3695833027146079,0.3714401131084629,0.3831632653061224,0.3222903352028172,0.4022491349480969
matched_marginal,49,3650631629,random_forest,hmm,3,max_depth=6,0.36666819625090885,0.33931001522692966,0.2969129872685645,0.33245808927489395,0.2765850216712025,0.09771505376344086,0.6436299702461455
matched_marginal,49,3650631629,random_forest,statistics,11,max_depth=4,0.4046565278750711,0.379366382640127,0.3647298401573158,0.378549787921632,0.3744582199375063,0.2095430107526881,0.5540979172301866
matched_marginal,49,3650631629,random_forest,statistics_logsig,25,max_depth=6,0.4085848470246315,0.3849191617433698,0.371575367490309,0.3817006665320137,0.3560124987400463,0.2408602150537634,0.5578847714362997
matched_marginal,49,3650631629,random_forest,statistics_rawsig,50,max_depth=10,0.4104735421877341,0.4099518783917098,0.3965390634453722,0.4077560088870935,0.3912912004838222,0.2533602150537634,0.585204219637544
matched_marginal,49,3650631629,random_forest,b3,40,max_depth=10,0.4087428813366667,0.395754132944968,0.3802422456064267,0.3932134922237931,0.3739542384840238,0.2260752688172043,0.587232891533676
matched_marginal,49,3650631629,random_forest,b3_logsig,54,max_depth=10,0.4136635155732247,0.4062731544243838,0.3913864327037501,0.4045647343970915,0.3927023485535732,0.2323924731182795,0.5937246416012983
matched_marginal,49,3650631629,random_forest,b3_rawsig,79,max_depth=10,0.4128619709629875,0.4099428877827438,0.3937216475087026,0.4071500706927893,0.3857474044955146,0.2361559139784946,0.6079253448742223
matched_marginal,49,3650631629,random_forest,logsig,14,max_depth=10,0.4139121107207897,0.3908139364449679,0.3829114450587119,0.3861038174106241,0.3462352585424856,0.3049731182795699,0.5212334325128483
matched_marginal,49,3650631629,random_forest,rawsig,39,max_depth=10,0.4154647695862181,0.4119896518047999,0.381896252440542,0.4050898808321551,0.3484527769378087,0.1892473118279569,0.6982688666486341
matched_marginal,49,3650631629,random_forest,logsig_shuffled,14,max_depth=10,0.3864322648543307,0.3722253940588697,0.3296701884890594,0.364209250656433,0.298357020461647,0.116263440860215,0.7020557208547471
matched_marginal,49,3650631629,random_forest,rawsig_shuffled,39,max_depth=6,0.3909190155507889,0.3747843742613423,0.3189927832880969,0.3662694405170673,0.296744279810503,0.0795698924731182,0.7480389505004057
matched_marginal,49,3650631629,random_forest,statistics_logsig_shuffled,25,max_depth=10,0.4055606137639422,0.3971196042150787,0.3863490574391555,0.3944657644920218,0.3734502570305413,0.2692204301075269,0.548688125507168
matched_marginal,49,3650631629,random_forest,statistics_rawsig_shuffled,50,max_depth=6,0.4061421607372666,0.3882880531808361,0.3698065837781998,0.383478085235306,0.3442193327285556,0.2206989247311828,0.5999459020827698
matched_marginal,49,3650631629,random_forest,b3_logsig_shuffled,54,max_depth=10,0.406586140999588,0.4001123107829805,0.3852401048717445,0.3980206018986063,0.3827235157746195,0.2297043010752688,0.5879091154990533
matched_marginal,49,3650631629,random_forest,b3_rawsig_shuffled,79,max_depth=10,0.4090951909046311,0.4030400163003738,0.3870806566729941,0.3999192082407594,0.3755669791351678,0.2327956989247311,0.6007573708412226
matched_marginal,49,3650631629,logistic,hmm,3,C=0.1,0.36038828855261135,0.315896791842581,0.2784326855344485,0.3126237123813371,0.2881765951013003,0.07728494623655914,0.5822288341898837
matched_marginal,49,3650631629,logistic,statistics,11,C=1.0,0.3874559208510892,0.3890326923745694,0.3850606943637671,0.3912744900020198,0.4128616066928737,0.2864247311827957,0.4678117392480389
matched_marginal,49,3650631629,logistic,statistics_logsig,25,C=1.0,0.4061558399247822,0.40445040344199,0.3999223590851799,0.4053322561098768,0.4149783287975002,0.3006720430107527,0.497700838517717
matched_marginal,49,3650631629,logistic,statistics_rawsig,50,C=1.0,0.4408369604948761,0.4273905333640672,0.4220900204338847,0.4300141385578671,0.4555992339481907,0.2896505376344086,0.5369218285096024
matched_marginal,49,3650631629,logistic,b3,40,C=1.0,0.3866244718141975,0.3789338778273783,0.3734163825084018,0.3806907695415067,0.3984477371232738,0.2524193548387097,0.4859345415201515
matched_marginal,49,3650631629,logistic,b3_logsig,54,C=0.1,0.4015942460731974,0.3942839664103116,0.389535864888977,0.3957584326398707,0.4108456808789436,0.2779569892473118,0.4940492291046794
matched_marginal,49,3650631629,logistic,b3_rawsig,79,C=1.0,0.4313065670361153,0.4194428116362079,0.4141585051669682,0.4230256513835588,0.4572119745993347,0.2727150537634408,0.528401406545848
matched_marginal,49,3650631629,logistic,logsig,14,C=1.0,0.3930012777930392,0.3621048010481597,0.3598354737779037,0.3675621086649162,0.4175990323556093,0.2504032258064516,0.4183121449824182
matched_marginal,49,3650631629,logistic,rawsig,39,C=1.0,0.4564273630467463,0.4226184418060958,0.4091776751270697,0.4238335689759644,0.4380606793669993,0.2282258064516129,0.6015688395996754
matched_marginal,49,3650631629,logistic,logsig_shuffled,14,C=1.0,0.3562670448932329,0.314923303511359,0.3074983640124484,0.3152494445566552,0.320229815542788,0.1989247311827957,0.4256153638084933
matched_marginal,49,3650631629,logistic,rawsig_shuffled,39,C=1.0,0.4018952858836035,0.3887743802550747,0.3465607875345029,0.3870733185215108,0.3774821086584013,0.0936827956989247,0.6951582364078983
matched_marginal,49,3650631629,logistic,statistics_logsig_shuffled,25,C=1.0,0.3846865615382412,0.3919405067295707,0.3876513279727845,0.3941425974550596,0.4154823102509827,0.2837365591397849,0.4766026507979443
matched_marginal,49,3650631629,logistic,statistics_rawsig_shuffled,50,C=1.0,0.4064711874766036,0.4094616761999255,0.4027751597962221,0.4122399515249444,0.4392702348553573,0.2670698924731183,0.5220449012713011
matched_marginal,49,3650631629,logistic,b3_logsig_shuffled,54,C=1.0,0.3864449283065346,0.3798439130340612,0.3743064264083169,0.3815390830135326,0.3987501259953633,0.2534946236559139,0.4872869894509061
matched_marginal,49,3650631629,logistic,b3_rawsig_shuffled,79,C=1.0,0.4049936629334582,0.4011783532498962,0.3944119070532677,0.4043627549989901,0.4351375869368007,0.2493279569892473,0.5190695158236408
matched_marginal,49,3650631629,gbm,hmm,3,max_leaf_nodes=7,0.36218488861321446,0.3362561224183555,0.3235467759549308,0.33261967279337507,0.3028928535429896,0.2120967741935484,0.4937787395185285
matched_marginal,49,3650631629,gbm,statistics,11,max_leaf_nodes=7,0.389051057620119,0.3855194312105136,0.3774270624461249,0.3838820440315088,0.3715351275073077,0.2725806451612903,0.512442520962943
matched_marginal,49,3650631629,gbm,statistics_logsig,25,max_leaf_nodes=7,0.4069557660029079,0.4046411206418385,0.3968665087798977,0.4044435467582307,0.4049994960185465,0.2786290322580645,0.5302948336489045
matched_marginal,49,3650631629,gbm,statistics_rawsig,50,max_leaf_nodes=7,0.4057577109652091,0.4063523450540184,0.3978082950782959,0.4064229448596243,0.4095353290998891,0.2694892473118279,0.5400324587503381
matched_marginal,49,3650631629,gbm,b3,40,max_leaf_nodes=7,0.3958453641334558,0.3917997432735441,0.3814029671500403,0.3899010300949303,0.3757685717165608,0.2506720430107527,0.5489586150933189
matched_marginal,49,3650631629,gbm,b3_logsig,54,max_leaf_nodes=7,0.4001959142832806,0.3947273089365642,0.3842675886263659,0.3933750757422742,0.3841346638443705,0.2489247311827957,0.5511225317825263
matched_marginal,49,3650631629,gbm,b3_rawsig,79,max_leaf_nodes=15,0.3981672331494504,0.3969775742568448,0.3845053269692262,0.3956372450010099,0.3867553674024795,0.2372311827956989,0.5669461725723559
matched_marginal,49,3650631629,gbm,logsig,14,max_leaf_nodes=7,0.4261629058767811,0.4122249107829288,0.4044921232899071,0.4150676630983639,0.4428989013204314,0.256989247311828,0.5367865837165269
matched_marginal,49,3650631629,gbm,rawsig,39,max_leaf_nodes=31,0.4234220754219193,0.4142562710499429,0.4048133103212856,0.4150272672187436,0.4246547727043644,0.2579301075268817,0.5601839329185826
matched_marginal,49,3650631629,gbm,logsig_shuffled,14,max_leaf_nodes=7,0.3884559206793228,0.3808662109483256,0.3570296589312089,0.3741466370430216,0.3184154823102509,0.1954301075268817,0.6287530430078442
matched_marginal,49,3650631629,gbm,rawsig_shuffled,39,max_leaf_nodes=7,0.3879314687380275,0.3834851465894336,0.3592089089224246,0.3774187032922642,0.3275879447636327,0.189516129032258,0.63335136597241
matched_marginal,49,3650631629,gbm,statistics_logsig_shuffled,25,max_leaf_nodes=7,0.3900099072155813,0.3928876953330282,0.3850051993715799,0.391597657038982,0.3823203306118334,0.2791666666666667,0.5171760887205843
matched_marginal,49,3650631629,gbm,statistics_rawsig_shuffled,50,max_leaf_nodes=7,0.3910786442788682,0.3892323112994142,0.380775072595982,0.3882851949101191,0.382219534321137,0.2647849462365591,0.5206924533405464
matched_marginal,49,3650631629,gbm,b3_logsig_shuffled,54,max_leaf_nodes=7,0.396331643408599,0.3908928011960298,0.3803883656313676,0.3889719248636639,0.3746598125188993,0.2489247311827957,0.5490938598863944
matched_marginal,49,3650631629,gbm,b3_rawsig_shuffled,79,max_leaf_nodes=7,0.3982183008983151,0.3902982829816355,0.3797781335319201,0.3885679660674611,0.3759701642979538,0.2462365591397849,0.548688125507168
matched_marginal,50,185234551,random_forest,hmm,3,max_depth=4,0.36135999825743853,0.3411316069606542,0.3037069381400228,0.35233286204807107,0.08495803744351195,0.28235152100434574,0.6560852624341049
matched_marginal,50,185234551,random_forest,statistics,11,max_depth=4,0.4014296232652414,0.3814275734227556,0.361098844351206,0.3852151080589779,0.3841187863137508,0.1633268952197006,0.5968370387348155
matched_marginal,50,185234551,random_forest,statistics_logsig,25,max_depth=10,0.4112576274226211,0.4230631157260307,0.407711453101391,0.4265400929105231,0.4281471917366042,0.2170449058425881,0.6239972495988998
matched_marginal,50,185234551,random_forest,statistics_rawsig,50,max_depth=10,0.4192378265504901,0.4160025507311234,0.3937225363606195,0.4216117955968491,0.3795997417688831,0.1826412361178175,0.6857666743066697
matched_marginal,50,185234551,random_forest,b3,40,max_depth=6,0.3987884688079708,0.4082191223485031,0.3920697908732111,0.4131286608765906,0.3734021949644932,0.2105263157894736,0.6407288562915425
matched_marginal,50,185234551,random_forest,b3_logsig,54,max_depth=10,0.4048212430802495,0.4237714239433772,0.4084316605572889,0.4281559280953342,0.4032278889606197,0.223804925156929,0.644281457712583
matched_marginal,50,185234551,random_forest,b3_rawsig,79,max_depth=10,0.414759908910693,0.4223050491969653,0.4054715370679212,0.4275095940214098,0.3823111684958037,0.2195799130854659,0.6650240660096264
matched_marginal,50,185234551,random_forest,logsig,14,max_depth=10,0.4316992595168785,0.4189925434263541,0.4062299982852687,0.4208442738840638,0.4593931568754035,0.2256156446161275,0.5719688287875315
matched_marginal,50,185234551,random_forest,rawsig,39,max_depth=10,0.423387453249862,0.4109306012518896,0.3823649854324875,0.4186628963845688,0.3235635894125242,0.1717769193626267,0.737451294980518
matched_marginal,50,185234551,random_forest,logsig_shuffled,14,max_depth=10,0.4017125067039577,0.3946698685462717,0.3638866137237953,0.4031104827307614,0.2854744996772111,0.1642926122646064,0.7342424936969975
matched_marginal,50,185234551,random_forest,rawsig_shuffled,39,max_depth=6,0.4055137329366015,0.4014258475788263,0.3687591178643855,0.4098969905069682,0.2982569399612653,0.1559633027522936,0.75005730002292
matched_marginal,50,185234551,random_forest,statistics_logsig_shuffled,25,max_depth=4,0.402884160628664,0.3922962564242163,0.3718476896899227,0.3959200161583519,0.4016785022595223,0.1685176243360695,0.606692642677057
matched_marginal,50,185234551,random_forest,statistics_rawsig_shuffled,50,max_depth=6,0.4066595058897422,0.4084083693554256,0.3859041572099819,0.4139365784689962,0.3723692704970949,0.1787783679381941,0.6740774696309878
matched_marginal,50,185234551,random_forest,b3_logsig_shuffled,54,max_depth=6,0.3987925543465988,0.4116497099619574,0.3935343124634877,0.4170874570793779,0.3673337637185281,0.205456301303718,0.662159064863626
matched_marginal,50,185234551,random_forest,b3_rawsig_shuffled,79,max_depth=10,0.4025939497800137,0.4187162682855649,0.4021635019990473,0.4237123813371036,0.383344092963202,0.2174070497344278,0.6553976621590648
matched_marginal,50,185234551,logistic,hmm,3,C=0.1,0.35362072038798803,0.33331764274105263,0.3216138485554445,0.3398909311250253,0.1988379599741769,0.26364075325929504,0.537474214989686
matched_marginal,50,185234551,logistic,statistics,11,C=1.0,0.3917435489053995,0.3650790818757826,0.3555582581091621,0.3675621086649162,0.3721110393802453,0.2104056011588604,0.512720605088242
matched_marginal,50,185234551,logistic,statistics_logsig,25,C=1.0,0.4200415191992409,0.4013284574372231,0.3922216544898417,0.4027065239345587,0.4402840542285345,0.2376871076774505,0.5260142104056842
matched_marginal,50,185234551,logistic,statistics_rawsig,50,C=0.1,0.4622270368211958,0.4432485602616318,0.4240670571729838,0.4457685316097758,0.4897353131052291,0.1989377112506035,0.6410726564290625
matched_marginal,50,185234551,logistic,b3,40,C=1.0,0.381361678669625,0.3771986480198956,0.3745445905572708,0.3771763280145425,0.4185926404131698,0.2865765330758087,0.4264267705707082
matched_marginal,50,185234551,logistic,b3_logsig,54,C=1.0,0.4029787055049032,0.3987352018736537,0.3943465502357104,0.3986669359725308,0.454744996772111,0.2782472235634959,0.4632133852853541
matched_marginal,50,185234551,logistic,b3_rawsig,79,C=1.0,0.4400758001050122,0.434201889400123,0.4243826653911646,0.4354675823066047,0.4854744996772111,0.249517141477547,0.5676140270456108
matched_marginal,50,185234551,logistic,logsig,14,C=1.0,0.4055643494562366,0.3949461382618611,0.3844504597741522,0.3928903251868309,0.5186571981923822,0.2355142443264123,0.4306669722667889
matched_marginal,50,185234551,logistic,rawsig,39,C=1.0,0.4601119294953395,0.4553936656218219,0.4356665972469626,0.4583720460513028,0.4925758553905746,0.2060598744567841,0.6675452670181068
matched_marginal,50,185234551,logistic,logsig_shuffled,14,C=0.01,0.3549123907109267,0.3433468294761242,0.3418921799235225,0.3419107251060392,0.3903163331181407,0.3195316272332206,0.3201925280770112
matched_marginal,50,185234551,logistic,rawsig_shuffled,39,C=1.0,0.4076640772956619,0.3939883818414591,0.3712334878704046,0.4027469198141789,0.2472562943834732,0.2291163689039111,0.7055924822369929
matched_marginal,50,185234551,logistic,statistics_logsig_shuffled,25,C=1.0,0.3925230109354541,0.3724518312635405,0.3648235305658273,0.3747929711169461,0.3767591994835377,0.2317720907774022,0.5088242035296814
matched_marginal,50,185234551,logistic,statistics_rawsig_shuffled,50,C=1.0,0.4173317845863691,0.4091041554900689,0.3906305455292909,0.4130882649969703,0.4072304712717882,0.1901255432158377,0.6299564519825808
matched_marginal,50,185234551,logistic,b3_logsig_shuffled,54,C=1.0,0.3818320484926539,0.3779109488341897,0.3752060271482833,0.3778630579680873,0.420271142672692,0.2865765330758087,0.4268851707540683
matched_marginal,50,185234551,logistic,b3_rawsig_shuffled,79,C=0.1,0.3990484831980576,0.4005904277308648,0.3951787775278466,0.4023025651383559,0.4169141381536475,0.2684693384838242,0.5163878065551226
matched_marginal,50,185234551,gbm,hmm,3,max_leaf_nodes=7,0.35717265499987905,0.3366162017876933,0.3344803611952479,0.3396081599676833,0.2801807617817947,0.29430226943505555,0.4353655741462297
matched_marginal,50,185234551,gbm,statistics,11,max_leaf_nodes=7,0.3835836059945107,0.3994863202186144,0.3948815274291324,0.4017774187032922,0.394448030987734,0.2823515210043457,0.5216594086637635
matched_marginal,50,185234551,gbm,statistics_logsig,25,max_leaf_nodes=15,0.4088861899953435,0.41005132302912,0.4044219558764686,0.4118359927287416,0.426468689477082,0.2736600676001931,0.5300252120100848
matched_marginal,50,185234551,gbm,statistics_rawsig,50,max_leaf_nodes=7,0.4118818994669515,0.4091673766767678,0.4034670626330555,0.411310846293678,0.4167850225952227,0.2722114920328344,0.5385056154022462
matched_marginal,50,185234551,gbm,b3,40,max_leaf_nodes=7,0.3901534963819376,0.4003006603158951,0.3955320473539281,0.4018986063421531,0.4166559070367979,0.2745050700144857,0.5097410038964015
matched_marginal,50,185234551,gbm,b3_logsig,54,max_leaf_nodes=7,0.4007837184208182,0.4069718971741897,0.4018505840596777,0.4085235305998788,0.4275016139444803,0.2745050700144857,0.518909007563603
matched_marginal,50,185234551,gbm,b3_rawsig,79,max_leaf_nodes=7,0.4023369398661616,0.4074741513490918,0.4025425131869678,0.4092910523126641,0.4189799870884441,0.2801786576533076,0.5232638093055237
matched_marginal,50,185234551,gbm,logsig,14,max_leaf_nodes=7,0.4388080801608482,0.4280661700681374,0.4154586779477725,0.431024035548374,0.4396384764364106,0.2367213906325446,0.6078386431354572
matched_marginal,50,185234551,gbm,rawsig,39,max_leaf_nodes=7,0.4439467890495669,0.4263739975078615,0.4155883207703105,0.4298929509190062,0.4191091026468689,0.2454128440366972,0.6146000458400184
matched_marginal,50,185234551,gbm,logsig_shuffled,14,max_leaf_nodes=7,0.4053086237482269,0.401529000985412,0.3801693700009909,0.4083619470813977,0.3209812782440284,0.197609850313858,0.6859958743983497
matched_marginal,50,185234551,gbm,rawsig_shuffled,39,max_leaf_nodes=7,0.4041166431116789,0.4018160149793172,0.3806747121799327,0.4086043223591193,0.3221433182698515,0.1984548527281506,0.6848498739399496
matched_marginal,50,185234551,gbm,statistics_logsig_shuffled,25,max_leaf_nodes=15,0.3897980653663991,0.403802921771401,0.3989582683862884,0.4062209654615229,0.3972885732730794,0.2828343795267986,0.531285812514325
matched_marginal,50,185234551,gbm,statistics_rawsig_shuffled,50,max_leaf_nodes=31,0.393205743965362,0.396337832510025,0.3913529298332923,0.3987477277317713,0.3899289864428664,0.2755915016900048,0.5234930093972038
matched_marginal,50,185234551,gbm,b3_logsig_shuffled,54,max_leaf_nodes=7,0.3901534963819376,0.4003006603158951,0.3955320473539281,0.4018986063421531,0.4166559070367979,0.2745050700144857,0.5097410038964015
matched_marginal,50,185234551,gbm,b3_rawsig_shuffled,79,max_leaf_nodes=7,0.3897989518511093,0.4039307015958656,0.3988665384197256,0.4058170066653201,0.4135571336346029,0.2769193626267504,0.5213156085262434
