contrast,detector,learner,baseline,target,n,delta_detection_probability,delta_detection_probability_ci_low,delta_detection_probability_ci_high,delta_detection_probability_positive,delta_mean_delay,delta_mean_delay_ci_low,delta_mean_delay_ci_high,delta_mean_delay_positive,delta_false_alarms_per_1000,delta_false_alarms_per_1000_ci_low,delta_false_alarms_per_1000_ci_high,delta_false_alarms_per_1000_positive,delta_state_detection_probability,delta_state_detection_probability_ci_low,delta_state_detection_probability_ci_high,delta_state_detection_probability_positive,delta_detector_balanced_accuracy,delta_detector_balanced_accuracy_ci_low,delta_detector_balanced_accuracy_ci_high,delta_detector_balanced_accuracy_positive
b3 minus chance,b3,gbm,chance,0.5,50,-0.012025743338307453,-0.020232956950607613,-0.0038185297260072935,13,,,,,,,,,,,,,,,,
b3 minus chance,b3,logistic,chance,0.5,50,-0.014488822164376967,-0.023437600187381096,-0.005540044141372838,13,,,,,,,,,,,,,,,,
b3 minus chance,b3,random_forest,chance,0.5,50,-0.0022300496238369543,-0.011566055049944814,0.0071059558022709066,18,,,,,,,,,,,,,,,,
b3 minus chance,b3,selected,chance,0.5,50,-0.003435444179709443,-0.011525591375954668,0.004654703016535783,18,,,,,,,,,,,,,,,,
b3_logsig minus chance,b3_logsig,gbm,chance,0.5,50,-0.004555709313639941,-0.01366939379335192,0.004557975166072038,17,,,,,,,,,,,,,,,,
b3_logsig minus chance,b3_logsig,logistic,chance,0.5,50,-0.012937607097481868,-0.024239707642979585,-0.0016355065519841495,13,,,,,,,,,,,,,,,,
b3_logsig minus chance,b3_logsig,random_forest,chance,0.5,50,-0.006780306250993381,-0.016960592196392885,0.003399979694406123,19,,,,,,,,,,,,,,,,
b3_logsig minus chance,b3_logsig,selected,chance,0.5,50,-0.005001697962118818,-0.016021789940328962,0.006018394016091324,21,,,,,,,,,,,,,,,,
b3_rawsig minus chance,b3_rawsig,gbm,chance,0.5,50,-0.010695169738382167,-0.020123797861545587,-0.001266541615218747,15,,,,,,,,,,,,,,,,
b3_rawsig minus chance,b3_rawsig,logistic,chance,0.5,50,-0.0062958221803384555,-0.015562114726230343,0.0029704703655534324,19,,,,,,,,,,,,,,,,
b3_rawsig minus chance,b3_rawsig,random_forest,chance,0.5,50,-0.0023933026752576774,-0.012248447094221068,0.007461841743705712,18,,,,,,,,,,,,,,,,
b3_rawsig minus chance,b3_rawsig,selected,chance,0.5,50,-0.0017213679049190387,-0.011793100984948826,0.008350365175110749,19,,,,,,,,,,,,,,,,
cusum minus chance,cusum,none,chance,0.5,50,0.055398823079562086,0.042959423753674356,0.06783822240544982,47,,,,,,,,,,,,,,,,
hmm minus chance,hmm,gbm,chance,0.5,50,0.0073268409672901545,-0.0021122102397901745,0.016765892174370484,30,,,,,,,,,,,,,,,,
hmm minus chance,hmm,logistic,chance,0.5,50,0.0019321331933011899,-0.003732167841141021,0.007596434227743401,23,,,,,,,,,,,,,,,,
hmm minus chance,hmm,random_forest,chance,0.5,50,-0.0030598454759847406,-0.01260272573877939,0.00648303478680991,22,,,,,,,,,,,,,,,,
hmm_filter minus chance,hmm_filter,none,chance,0.5,50,-0.010461789203521383,-0.019572778618528026,-0.0013507997885147394,19,,,,,,,,,,,,,,,,
statistics minus chance,statistics,gbm,chance,0.5,50,-0.014271436044522913,-0.021985588494843895,-0.0065572835942019295,14,,,,,,,,,,,,,,,,
statistics minus chance,statistics,logistic,chance,0.5,50,-0.005807412893341781,-0.016123645232465914,0.00450881944578235,25,,,,,,,,,,,,,,,,
statistics minus chance,statistics,random_forest,chance,0.5,50,-0.00015574093038513536,-0.008817113265567583,0.008505631404797313,23,,,,,,,,,,,,,,,,
statistics minus chance,statistics,selected,chance,0.5,50,0.00185692745819629,-0.0065712138169887555,0.010285068733381334,26,,,,,,,,,,,,,,,,
statistics_logsig minus chance,statistics_logsig,gbm,chance,0.5,50,-0.009769435385336171,-0.01693627326092298,-0.0026025975097493615,17,,,,,,,,,,,,,,,,
statistics_logsig minus chance,statistics_logsig,logistic,chance,0.5,50,-0.0017011391809333845,-0.013818067362406091,0.010415789000539324,20,,,,,,,,,,,,,,,,
statistics_logsig minus chance,statistics_logsig,random_forest,chance,0.5,50,-0.008498496320437064,-0.017270820400511207,0.000273827759637078,15,,,,,,,,,,,,,,,,
statistics_logsig minus chance,statistics_logsig,selected,chance,0.5,50,-0.0032243580155987424,-0.014318329444397586,0.0078696134132001,18,,,,,,,,,,,,,,,,
statistics_rawsig minus chance,statistics_rawsig,gbm,chance,0.5,50,-0.010806268637572948,-0.01911579546601195,-0.002496741809133946,15,,,,,,,,,,,,,,,,
statistics_rawsig minus chance,statistics_rawsig,logistic,chance,0.5,50,-0.009425842473284329,-0.019077165011187946,0.00022548006461928748,16,,,,,,,,,,,,,,,,
statistics_rawsig minus chance,statistics_rawsig,random_forest,chance,0.5,50,-0.0030510150694974775,-0.012447255827979824,0.006345225688984869,22,,,,,,,,,,,,,,,,
statistics_rawsig minus chance,statistics_rawsig,selected,chance,0.5,50,-0.005641530902225612,-0.014665513880139478,0.0033824520756882536,21,,,,,,,,,,,,,,,,
statistics_logsig minus statistics,statistics_logsig,gbm,statistics,0.5,50,0.00845485075407549,-0.00031193872859792623,0.017221640236748905,26,-1.032894736842106,-9.658510386173038,7.592720912488826,16.0,0.025853362956978397,-0.007977905886379172,0.059684631800335966,26.0,0.008778429641154075,0.0014301140573676936,0.016126745224940457,20.0,0.01162296570677631,-0.0005889514759035708,0.02383488288945619,35.0
statistics_rawsig minus statistics,statistics_rawsig,gbm,statistics,0.5,50,0.005744121018484139,-0.0034287370640652074,0.014916979101033486,22,0.1250000000000002,-9.156492364137645,9.406492364137645,18.0,0.012926681478489195,-0.028201754000090624,0.054055116957069015,26.0,0.00487873559986477,-0.0021429311446818367,0.011900402344411377,15.0,0.005250167105098656,-0.008366520812853995,0.018866855023051306,29.0
b3_logsig minus b3,b3_logsig,gbm,b3,0.5,50,0.005542458846559883,-0.0036184609923673606,0.014703378685487127,20,1.0923611111111111,-7.634257503501311,9.818979725723533,20.0,-0.02989295091900626,-0.07364338540504756,0.013857483567035027,21.0,0.007056375463328452,0.0007544336092874917,0.013358317317369413,17.0,-0.004041596619699847,-0.01474523983963076,0.006662046600231066,21.0
b3_rawsig minus b3,b3_rawsig,gbm,b3,0.5,50,-0.0009260260040981189,-0.010273588911205693,0.008421536903009454,14,-2.3707633053221295,-12.343330910626694,7.601804299982436,22.0,-0.021005857402544938,-0.05990247525868408,0.017890760453594202,13.0,0.0010981325270446856,-0.0059034990637010796,0.00809976411779045,12.0,-0.0007259570672608162,-0.012248923514062069,0.010797009379540437,24.0
statistics minus CUSUM,statistics,gbm,cusum,0.5,50,-0.08300988979857259,-0.10181404514939169,-0.06420573444775349,2,-6.1323610252181675,-14.475287979882847,2.2105659294465108,18.0,0.011310846293678047,-0.06388310690861851,0.08650479949597462,25.0,,,,,,,,
statistics minus HMM filter,statistics,gbm,hmm_filter,0.5,50,-0.007693939357061904,-0.021741289446200737,0.006353410732076928,15,-14.534068627450981,-23.29310600109214,-5.775031253809823,11.0,-0.02342961017976166,-0.06719725569498407,0.020338035335460747,20.0,-0.01616317272969065,-0.027623516226230063,-0.00470282923315124,10.0,-0.0035391845965513412,-0.01689469080533747,0.00981632161223479,23.0
statistics_logsig minus CUSUM,statistics_logsig,gbm,cusum,0.5,50,-0.0745550390444971,-0.09433898977003968,-0.054771088318954525,4,-7.691075253216156,-14.699961784809094,-0.682188721623219,19.0,0.03716420925065644,-0.04263889780205104,0.1169673163033639,30.0,,,,,,,,
statistics_logsig minus HMM filter,statistics_logsig,gbm,hmm_filter,0.5,50,0.0007609113970135856,-0.011992442262841567,0.01351426505686874,22,-8.660510204081632,-18.005073605099934,0.6840531969366701,11.0,0.002423752777216731,-0.0405575687359062,0.04540507429033966,28.0,-0.007384743088536571,-0.018211328409199787,0.003441842232126645,13.0,0.008083781110224966,-0.00405217097443992,0.02021973319488985,32.0
statistics_rawsig minus CUSUM,statistics_rawsig,gbm,cusum,0.5,50,-0.07726576878008845,-0.09659501738979144,-0.05793652017038546,3,-4.8834931447326415,-13.727862704401687,3.960876414936404,18.0,0.024237527772167235,-0.06288627082178874,0.1113613263661232,26.0,,,,,,,,
statistics_rawsig minus HMM filter,statistics_rawsig,gbm,hmm_filter,0.5,50,-0.0019498183385777633,-0.016327050743563516,0.012427414066407988,21,-3.621813725490197,-13.353684129621259,6.1100566786408645,14.0,-0.010502928701272467,-0.053005979868442674,0.03200012246589774,19.0,-0.011284437129825877,-0.022703895325572855,0.00013502106592109923,12.0,0.0017109825085473152,-0.009781961132756046,0.013203926149850677,28.0
b3 minus CUSUM,b3,gbm,cusum,0.5,50,-0.07906057988437515,-0.09848537869927124,-0.05963578106947906,3,-4.040597350051131,-12.39415653765137,4.312961837549107,18.0,0.02181377499495051,-0.06239659905919845,0.10602414904909946,28.0,,,,,,,,
b3 minus HMM filter,b3,gbm,hmm_filter,0.5,50,-0.003744629442864463,-0.016789586938212978,0.009300328052484052,19,-10.22951680672269,-19.71130042418948,-0.7477331892558983,12.0,-0.012926681478489193,-0.05732583934022446,0.03147247638324607,22.0,-0.01217768755081831,-0.023086534600475946,-0.0012688405011606774,10.0,0.0001942741607322618,-0.010799513019762688,0.011188061341227212,22.0
b3_logsig minus CUSUM,b3_logsig,gbm,cusum,0.5,50,-0.07351812103781526,-0.09395008708723035,-0.05308615498840017,3,-1.123093302361595,-8.043500857533399,5.797314252810209,20.0,-0.008079175924055748,-0.08988486094737415,0.07372650909926266,25.0,,,,,,,,
b3_logsig minus HMM filter,b3_logsig,gbm,hmm_filter,0.5,50,0.0017978294036954173,-0.012213020103962365,0.015808678911353197,24,-7.276820728291316,-15.93498082797942,1.3813393713967876,16.0,-0.04281963239749545,-0.09418293660509061,0.00854367181009972,18.0,-0.005121312087489857,-0.017179160045504356,0.006936535870524643,18.0,-0.0038473224589675847,-0.017931405788546694,0.010236760870611525,25.0
b3_rawsig minus CUSUM,b3_rawsig,gbm,cusum,0.5,50,-0.07998660588847327,-0.1001257737315283,-0.05984743804541824,4,-4.040617770029535,-12.896155935351526,4.814920395292455,18.0,0.0008079175924055748,-0.08353905393833831,0.08515488912314946,24.0,,,,,,,,
b3_rawsig minus HMM filter,b3_rawsig,gbm,hmm_filter,0.5,50,-0.004670655446962584,-0.019222279103208718,0.00988096820928355,20,-8.894761904761905,-18.68398175878496,0.8944579492611489,12.0,-0.03393253888103413,-0.07747035052511753,0.009605272763049268,17.0,-0.011079555023773623,-0.022670950622639276,0.0005118405750920273,13.0,-0.0005316829065285544,-0.013390185984692165,0.012326820171635057,24.0
statistics_logsig minus statistics,statistics_logsig,logistic,statistics,0.5,50,0.00226870923899542,-0.0103438098650578,0.01488122834304864,20,-1.153361992945326,-7.559412459669975,5.2526884737793225,19.0,-0.02423752777216724,-0.06346192804209767,0.01498687249776319,20.0,0.004559041348669628,-0.005260539335125693,0.014378622032464948,15.0,-0.004045155154773949,-0.017659107964391314,0.009568797654843416,30.0
statistics_rawsig minus statistics,statistics_rawsig,logistic,statistics,0.5,50,-0.0060114339574754,-0.019026682215944085,0.0070038143009932856,18,2.0634353741496603,-5.16331752921087,9.29018827751019,21.0,-0.014542516663300344,-0.05847394292855084,0.029388909601950154,21.0,-0.0043401303196554,-0.014169344636549067,0.005489083997238269,15.0,-0.006418362080111448,-0.018181878935333646,0.0053451547751107486,23.0
b3_logsig minus b3,b3_logsig,logistic,b3,0.5,50,0.00232672205081115,-0.004557631864812894,0.009211075966435193,14,-1.4426917989417993,-10.440217462048906,7.554833864165307,20.0,0.0048475055544334456,-0.024549300236005104,0.03424431134487199,22.0,0.0025054756376401617,-0.0036087115508512996,0.008619662826131623,13.0,-0.00026284868129568983,-0.011674729802266484,0.011149032439675105,23.0
b3_rawsig minus b3,b3_rawsig,logistic,b3,0.5,50,0.0077100292357447755,-0.0029110694985890933,0.018331127970078645,23,-2.514075630252101,-11.755323196804893,6.7271719363006905,18.0,-0.01777418703292264,-0.06293737111112299,0.027388997045277703,20.0,0.004600062472152263,-0.004470755533005089,0.013670880477309615,19.0,-0.0022278540774303256,-0.01637144282174666,0.011915734666886009,22.0
statistics minus CUSUM,statistics,logistic,cusum,0.5,50,-0.06758334646180747,-0.08817527015916773,-0.046991422764447205,4,-3.810139790764791,-11.522774810231887,3.9024952287023043,19.0,0.05493839628357906,-0.018214656121670197,0.12809144868882832,28.0,,,,,,,,
statistics minus HMM filter,statistics,logistic,hmm_filter,0.5,50,0.007732603979703199,-0.005245734972432413,0.02071094293183881,27,-8.525875350140055,-19.088691620590566,2.0369409203104585,12.0,0.020197939810139367,-0.02078702051658889,0.06118290013686763,25.0,0.0013334680559754877,-0.00918471402418472,0.011851650136135695,22.0,0.011331908055933234,0.0008613809970408233,0.021802435114825644,29.0
statistics_logsig minus CUSUM,statistics_logsig,logistic,cusum,0.5,50,-0.06531463722281206,-0.08864249015513302,-0.04198678429049109,7,-2.912123917748919,-10.659521269916528,4.83527343441869,19.0,0.03070086851141184,-0.04103385085192286,0.10243558787474653,29.0,,,,,,,,
statistics_logsig minus HMM filter,statistics_logsig,logistic,hmm_filter,0.5,50,0.010001313218698618,-0.002647145205987394,0.02264977164338463,24,-8.106795634920637,-18.686846151194874,2.4732548813536006,11.0,-0.00403958796202787,-0.04409521380340849,0.036016037879352744,21.0,0.005892509404645117,-0.0047210524222782,0.016506071231568435,22.0,0.007286752901159283,-0.00547616605892781,0.020049671861246378,32.0
statistics_rawsig minus CUSUM,statistics_rawsig,logistic,cusum,0.5,50,-0.07359478041928288,-0.0944350379624693,-0.05275452287609647,6,-2.351417801969272,-10.571777198861966,5.868941594923421,21.0,0.04039587962027873,-0.03832673955503958,0.11911849879559704,27.0,,,,,,,,
statistics_rawsig minus HMM filter,statistics_rawsig,logistic,hmm_filter,0.5,50,0.0017211700222277988,-0.012202945028816825,0.015645285073272425,21,-6.06155462184874,-15.086270983991387,2.9631617402939083,17.0,0.005655423146839019,-0.03698662635867728,0.04829747265235532,21.0,-0.003006662263679911,-0.015251869257484773,0.00923854473012495,18.0,0.004913545975821784,-0.007340324160126804,0.017167416111770372,30.0
b3 minus CUSUM,b3,logistic,cusum,0.5,50,-0.07907725743201809,-0.098686743038208,-0.05946777182582817,2,-1.8351082781597483,-9.919838371835842,6.249621815516346,19.0,0.04605130276711775,-0.027441077704155326,0.11954368323839082,29.0,,,,,,,,
b3 minus HMM filter,b3,logistic,hmm_filter,0.5,50,-0.0037613069905074095,-0.016571095868066106,0.009048481887051285,20,-8.45517006802721,-17.61768176428029,0.7073416282258727,11.0,0.011310846293678043,-0.021819879719210306,0.044441572306566396,26.0,-0.006930782693168052,-0.017573698155700927,0.0037121327693648218,17.0,0.0030959189306445202,-0.009763918959387535,0.015955756820676573,27.0
b3_logsig minus CUSUM,b3_logsig,logistic,cusum,0.5,50,-0.07675053538120694,-0.09796144357905597,-0.055539627183357906,3,-0.9209027777777783,-8.700157782248963,6.858352226693406,23.0,0.05089880832155119,-0.024036072702835434,0.1258336893459378,28.0,,,,,,,,
b3_logsig minus HMM filter,b3_logsig,logistic,hmm_filter,0.5,50,-0.0014345849396962622,-0.015931828270104885,0.013062658390712361,20,-6.773773448773449,-12.761530349685795,-0.7860165478611023,12.0,0.016158351848111492,-0.022928659557416665,0.05524536325363965,25.0,-0.00442530705552789,-0.016129285809576864,0.007278671698521084,17.0,0.0028330702493488302,-0.008922950144713889,0.014589090643411549,27.0
b3_rawsig minus CUSUM,b3_rawsig,logistic,cusum,0.5,50,-0.07136722819627331,-0.09210846503338185,-0.05062599135916476,5,-0.6883838383838384,-7.136716850845984,5.759949174078306,22.0,0.028277115734195113,-0.04749447018506217,0.1040487016534524,28.0,,,,,,,,
b3_rawsig minus HMM filter,b3_rawsig,logistic,hmm_filter,0.5,50,0.003948722245237365,-0.009111063763126077,0.017008508253600806,27,-6.044791666666667,-15.808243923554397,3.718660590221063,11.0,-0.006463340739244597,-0.05109934734864186,0.038172665870152674,22.0,-0.0023307202210157895,-0.013447910677896076,0.008786470235864496,19.0,0.0008680648532141944,-0.011895123264152796,0.013631252970581183,31.0
statistics_logsig minus statistics,statistics_logsig,random_forest,statistics,0.5,50,-0.005390136311156498,-0.014461147038723133,0.003680874416410136,15,-1.4018925518925522,-8.08389533332704,5.280110229541936,16.0,0.040395879620278734,-0.007699961392884688,0.08849172063344216,27.0,-0.0006260680245183616,-0.007877014597802514,0.0066248785487657905,13.0,0.006742898874458069,-0.0036752665076938834,0.01716106425661002,28.0
statistics_rawsig minus statistics,statistics_rawsig,random_forest,statistics,0.5,50,-0.0005682052265886806,-0.012874792801567269,0.011738382348389908,14,-2.166041666666666,-9.520238156115841,5.18815482278251,17.0,0.02666128054938397,-0.026158152934813578,0.07948071403358152,24.0,0.0006316862648623364,-0.010124956016458625,0.011388328546183298,12.0,-0.0006026897591848778,-0.017115330231086218,0.01590995071271646,24.0
b3_logsig minus b3,b3_logsig,random_forest,b3,0.5,50,-0.0033523151376239125,-0.012672923283394383,0.005968293008146559,10,5.313732563732564,-1.6657015181065393,12.293166645571667,21.0,0.01777418703292264,-0.037022291603082895,0.07257066566892817,18.0,-0.00026210998846113803,-0.008639373187484218,0.008115153210561943,10.0,0.003651679689037847,-0.01020201190797158,0.017505371286047275,22.0
b3_rawsig minus b3,b3_rawsig,random_forest,b3,0.5,50,0.0009083620458785196,-0.00937570756145938,0.011192431653216418,15,-1.250325600325601,-5.330673256356415,2.8300220557052134,16.0,0.008887093516461324,-0.03809352839697833,0.055867715429900974,23.0,-0.0012367985140519563,-0.009430933771509794,0.006957336743405882,11.0,0.001034061945496787,-0.012725681748805763,0.014793805639799339,24.0
statistics minus CUSUM,statistics,random_forest,cusum,0.5,50,-0.06990115311864054,-0.09185231520756203,-0.047949991029719044,6,-2.9868153942017583,-10.386289390608535,4.412658602205018,20.0,-0.024237527772167235,-0.11340583304233887,0.06493077749800438,24.0,,,,,,,,
statistics minus HMM filter,statistics,random_forest,hmm_filter,0.5,50,0.005414797322870146,-0.0068038767358535365,0.01763347138159383,26,-4.695006613756615,-14.384963875270502,4.994950647757273,15.0,-0.05897798424560694,-0.11126512559803174,-0.006690842893182142,16.0,-0.0023196390523469433,-0.012556797845454002,0.007917519740760116,20.0,-0.002876896346240393,-0.014826916612790357,0.009073123920309572,22.0
statistics_logsig minus CUSUM,statistics_logsig,random_forest,cusum,0.5,50,-0.07529128942979703,-0.0957618278845068,-0.05482075097508727,3,-1.3532510478939057,-9.270800643645629,6.564298547857818,20.0,0.016158351848111492,-0.06368384365338628,0.09600054734960925,24.0,,,,,,,,
statistics_logsig minus HMM filter,statistics_logsig,random_forest,hmm_filter,0.5,50,2.4661011713648094e-05,-0.011911157561619328,0.011960479585046624,19,-4.672546897546899,-15.59696036883365,6.251866573739851,16.0,-0.01858210462532821,-0.0656153697543482,0.028451160503691782,23.0,-0.0029457070768653055,-0.012950144058801183,0.007058729905070573,18.0,0.0038660025282176757,-0.006785309479659689,0.01451731453609504,24.0
statistics_rawsig minus CUSUM,statistics_rawsig,random_forest,cusum,0.5,50,-0.07046935834522922,-0.09108516903807538,-0.04985354765238305,6,-4.840692691217902,-13.056696000980594,3.3753106185447885,19.0,0.002423752777216723,-0.08255608248368282,0.08740358803811626,27.0,,,,,,,,
statistics_rawsig minus HMM filter,statistics_rawsig,random_forest,hmm_filter,0.5,50,0.004846592096281467,-0.010435854825118062,0.020129039017680993,21,-3.3308163265306128,-12.27903107659541,5.617398423534185,16.0,-0.032316703696222984,-0.0832376908889226,0.01860428349647663,22.0,-0.0016879527874846068,-0.015244457240321465,0.011868551665352252,17.0,-0.0034795861054252707,-0.01869337429840122,0.01173420208755068,25.0
b3 minus CUSUM,b3,random_forest,cusum,0.5,50,-0.07181484984383497,-0.0937268243388657,-0.04990287534880425,5,2.299111008039579,-5.385096402973575,9.983318419052733,22.0,-0.016966269440517066,-0.11460366425001589,0.08067112536898174,27.0,,,,,,,,
b3 minus HMM filter,b3,random_forest,hmm_filter,0.5,50,0.003501100597675704,-0.009590458257939508,0.016592659453290914,25,2.1660480859010276,-8.428143587907048,12.760239759709101,16.0,-0.05170672591395677,-0.10505465317559914,0.0016412013476855905,18.0,-0.001004538569031469,-0.011379910999719165,0.009370833861656228,19.0,-0.007915234588743152,-0.021379335079267467,0.005548865901781165,21.0
b3_logsig minus CUSUM,b3_logsig,random_forest,cusum,0.5,50,-0.0751671649814589,-0.09794854021408347,-0.05238578974883432,4,5.210393618726952,-3.356387006765166,13.77717424421907,24.0,0.0008079175924055704,-0.08489933180158948,0.08651516698640063,25.0,,,,,,,,
b3_logsig minus HMM filter,b3_logsig,random_forest,hmm_filter,0.5,50,0.0001487854600517924,-0.013606219354121952,0.013903790274225536,20,0.706071428571429,-9.812296909717265,11.224439766860122,13.0,-0.03393253888103413,-0.08391305042569697,0.016047972663628708,24.0,-0.001266648557492608,-0.012893414277026321,0.010360117162041105,20.0,-0.004263554899705304,-0.01872477451946386,0.01019766472005325,24.0
b3_rawsig minus CUSUM,b3_rawsig,random_forest,cusum,0.5,50,-0.07090648779795646,-0.09066061663040798,-0.051152358965504935,5,-0.22572974782199395,-7.963986035376783,7.512526539732795,22.0,-0.008079175924055743,-0.09551116012342845,0.07935280827531696,25.0,,,,,,,,
b3_rawsig minus HMM filter,b3_rawsig,random_forest,hmm_filter,0.5,50,0.004409462643554224,-0.009856019009001047,0.018674944296109497,23,-3.5564925044091718,-14.29084372285493,7.177858714036588,14.0,-0.04281963239749544,-0.09903356431151235,0.013394299516521463,23.0,-0.0022413370830834272,-0.014636809384020509,0.010154135217853655,19.0,-0.006881172643246364,-0.021116200905107345,0.0073538556186146155,22.0
statistics_logsig minus statistics,statistics_logsig,selected,statistics,0.5,50,-0.0019425300088918088,-0.013987624010301722,0.010102563992518104,13,-1.4548663324979119,-9.429386884586481,6.519654219590658,15.0,0.03635629165825087,-0.006363903073294971,0.07907648638979671,24.0,0.003689010697949838,-0.006742008917009289,0.014120030312908965,14.0,0.0076085015359355955,-0.004261841397250323,0.019478844469121515,31.0
statistics_rawsig minus statistics,statistics_rawsig,selected,statistics,0.5,50,-0.004770196141014005,-0.01635406619319845,0.006813673911170439,15,2.3862942612942617,-4.745487482720904,9.518076005309428,21.0,0.037972126843062004,-0.014273844335972646,0.09021809802209665,24.0,-0.0004991354810854593,-0.011008970405429126,0.010010699443258208,14.0,-0.0014824862352699531,-0.01633178999928667,0.013366817528746765,24.0
b3_logsig minus b3,b3_logsig,selected,b3,0.5,50,0.0011945824092736348,-0.008211729532739003,0.010600894351286274,13,3.062193362193362,-4.08829954594944,10.212686270336164,19.0,0.025853362956978387,-0.0356764485970143,0.08738317451097107,18.0,0.003552825076473926,-0.005267290355640642,0.012372940508588493,12.0,0.007534965240441781,-0.006922973976068419,0.02199290445695198,24.0
b3_rawsig minus b3,b3_rawsig,selected,b3,0.5,50,0.000955326995017382,-0.009554625201092072,0.011465279191126837,16,-2.528871728871729,-6.849033624527213,1.7912901667837557,15.0,-0.010502928701272469,-0.056413326262983204,0.03540746886043826,21.0,-0.0008168176918972205,-0.009379583236426986,0.007745947852632545,12.0,-0.0014271591828932118,-0.016395270045973624,0.013540951680187199,24.0
statistics minus CUSUM,statistics,selected,cusum,0.5,50,-0.06703931647357407,-0.08936022329910664,-0.044718409648041496,7,-4.3941205890069535,-11.828834438696568,3.0405932606826616,19.0,-0.021005857402544945,-0.1089360335783515,0.0669243187732616,25.0,,,,,,,,
statistics minus HMM filter,statistics,selected,hmm_filter,0.5,50,0.008276633967936604,-0.003799945927762758,0.020353213863635967,28,-7.206712962962963,-17.240098000867974,2.8266720749420466,15.0,-0.05574631387598465,-0.1056476523757193,-0.005844975376249999,17.0,-0.0010841412168491082,-0.010881181448581495,0.008712899014883278,21.0,-0.0018180983866025568,-0.013903241019374613,0.010267044246169501,22.0
statistics_logsig minus CUSUM,statistics_logsig,selected,cusum,0.5,50,-0.06898184648246589,-0.09074997544491945,-0.04721371752001232,4,-4.614435425685427,-12.61427173919566,3.3854008878248063,19.0,0.01535043425570592,-0.06044386730987177,0.09114473582128362,26.0,,,,,,,,
statistics_logsig minus HMM filter,statistics_logsig,selected,hmm_filter,0.5,50,0.006334103959044795,-0.005579609152463632,0.018247817070553222,23,-7.835266257040451,-19.287940508422498,3.617407994341595,14.0,-0.019390022217733782,-0.06083118633173155,0.022051141896263983,22.0,0.0026048694811007323,-0.006813784173959837,0.012023523136161302,18.0,0.0057904031493330385,-0.006179668832273926,0.017760475130940003,25.0
statistics_rawsig minus CUSUM,statistics_rawsig,selected,cusum,0.5,50,-0.07180951261458808,-0.09187708280972715,-0.05174194241944901,5,-2.9243507011082333,-10.578339554716429,4.7296381524999624,20.0,0.01696626944051706,-0.06513775167897508,0.0990702905600092,26.0,,,,,,,,
statistics_rawsig minus HMM filter,statistics_rawsig,selected,hmm_filter,0.5,50,0.0035064378269226023,-0.010298112016434113,0.017310987670279318,20,-5.084557823129252,-14.290312170583105,4.121196524324601,15.0,-0.017774187032922648,-0.06795878481465098,0.03241041074880569,22.0,-0.0015832766979345676,-0.01397595959761417,0.010809406201745034,18.0,-0.0033005846218725097,-0.018107652203862463,0.011506482960117446,27.0
b3 minus CUSUM,b3,selected,cusum,0.5,50,-0.07295626398524913,-0.09415170718072062,-0.05176082078977763,5,2.878211537140107,-4.784528892438851,10.540951966719064,23.0,-0.014542516663300344,-0.11288454286785321,0.08379950954125254,26.0,,,,,,,,
b3 minus HMM filter,b3,selected,hmm_filter,0.5,50,0.002359686456261562,-0.00989483273717343,0.014614205649696552,25,2.88140756302521,-7.47365779867482,13.23647292472524,16.0,-0.049282973136740044,-0.10374118195526064,0.005175235681780556,17.0,-0.0024655775300704303,-0.01181022069138838,0.00687906563124752,20.0,-0.007568800775686183,-0.021075094886692156,0.0059374933353197904,22.0
b3_logsig minus CUSUM,b3_logsig,selected,cusum,0.5,50,-0.07176168157597548,-0.09505363031180965,-0.04846973284014132,4,4.204044412377747,-3.9680940867732764,12.376182911528769,23.0,0.011310846293678045,-0.07667437454843967,0.09929606713579575,26.0,,,,,,,,
b3_logsig minus HMM filter,b3_logsig,selected,hmm_filter,0.5,50,0.0035542688655351967,-0.009601340924539445,0.016709878655609838,21,-0.501547619047619,-11.072758318912738,10.0696630808175,15.0,-0.02342961017976166,-0.07642596302872737,0.02956674266920404,24.0,0.0010872475464034953,-0.009703569590617325,0.011878064683424314,21.0,-3.383553524440197e-05,-0.014069538374358226,0.014001867303869422,27.0
b3_rawsig minus CUSUM,b3_rawsig,selected,cusum,0.5,50,-0.07200093699023173,-0.09214247100284692,-0.05185940297761654,5,-1.1725898945436763,-8.939140341084308,6.593960551996956,22.0,-0.025045445364572805,-0.11070246671103688,0.06061157598189128,23.0,,,,,,,,
b3_rawsig minus HMM filter,b3_rawsig,selected,hmm_filter,0.5,50,0.003315013451278945,-0.010483805812367786,0.017113832714925677,21,-2.801399911816579,-13.470651470968848,7.867851647335689,16.0,-0.05978590183801251,-0.11344551982458559,-0.006126283851439429,20.0,-0.0032823952219676535,-0.014755781039893537,0.008190990595958231,18.0,-0.008995959958579394,-0.023722373501431623,0.005730453584272835,20.0
HMM filter minus CUSUM,hmm_filter,none,cusum,0.5,50,-0.07531595044151068,-0.095935578209185,-0.05469632267383636,4,2.2240881504116805,-5.845052248840937,10.293228549664299,20.0,0.0347404564734397,-0.039697426988492164,0.10917833993537157,30.0,,,,,,,,
b3 minus chance,b3,gbm,chance,1.0,50,0.046384038859002545,0.0314976262726744,0.06127045144533069,41,,,,,,,,,,,,,,,,
b3 minus chance,b3,logistic,chance,1.0,50,0.05335864633269206,0.0402208676098111,0.06649642505557302,43,,,,,,,,,,,,,,,,
b3 minus chance,b3,random_forest,chance,1.0,50,0.062416410612423784,0.04798550183219426,0.07684731939265331,47,,,,,,,,,,,,,,,,
b3 minus chance,b3,selected,chance,1.0,50,0.061843023409315176,0.04722525159671282,0.07646079522191752,47,,,,,,,,,,,,,,,,
b3_logsig minus chance,b3_logsig,gbm,chance,1.0,50,0.05567866449378771,0.040771550161780884,0.07058577882579453,42,,,,,,,,,,,,,,,,
b3_logsig minus chance,b3_logsig,logistic,chance,1.0,50,0.061935931418605775,0.046853115661602426,0.07701874717560912,44,,,,,,,,,,,,,,,,
b3_logsig minus chance,b3_logsig,random_forest,chance,1.0,50,0.06601583697764,0.05243899860609872,0.0795926753491813,44,,,,,,,,,,,,,,,,
b3_logsig minus chance,b3_logsig,selected,chance,1.0,50,0.06765846408484694,0.05332452093795888,0.081992407231735,44,,,,,,,,,,,,,,,,
b3_rawsig minus chance,b3_rawsig,gbm,chance,1.0,50,0.05583446691886764,0.03983214454054497,0.07183678929719031,42,,,,,,,,,,,,,,,,
b3_rawsig minus chance,b3_rawsig,logistic,chance,1.0,50,0.049617986569933464,0.034679066250218875,0.06455690688964805,43,,,,,,,,,,,,,,,,
b3_rawsig minus chance,b3_rawsig,random_forest,chance,1.0,50,0.058288689665231305,0.04531731834942749,0.07126006098103513,45,,,,,,,,,,,,,,,,
b3_rawsig minus chance,b3_rawsig,selected,chance,1.0,50,0.05932197510096844,0.0450012630619837,0.07364268713995317,44,,,,,,,,,,,,,,,,
cusum minus chance,cusum,none,chance,1.0,50,0.10072268786019999,0.08489914096515144,0.11654623475524853,50,,,,,,,,,,,,,,,,
hmm minus chance,hmm,gbm,chance,1.0,50,0.090049877805668,0.07488910305307657,0.10521065255825944,49,,,,,,,,,,,,,,,,
hmm minus chance,hmm,logistic,chance,1.0,50,0.12600819110815967,0.10820670318956963,0.1438096790267497,49,,,,,,,,,,,,,,,,
hmm minus chance,hmm,random_forest,chance,1.0,50,0.105192857937692,0.0885874512292748,0.12179826464610918,48,,,,,,,,,,,,,,,,
hmm_filter minus chance,hmm_filter,none,chance,1.0,50,0.06664466111039577,0.05050371310258696,0.08278560911820458,41,,,,,,,,,,,,,,,,
statistics minus chance,statistics,gbm,chance,1.0,50,0.0474600992259931,0.031808770247440096,0.0631114282045461,44,,,,,,,,,,,,,,,,
statistics minus chance,statistics,logistic,chance,1.0,50,0.07461702760294726,0.057587936955133645,0.09164611825076088,43,,,,,,,,,,,,,,,,
statistics minus chance,statistics,random_forest,chance,1.0,50,0.06542112931165779,0.050997538271387574,0.07984472035192801,44,,,,,,,,,,,,,,,,
statistics minus chance,statistics,selected,chance,1.0,50,0.06794489277672232,0.05310522480495531,0.08278456074848933,45,,,,,,,,,,,,,,,,
statistics_logsig minus chance,statistics_logsig,gbm,chance,1.0,50,0.050196882705254395,0.034863989447360196,0.0655297759631486,39,,,,,,,,,,,,,,,,
statistics_logsig minus chance,statistics_logsig,logistic,chance,1.0,50,0.08254394396145597,0.06729164806062128,0.09779623986229065,48,,,,,,,,,,,,,,,,
statistics_logsig minus chance,statistics_logsig,random_forest,chance,1.0,50,0.06153059728506414,0.04722175000091868,0.0758394445692096,45,,,,,,,,,,,,,,,,
statistics_logsig minus chance,statistics_logsig,selected,chance,1.0,50,0.06573129169580583,0.05020490826515313,0.08125767512645853,45,,,,,,,,,,,,,,,,
statistics_rawsig minus chance,statistics_rawsig,gbm,chance,1.0,50,0.05174112376599129,0.03518845892448344,0.06829378860749914,42,,,,,,,,,,,,,,,,
statistics_rawsig minus chance,statistics_rawsig,logistic,chance,1.0,50,0.06336707648090582,0.04808895124499779,0.07864520171681386,44,,,,,,,,,,,,,,,,
statistics_rawsig minus chance,statistics_rawsig,random_forest,chance,1.0,50,0.06330967518179714,0.04774952536132835,0.07886982500226594,45,,,,,,,,,,,,,,,,
statistics_rawsig minus chance,statistics_rawsig,selected,chance,1.0,50,0.06086092121650097,0.045480764671533315,0.07624107776146863,44,,,,,,,,,,,,,,,,
statistics_logsig minus statistics,statistics_logsig,gbm,statistics,1.0,50,0.004527596425179139,-0.013937316865892078,0.02299250971625036,25,1.3488936063936063,-1.6129196165864674,4.3107068293736805,27.0,0.012926681478489204,-0.03563887619302503,0.06149223915000344,22.0,0.01022829716451916,-0.004098065928810792,0.02455466025784911,24.0,0.008476422259344384,-0.0013844680563435165,0.018337312575032284,32.0
statistics_rawsig minus statistics,statistics_rawsig,gbm,statistics,1.0,50,0.008952414512361147,-0.012633737626030905,0.030538566650753197,26,2.131097546244606,-0.9990703760338762,5.261265468523089,24.0,0.03716420925065644,-0.012083327851701513,0.08641174635301438,28.0,0.011167434192505757,-0.004531768097126762,0.026866636482138273,26.0,0.010195160652675353,-0.002258073284358987,0.022648394589709693,30.0
b3_logsig minus b3,b3_logsig,gbm,b3,1.0,50,0.014887185197282413,0.00020038664047029343,0.029573983754094535,26,-1.5778830336330336,-4.836231567113492,1.6804654998474242,23.0,0.03393253888103415,-0.008542024771075657,0.07640710253314395,25.0,0.019054664404332636,0.006687905213684979,0.03142142359498029,29.0,0.008577014294831129,-0.0011659678360344972,0.018319996425696754,28.0
b3_rawsig minus b3,b3_rawsig,gbm,b3,1.0,50,0.016702487898875403,0.0004382018042364648,0.032966773993514345,28,0.3568678543678551,-2.6704952202443177,3.3842309289800276,29.0,0.05332256109876794,0.00959488014868528,0.0970502420488506,29.0,0.017950787134101635,0.004212435847584172,0.0316891384206191,29.0,0.0067505608924204675,-0.0027547526463273754,0.01625587443116831,29.0
statistics minus CUSUM,statistics,gbm,cusum,1.0,50,-0.058520955583321516,-0.08704748436906158,-0.029994426797581446,14,2.170494774747097,-1.187934180489095,5.528923729983289,26.0,0.04362754998990102,-0.06774749176672701,0.15500259174652903,26.0,,,,,,,,
statistics minus HMM filter,statistics,gbm,hmm_filter,1.0,50,-0.009940177253867997,-0.03066713516830723,0.010786780660571236,17,-4.7135782550782555,-7.62197356847633,-1.8051829416801817,17.0,0.1179559684912139,0.04502091455223031,0.19089102243019748,33.0,-0.0330907182169789,-0.05095196779466135,-0.015229468639296442,10.0,0.019151870454648494,0.006275404284658365,0.03202833662463862,35.0
statistics_logsig minus CUSUM,statistics_logsig,gbm,cusum,1.0,50,-0.053993359158142365,-0.0808854813641079,-0.02710123695217682,11,3.5193883811407027,0.5389522218618117,6.499824540419594,32.0,0.056554231468390226,-0.05662141742552092,0.16972988036230136,28.0,,,,,,,,
statistics_logsig minus HMM filter,statistics_logsig,gbm,hmm_filter,1.0,50,-0.005412580828688857,-0.026637932101406935,0.01581277044402922,22,-3.36468464868465,-6.784969476289163,0.05560017891986302,19.0,0.13088264996970309,0.05660573928158595,0.2051595606578202,32.0,-0.022862421052459742,-0.04161034639127103,-0.0041144957136484556,17.0,0.027628292713992877,0.013218646324428686,0.04203793910355707,37.0
statistics_rawsig minus CUSUM,statistics_rawsig,gbm,cusum,1.0,50,-0.049568541070960356,-0.07819847789623233,-0.020938604245688386,16,4.301592320991703,0.5621394910075876,8.041045150975819,33.0,0.08079175924055747,-0.0347826428321731,0.19636616131328805,29.0,,,,,,,,
statistics_rawsig minus HMM filter,statistics_rawsig,gbm,hmm_filter,1.0,50,-0.000987762741506848,-0.025218686760837036,0.02324316127782334,19,-2.5824807088336503,-6.550607846934318,1.3856464292670165,21.0,0.1551201777418703,0.07426166203596328,0.23597869344777733,29.0,-0.021923284024473147,-0.04291911027323926,-0.0009274577757070364,15.0,0.02934703110732385,0.015599267075458148,0.043094795139189554,35.0
b3 minus CUSUM,b3,gbm,cusum,1.0,50,-0.06269572665088069,-0.09251502001210332,-0.03287643328965805,11,3.567525521777844,-0.20255092262141705,7.337601966177105,29.0,0.017774187032922634,-0.08811188153956075,0.12366025560540601,25.0,,,,,,,,
b3 minus HMM filter,b3,gbm,hmm_filter,1.0,50,-0.014114948321427163,-0.037874955684249666,0.009645059041395341,20,-3.316547508047509,-6.906205655968629,0.27311063987361095,18.0,0.09210260553423551,0.022480792111990458,0.16172441895648054,29.0,-0.03921921904710978,-0.05788340430901062,-0.020555033785208943,12.0,0.024694498931994636,0.010215655999656568,0.0391733418643327,36.0
b3_logsig minus CUSUM,b3_logsig,gbm,cusum,1.0,50,-0.04780854145359827,-0.07513864242253032,-0.02047844048466623,12,1.98964248814481,-1.6876201623711247,5.666905138660745,26.0,0.05170672591395678,-0.04939409162060664,0.1528075434485202,27.0,,,,,,,,
b3_logsig minus HMM filter,b3_logsig,gbm,hmm_filter,1.0,50,0.0007722368758552472,-0.02074194627527435,0.022286420026984846,25,-4.894430541680544,-8.290129446122013,-1.4987316372390755,18.0,0.12603514441526964,0.059957429392839504,0.1921128594376998,35.0,-0.020164554642777145,-0.03743730175913691,-0.002891807526417378,16.0,0.03327151322682576,0.018914139113109376,0.047628887340542145,39.0
b3_rawsig minus CUSUM,b3_rawsig,gbm,cusum,1.0,50,-0.04599323875200527,-0.07281416639012854,-0.019172311113881995,11,3.924393376145699,0.251672689386337,7.59711406290506,32.0,0.07109674813169056,-0.03915493658970387,0.181348432853085,25.0,,,,,,,,
b3_rawsig minus HMM filter,b3_rawsig,gbm,hmm_filter,1.0,50,0.0025875395774482396,-0.01850578975191544,0.023680868906811918,23,-2.959679653679654,-6.303706058275936,0.3843467509166283,22.0,0.14542516663300345,0.06815091907596955,0.22269941419003736,35.0,-0.02126843191300815,-0.04111537886549409,-0.0014214849605222145,16.0,0.0314450598244151,0.016636362161869468,0.04625375748696074,35.0
statistics_logsig minus statistics,statistics_logsig,logistic,statistics,1.0,50,0.01200153349033841,-0.0021478065879128438,0.026150873568589666,26,0.36954421069126964,-2.537449036098822,3.2765374574813615,27.0,0.023429610179761653,-0.03988116963184027,0.08674038999136358,29.0,0.011001608021312035,-0.0022053993606386477,0.024208615403262718,29.0,0.010545847498981022,0.0005777259706653184,0.020513969027296727,28.0
statistics_rawsig minus statistics,statistics_rawsig,logistic,statistics,1.0,50,-0.012589092676735216,-0.03274016391579886,0.007561978562328431,20,-0.8888584585349293,-4.048882950694016,2.271166033624157,23.0,0.006463340739244597,-0.05399041427769312,0.06691709575618231,25.0,-0.00405814331364196,-0.021442990476336365,0.013326703849052445,20.0,0.008026535030526461,-0.0015468986879714972,0.01759996874902442,29.0
b3_logsig minus b3,b3_logsig,logistic,b3,1.0,50,0.011298943194456018,-0.0019094341003753085,0.024507320489287346,23,-0.3047339262045138,-3.5204148443414076,2.9109469919323803,24.0,0.009695011108866882,-0.05186976255463148,0.07125978477236525,24.0,0.009121636294176743,-0.0020000077182678825,0.02024328030662137,19.0,0.0034069029661380743,-0.005245242571133797,0.012059048503409945,31.0
b3_rawsig minus b3,b3_rawsig,logistic,b3,1.0,50,0.0024590219943167674,-0.014579627703725145,0.01949767169235868,24,-0.8418601953601953,-4.038614375552672,2.3548939848322816,23.0,0.06301757220763482,0.004242263279998548,0.12179288113527109,33.0,0.0008915672612953767,-0.012396527414149167,0.014179661936739921,22.0,0.004799722838380018,-0.003391018604246441,0.012990464281006479,29.0
statistics minus CUSUM,statistics,logistic,cusum,1.0,50,-0.03157144644870676,-0.05335846692390618,-0.009784425973507344,17,4.845203706338381,1.2637947179239175,8.426612694752844,35.0,-0.007271258331650161,-0.10484251396609484,0.0902999973027945,24.0,,,,,,,,
statistics minus HMM filter,statistics,logistic,hmm_filter,1.0,50,0.017009331880746752,-0.0033170563032427665,0.037335720064736275,27,-2.038869323486971,-5.373133964634042,1.2953953176601,23.0,0.06705716016966272,0.012287685879431874,0.12182663445989356,34.0,0.0025658920039673826,-0.015956215976958534,0.0210879999848933,23.0,0.008592633968254387,-0.0027128926007269974,0.01989816053723577,32.0
statistics_logsig minus CUSUM,statistics_logsig,logistic,cusum,1.0,50,-0.019569912958368355,-0.042744312995958766,0.0036044870792220594,19,5.2147479170296505,1.7416690745375711,8.68782675952173,34.0,0.01615835184811149,-0.09838745499017014,0.13070415868639312,25.0,,,,,,,,
statistics_logsig minus HMM filter,statistics_logsig,logistic,hmm_filter,1.0,50,0.029010865371085156,0.010016473987753155,0.04800525675441716,27,-1.6693251127957018,-4.605750031455508,1.2670998058641043,21.0,0.09048677034942436,0.027198511765115174,0.15377502893373354,31.0,0.013567500025279417,-0.004696853729712559,0.031831853780271396,27.0,0.01913848146723541,0.007809467927615487,0.030467495006855333,36.0
statistics_rawsig minus CUSUM,statistics_rawsig,logistic,cusum,1.0,50,-0.04416053912544198,-0.06977391164360808,-0.01854716660727588,13,3.956345247803452,0.3748130951701083,7.5378774004367965,30.0,-0.000807917592405567,-0.1016543380922919,0.10003850290748077,22.0,,,,,,,,
statistics_rawsig minus HMM filter,statistics_rawsig,logistic,hmm_filter,1.0,50,0.004420239204011534,-0.01628757145761411,0.025128049865637176,21,-2.9277277820219,-6.353679854180898,0.4982242901370979,20.0,0.0735205009089073,0.003680745706906352,0.14336025611090825,30.0,-0.0014922513096745755,-0.020595956465220056,0.017611453845870907,20.0,0.016619168998780846,0.005415006806894742,0.02782333119066695,37.0
b3 minus CUSUM,b3,logistic,cusum,1.0,50,-0.055120290603950683,-0.07730570962341847,-0.0329348715844829,10,5.002902755655078,1.1494940833199916,8.856311427990164,34.0,0.012118763886083628,-0.08789095132685029,0.11212847909901755,21.0,,,,,,,,
b3 minus HMM filter,b3,logistic,hmm_filter,1.0,50,-0.006539512274497165,-0.02485869248638337,0.011779667937389039,15,-1.8811702741702752,-5.136202440342101,1.3738618920015508,22.0,0.0864471823873965,0.01346899265994747,0.15942537211484553,31.0,-0.021963046850730514,-0.03915607030045922,-0.004770023401001806,13.0,0.018754070388981036,0.00574719251861806,0.031760948259344016,31.0
b3_logsig minus CUSUM,b3_logsig,logistic,cusum,1.0,50,-0.04382134740949466,-0.06831280185134446,-0.01932989296764485,13,4.698168829450563,1.3427354430469398,8.053602215854188,34.0,0.02181377499495051,-0.09086668689872127,0.13449423688862228,28.0,,,,,,,,
b3_logsig minus HMM filter,b3_logsig,logistic,hmm_filter,1.0,50,0.0047594309199588515,-0.016359961356456554,0.025878823196374256,21,-2.1859042003747886,-5.395168744393594,1.0233603436440162,21.0,0.09614219349626336,0.029851114896839115,0.16243327209568761,33.0,-0.012841410556553768,-0.031795020856712916,0.006112199743605379,15.0,0.02216097335511911,0.009676680085926075,0.03464526662431215,36.0
b3_rawsig minus CUSUM,b3_rawsig,logistic,cusum,1.0,50,-0.05266126860963391,-0.07770271629980025,-0.02761982091946758,12,4.161042560294883,0.572404529105162,7.749680591484603,35.0,0.07513633609371845,-0.034121583109564965,0.18439425529700187,32.0,,,,,,,,
b3_rawsig minus HMM filter,b3_rawsig,logistic,hmm_filter,1.0,50,-0.0040804902801804,-0.026974008746632874,0.018813028186272077,24,-2.7230304695304697,-6.401812262308439,0.9557513232474992,20.0,0.14946475459503133,0.06729000099525821,0.23163950819480444,31.0,-0.021071479589435137,-0.0410783635313349,-0.0010645956475353706,16.0,0.023553793227361054,0.01131065276246808,0.03579693369225403,35.0
statistics_logsig minus statistics,statistics_logsig,random_forest,statistics,1.0,50,-0.00570496450481949,-0.018859620516065462,0.007449691506426482,21,-0.6738373652491303,-3.042138112301985,1.6944633818037245,21.0,-0.009695011108866902,-0.08628959791997914,0.06689957570224533,18.0,-0.008191671260587447,-0.0207539011760891,0.0043705586549142045,16.0,-0.0032736493131814083,-0.015069258752376847,0.008521960126014031,26.0
statistics_rawsig minus statistics,statistics_rawsig,random_forest,statistics,1.0,50,-0.0004753546012924742,-0.013468949372053049,0.0125182401694681,24,0.4320364896541362,-2.119645860582363,2.983718839890636,26.0,0.018582104625328184,-0.04780304187855511,0.08496725112921147,29.0,-0.002538028420933644,-0.014443150619215864,0.009367093777348578,22.0,-0.00044316674889003814,-0.011419520407532375,0.010533186909752298,31.0
b3_logsig minus b3,b3_logsig,random_forest,b3,1.0,50,0.006313384987102728,-0.005054812920550206,0.01768158289475566,19,1.2306261516261516,-0.6249062067864259,3.086158510038729,30.0,0.0193900222177338,-0.02689556043989934,0.06567560487536694,21.0,0.0024364660095956207,-0.007246106736155659,0.012119038755346902,16.0,0.007370099674201911,9.188339478099702e-05,0.014648315953622825,32.0
b3_rawsig minus b3,b3_rawsig,random_forest,b3,1.0,50,8.955775232308699e-05,-0.015378936084221011,0.015558051588867184,20,1.1849795759795756,-1.2650315167914041,3.6349906687505555,27.0,0.04605130276711776,-0.01818400489801668,0.1102866104322522,29.0,-0.0021900927346275604,-0.015361591064772143,0.010981405595517024,17.0,0.008576231913675979,-0.0011564623587816802,0.01830892618613364,28.0
statistics minus CUSUM,statistics,random_forest,cusum,1.0,50,-0.04851923809114597,-0.06981801971233838,-0.027220456469953566,8,5.8516700896282945,2.614033003816855,9.089307175439734,34.0,-0.06220965461522923,-0.16570762370333525,0.04128831447287677,18.0,,,,,,,,
statistics minus HMM filter,statistics,random_forest,hmm_filter,1.0,50,6.154023830754196e-05,-0.017699035991058057,0.017822116467673142,19,-1.0324029401970585,-3.826068236288778,1.761262355894661,24.0,0.012118763886083638,-0.062146919968594186,0.08638444774076147,25.0,-0.00213459058214979,-0.01949892765368118,0.015229746489381602,21.0,0.0022356768279850115,-0.010855264935632557,0.01532661859160258,29.0
statistics_logsig minus CUSUM,statistics_logsig,random_forest,cusum,1.0,50,-0.05422420259596547,-0.07728176938497693,-0.03116663580695402,12,5.177832724379163,1.2239949446603782,9.131670504097949,32.0,-0.07190466572409614,-0.18593953609681663,0.04213020464862437,21.0,,,,,,,,
statistics_logsig minus HMM filter,statistics_logsig,random_forest,hmm_filter,1.0,50,-0.005643424266511947,-0.02347455373936743,0.012187705206343538,17,-1.706240305446189,-5.062688329567894,1.6502077186755164,22.0,0.002423752777216748,-0.0783365708116636,0.0831840763660971,24.0,-0.010326261842737241,-0.026743226528299847,0.006090702842825365,15.0,-0.0010379724851963968,-0.012235712330049912,0.010159767359657118,29.0
statistics_rawsig minus CUSUM,statistics_rawsig,random_forest,cusum,1.0,50,-0.04899459269243845,-0.0701746127242141,-0.0278145726606628,11,6.28370657928243,2.7830646429665045,9.784348515598355,34.0,-0.04362754998990106,-0.15211539302782237,0.06486029304802024,21.0,,,,,,,,
statistics_rawsig minus HMM filter,statistics_rawsig,random_forest,hmm_filter,1.0,50,-0.00041381436298493056,-0.017951798156447915,0.01712416943047805,24,-0.6003664505429223,-3.5320468021884888,2.3313139011026442,19.0,0.03070086851141183,-0.03761522991131679,0.09901696693414044,28.0,-0.004672619003083435,-0.020238562484405205,0.010893324478238334,18.0,0.0017925100790949734,-0.010436191370947603,0.014021211529137548,27.0
b3 minus CUSUM,b3,random_forest,cusum,1.0,50,-0.05705405142745903,-0.08191195227717604,-0.032196150577742014,9,5.847184140936463,2.4337208239414374,9.260647457931489,38.0,-0.10664512219753586,-0.2142596992481698,0.0009694548530980868,20.0,,,,,,,,
b3 minus HMM filter,b3,random_forest,hmm_filter,1.0,50,-0.008473273098005517,-0.02667098245716949,0.009724436261158455,18,-1.0368888888888896,-3.917109384951977,1.8433316071741979,23.0,-0.032316703696222984,-0.10743764817877682,0.042804240786330855,18.0,-0.010579008771593967,-0.026536072884832985,0.005378055341645052,18.0,-0.005942387010624448,-0.01774989483715991,0.005865120815911014,21.0
b3_logsig minus CUSUM,b3_logsig,random_forest,cusum,1.0,50,-0.05074066644035631,-0.07265032751242542,-0.028831005368287192,12,7.0778102925626145,3.9122178122358116,10.243402772889418,40.0,-0.08725509997980208,-0.19240702934151704,0.017896829381912907,17.0,,,,,,,,
b3_logsig minus HMM filter,b3_logsig,random_forest,hmm_filter,1.0,50,-0.0021598881109027896,-0.019541817555533778,0.0152220413337282,18,0.19373726273726205,-2.6775935833023397,3.065068108776864,29.0,-0.012926681478489174,-0.08870501181593968,0.06285164885896133,19.0,-0.008142542761998346,-0.02362864817337987,0.007343562649383181,19.0,0.0014277126635774628,-0.00970197211153804,0.012557397438692967,28.0
b3_rawsig minus CUSUM,b3_rawsig,random_forest,cusum,1.0,50,-0.05696449367513593,-0.07684920506716625,-0.037079782283105614,11,7.032163716916038,3.1852920764940573,10.879035357338019,36.0,-0.060593819430418104,-0.16492114395471624,0.04373350509388004,18.0,,,,,,,,
b3_rawsig minus HMM filter,b3_rawsig,random_forest,hmm_filter,1.0,50,-0.008383715345682427,-0.025855234967388785,0.00908780427602393,18,0.14809068709068599,-2.4327894805965125,2.7289708547778844,22.0,0.013734599070894778,-0.06809114035436147,0.09556033849615102,22.0,-0.012769101506221528,-0.02860928853329795,0.003071085520854895,16.0,0.00263384490305153,-0.007930039861387933,0.013197729667490991,28.0
statistics_logsig minus statistics,statistics_logsig,selected,statistics,1.0,50,-0.0003644120591564093,-0.016102570842972116,0.015373746724659297,17,-1.0988835412953069,-3.4078268345371,1.2100597519464864,19.0,0.02181377499495051,-0.05128226293712401,0.09490981292702502,20.0,-0.00294517106302391,-0.017672182879358244,0.011781840753310423,19.0,0.008946462140556326,-0.0027782829358513252,0.02067120721696398,30.0
statistics_rawsig minus statistics,statistics_rawsig,selected,statistics,1.0,50,-0.007491198994642909,-0.02240157889661336,0.007419180907327539,23,-1.753234739117092,-4.2927391640973465,0.7862696858631621,25.0,0.00807917592405573,-0.05694645407284063,0.07310480592095209,26.0,-0.011646309695796593,-0.02493447628228916,0.0016418568906959759,17.0,0.003168362438152772,-0.00761325493915186,0.013949979815457404,28.0
b3_logsig minus b3,b3_logsig,selected,b3,1.0,50,0.010516154439872177,-0.0033829404593037782,0.02441524933904813,20,0.055374798404210564,-2.2343544138232825,2.345104010631704,27.0,0.03393253888103414,-0.02350965528225949,0.09137473304432778,21.0,0.004946234019363631,-0.006236734197226474,0.016129202235953738,17.0,0.011322849707192717,0.00386705889154694,0.018778640522838494,34.0
b3_rawsig minus b3,b3_rawsig,selected,b3,1.0,50,0.002312676975442311,-0.01576072666460873,0.020386080615493348,19,0.316541625041625,-2.397938967621193,3.031022217704443,25.0,0.0476671379519289,-0.017055408257304,0.1123896841611618,29.0,0.0001723545517327693,-0.014518593907475195,0.014863303010940736,17.0,0.01153666637159759,0.0010693401385893867,0.022003992604605796,29.0
statistics minus CUSUM,statistics,selected,cusum,1.0,50,-0.04632802157819033,-0.06811016206621395,-0.02454588109016671,10,6.397343971302175,2.966069779896555,9.828618162707794,33.0,-0.07028883053928497,-0.16846798182995093,0.02789032075138098,20.0,,,,,,,,
statistics minus HMM filter,statistics,selected,hmm_filter,1.0,50,0.0022527567512631856,-0.015986747213551363,0.020492260716077734,20,-0.4867290585231768,-3.231695069526459,2.258236952480105,26.0,0.004039587962027897,-0.06037302009403919,0.06845219601809499,26.0,0.0015586111781327162,-0.016668040759912236,0.019785263116177666,25.0,0.0018506604592283171,-0.010887848471858228,0.014589169390314863,29.0
statistics_logsig minus CUSUM,statistics_logsig,selected,cusum,1.0,50,-0.04669243363734674,-0.07091748465491549,-0.022467382619778004,13,5.298460430006868,1.8307289879984396,8.766191872015296,33.0,-0.04847505554433447,-0.1636064188352762,0.06665630774660726,20.0,,,,,,,,
statistics_logsig minus HMM filter,statistics_logsig,selected,hmm_filter,1.0,50,0.001888344692106777,-0.017856629592330014,0.02163331897654357,19,-1.5856125998184836,-4.276871734532543,1.1056465348955764,21.0,0.025853362956978404,-0.04171847743572911,0.09342520334968592,25.0,-0.0013865598848911954,-0.019381133696366324,0.016608013926583936,21.0,0.010797122599784643,-0.00038784119232344524,0.02198208639189273,34.0
statistics_rawsig minus CUSUM,statistics_rawsig,selected,cusum,1.0,50,-0.05381922057283324,-0.07700233098522222,-0.030636110160444263,11,4.644109232185084,1.2762677784516097,8.011950685918558,31.0,-0.062209654615229246,-0.17070667081137086,0.04628736158091239,20.0,,,,,,,,
statistics_rawsig minus HMM filter,statistics_rawsig,selected,hmm_filter,1.0,50,-0.005238442243379727,-0.02455270902541075,0.014075824538651293,21,-2.2399637976402693,-5.073342530512814,0.5934149352322762,18.0,0.01211876388608362,-0.05971674942765667,0.0839542771998239,26.0,-0.010087698517663876,-0.027891226817349367,0.007715829782021615,19.0,0.005019022897381089,-0.007754597407308175,0.017792643202070354,29.0
b3 minus CUSUM,b3,selected,cusum,1.0,50,-0.05538089125429886,-0.08050086790361381,-0.030260914604983914,8,6.312956146708467,2.957940962798835,9.6679713306181,39.0,-0.08483134720258534,-0.19342847394921653,0.023765779544045837,23.0,,,,,,,,
b3 minus HMM filter,b3,selected,hmm_filter,1.0,50,-0.006800112924845345,-0.02496788479377289,0.011367658944082199,19,-0.5711168831168842,-3.383425610062049,2.24119184382828,23.0,-0.01050292870127246,-0.0816068130277128,0.06060095562516788,19.0,-0.011680018872604067,-0.02786894091651007,0.004508903171301934,18.0,-0.003574465540577645,-0.015307720447619803,0.008158789366464515,22.0
b3_logsig minus CUSUM,b3_logsig,selected,cusum,1.0,50,-0.04486473681442668,-0.06869046897188501,-0.021039004656968355,13,6.36833094511268,2.972622951730985,9.764038938494375,39.0,-0.0508988083215512,-0.1644732679146482,0.06267565127154581,20.0,,,,,,,,
b3_logsig minus HMM filter,b3_logsig,selected,hmm_filter,1.0,50,0.0037160415150268335,-0.014205897026605022,0.02163798005665869,19,-0.5157420847126738,-3.4169143492937897,2.3854301798684423,27.0,0.023429610179761688,-0.05173035268696174,0.09858957304648511,23.0,-0.006733784853240439,-0.022076703587038882,0.008609133880558006,19.0,0.007748384166615072,-0.004262955938766717,0.019759724271996862,29.0
b3_rawsig minus CUSUM,b3_rawsig,selected,cusum,1.0,50,-0.053068214278856544,-0.0740366395851117,-0.032099788972601385,10,6.629497771750093,2.7378381004637498,10.521157443036437,36.0,-0.03716420925065643,-0.15045482917606703,0.07612641067475417,18.0,,,,,,,,
b3_rawsig minus HMM filter,b3_rawsig,selected,hmm_filter,1.0,50,-0.004487435949403033,-0.024371700345149308,0.015396828446343241,20,-0.25457525807525927,-2.8439396029745,2.334789086823981,22.0,0.03716420925065644,-0.04874209314753742,0.1230705116488503,25.0,-0.011507664320871296,-0.028654576182075963,0.005639247540333372,18.0,0.007962200831019945,-0.0032174279789377487,0.019141829640977638,29.0
HMM filter minus CUSUM,hmm_filter,none,cusum,1.0,50,-0.04858077832945352,-0.07271288170798205,-0.024448674950924985,15,6.884073029825353,3.4481263924792898,10.320019667171415,38.0,-0.07432841850131287,-0.17117110622216036,0.02251426921953463,20.0,,,,,,,,
b3 minus chance,b3,gbm,chance,2.0,50,0.19114421499660367,0.17198509835578807,0.21030333163741927,50,,,,,,,,,,,,,,,,
b3 minus chance,b3,logistic,chance,2.0,50,0.17897438649811398,0.15489131909310386,0.2030574539031241,50,,,,,,,,,,,,,,,,
b3 minus chance,b3,random_forest,chance,2.0,50,0.19694631372227445,0.17309795577331552,0.22079467167123337,50,,,,,,,,,,,,,,,,
b3 minus chance,b3,selected,chance,2.0,50,0.19166341498035228,0.16618028711577962,0.21714654284492493,50,,,,,,,,,,,,,,,,
b3_logsig minus chance,b3_logsig,gbm,chance,2.0,50,0.2040022296443297,0.18138766535178413,0.22661679393687528,50,,,,,,,,,,,,,,,,
b3_logsig minus chance,b3_logsig,logistic,chance,2.0,50,0.18412045531529445,0.16093138772734566,0.20730952290324323,49,,,,,,,,,,,,,,,,
b3_logsig minus chance,b3_logsig,random_forest,chance,2.0,50,0.21233702451060896,0.1882600022104667,0.2364140468107512,50,,,,,,,,,,,,,,,,
b3_logsig minus chance,b3_logsig,selected,chance,2.0,50,0.20834393359374268,0.18324087658230043,0.23344699060518492,50,,,,,,,,,,,,,,,,
b3_rawsig minus chance,b3_rawsig,gbm,chance,2.0,50,0.2066419734503639,0.1865204266083416,0.2267635202923862,50,,,,,,,,,,,,,,,,
b3_rawsig minus chance,b3_rawsig,logistic,chance,2.0,50,0.19101002063795122,0.1674422027792783,0.21457783849662415,50,,,,,,,,,,,,,,,,
b3_rawsig minus chance,b3_rawsig,random_forest,chance,2.0,50,0.226060775104987,0.20083897538689352,0.25128257482308053,50,,,,,,,,,,,,,,,,
b3_rawsig minus chance,b3_rawsig,selected,chance,2.0,50,0.21859085243472962,0.1926473983853146,0.24453430648414462,50,,,,,,,,,,,,,,,,
cusum minus chance,cusum,none,chance,2.0,50,0.13644961905156827,0.11744064980248173,0.15545858830065482,49,,,,,,,,,,,,,,,,
hmm minus chance,hmm,gbm,chance,2.0,50,0.15926065858135816,0.13787912900810437,0.18064218815461194,49,,,,,,,,,,,,,,,,
hmm minus chance,hmm,logistic,chance,2.0,50,0.15447322897814453,0.13643039610248156,0.1725160618538075,49,,,,,,,,,,,,,,,,
hmm minus chance,hmm,random_forest,chance,2.0,50,0.14351398379305966,0.12369144375596605,0.16333652383015326,48,,,,,,,,,,,,,,,,
hmm_filter minus chance,hmm_filter,none,chance,2.0,50,0.2159227538560514,0.19174233750664404,0.24010317020545874,50,,,,,,,,,,,,,,,,
statistics minus chance,statistics,gbm,chance,2.0,50,0.1891031671576886,0.16662577086642352,0.21158056344895368,50,,,,,,,,,,,,,,,,
statistics minus chance,statistics,logistic,chance,2.0,50,0.17346113542560773,0.1525886682917578,0.19433360255945767,49,,,,,,,,,,,,,,,,
statistics minus chance,statistics,random_forest,chance,2.0,50,0.19163098356611247,0.16495876472322787,0.21830320240899706,49,,,,,,,,,,,,,,,,
statistics minus chance,statistics,selected,chance,2.0,50,0.19568625536681294,0.1686041151872374,0.2227683955463885,49,,,,,,,,,,,,,,,,
statistics_logsig minus chance,statistics_logsig,gbm,chance,2.0,50,0.2099257404301289,0.18765848306951946,0.23219299779073835,50,,,,,,,,,,,,,,,,
statistics_logsig minus chance,statistics_logsig,logistic,chance,2.0,50,0.1873344834352752,0.16755853469788007,0.20711043217267033,49,,,,,,,,,,,,,,,,
statistics_logsig minus chance,statistics_logsig,random_forest,chance,2.0,50,0.20574320637944105,0.17905491543323523,0.23243149732564686,48,,,,,,,,,,,,,,,,
statistics_logsig minus chance,statistics_logsig,selected,chance,2.0,50,0.19081223333401717,0.16583301049784124,0.2157914561701931,49,,,,,,,,,,,,,,,,
statistics_rawsig minus chance,statistics_rawsig,gbm,chance,2.0,50,0.20275060740269152,0.18118763763934767,0.22431357716603537,50,,,,,,,,,,,,,,,,
statistics_rawsig minus chance,statistics_rawsig,logistic,chance,2.0,50,0.20178888163376335,0.18040361842489847,0.22317414484262824,50,,,,,,,,,,,,,,,,
statistics_rawsig minus chance,statistics_rawsig,random_forest,chance,2.0,50,0.20645588198559575,0.17975356526872016,0.23315819870247134,50,,,,,,,,,,,,,,,,
statistics_rawsig minus chance,statistics_rawsig,selected,chance,2.0,50,0.20177667640539454,0.17754157238446702,0.22601178042632206,50,,,,,,,,,,,,,,,,
statistics_logsig minus statistics,statistics_logsig,gbm,statistics,2.0,50,0.022711070606623078,0.0047272207230001015,0.040694920490246055,29,1.1055503334654508,-0.22463970086580898,2.4357403677967104,29.0,-0.017774187032922644,-0.08934373298029304,0.05379535891444774,24.0,0.028605870364455874,0.012971579053425306,0.044240161675486445,33.0,0.010101914355489365,0.003787636304117099,0.01641619240686163,35.0
statistics_rawsig minus statistics,statistics_rawsig,gbm,statistics,2.0,50,0.01693972339788976,-0.0024100068971023222,0.03628945369288184,24,0.8931291257320731,-0.887569042194022,2.673827293658168,28.0,0.011310846293678073,-0.07147666498217943,0.09409835756953557,22.0,0.016571966746869286,0.0005654603761950545,0.03257847311754351,26.0,0.009164388948130082,0.0026744351645203984,0.015654342731739768,34.0
b3_logsig minus b3,b3_logsig,gbm,b3,2.0,50,0.016105907178380893,-0.002911384110157858,0.03512319846691964,23,0.4420507885598087,-0.9363187948628785,1.8204203719824958,26.0,0.012926681478489188,-0.04997277882157984,0.07582614177855822,23.0,0.027975897516072944,0.01110054298056689,0.044851252051579,29.0,0.009552251041008326,0.005263412437503646,0.013841089644513006,37.0
b3_rawsig minus b3,b3_rawsig,gbm,b3,2.0,50,0.02070675767071985,0.0012149099798741021,0.040198605361565595,30,0.03325818781116197,-1.202476388946911,1.268992764569235,26.0,0.028277115734195134,-0.03859408549757148,0.09514831696596174,27.0,0.014962541398686571,0.0011411109624005576,0.028783971834972583,29.0,0.01162604123555365,0.007303048037194238,0.015949034433913063,38.0
statistics minus CUSUM,statistics,gbm,cusum,2.0,50,0.07803623631250628,0.048723831256323125,0.10734864136868943,35,2.8479149355111004,0.11286003004346234,5.5829698409787385,32.0,0.17289436477479295,0.018240784563725965,0.32754794498585993,29.0,,,,,,,,
statistics minus HMM filter,statistics,gbm,hmm_filter,2.0,50,-0.03699885656279282,-0.07130556587212708,-0.0026921472534585655,16,-0.5545736050781036,-2.5504013356326922,1.4412541254764852,22.0,-0.06140173702282368,-0.17695845015719613,0.054154976111548785,23.0,-0.030466676166518117,-0.05485298961894503,-0.006080362714091202,17.0,-0.009292395677862195,-0.019204234160993615,0.0006194428052692241,19.0
statistics_logsig minus CUSUM,statistics_logsig,gbm,cusum,2.0,50,0.10074730691912935,0.06874521427290664,0.13274939956535206,38,3.9534652689765517,1.2672357875193065,6.639694750433797,33.0,0.15512017774187029,-0.012331883242588937,0.3225722387263295,30.0,,,,,,,,
statistics_logsig minus HMM filter,statistics_logsig,gbm,hmm_filter,2.0,50,-0.014287785956169752,-0.04777363000179432,0.019198058089454816,21,0.5509767283873471,-1.3183681861858374,2.420321642960532,28.0,-0.07917592405574632,-0.18870308538247965,0.030351237270987014,21.0,-0.0018608058020622464,-0.02343597443082063,0.019714362826696138,21.0,0.0008095186776271702,-0.0088898721557451,0.01050890951099944,25.0
statistics_rawsig minus CUSUM,statistics_rawsig,gbm,cusum,2.0,50,0.09497595971039605,0.06497573977187243,0.12497617964891966,40,3.741044061243175,1.3709022265443016,6.111185895942048,34.0,0.18420521106847104,0.026979483036817548,0.34143093910012456,34.0,,,,,,,,
statistics_rawsig minus HMM filter,statistics_rawsig,gbm,hmm_filter,2.0,50,-0.02005913316490307,-0.050192979009642924,0.010074712679836784,21,0.3385555206539695,-1.5368132505275904,2.2139242918355295,24.0,-0.05009089072914559,-0.15770046875171218,0.057518687293420995,24.0,-0.01389470941964883,-0.035211391997378716,0.007421973158081055,16.0,-0.00012800672973211301,-0.010293138723631672,0.010037125264167446,27.0
b3 minus CUSUM,b3,gbm,cusum,2.0,50,0.08236996525443008,0.053946588218737594,0.11079334229012255,39,3.062238847856401,0.4967664931943272,5.627711202518475,30.0,0.19470813976974344,0.03706331710867353,0.3523529624308134,35.0,,,,,,,,
b3 minus HMM filter,b3,gbm,hmm_filter,2.0,50,-0.03266512762086903,-0.06317680903367112,-0.002153446208066935,16,-0.3402496927328035,-2.405970029669278,1.725470644203671,21.0,-0.03958796202787315,-0.15220347647823762,0.0730275524224913,25.0,-0.035628927815771344,-0.05774205185453846,-0.013515803777004225,17.0,-0.00711557026602801,-0.017056894432013407,0.0028257538999573867,22.0
b3_logsig minus CUSUM,b3_logsig,gbm,cusum,2.0,50,0.09847587243281096,0.06694357673853309,0.13000816812708882,42,3.5042896364162095,0.9877689329861088,6.02081033984631,31.0,0.20763482124823265,0.049899253413368816,0.3653703890830965,34.0,,,,,,,,
b3_logsig minus HMM filter,b3_logsig,gbm,hmm_filter,2.0,50,-0.01655922044248814,-0.04789979449201494,0.014781353607038663,18,0.10180109582700524,-1.9122639656946616,2.115866157348672,27.0,-0.02666128054938396,-0.12339975698274477,0.07007719588397684,23.0,-0.007653030299698399,-0.03227429932351191,0.016968238724115115,23.0,0.0024366807749803153,-0.007633308019564325,0.012506669569524956,26.0
b3_rawsig minus CUSUM,b3_rawsig,gbm,cusum,2.0,50,0.10307672292514994,0.07529642777953736,0.1308570180707625,46,3.0954970356675626,0.5993137393508947,5.5916803319842305,26.0,0.2229852555039386,0.07630825193619842,0.3696622590716788,31.0,,,,,,,,
b3_rawsig minus HMM filter,b3_rawsig,gbm,hmm_filter,2.0,50,-0.01195836995014918,-0.04392627934548145,0.02000953944518309,21,-0.3069915049216415,-2.3438533076480668,1.729870297804784,23.0,-0.011310846293678014,-0.10486701115254907,0.08224531856519304,23.0,-0.02066638641708478,-0.044225378311643256,0.002892605477473699,19.0,0.004510470969525639,-0.004564938018656515,0.013585879957707794,27.0
statistics_logsig minus statistics,statistics_logsig,logistic,statistics,2.0,50,0.011562300820662324,-0.009362932860409005,0.03248753450173365,25,-1.386220295417538,-2.950498610914014,0.17805802007893812,23.0,-0.04685922035952334,-0.1447791311306953,0.0510606904116486,20.0,0.018236052041705177,0.0017861294598820986,0.03468597462352825,28.0,0.009917974339345404,0.002295295039690729,0.01754065363900008,32.0
statistics_rawsig minus statistics,statistics_rawsig,logistic,statistics,2.0,50,0.03381190995537914,0.011164415437986998,0.05645940447277128,33,0.1106562310129209,-1.8739950906762621,2.095307552702104,25.0,0.013734599070894728,-0.10324188327671069,0.13071108141850016,23.0,0.033585902403500366,0.01545793740756888,0.05171386739943185,28.0,0.024267031607793695,0.015473365275501114,0.03306069794008627,41.0
b3_logsig minus b3,b3_logsig,logistic,b3,2.0,50,0.0002531726341162388,-0.019665268920904207,0.020171614189136683,24,0.44309575203861173,-0.9081357038061614,1.7943272078833847,27.0,-0.06463340739244597,-0.15494071533167805,0.025673900546786116,19.0,0.010975676095687921,-0.0036808496598869297,0.025632201851262772,26.0,0.003924517368903493,-0.002638688773250397,0.010487723511057381,34.0
b3_rawsig minus b3,b3_rawsig,logistic,b3,2.0,50,0.007032543967539795,-0.01555632469103634,0.02962141262611593,24,0.5678498646181391,-1.1251182832083306,2.260818012444609,24.0,-0.07756008887093517,-0.17174092740312502,0.016620749661254666,22.0,0.01350886922739314,-0.0028905788232124006,0.029908317277998683,24.0,0.008761274225413777,0.0006659174616722753,0.01685663098915528,32.0
statistics minus CUSUM,statistics,logistic,cusum,2.0,50,0.05993063466099584,0.03326431624929517,0.0865969530726965,37,2.176966664853022,-0.3560754735292426,4.7100088032352865,28.0,0.1704706119975763,0.01738594736653451,0.32355527662861805,33.0,,,,,,,,
statistics minus HMM filter,statistics,logistic,hmm_filter,2.0,50,-0.05510445821430325,-0.08875929283345207,-0.021449623595154427,12,-1.225521875736182,-3.2642262625296317,0.8131825110572677,23.0,-0.06382548980004038,-0.16490102950226093,0.037250049902180185,19.0,-0.03694684340002328,-0.061828062907605216,-0.01206562389244134,12.0,-0.02429441649764671,-0.03353776665143102,-0.015051066343862404,10.0
statistics_logsig minus CUSUM,statistics_logsig,logistic,cusum,2.0,50,0.07149293548165817,0.04524773544662573,0.09773813551669061,38,0.7907463694354846,-1.7190490753046002,3.3005418141755696,24.0,0.1236113916380529,-0.0326748801735752,0.27989766344968103,29.0,,,,,,,,
statistics_logsig minus HMM filter,statistics_logsig,logistic,hmm_filter,2.0,50,-0.043542157393640944,-0.07295211966502432,-0.014132195122257562,14,-2.61174217115372,-4.71363669917287,-0.5098476431345702,14.0,-0.11068471015956369,-0.21399018376313983,-0.007379236555987531,19.0,-0.018710791358318102,-0.043230470438116717,0.005808887721480516,21.0,-0.014376442158301311,-0.024982522197901036,-0.0037703621187015843,15.0
statistics_rawsig minus CUSUM,statistics_rawsig,logistic,cusum,2.0,50,0.09374254461637499,0.06618316960522848,0.1213019196275215,40,2.2876228958659435,-0.44657247584113957,5.0218182675730265,27.0,0.184205211068471,0.011536826750081441,0.35687359538686053,30.0,,,,,,,,
statistics_rawsig minus HMM filter,statistics_rawsig,logistic,hmm_filter,2.0,50,-0.021292548258924127,-0.0525077349131329,0.009922638395284646,20,-1.114865644723261,-3.3434432487347876,1.1137119592882656,25.0,-0.050090890729145625,-0.1789277987128272,0.07874601725453595,23.0,-0.0033609409965229065,-0.024910556887197458,0.018188674894151647,18.0,-2.7384889853017126e-05,-0.011471548838280835,0.0114167790585748,27.0
b3 minus CUSUM,b3,logistic,cusum,2.0,50,0.07420729382372933,0.04363578959281267,0.10477879805464599,37,2.122330717087313,-0.5059954121321559,4.750656846306782,28.0,0.26257321753181173,0.10092589184778561,0.42422054321583785,34.0,,,,,,,,
b3 minus HMM filter,b3,logistic,hmm_filter,2.0,50,-0.040827799051569774,-0.07249565611960278,-0.00915994198353677,16,-1.2801578235018918,-3.4141975728082583,0.853881925804475,20.0,0.028277115734195123,-0.0853314421975307,0.14188567366592095,25.0,-0.027719312172954414,-0.05030670388558836,-0.005131920460320467,12.0,-0.019396602240870888,-0.028380273781183143,-0.010412930700558631,14.0
b3_logsig minus CUSUM,b3_logsig,logistic,cusum,2.0,50,0.07446046645784557,0.04504194800824819,0.10387898490744295,34,2.5654264691259243,-0.1219263294481161,5.252779267699965,25.0,0.19793981013936576,0.05775111545587913,0.3381285048228524,33.0,,,,,,,,
b3_logsig minus HMM filter,b3_logsig,logistic,hmm_filter,2.0,50,-0.04057462641745354,-0.07220098664074526,-0.008948266194161822,13,-0.8370620714632799,-3.025475428992764,1.3513512860662045,24.0,-0.03635629165825084,-0.1353930477158641,0.06268046439936242,23.0,-0.016743636077266495,-0.041229158741466904,0.007741886586933915,19.0,-0.015472084871967393,-0.025702642079481502,-0.005241527664453283,17.0
b3_rawsig minus CUSUM,b3_rawsig,logistic,cusum,2.0,50,0.08123983779126913,0.04877333331924566,0.1137063422632926,38,2.6901805817054516,0.11810935615054063,5.262251807260363,30.0,0.1850131286608766,0.04528875714055708,0.3247375001811961,32.0,,,,,,,,
b3_rawsig minus HMM filter,b3_rawsig,logistic,hmm_filter,2.0,50,-0.03379525508402998,-0.06547770273653991,-0.002112807431520043,14,-0.7123079588837525,-2.745220705166874,1.3206047873993692,23.0,-0.04928297313674003,-0.15830133675159544,0.05973539047811538,23.0,-0.014210442945561272,-0.03568473548740202,0.007263849596279473,17.0,-0.010635328015457109,-0.020906118426638226,-0.00036453760427599194,22.0
statistics_logsig minus statistics,statistics_logsig,random_forest,statistics,2.0,50,0.014907167146495178,-0.011622425318137135,0.04143675961112749,25,1.4452172638305019,-0.7392346033842494,3.629669131045253,32.0,-0.01615835184811148,-0.1075904745933921,0.07527377089716913,20.0,0.022049267085249027,0.007388409088032304,0.03671012508246575,32.0,0.005130956585035422,-0.004515593730631576,0.01477750690070242,33.0
statistics_rawsig minus statistics,statistics_rawsig,random_forest,statistics,2.0,50,0.021428508115823912,-0.012235370413015319,0.05509238664466314,26,0.48248113929349756,-1.616505602080497,2.581467880667492,25.0,0.04766713795192892,-0.0636801271004141,0.15901440300427194,28.0,0.015855268147112276,-0.000685259319351976,0.03239579561357653,25.0,0.006835546372247485,-0.005222538144932087,0.018893630889427058,32.0
b3_logsig minus b3,b3_logsig,random_forest,b3,2.0,50,0.01676486947287057,-0.005211647918711072,0.038741386864452214,23,-1.0418347171521911,-2.474501807272566,0.3908323729681842,17.0,-0.011310846293678027,-0.08173930376194945,0.059117611174593396,17.0,0.01374369100277019,0.0010911975583473565,0.026396184447193022,22.0,0.004362683649943615,-0.002865592866091062,0.011590960165978293,28.0
b3_rawsig minus b3,b3_rawsig,random_forest,b3,2.0,50,0.03787702137422392,0.018115539633669027,0.05763850311477881,32,-1.0503303623256655,-2.72959609447598,0.6289353698246489,20.0,0.04362754998990106,-0.033187255567057004,0.12044235554685911,26.0,0.02092301277049514,0.004546682253554257,0.037299343287436025,29.0,0.010335516756066221,0.0027836462123246863,0.017887387299807756,33.0
statistics minus CUSUM,statistics,random_forest,cusum,2.0,50,0.07726600715340835,0.039829348975522955,0.11470266533129375,32,2.71245113137007,0.170562463411712,5.254339799328428,31.0,0.13492223793173092,-0.015061805755457958,0.2849062816189198,32.0,,,,,,,,
statistics minus HMM filter,statistics,random_forest,hmm_filter,2.0,50,-0.037769085721890756,-0.07520398367902974,-0.0003341877647517755,17,-0.6900374092191344,-3.0282683968743864,1.6481935784361177,25.0,-0.09937386386588569,-0.2031313946044383,0.004383666872666933,21.0,-0.034197287080440446,-0.058534960735349445,-0.00985961342553145,17.0,-0.01437552344002756,-0.026115175782382108,-0.002635871097673015,21.0
statistics_logsig minus CUSUM,statistics_logsig,random_forest,cusum,2.0,50,0.09217317429990356,0.05614020007821227,0.12820614852159484,37,4.157668395200571,1.5675144428346917,6.7478223475664505,33.0,0.11876388608361946,-0.04369939275226714,0.28122716491950606,33.0,,,,,,,,
statistics_logsig minus HMM filter,statistics_logsig,random_forest,hmm_filter,2.0,50,-0.022861918575395566,-0.05870043183087727,0.012976594680086134,21,0.7551798546113672,-1.572120890678932,3.082480599901666,28.0,-0.11553221571399713,-0.24745235745097732,0.016387926022983057,21.0,-0.012148019995191424,-0.03605897064434999,0.011762930653967144,21.0,-0.009244566854992137,-0.021349556805664763,0.002860423095680487,23.0
statistics_rawsig minus CUSUM,statistics_rawsig,random_forest,cusum,2.0,50,0.09869451526923227,0.06306893652306675,0.1343200940153978,35,3.1949322706635677,0.7761484029783503,5.613716138348785,29.0,0.1825893758836599,0.018678413633643254,0.34650033813367653,35.0,,,,,,,,
statistics_rawsig minus HMM filter,statistics_rawsig,random_forest,hmm_filter,2.0,50,-0.016340577606066838,-0.05176680846435901,0.019085653252225332,25,-0.20755626992563678,-2.3167742437442893,1.9016617038930157,26.0,-0.05170672591395675,-0.1626510533696863,0.059237601541772794,21.0,-0.01834201893332817,-0.042014192914296644,0.005330155047640308,19.0,-0.007539977067780075,-0.021042795875428136,0.005962841739867988,31.0
b3 minus CUSUM,b3,random_forest,cusum,2.0,50,0.08229052182442274,0.04893115902143879,0.11564988462740669,36,5.135256393989821,2.5410897355241864,7.729423052455456,36.0,0.1171480508988083,-0.04084718264795424,0.27514328444557085,33.0,,,,,,,,
b3 minus HMM filter,b3,random_forest,hmm_filter,2.0,50,-0.03274457105087637,-0.06467122069788875,-0.000817921403864004,19,1.7327678534006175,-0.40420598177012157,3.8697416885713567,29.0,-0.11714805089880832,-0.2192603822589601,-0.015035719538656525,21.0,-0.02551522883842039,-0.04881120420701198,-0.0022192534698287983,18.0,-0.01015325890771066,-0.019926202097689562,-0.0003803157177317603,20.0
b3_logsig minus CUSUM,b3_logsig,random_forest,cusum,2.0,50,0.09905539129729331,0.06877202904684604,0.12933875354774058,41,4.093421676837631,1.6199444187362086,6.5668989349390525,35.0,0.10583720460513027,-0.04857007866534285,0.2602444878756034,29.0,,,,,,,,
b3_logsig minus HMM filter,b3_logsig,random_forest,hmm_filter,2.0,50,-0.01597970157800581,-0.04605059634354691,0.014091193187535298,23,0.6909331362484263,-1.1906938690976248,2.5725601415944777,26.0,-0.12845889719248635,-0.21544953109426318,-0.0414682632907095,17.0,-0.0117715378356502,-0.033042048368780566,0.009498972697480169,23.0,-0.005790575257767046,-0.017351035884633825,0.005769885369099733,27.0
b3_rawsig minus CUSUM,b3_rawsig,random_forest,cusum,2.0,50,0.12016754319864667,0.08739445527839435,0.152940631118899,41,4.084926031664157,1.6354328284293502,6.534419234898964,31.0,0.16077560088870935,0.014479607956768004,0.3070715938206507,34.0,,,,,,,,
b3_rawsig minus HMM filter,b3_rawsig,random_forest,hmm_filter,2.0,50,0.005132450323347553,-0.023828505335648637,0.03409340598234374,22,0.682437491074952,-1.1819112478580924,2.5467862300079966,31.0,-0.07352050090890729,-0.1767707610227886,0.029729759204974032,23.0,-0.004592216067925251,-0.021973659307779222,0.012789227171928718,17.0,0.00018225784835556035,-0.00964458214259726,0.010009097839308381,31.0
statistics_logsig minus statistics,statistics_logsig,selected,statistics,2.0,50,-0.006323601334858779,-0.03278363809399617,0.02013643542427861,21,0.020138186308005145,-1.97678149092838,2.0170578635443905,27.0,-0.0024237527772167033,-0.12359726181022222,0.1187497562557888,24.0,0.010928140384822841,-0.0029362536806653034,0.024792534450310988,30.0,0.003032461067977672,-0.007971299406747066,0.01403622154270241,28.0
statistics_rawsig minus statistics,statistics_rawsig,selected,statistics,2.0,50,0.015753496887823695,-0.013381347328508552,0.044888341104155946,27,0.05811061855305738,-2.211476527180171,2.3276977642862855,29.0,0.09210260553423551,-0.02272557803613323,0.20693078910460425,24.0,0.01786513955721495,0.0021144022937629597,0.03361587682066694,23.0,0.011527824386430961,0.001047089461078175,0.02200855931178375,32.0
b3_logsig minus b3,b3_logsig,selected,b3,2.0,50,0.019094734052735148,-0.004361188866831782,0.04255065697230208,25,-0.8744804086924476,-2.3138102324948484,0.5648494151099532,20.0,-0.004039587962027866,-0.07355352856025418,0.06547435263619844,18.0,0.01586326587234506,0.0017640524856515852,0.029962479259038534,23.0,0.005470205580407745,-0.0009458792081602435,0.011886290368975733,27.0
b3_rawsig minus b3,b3_rawsig,selected,b3,2.0,50,0.03544086147067271,0.013540493485315181,0.05734122945603025,33,-1.2003229405006968,-2.933784950714532,0.5331390697131388,20.0,0.040395879620278755,-0.040782679746687076,0.12157443898724458,25.0,0.02455100242022392,0.009059738413529746,0.04004226642691809,31.0,0.008723461406881107,0.00039871637359212286,0.01704820644017009,32.0
statistics minus CUSUM,statistics,selected,cusum,2.0,50,0.07942123198378848,0.04088303682278712,0.11795942714478982,33,2.6652768373915627,0.28891615843081553,5.04163751635231,30.0,0.10745303978994142,-0.043816724319990535,0.25872280389987334,31.0,,,,,,,,
statistics minus HMM filter,statistics,selected,hmm_filter,2.0,50,-0.03561386089151063,-0.0722178106826921,0.000990088899670838,18,-0.7372117031976414,-2.896092715875067,1.4216693094797845,24.0,-0.1268430620076752,-0.2306731537308816,-0.023012970284468803,21.0,-0.02655596256644513,-0.05116155413180055,-0.001950371001089711,19.0,-0.01687763794171847,-0.02883798168461326,-0.004917294198823682,20.0
statistics_logsig minus CUSUM,statistics_logsig,selected,cusum,2.0,50,0.07309763064892967,0.03970795393828873,0.10648730735957061,37,2.6854150236995684,-0.025395243649851018,5.396225291048988,30.0,0.10502928701272468,-0.07431501047769562,0.284373584503145,32.0,,,,,,,,
statistics_logsig minus HMM filter,statistics_logsig,selected,hmm_filter,2.0,50,-0.041937462226369425,-0.07777617860468067,-0.006098745848058189,18,-0.7170735168896363,-3.170301714711954,1.736154680932681,23.0,-0.1292668147848919,-0.27228107758268844,0.013747448012904617,23.0,-0.015627822181622286,-0.039003088924459514,0.007747444561214938,19.0,-0.0138451768737408,-0.02621942932781614,-0.001470924419665457,19.0
statistics_rawsig minus CUSUM,statistics_rawsig,selected,cusum,2.0,50,0.09517472887161216,0.06625309289321248,0.12409636485001184,38,2.72338745594462,0.12397847091472647,5.322796440974514,29.0,0.19955564532417688,0.02705480273187541,0.3720564879164784,32.0,,,,,,,,
statistics_rawsig minus HMM filter,statistics_rawsig,selected,hmm_filter,2.0,50,-0.01986036400368694,-0.047984164284895964,0.008263436277522077,20,-0.6791010846445841,-3.1452888868583537,1.7870867175691858,25.0,-0.03474045647343973,-0.14696166204413766,0.07748074909725822,21.0,-0.008690823009230176,-0.02808721753862304,0.010705571520162688,18.0,-0.0053498135552875106,-0.016311989783127707,0.005612362672552686,27.0
b3 minus CUSUM,b3,selected,cusum,2.0,50,0.07542832846222938,0.04019299436877265,0.11066366255568612,35,4.800995992471835,2.0810626213287424,7.520929363614927,35.0,0.11310846293678041,-0.04510368320720233,0.27132060908076316,32.0,,,,,,,,
b3 minus HMM filter,b3,selected,hmm_filter,2.0,50,-0.03960676441306974,-0.07283528637024744,-0.006378242455892039,19,1.3985074518826308,-0.9072023729692211,3.7042172767344828,28.0,-0.12118763886083618,-0.22148606050864295,-0.02088921721302943,19.0,-0.029514507337698892,-0.05457440074448546,-0.0044546139309123226,18.0,-0.011449154857667596,-0.021304785559781447,-0.001593524155553746,20.0
b3_logsig minus CUSUM,b3_logsig,selected,cusum,2.0,50,0.09452306251496452,0.06402438678326587,0.12502173824666316,40,3.9265155837793873,1.3097350355861601,6.543296131972614,35.0,0.10906887497475258,-0.04167792503165339,0.25981567498115854,30.0,,,,,,,,
b3_logsig minus HMM filter,b3_logsig,selected,hmm_filter,2.0,50,-0.020512030360334586,-0.04870619151551804,0.00768213079484887,20,0.5240270431901832,-1.4477864623934145,2.495840548773781,27.0,-0.12522722682286402,-0.21628349352493753,-0.0341709601207905,18.0,-0.013651241465353826,-0.036031519088513195,0.008729036157805545,24.0,-0.00597894927725985,-0.015549996742476615,0.003592098187956915,24.0
b3_rawsig minus CUSUM,b3_rawsig,selected,cusum,2.0,50,0.11086918993290208,0.07768049186830454,0.14405788799749963,40,3.6006730519711385,1.003791559680483,6.197554544261794,31.0,0.1535043425570592,0.005063548286035946,0.30194513682808244,34.0,,,,,,,,
b3_rawsig minus HMM filter,b3_rawsig,selected,hmm_filter,2.0,50,-0.00416590294239702,-0.03497949611441678,0.026647690229622743,20,0.19818451138193424,-1.7852246621555392,2.1815936849194077,31.0,-0.08079175924055745,-0.18629202188982452,0.024708503408709614,21.0,-0.004963504917474973,-0.023426218157598523,0.013499208322648578,19.0,-0.0027256934507864884,-0.012764471306149043,0.0073130844045760654,28.0
HMM filter minus CUSUM,hmm_filter,none,cusum,2.0,50,0.11503509287529912,0.08474866781100687,0.14532151793959136,42,3.402488540589204,0.9730919187898364,5.831885162388572,35.0,0.2342961017976166,0.08275292995910202,0.38583927363613113,35.0,,,,,,,,
b3 minus chance,b3,gbm,chance,5.0,50,0.30519341119963783,0.28569085088466073,0.32469597151461493,50,,,,,,,,,,,,,,,,
b3 minus chance,b3,logistic,chance,5.0,50,0.2847899709505356,0.26342988329751,0.3061500586035612,50,,,,,,,,,,,,,,,,
b3 minus chance,b3,random_forest,chance,5.0,50,0.3031016440342905,0.2801182765728002,0.32608501149578084,50,,,,,,,,,,,,,,,,
b3 minus chance,b3,selected,chance,5.0,50,0.3048369024984305,0.28202734541824287,0.3276464595786181,50,,,,,,,,,,,,,,,,
b3_logsig minus chance,b3_logsig,gbm,chance,5.0,50,0.31257647429558744,0.2917238950147651,0.3334290535764098,50,,,,,,,,,,,,,,,,
b3_logsig minus chance,b3_logsig,logistic,chance,5.0,50,0.2924662604680995,0.2703160917096295,0.31461642922656946,50,,,,,,,,,,,,,,,,
b3_logsig minus chance,b3_logsig,random_forest,chance,5.0,50,0.3099121332001556,0.28709817675113347,0.3327260896491777,50,,,,,,,,,,,,,,,,
b3_logsig minus chance,b3_logsig,selected,chance,5.0,50,0.3116542477162084,0.2894234119820896,0.33388508345032725,50,,,,,,,,,,,,,,,,
b3_rawsig minus chance,b3_rawsig,gbm,chance,5.0,50,0.30625095006690545,0.28642484340196883,0.32607705673184206,50,,,,,,,,,,,,,,,,
b3_rawsig minus chance,b3_rawsig,logistic,chance,5.0,50,0.30240377024260584,0.2812999261983323,0.3235076142868794,50,,,,,,,,,,,,,,,,
b3_rawsig minus chance,b3_rawsig,random_forest,chance,5.0,50,0.3137797944869393,0.2900917990550177,0.33746778991886095,50,,,,,,,,,,,,,,,,
b3_rawsig minus chance,b3_rawsig,selected,chance,5.0,50,0.31280089343931394,0.28814202434874464,0.33745976252988324,50,,,,,,,,,,,,,,,,
cusum minus chance,cusum,none,chance,5.0,50,0.14726658452808855,0.12843588068361406,0.16609728837256305,50,,,,,,,,,,,,,,,,
hmm minus chance,hmm,gbm,chance,5.0,50,0.28956494938169397,0.26845957414973026,0.3106703246136577,50,,,,,,,,,,,,,,,,
hmm minus chance,hmm,logistic,chance,5.0,50,0.29087894819130433,0.2697775032830489,0.31198039309955977,50,,,,,,,,,,,,,,,,
hmm minus chance,hmm,random_forest,chance,5.0,50,0.28919554887969734,0.26938373159014023,0.30900736616925445,50,,,,,,,,,,,,,,,,
hmm_filter minus chance,hmm_filter,none,chance,5.0,50,0.2883316028755864,0.26694915522020746,0.30971405053096535,50,,,,,,,,,,,,,,,,
statistics minus chance,statistics,gbm,chance,5.0,50,0.30062915853266103,0.2800757149385052,0.3211826021268169,50,,,,,,,,,,,,,,,,
statistics minus chance,statistics,logistic,chance,5.0,50,0.29125765909999923,0.2706804732242828,0.3118348449757157,50,,,,,,,,,,,,,,,,
statistics minus chance,statistics,random_forest,chance,5.0,50,0.30134985709490564,0.28043210102045224,0.32226761316935904,50,,,,,,,,,,,,,,,,
statistics minus chance,statistics,selected,chance,5.0,50,0.29909552424730124,0.27780691268484187,0.3203841358097606,50,,,,,,,,,,,,,,,,
statistics_logsig minus chance,statistics_logsig,gbm,chance,5.0,50,0.306809986192407,0.2865751418768898,0.3270448305079242,50,,,,,,,,,,,,,,,,
statistics_logsig minus chance,statistics_logsig,logistic,chance,5.0,50,0.30047287558689617,0.2785056671383215,0.32244008403547086,50,,,,,,,,,,,,,,,,
statistics_logsig minus chance,statistics_logsig,random_forest,chance,5.0,50,0.30819152046759934,0.2872900929547198,0.3290929479804789,50,,,,,,,,,,,,,,,,
statistics_logsig minus chance,statistics_logsig,selected,chance,5.0,50,0.3082612097124786,0.28704399157797045,0.3294784278469868,50,,,,,,,,,,,,,,,,
statistics_rawsig minus chance,statistics_rawsig,gbm,chance,5.0,50,0.3150034731942947,0.29442023805544687,0.3355867083331426,50,,,,,,,,,,,,,,,,
statistics_rawsig minus chance,statistics_rawsig,logistic,chance,5.0,50,0.3114914951312222,0.2899787527847289,0.3330042374777155,50,,,,,,,,,,,,,,,,
statistics_rawsig minus chance,statistics_rawsig,random_forest,chance,5.0,50,0.3162309132480796,0.29389551596400904,0.3385663105321502,50,,,,,,,,,,,,,,,,
statistics_rawsig minus chance,statistics_rawsig,selected,chance,5.0,50,0.31785738851665923,0.29437919534161927,0.3413355816916992,50,,,,,,,,,,,,,,,,
statistics_logsig minus statistics,statistics_logsig,gbm,statistics,5.0,50,0.005775341584039037,-0.007550820613882497,0.01910150378196057,29,-0.36494115184646037,-1.2661581919085951,0.5362758882156743,23.0,-0.01939002221773378,-0.16265308344073878,0.12387303900527122,23.0,0.01921341329360764,0.0036172805366612402,0.034809546050554044,29.0,0.00824688816598334,0.006331880569330003,0.010161895762636678,45.0
statistics_rawsig minus statistics,statistics_rawsig,gbm,statistics,5.0,50,0.019050260248568183,0.004680670306361502,0.03341985019077486,31,-1.1158253738962012,-2.118200206624338,-0.11345054116806463,15.0,0.05332256109876792,-0.11285697438543835,0.2195020965829742,22.0,0.025681220769983422,0.010644393554036657,0.040718047985930185,33.0,0.009026030835826551,0.007353548361676197,0.010698513309976905,48.0
b3_logsig minus b3,b3_logsig,gbm,b3,5.0,50,0.010513877862984973,-0.0005465437941830145,0.02157429952015296,22,-1.1414214523646244,-2.0963330592376566,-0.18650984549159233,18.0,0.044435467582306654,-0.09132796807015137,0.18019890323476467,24.0,0.011329427447055175,-2.5852781336968902e-05,0.02268470767544732,28.0,0.0043486834570711785,0.002467828537015631,0.006229538377126726,38.0
b3_rawsig minus b3,b3_rawsig,gbm,b3,5.0,50,0.010336970738176712,-0.0028636074077994754,0.0235375488841529,21,-0.8213089735333989,-1.9528638721273381,0.3102459250605403,25.0,0.15350434255705914,-0.0048097772656668925,0.31181846237978517,30.0,0.011924130527301907,1.7469494735321278e-05,0.023830791559868492,26.0,0.004996092501131215,0.0029622273380993753,0.007029957664163055,39.0
statistics minus CUSUM,statistics,gbm,cusum,5.0,50,0.17344547613303962,0.15133148566982157,0.19555946659625767,50,1.9296374387054538,0.08767238769918606,3.7716024897117215,29.0,0.03474045647343974,-0.2514197872037825,0.320900700150662,23.0,,,,,,,,
statistics minus HMM filter,statistics,gbm,hmm_filter,5.0,50,0.010537121283229433,-0.013173956770984901,0.03424819933744377,25,4.238552273380652,2.9714040081537743,5.505700538607529,44.0,-0.05897798424560687,-0.2713154632012072,0.15335949470999347,23.0,0.0007279500710569132,-0.019914192003595184,0.021370092145709008,24.0,0.004397438074026476,-0.0007313861348722779,0.009526262282925229,30.0
statistics_logsig minus CUSUM,statistics_logsig,gbm,cusum,5.0,50,0.1792208177170787,0.1521981527325438,0.2062434827016136,48,1.5646962868589929,-0.25201535455647406,3.38140792827446,32.0,0.015350434255705965,-0.2685911854372725,0.29929205394868447,23.0,,,,,,,,
statistics_logsig minus HMM filter,statistics_logsig,gbm,hmm_filter,5.0,50,0.016312462867268472,-0.0072157699097755434,0.03984069564431249,25,3.873611121534191,2.4893620002061194,5.257860242862263,39.0,-0.07836800646334063,-0.3052464236370137,0.14851041071033244,23.0,0.019941363364664556,-0.0034375923852843493,0.04332031911461346,28.0,0.012644326240009818,0.0073289304965280895,0.017959721983491547,37.0
statistics_rawsig minus CUSUM,statistics_rawsig,gbm,cusum,5.0,50,0.19249573638160783,0.16911228588477623,0.21587918687843943,50,0.8138120648092524,-1.0910557977052007,2.7186799273237057,27.0,0.08806301757220768,-0.22757561402199378,0.40370164916640916,26.0,,,,,,,,
statistics_rawsig minus HMM filter,statistics_rawsig,gbm,hmm_filter,5.0,50,0.029587381531797616,0.009748450608634683,0.04942631245496055,30,3.1227268994844506,1.8465068729989054,4.398946925969996,38.0,-0.005655423146838956,-0.22323337203604157,0.21192252574236367,23.0,0.026409170841040334,0.0020170771991236645,0.050801264482957006,29.0,0.013423468909853027,0.008135079696994087,0.018711858122711967,38.0
b3 minus CUSUM,b3,gbm,cusum,5.0,50,0.17295872923577899,0.15003541117875252,0.19588204729280545,48,2.9078971603375496,1.1396706933789547,4.676123627296144,34.0,-0.05574631387598464,-0.36076903952992023,0.24927641177795093,24.0,,,,,,,,
b3 minus HMM filter,b3,gbm,hmm_filter,5.0,50,0.010050374385968834,-0.010385478070034124,0.030486226841971793,21,5.216811995012747,3.7621743002785077,6.671449689746986,42.0,-0.14946475459503122,-0.37774774311407866,0.07881823392401624,18.0,0.012659562313291638,-0.007850441983367023,0.033169566609950296,23.0,0.005538335361198175,0.0007008873739123957,0.010375783348483953,33.0
b3_logsig minus CUSUM,b3_logsig,gbm,cusum,5.0,50,0.18347260709876398,0.1615769654084957,0.20536824878903226,50,1.7664757079729247,0.0006722639254355123,3.532279152020414,27.0,-0.011310846293677982,-0.335486539289405,0.31286484670204906,27.0,,,,,,,,
b3_logsig minus HMM filter,b3_logsig,gbm,hmm_filter,5.0,50,0.020564252248953804,0.00027340786984117113,0.04085509662806644,26,4.075390542648123,2.6206326587771107,5.530148426519136,37.0,-0.1050292870127246,-0.3292194072666884,0.11916083324123922,18.0,0.023988989760346816,0.003309408359161742,0.04466857116153189,25.0,0.009887018818269352,0.0050973895007973315,0.014676648135741373,35.0
b3_rawsig minus CUSUM,b3_rawsig,gbm,cusum,5.0,50,0.1832956999739557,0.15954656900125677,0.20704483094665463,49,2.0865881868041503,0.3465229534968828,3.826653420111418,30.0,0.09775802868107451,-0.20858634089495548,0.40410239825710453,24.0,,,,,,,,
b3_rawsig minus HMM filter,b3_rawsig,gbm,hmm_filter,5.0,50,0.020387345124145546,-0.0006809358964924989,0.04145562614478359,28,4.395503021479349,2.835593074468875,5.9554129684898225,40.0,0.004039587962027902,-0.20705333819009766,0.2151325141141535,23.0,0.024583692840593543,0.002616476554088556,0.04655090912709853,26.0,0.01053442786232939,0.005796586181376883,0.015272269543281895,36.0
statistics_logsig minus statistics,statistics_logsig,logistic,statistics,5.0,50,0.009013165296492836,-0.004046526445921808,0.02207285703890748,23,0.19786953391891346,-1.0452559239453623,1.440994991783189,29.0,-0.02342961017976168,-0.2034190048529621,0.15655978449343877,21.0,0.02585851503395694,0.012614902342906534,0.039102127725007346,28.0,0.00795550967465908,0.005423751695856486,0.010487267653461673,41.0
statistics_rawsig minus statistics,statistics_rawsig,logistic,statistics,5.0,50,0.02355249379318538,0.007901253945669741,0.03920373364070102,30,-0.6771025713644674,-2.0223894457284146,0.6681843029994796,23.0,0.01615835184811144,-0.15790390836426726,0.19022061206049012,23.0,0.033120559091459126,0.01595818366639154,0.05028293451652671,30.0,0.015588281472250864,0.01306077564019734,0.01811578730430439,49.0
b3_logsig minus b3,b3_logsig,logistic,b3,5.0,50,0.010544943126095632,-0.002489299147167612,0.023579185399358875,25,-1.0634346996318151,-2.1962773101313013,0.06940791086767084,17.0,0.026661280549383975,-0.09671639570914897,0.15003895680791693,25.0,0.021357504940535704,0.004759024352328518,0.037955985528742894,28.0,0.004846272226957988,0.0031152497012744322,0.006577294752641545,39.0
b3_rawsig minus b3,b3_rawsig,logistic,b3,5.0,50,0.01746532184415218,0.003923543906300396,0.031007099782003965,27,-0.7072796489459647,-2.0839050668138976,0.6693457689219682,19.0,-0.040395879620278734,-0.17973296971955416,0.09894121047899668,25.0,0.030832703053341452,0.012397524692283609,0.04926788141439929,32.0,0.011916747276225595,0.009596691107458876,0.014236803444992313,46.0
statistics minus CUSUM,statistics,logistic,cusum,5.0,50,0.16424578027151512,0.14052514486349954,0.1879664156795307,49,0.8821171932714672,-0.9662819746344645,2.730516361177399,26.0,0.06382548980004041,-0.2639400615010701,0.39159104110115095,25.0,,,,,,,,
statistics minus HMM filter,statistics,logistic,hmm_filter,5.0,50,0.001337425421704932,-0.019709214401652488,0.02238406524506235,21,3.1910320279466657,1.831294623916841,4.550769431976491,39.0,-0.029892950919006206,-0.2499025879972571,0.19011668615924468,21.0,-0.010779976932098352,-0.029167959860553545,0.00760800599635684,18.0,0.0021138065230859194,-0.0028829108944547566,0.007110523940626595,27.0
statistics_logsig minus CUSUM,statistics_logsig,logistic,cusum,5.0,50,0.17325894556800797,0.14989386840959404,0.1966240227264219,49,1.0799867271903805,-0.7047694346021722,2.864742888982933,26.0,0.04039587962027871,-0.2803763216367755,0.361168080877333,24.0,,,,,,,,
statistics_logsig minus HMM filter,statistics_logsig,logistic,hmm_filter,5.0,50,0.010350590718197767,-0.009029860169200552,0.029731041605596087,25,3.3889015618655787,1.932767233980832,4.845035889750325,38.0,-0.053322561098767894,-0.28992781703442727,0.1832826948368915,24.0,0.015078538101858587,-0.004676198777173162,0.03483327498089034,27.0,0.010069316197745,0.004361930782708414,0.015776701612781587,36.0
statistics_rawsig minus CUSUM,statistics_rawsig,logistic,cusum,5.0,50,0.18779827406470048,0.1618582634554225,0.21373828467397846,49,0.20501462190699982,-1.6510897481241495,2.0611189919381494,25.0,0.07998384164815182,-0.24939767173869287,0.4093653550349965,27.0,,,,,,,,
statistics_rawsig minus HMM filter,statistics_rawsig,logistic,hmm_filter,5.0,50,0.024889919214890314,0.002659069999565781,0.04712076843021484,30,2.513929456582198,1.1314494894994716,3.8964094236649243,32.0,-0.013734599070894778,-0.2661070781921144,0.2386378800503248,26.0,0.022340582159360776,7.437577148896798e-05,0.04460678854723259,28.0,0.017702087995336784,0.012637002025696066,0.022767173964977502,41.0
b3 minus CUSUM,b3,logistic,cusum,5.0,50,0.1583704006011494,0.13481332875095078,0.18192747245134802,48,2.237505959284067,0.189917072658778,4.285094845909356,31.0,0.07836800646334073,-0.23150605770674781,0.3882420706334293,25.0,,,,,,,,
b3 minus HMM filter,b3,logistic,hmm_filter,5.0,50,-0.004537954248660792,-0.02590519039614677,0.01682928189882519,18,4.546420793959266,2.8067832598682765,6.286058328050255,37.0,-0.015350434255705868,-0.23127643335541725,0.20057556484400552,25.0,-0.0013986623905752572,-0.0222791150940659,0.019481790312915383,20.0,-0.0018032589542432364,-0.0072786500836290735,0.0036721321751426003,18.0
b3_logsig minus CUSUM,b3_logsig,logistic,cusum,5.0,50,0.16891534372724504,0.14480695775242025,0.19302372970206982,49,1.1740712596522522,-0.6071265382373856,2.95526905754189,24.0,0.1050292870127247,-0.198349778079426,0.40840835210487536,24.0,,,,,,,,
b3_logsig minus HMM filter,b3_logsig,logistic,hmm_filter,5.0,50,0.0060069888774348405,-0.01686749487796507,0.02888147263283475,22,3.4829860943274507,1.8905072781703696,5.0754649104845315,38.0,0.011310846293678116,-0.21584754587756444,0.23846923846492069,28.0,0.01995884254996045,-0.004147228952751214,0.04406491405267211,26.0,0.003043013272714752,-0.002725819687399451,0.008811846232828956,24.0
b3_rawsig minus CUSUM,b3_rawsig,logistic,cusum,5.0,50,0.1758357224453016,0.15097108227856557,0.20070036261203764,49,1.5302263103381029,-0.4108707717865727,3.4713233924627787,29.0,0.03797212684306202,-0.2707888684695244,0.3467331221556484,24.0,,,,,,,,
b3_rawsig minus HMM filter,b3_rawsig,logistic,hmm_filter,5.0,50,0.012927367595491391,-0.009052704442610037,0.034907439633592816,25,3.839141145013301,2.3323197972871488,5.345962492739453,40.0,-0.05574631387598459,-0.29033592613227327,0.1788432983803041,25.0,0.029434040662766194,0.007343807448691921,0.05152427387684047,30.0,0.010113488321982358,0.004705837442008204,0.01552113920195651,35.0
statistics_logsig minus statistics,statistics_logsig,random_forest,statistics,5.0,50,0.004457060097241838,-0.006491655245113437,0.015405775439597114,18,0.11291830686822109,-0.7483159002351836,0.9741525139716258,25.0,-0.05332256109876788,-0.21161017408483504,0.1049650518872993,21.0,0.008002730060431885,-0.004374733191001097,0.020380193311864865,20.0,0.0038184022959839004,0.0022612261974581252,0.005375578394509676,35.0
statistics_rawsig minus statistics,statistics_rawsig,random_forest,statistics,5.0,50,0.00993429706794221,-0.003050926218316395,0.022919520354200817,25,-0.47520056113130704,-1.348310572998629,0.3979094507360149,18.0,-0.10826095738234694,-0.26607204952085717,0.04955013475616331,23.0,0.006322991871879782,-0.006380750806914984,0.019026734550674548,23.0,0.00747340269793767,0.005336518315018732,0.009610287080856608,41.0
b3_logsig minus b3,b3_logsig,random_forest,b3,5.0,50,0.0022143613506072015,-0.006154343130490174,0.010583065831704576,13,0.06052666021285574,-0.6702723755224602,0.7913256959481718,27.0,-0.09291052312664107,-0.20417465820733371,0.018353611954051594,21.0,-0.0014736620430047204,-0.009827652937985647,0.006880328851976206,16.0,0.002235566227159194,0.0013154067891431316,0.003155725665175256,37.0
b3_rawsig minus b3,b3_rawsig,random_forest,b3,5.0,50,0.004629632984992269,-0.005593610144362338,0.014852876114346877,22,-0.12905845160524065,-0.9170586240949903,0.658941720884509,25.0,-0.12199555645324187,-0.25308691432007147,0.009095801413587706,23.0,0.015406583231678136,0.00587244573576867,0.0249407207275876,29.0,0.005329252578650425,0.0036507580231320636,0.007007747134168786,40.0
statistics minus CUSUM,statistics,random_forest,cusum,5.0,50,0.17460222439798873,0.1534276129028999,0.19577683589307754,50,1.2844772649476377,-0.4176130751486722,2.9865676050439474,27.0,0.04685922035952328,-0.2694150867656792,0.36313352748472577,25.0,,,,,,,,
statistics minus HMM filter,statistics,random_forest,hmm_filter,5.0,50,0.011693869548178583,-0.004701291416783602,0.028089030513140767,26,3.593392099622836,2.4368177989980717,4.7499664002476,40.0,-0.04685922035952334,-0.2488106143507061,0.15509217363165942,23.0,-0.0015133273812844295,-0.016809005301961624,0.013782350539392767,22.0,0.00745703102161499,0.003201948634996484,0.011712113408233497,36.0
statistics_logsig minus CUSUM,statistics_logsig,random_forest,cusum,5.0,50,0.1790592844952306,0.1581967514678778,0.1999218175225834,49,1.3973955718158584,-0.6006185717897561,3.395409715421473,29.0,-0.006463340739244598,-0.3114372973483913,0.29851061586990213,25.0,,,,,,,,
statistics_logsig minus HMM filter,statistics_logsig,random_forest,hmm_filter,5.0,50,0.016150929645420423,-0.002241196144655757,0.0345430554354966,24,3.7063104064910575,2.2887661365707213,5.123854676411394,38.0,-0.10018178145829122,-0.3403278878689517,0.1399643249523692,23.0,0.006489402679147455,-0.009791636682317386,0.022770442040612297,23.0,0.011275433317598891,0.0072361486194286746,0.015314718015769108,40.0
statistics_rawsig minus CUSUM,statistics_rawsig,random_forest,cusum,5.0,50,0.18453652146593097,0.16084690243013688,0.20822614050172505,50,0.8092767038163307,-1.114777712647356,2.7333311202800172,25.0,-0.06140173702282366,-0.3870774282120748,0.2642739541664275,25.0,,,,,,,,
statistics_rawsig minus HMM filter,statistics_rawsig,random_forest,hmm_filter,5.0,50,0.02162816661612079,0.002474095212158297,0.04078223802008328,33,3.118191538491528,1.5888245205073281,4.647558556475728,37.0,-0.15512017774187029,-0.3769385127420435,0.06669815725830291,21.0,0.0048096644905953525,-0.01125328624070372,0.020872615221894424,23.0,0.01493043371955266,0.011004342757478257,0.018856524681627063,41.0
b3 minus CUSUM,b3,random_forest,cusum,5.0,50,0.1779241614033225,0.15316128616478492,0.2026870366418601,48,1.631475502124428,-0.14543404962038586,3.408385053869242,28.0,0.06705716016966276,-0.24093801355476188,0.37505233389408743,25.0,,,,,,,,
b3 minus HMM filter,b3,random_forest,hmm_filter,5.0,50,0.015015806553512322,-0.0034070765366422326,0.03343868964366688,28,3.940390336799626,2.6670294968094774,5.213751176789774,40.0,-0.02666128054938386,-0.23890246488627137,0.18557990378750366,23.0,-0.0019073855816392382,-0.01927258310344768,0.015457811940169205,20.0,0.008945037761415647,0.004954490175889848,0.012935585346941447,39.0
b3_logsig minus CUSUM,b3_logsig,random_forest,cusum,5.0,50,0.18013852275392966,0.15506563881072016,0.20521140669713916,49,1.6920021623372836,-0.07077570780727416,3.4547800324818416,31.0,-0.025853362956978314,-0.3150593035371288,0.26335257762317216,23.0,,,,,,,,
b3_logsig minus HMM filter,b3_logsig,random_forest,hmm_filter,5.0,50,0.017230167904119523,-0.001090790422585794,0.03555112623082484,30,4.0009169970124825,2.5732610494786314,5.4285729445463335,40.0,-0.11957180367602493,-0.3288952003644746,0.08975159301242477,24.0,-0.003381047624643956,-0.02026768682766791,0.013505591578379997,18.0,0.011180603988574839,0.007193023674246841,0.015168184302902836,41.0
b3_rawsig minus CUSUM,b3_rawsig,random_forest,cusum,5.0,50,0.18255379438831473,0.1574676089238857,0.20763997985274377,50,1.5024170505191874,-0.3221892333799834,3.3270233344183584,31.0,-0.05493839628357909,-0.36799349657715824,0.25811670401000003,22.0,,,,,,,,
b3_rawsig minus HMM filter,b3_rawsig,random_forest,hmm_filter,5.0,50,0.019645439538504592,0.0035868073313008175,0.03570407174570837,30,3.811331885194385,2.5349519040422566,5.087711866346513,38.0,-0.14865683700262572,-0.3620964392559644,0.06478276525071297,19.0,0.013499197650038899,-0.00047168775745024677,0.027470083057528044,26.0,0.014274290340066071,0.010332808140106835,0.018215772540025307,40.0
statistics_logsig minus statistics,statistics_logsig,selected,statistics,5.0,50,0.006529413302306006,-0.007164504623098204,0.020223331227710216,19,0.3717676365738397,-0.6636256822157937,1.407160955363473,30.0,-0.07109674813169052,-0.2566703536198474,0.11447685735646639,20.0,0.019973909230449248,0.005209969393771786,0.03473784906712671,25.0,0.0047853789629727864,0.00267766135992084,0.006893096566024733,39.0
statistics_rawsig minus statistics,statistics_rawsig,selected,statistics,5.0,50,0.017688815846008277,0.0039856877405537,0.03139194395146286,29,-0.7688451783662507,-1.572490036385854,0.03479967965335273,20.0,-0.0533225610987679,-0.23563349352427507,0.12898837132673927,24.0,0.019192655578170407,0.002527271511882246,0.035858039644458564,28.0,0.011178089644016015,0.008521018334697397,0.013835160953334633,43.0
b3_logsig minus b3,b3_logsig,selected,b3,5.0,50,0.006196379332625184,-0.002471320889589213,0.01486407955483958,17,-0.0018009972306394673,-0.7791381105393134,0.7755361160780345,27.0,-0.025045445364572812,-0.13661473042039787,0.08652383969125224,21.0,0.001478774409431734,-0.007451362400815726,0.010408911219679193,20.0,0.0023554965159637443,0.0012938687872753258,0.003417124244652163,35.0
b3_rawsig minus b3,b3_rawsig,selected,b3,5.0,50,0.0031110871947073516,-0.00831441209926762,0.014536586488682323,23,-0.39131888222861877,-1.2527040170638737,0.47006625260663615,24.0,-0.09533427590385793,-0.25516615525752884,0.06449760344981298,23.0,0.014264008415190274,0.004606312497752485,0.023921704332628066,28.0,0.004818832341451593,0.003026529967796945,0.006611134715106241,38.0
statistics minus CUSUM,statistics,selected,cusum,5.0,50,0.17386828070193328,0.15228324550416233,0.19545331589970422,49,0.9815259078269132,-0.79147770570057,2.7545295213543963,24.0,0.07756008887093511,-0.24456633469523048,0.39968651243710074,26.0,,,,,,,,
statistics minus HMM filter,statistics,selected,hmm_filter,5.0,50,0.010959925852123084,-0.005593039184378616,0.027512890888624783,24,3.290440742502111,2.099357185371969,4.4815242996322535,39.0,-0.016158351848111492,-0.23700008808605694,0.20468338438983397,22.0,-0.0038974194107180725,-0.019699939867423823,0.011905101045987677,22.0,0.006652828864645268,0.002238731523721141,0.011066926205569396,35.0
statistics_logsig minus CUSUM,statistics_logsig,selected,cusum,5.0,50,0.18039769400423927,0.1564032982497544,0.20439208975872414,49,1.353293544400753,-0.4449782252363237,3.1515653140378297,28.0,0.006463340739244607,-0.27670489200129456,0.28963157347978374,23.0,,,,,,,,
statistics_logsig minus HMM filter,statistics_logsig,selected,hmm_filter,5.0,50,0.01748933915442909,-0.0016007654159891117,0.036579443724847296,25,3.6622083790759508,2.3183628431874523,5.006053914964449,38.0,-0.08725509997980202,-0.3175337126466077,0.14302351268700364,24.0,0.016076489819731175,-0.003312276505240786,0.03546525614470314,26.0,0.011438207827618055,0.006587299747280974,0.016289115907955135,38.0
statistics_rawsig minus CUSUM,statistics_rawsig,selected,cusum,5.0,50,0.19155709654794154,0.16601423841462024,0.21709995468126284,49,0.2126807294606624,-1.6803287540267515,2.105690212948076,23.0,0.024237527772167224,-0.3009485279221862,0.3494235834665206,26.0,,,,,,,,
statistics_rawsig minus HMM filter,statistics_rawsig,selected,hmm_filter,5.0,50,0.028648741698131364,0.009848987577421635,0.04744849581884109,34,2.5215955641358603,1.091179559991279,3.9520115682804415,36.0,-0.0694809129468794,-0.3178291506952979,0.17886732480153905,25.0,0.015295236167452333,-0.003936249454190056,0.03452672178909472,25.0,0.01783091850866128,0.01287953194991347,0.02278230506740909,40.0
b3 minus CUSUM,b3,selected,cusum,5.0,50,0.17855331003247113,0.15376193020794462,0.20334468985699763,48,1.6117767319048772,-0.13134010738473245,3.354893571194487,29.0,0.04524338517471227,-0.2527743412734517,0.34326111162287626,25.0,,,,,,,,
b3 minus HMM filter,b3,selected,hmm_filter,5.0,50,0.01564495518266095,-0.0025691237194052467,0.03385903408472715,27,3.9206915665800754,2.6265048417171744,5.214878291442977,39.0,-0.04847505554433435,-0.25186827252009075,0.15491816143142204,24.0,-0.001393677067930722,-0.018288869471352477,0.015501515335491031,20.0,0.009273270218195568,0.005363907124798243,0.013182633311592893,40.0
b3_logsig minus CUSUM,b3_logsig,selected,cusum,5.0,50,0.18474968936509628,0.1593825968995213,0.21011678183067126,49,1.6099757346742378,-0.06950646852985876,3.2894579378783346,28.0,0.020197939810139457,-0.28193064929279427,0.3223265289130732,22.0,,,,,,,,
b3_logsig minus HMM filter,b3_logsig,selected,hmm_filter,5.0,50,0.021841334515286137,0.003335808626231382,0.04034686040434089,32,3.918890569349436,2.4346615411816117,5.40311959751726,38.0,-0.07352050090890716,-0.28970544925817315,0.14266444744035883,26.0,8.509734150101033e-05,-0.017089724730125707,0.01725991941312773,17.0,0.011628766734159312,0.007674593118463938,0.015582940349854687,42.0
b3_rawsig minus CUSUM,b3_rawsig,selected,cusum,5.0,50,0.18166439722717848,0.15504255771709616,0.2082862367372608,49,1.2204578496762584,-0.6120690020643182,3.052984701416835,29.0,-0.05009089072914566,-0.37558747598777087,0.2754056945294796,22.0,,,,,,,,
b3_rawsig minus HMM filter,b3_rawsig,selected,hmm_filter,5.0,50,0.018756042377368304,0.0016809868765344585,0.03583109787820215,29,3.529372684351456,2.19798245152853,4.860762917174382,37.0,-0.1438093314481923,-0.3742374065467696,0.08661874365038505,18.0,0.012870331347259551,-0.0014752130998980546,0.027215875794417158,26.0,0.014092102559647162,0.010182934271363398,0.018001270847930927,41.0
HMM filter minus CUSUM,hmm_filter,none,cusum,5.0,50,0.1629083548498102,0.13832930525958698,0.18748740444003342,47,-2.308914834675198,-4.1719761915115114,-0.44585347783888496,18.0,0.09371844071904661,-0.20418012442060263,0.39161700585869585,25.0,,,,,,,,
