replication,seed,n_train_windows,n_validation_windows,n_test_windows,train_n0,train_n1,train_n2,validation_n0,validation_n1,validation_n2,test_n0,test_n1,test_n2,statistics_n_features,statistics_validation_ba,statistics_test_accuracy,statistics_test_ba,statistics_test_macro_f1,statistics_test_recall_0,statistics_test_recall_1,statistics_test_recall_2,statistics_test_cm_0_0,statistics_test_cm_0_1,statistics_test_cm_0_2,statistics_test_cm_1_0,statistics_test_cm_1_1,statistics_test_cm_1_2,statistics_test_cm_2_0,statistics_test_cm_2_1,statistics_test_cm_2_2,statistics_test_n_since_0_24,statistics_test_ba_since_0_24,statistics_test_accuracy_since_0_24,statistics_test_n_since_25_49,statistics_test_ba_since_25_49,statistics_test_accuracy_since_25_49,statistics_test_n_since_50_99,statistics_test_ba_since_50_99,statistics_test_accuracy_since_50_99,statistics_test_n_since_100_plus,statistics_test_ba_since_100_plus,statistics_test_accuracy_since_100_plus,statistics_detector_alpha,statistics_detector_threshold,statistics_detector_confirmations,statistics_validation_boundary_f1,statistics_test_detector_balanced_accuracy,statistics_test_detector_macro_f1,statistics_test_fraction_time_wrong,statistics_test_brier_score,statistics_test_detection_probability,statistics_test_mean_detection_delay,statistics_test_median_detection_delay,statistics_test_false_switches_per_1000,statistics_test_boundary_precision,statistics_test_boundary_recall,statistics_test_boundary_f1,statistics_test_n_true_changes,statistics_test_n_matched_changes,statistics_test_n_false_switches,signature_n_features,signature_validation_ba,signature_test_accuracy,signature_test_ba,signature_test_macro_f1,signature_test_recall_0,signature_test_recall_1,signature_test_recall_2,signature_test_cm_0_0,signature_test_cm_0_1,signature_test_cm_0_2,signature_test_cm_1_0,signature_test_cm_1_1,signature_test_cm_1_2,signature_test_cm_2_0,signature_test_cm_2_1,signature_test_cm_2_2,signature_test_n_since_0_24,signature_test_ba_since_0_24,signature_test_accuracy_since_0_24,signature_test_n_since_25_49,signature_test_ba_since_25_49,signature_test_accuracy_since_25_49,signature_test_n_since_50_99,signature_test_ba_since_50_99,signature_test_accuracy_since_50_99,signature_test_n_since_100_plus,signature_test_ba_since_100_plus,signature_test_accuracy_since_100_plus,signature_detector_alpha,signature_detector_threshold,signature_detector_confirmations,signature_validation_boundary_f1,signature_test_detector_balanced_accuracy,signature_test_detector_macro_f1,signature_test_fraction_time_wrong,signature_test_brier_score,signature_test_detection_probability,signature_test_mean_detection_delay,signature_test_median_detection_delay,signature_test_false_switches_per_1000,signature_test_boundary_precision,signature_test_boundary_recall,signature_test_boundary_f1,signature_test_n_true_changes,signature_test_n_matched_changes,signature_test_n_false_switches,combined_n_features,combined_validation_ba,combined_test_accuracy,combined_test_ba,combined_test_macro_f1,combined_test_recall_0,combined_test_recall_1,combined_test_recall_2,combined_test_cm_0_0,combined_test_cm_0_1,combined_test_cm_0_2,combined_test_cm_1_0,combined_test_cm_1_1,combined_test_cm_1_2,combined_test_cm_2_0,combined_test_cm_2_1,combined_test_cm_2_2,combined_test_n_since_0_24,combined_test_ba_since_0_24,combined_test_accuracy_since_0_24,combined_test_n_since_25_49,combined_test_ba_since_25_49,combined_test_accuracy_since_25_49,combined_test_n_since_50_99,combined_test_ba_since_50_99,combined_test_accuracy_since_50_99,combined_test_n_since_100_plus,combined_test_ba_since_100_plus,combined_test_accuracy_since_100_plus,combined_detector_alpha,combined_detector_threshold,combined_detector_confirmations,combined_validation_boundary_f1,combined_test_detector_balanced_accuracy,combined_test_detector_macro_f1,combined_test_fraction_time_wrong,combined_test_brier_score,combined_test_detection_probability,combined_test_mean_detection_delay,combined_test_median_detection_delay,combined_test_false_switches_per_1000,combined_test_boundary_precision,combined_test_boundary_recall,combined_test_boundary_f1,combined_test_n_true_changes,combined_test_n_matched_changes,combined_test_n_false_switches,combined_minus_statistics_ba,signature_minus_statistics_ba,combined_minus_signature_ba,combined_minus_statistics_ba_since_0_24,combined_minus_statistics_ba_since_25_49,combined_minus_statistics_ba_since_50_99,combined_minus_statistics_ba_since_100_plus,signature_minus_statistics_ba_since_0_24,signature_minus_statistics_ba_since_25_49,signature_minus_statistics_ba_since_50_99,signature_minus_statistics_ba_since_100_plus,combined_minus_statistics_detector_balanced_accuracy,combined_minus_statistics_boundary_f1,combined_minus_statistics_detection_probability,combined_minus_statistics_false_switches_per_1000,combined_minus_statistics_mean_detection_delay,signature_minus_statistics_detector_balanced_accuracy,signature_minus_statistics_boundary_f1,signature_minus_statistics_detection_probability,signature_minus_statistics_false_switches_per_1000,signature_minus_statistics_mean_detection_delay,elapsed_seconds
1,651498517,49510,49510,24755,14969,16981,17560,17202,18302,14006,7031,8985,8739,11,0.7499597298032068,0.7251060391840032,0.7290352526667673,0.7309194154384876,0.780543308206514,0.6912632164718976,0.7152992333218904,5488,1151,392,1128,6211,1646,233,2255,6251,1225,0.1514603174603175,0.15346938775510205,1212,0.1952413545842704,0.19884488448844884,2196,0.469693396319232,0.47586520947176686,20122,0.8263397745778279,0.818805287744757,0.2,0.6,1,0.22591362126245845,0.7169532947032226,0.717182084905863,0.2884669763684104,0.3918142583185595,0.5306122448979592,60.46153846153846,62.5,3.7164209250656435,0.22033898305084745,0.5306122448979592,0.31137724550898205,49,26,92,14,0.737309102540567,0.7221571399717229,0.7264513290384632,0.7274167784652139,0.7794054899729768,0.6619922092376183,0.7379562879047946,5480,1121,430,1141,5948,1896,251,2039,6449,1225,0.14517460317460318,0.15591836734693879,1212,0.1999565855089469,0.20627062706270627,2196,0.502839568090398,0.511384335154827,20122,0.8194120115467752,0.8107047013219362,0.2,0.5,5,0.21652421652421652,0.7151210771832321,0.7153097491515267,0.28959806099777824,0.41070636969480134,0.5714285714285714,64.25,68.5,4.928297313674006,0.18666666666666668,0.5714285714285714,0.2814070351758794,49,28,122,25,0.7506831829229502,0.7271662290446375,0.730946738101677,0.7330106716726661,0.7809699900440905,0.6978297161936561,0.7140405080672846,5491,1136,404,1096,6270,1619,233,2266,6240,1225,0.14577777777777778,0.14775510204081632,1212,0.20043375378898995,0.2037953795379538,2196,0.4619751050486475,0.46766848816029144,20122,0.8295166367298288,0.8222840671901401,0.5,0.6,3,0.22222222222222224,0.7248356484545097,0.7254596434595241,0.27990304988891135,0.38772213596117844,0.5306122448979592,58.26923076923077,59.5,3.878004443546758,0.21311475409836064,0.5306122448979592,0.30409356725146197,49,26,96,0.00191148543490971,-0.0025839236283040634,0.004495409063213773,-0.005682539682539706,0.005192399204719561,-0.0077182912705844875,0.003176862152000859,-0.006285714285714311,0.004715230924676517,0.033146171771165966,-0.006927763031052692,0.007882353751287097,-0.0072836782575200765,0.0,0.16158351848111474,-2.1923076923076934,-0.001832217519990409,-0.029970210333102654,0.04081632653061218,1.211876388608362,3.78846153846154,203.205945458
2,3180925944,49510,49510,24755,22165,17492,9853,16569,18431,14510,8926,8995,6834,11,0.7450744707932166,0.7867905473641689,0.7872412654228819,0.787145445433366,0.829822989020838,0.7408560311284047,0.7910447761194029,7407,1319,200,868,6664,1463,159,1269,5406,1100,0.11059714795008913,0.11818181818181818,1100,0.27188502673796794,0.2818181818181818,2065,0.5780819550888385,0.5907990314769975,20490,0.8696498536143166,0.8695461200585651,1.0,0.6,3,0.2692307692307692,0.7880452194426958,0.7877450929836254,0.21296707735810946,0.31590876565162535,0.6136363636363636,56.666666666666664,51.0,4.0799838416481515,0.2109375,0.6136363636363636,0.3139534883720931,44,27,101,14,0.7388786045238817,0.7865885679660675,0.7883678589985962,0.7867409012609624,0.8341922473672417,0.7236242356864925,0.8072870939420544,7446,1275,205,892,6509,1594,166,1151,5517,1100,0.11619429590017825,0.12272727272727273,1100,0.2788814616755793,0.28909090909090907,2065,0.5942572126683722,0.6043583535108958,20490,0.8685440789528269,0.8673011224987799,1.0,0.6,3,0.2939297124600639,0.7799856774410583,0.7760220546794868,0.22383356897596446,0.33682124697737853,0.6363636363636364,64.0,67.0,3.2316703696222984,0.25925925925925924,0.6363636363636364,0.368421052631579,44,28,80,25,0.749174444327464,0.7913956776408806,0.7918051136456977,0.7917917058854916,0.8341922473672417,0.7460811561978877,0.7951419373719637,7446,1287,193,888,6711,1396,153,1247,5434,1100,0.1088458110516934,0.11636363636363636,1100,0.2719830659536542,0.2818181818181818,2065,0.5809924104942832,0.5937046004842615,20490,0.8749764709333476,0.8749145924841386,0.5,0.6,1,0.28099173553719015,0.7889088036972846,0.7883208691143876,0.21232074328418502,0.3126347950673688,0.6136363636363636,55.2962962962963,49.0,4.039587962027873,0.2125984251968504,0.6136363636363636,0.31578947368421056,44,27,100,0.004563848222815858,0.0011265935757143186,0.0034372546471015397,-0.001751336898395725,9.803921568624085e-05,0.0029104554054446563,0.005326617319031057,0.005597147950089129,0.006996434937611373,0.016175257579533642,-0.0011057746614896447,0.0008635842545887673,0.001835985312117483,0.0,-0.04039587962027813,-1.3703703703703667,-0.008059542001637499,0.0544675642594859,0.022727272727272707,-0.8483134720258532,7.333333333333336,203.4776035
3,1428164462,49510,49510,24755,18961,12461,18088,19542,12380,17588,9289,6909,8557,11,0.7189730528411694,0.7642496465360533,0.7577064290096794,0.757907228903136,0.799440198083755,0.6779562888985381,0.7957228000467453,7426,1165,698,440,4684,1785,158,1590,6809,1175,0.19362091503267975,0.18638297872340426,1175,0.25071895424836604,0.2425531914893617,2199,0.48591758967310755,0.47112323783537974,20206,0.8479983025119395,0.860091062060774,0.5,0.6,1,0.2898550724637681,0.7565095511018521,0.7569333701327755,0.23550797818622501,0.34077558475097697,0.5531914893617021,56.38461538461539,58.0,4.241567360129267,0.1984732824427481,0.5531914893617021,0.29213483146067415,47,26,105,14,0.7038434175412599,0.7568572005655423,0.7508609335458157,0.7510388780472298,0.7803854020884917,0.6739036039947894,0.7982937945541662,7249,1322,718,384,4656,1869,153,1573,6831,1175,0.20146405228758169,0.19319148936170213,1175,0.27586928104575165,0.265531914893617,2199,0.5083062494947045,0.4906775807185084,20206,0.8347228536517916,0.8471741067009799,1.0,0.6,1,0.29166666666666663,0.7430412654127831,0.7435034731688908,0.24205211068471016,0.36063369107745774,0.5319148936170213,58.64,64.0,3.5952332862048073,0.21929824561403508,0.5319148936170213,0.3105590062111801,47,25,89,25,0.7224856506920911,0.7654615229246616,0.7586326502787353,0.7588520462386859,0.7962105716438799,0.6727456940222898,0.8069416851700363,7396,1183,710,432,4648,1829,151,1501,6905,1175,0.1966013071895425,0.18893617021276596,1175,0.2668235294117647,0.2578723404255319,2199,0.4933796857735737,0.4779445202364711,20206,0.8469731879824843,0.85979412055825,0.5,0.6,1,0.2945368171021378,0.7633933850088598,0.7635926661498168,0.22916582508584124,0.33470329151872147,0.5531914893617021,56.19230769230769,61.5,4.0799838416481515,0.2047244094488189,0.5531914893617021,0.2988505747126437,47,26,101,0.000926221269055838,-0.0068454954638637044,0.0077717167329195425,0.0029803921568627434,0.016104575163398638,0.0074620961004661646,-0.0010251145294551955,0.007843137254901933,0.025150326797385603,0.022388659821596935,-0.013275448860147976,0.0068838339070076415,0.006715743251969553,0.0,-0.16158351848111518,-0.1923076923076934,-0.013468285689068993,0.01842417475050595,-0.021276595744680882,-0.6463340739244594,2.2553846153846138,202.809967708
4,644533757,49510,49510,24755,14995,15585,18930,14149,15772,19589,6904,9906,7945,11,0.7391249797031384,0.7631185619066855,0.7681097400251643,0.7671862198328575,0.805619930475087,0.725015142337977,0.7736941472624292,5562,880,462,1288,7182,1436,131,1667,6147,1011,0.07057035300802614,0.0702274975272008,1000,0.15208791208791209,0.15,1849,0.5385911539754095,0.5375878853434288,20895,0.8579213643146023,0.8459440057430008,1.0,0.6,5,0.23343848580441637,0.7653416884282621,0.764435643430164,0.23898202383356898,0.35183682802554467,0.6097560975609756,66.6,69.0,3.7972126843062006,0.21008403361344538,0.6097560975609756,0.3125,41,25,94,14,0.7308598454158249,0.7485760452433852,0.7556574441649588,0.7530461371607666,0.7963499420625724,0.6878659398344438,0.7827564505978603,5498,947,459,1404,6814,1688,126,1600,6219,1011,0.06369486469209461,0.06231454005934718,1000,0.16402930402930402,0.161,1849,0.5433321721753117,0.5402920497566251,20895,0.8428627943401822,0.8283321368748504,1.0,0.6,1,0.23052959501557635,0.7271982330228899,0.7061876051202284,0.29274893960815995,0.386805616545787,0.4634146341463415,67.63157894736842,66.0,3.635629165825086,0.1743119266055046,0.4634146341463415,0.25333333333333335,41,19,90,25,0.7420764262798434,0.7638860836194709,0.7691908644569985,0.767937736295222,0.8048957126303592,0.7211790833838078,0.7814977973568282,5557,888,459,1305,7144,1457,120,1616,6209,1011,0.06872363093969742,0.06824925816023739,1000,0.15318681318681318,0.151,1849,0.5400728373146201,0.5386695511087074,20895,0.859019202463471,0.846805455850682,1.0,0.6,3,0.23796033994334276,0.7653797246087605,0.7646018330985944,0.23890123207432842,0.3496584196166659,0.6341463414634146,64.65384615384616,67.5,4.0799838416481515,0.2047244094488189,0.6341463414634146,0.30952380952380953,41,26,101,0.0010811244318341684,-0.012452295860205465,0.013533420292039633,-0.0018467220683287128,0.001098901098901095,0.0014816833392106155,0.0010978381488686573,-0.00687548831593153,0.011941391941391932,0.004741018199902247,-0.015058569974420122,3.803618049835755e-05,-0.0029761904761904656,0.024390243902439046,0.2827711573419509,-1.946153846153834,-0.03814345540537223,-0.059166666666666645,-0.1463414634146341,-0.16158351848111474,1.0315789473684305,203.269335584
5,3968314499,49510,49510,24755,18976,18092,12442,14853,18797,15860,9475,6912,8368,11,0.7420921288535718,0.7741062411634013,0.7709358157234867,0.7692261095438967,0.8099208443271768,0.7466724537037037,0.7562141491395793,7674,1414,387,622,5161,1129,384,1656,6328,1075,0.13535947712418303,0.11906976744186047,1075,0.14477124183006537,0.13488372093023257,2034,0.4806000411029687,0.4670599803343166,20571,0.8636137394077584,0.8721015021146273,0.2,0.6,1,0.28654970760233917,0.7621549903559212,0.7608159107872151,0.2336093718440719,0.33405154808522053,0.5116279069767442,66.72727272727273,64.5,4.241567360129267,0.1732283464566929,0.5116279069767442,0.2588235294117647,43,22,105,14,0.7394654734226679,0.7608967885275701,0.7552743236625816,0.7544045071073011,0.7975725593667546,0.6918402777777778,0.7764101338432122,7557,1455,463,613,4782,1517,357,1514,6497,1075,0.10673202614379085,0.09209302325581395,1075,0.1745751633986928,0.1655813953488372,2034,0.4505328277057609,0.4414945919370698,20571,0.8478054366201692,0.8585387195566574,0.5,0.6,3,0.29179331306990886,0.7286856883612,0.7283806807883475,0.26031104827307616,0.3606013831089118,0.5116279069767442,62.81818181818182,68.0,3.4740456473439707,0.2037037037037037,0.5116279069767442,0.2913907284768212,43,22,86,25,0.7464221295099732,0.7751565340335286,0.7721503311688052,0.7703982959106949,0.8073878627968337,0.7478298611111112,0.7612332695984704,7650,1422,403,594,5169,1149,332,1666,6370,1075,0.13124183006535947,0.11534883720930232,1075,0.1672549019607843,0.15534883720930232,2034,0.46096671154039326,0.4498525073746313,20571,0.865893327873197,0.8741918234407662,0.2,0.6,1,0.28571428571428575,0.7649527547927738,0.7635072998952217,0.2311452231872349,0.3292085617679031,0.5348837209302325,63.47826086956522,63.0,3.7164209250656435,0.2,0.5348837209302325,0.2911392405063291,43,23,92,0.0012145154453184759,-0.015661492060905058,0.016876007506223534,-0.004117647058823559,0.022483660130718924,-0.019633329562575463,0.00227958846543852,-0.028627450980392183,0.029803921568627434,-0.030067213397207804,-0.015808302787589268,0.0027977644368526455,0.03231571109456444,0.023255813953488302,-0.5251464350636232,-3.249011857707515,-0.0334693019947212,0.03256719906505651,0.0,-0.767521712785296,-3.9090909090909136,204.09491875
6,2877137869,49510,49510,24755,16509,16575,16426,14092,19729,15689,9146,8453,7156,11,0.731349393991914,0.7458291254292062,0.7413186809280766,0.7416877038275617,0.8564399737590204,0.6507748728262156,0.7167411961989939,7833,950,363,1708,5501,1244,293,1734,5129,1125,0.08920634920634922,0.09066666666666667,1101,0.18369734151329242,0.18710263396911897,2125,0.4762978390718329,0.4776470588235294,20404,0.8350681799421366,0.8400313663987453,0.5,0.6,3,0.21311475409836064,0.7336871382406535,0.7341047625448281,0.2619268834578873,0.37189427331847275,0.4888888888888889,58.95454545454545,64.5,4.8475055544334475,0.15492957746478872,0.4888888888888889,0.23529411764705882,45,22,120,14,0.727422933970697,0.7454251666330034,0.7416386960274192,0.7432131366895741,0.827684233544719,0.6818880870696794,0.7153437674678591,7570,1231,345,1427,5764,1262,229,1808,5119,1125,0.08273015873015872,0.08355555555555555,1101,0.2070320381731425,0.21162579473206175,2125,0.49206886199455857,0.4969411764705882,20404,0.8330148531208549,0.8366006665359733,1.0,0.6,1,0.21686746987951808,0.6377567819785874,0.587200531225066,0.36493637648959804,0.38963387656778714,0.35555555555555557,61.1875,63.0,1.494647545950313,0.3018867924528302,0.35555555555555557,0.32653061224489793,45,16,37,25,0.733500417044945,0.7490607957988286,0.7447517140700004,0.7453534846595108,0.8543625628690138,0.6588193540754762,0.7210732252655114,7814,981,351,1662,5569,1222,268,1728,5160,1125,0.09075396825396827,0.09244444444444444,1101,0.17805316973415133,0.1807447774750227,2125,0.47293723613847455,0.4748235294117647,20404,0.8398837329295201,0.8444912762203489,0.5,0.6,1,0.21818181818181823,0.7412308296842519,0.7414886084804154,0.25441324984851543,0.36634232735535455,0.5333333333333333,54.916666666666664,61.5,5.049484952534842,0.1610738255033557,0.5333333333333333,0.24742268041237112,45,24,125,0.0034330331419237803,0.000320015099342541,0.0031130180425812393,0.0015476190476190477,-0.005644171779141088,-0.0033606029333583254,0.0048155529873835645,-0.0064761904761904965,0.02333469665985008,0.015771022922725697,-0.0020533268212816758,0.007543691443598455,0.012128562765312295,0.04444444444444445,0.2019793981013942,-4.037878787878789,-0.09593035626206603,0.09123649459783911,-0.1333333333333333,-3.3528580084831345,2.2329545454545467,204.50995724999999
7,689189384,49510,49510,24755,12037,18998,18475,13020,16188,20302,5373,10419,8963,11,0.7350469032310114,0.7188042819632398,0.7243420228833891,0.7273865760906592,0.764749674297413,0.7298205202034744,0.6784558741492803,4109,993,271,963,7604,1852,180,2702,6081,975,0.1387912087912088,0.14051282051282052,975,0.25465201465201465,0.25333333333333335,1863,0.49144349924717307,0.4927536231884058,20942,0.8136669109258915,0.78750835641295,0.5,0.6,3,0.2613981762917933,0.7209263721113176,0.7229556445765554,0.28442738840638254,0.3973465852280009,0.5128205128205128,53.0,53.5,4.8475055544334475,0.14285714285714285,0.5128205128205128,0.223463687150838,39,20,120,14,0.7310432703298058,0.7139971722884266,0.7199110629089039,0.7232865642932547,0.7690303368695328,0.7404741337940302,0.6502287180631485,4132,991,250,942,7715,1762,187,2948,5828,975,0.14446886446886445,0.14666666666666667,975,0.2147985347985348,0.21435897435897436,1863,0.4867459857653404,0.48792270531400966,20942,0.8116300644760414,0.7837837837837838,1.0,0.6,1,0.2738589211618257,0.6814132639483695,0.6373860711708409,0.35225207028883054,0.4153424295600879,0.358974358974359,63.57142857142857,76.0,2.8277115734195113,0.16666666666666666,0.358974358974359,0.2276422764227642,39,14,70,25,0.7418596096386562,0.7210260553423551,0.7258533049720803,0.7299377655340447,0.7645635585334077,0.7392264132834245,0.6737699430994086,4108,991,274,900,7702,1817,169,2755,6039,975,0.1386080586080586,0.14051282051282052,975,0.24781440781440786,0.24615384615384617,1863,0.4813356165152592,0.4836285560923242,20942,0.8174066508270844,0.7912806799732595,0.2,0.6,1,0.2591362126245847,0.726147995590798,0.7288589797177347,0.2771965259543527,0.39138909626957485,0.5128205128205128,58.65,61.5,4.1203797212684306,0.16393442622950818,0.5128205128205128,0.2484472049689441,39,20,102,0.0015112820886912237,-0.004430959974485171,0.005942242063176395,-0.0001831501831501825,-0.0068376068376067856,-0.010107882731913875,0.0037397399011929178,0.0056776556776556575,-0.03985347985347984,-0.004697513481832671,-0.002036846449850138,0.005221623479480408,0.024983517818106094,0.0,-0.727125833165017,5.649999999999999,-0.03951310816294806,0.004178589271926186,-0.1538461538461538,-2.0197939810139363,10.57142857142857,203.70747724999998
8,3665577340,49510,49510,24755,12211,16256,21043,18859,12975,17676,9075,7852,7828,11,0.7397148473197283,0.7480912946879418,0.7463110433364483,0.7483458506569317,0.781267217630854,0.7663015792154865,0.6913643331630046,7090,1715,270,722,6017,1113,310,2106,5412,1150,0.17961111111111108,0.17652173913043478,1140,0.24911339421613396,0.24210526315789474,2165,0.4552320753886881,0.4535796766743649,20300,0.8366737107379209,0.8402955665024631,1.0,0.6,5,0.24516129032258063,0.748137289918509,0.7496390588486511,0.250575641284589,0.35334318290217487,0.5,69.26086956521739,74.0,3.6760250454453645,0.20175438596491227,0.5,0.2875,46,23,91,14,0.734715850042908,0.7408200363562917,0.7394443442733577,0.7415460288568899,0.7659504132231405,0.7812022414671421,0.6711803781297905,6951,1848,276,720,6134,998,336,2238,5254,1150,0.18972222222222224,0.18608695652173912,1140,0.24636757990867578,0.23859649122807017,2165,0.4609901740176432,0.45681293302540416,20300,0.8272670599836975,0.8307389162561576,1.0,0.6,1,0.2376237623762376,0.6561595448492391,0.6398226691984996,0.3354069884871743,0.37806027684855914,0.30434782608695654,73.5,78.0,2.5045445364572814,0.18421052631578946,0.30434782608695654,0.22950819672131145,46,14,62,25,0.7458576613133935,0.7488184205211068,0.7470919526491077,0.7491658140076997,0.7809366391184573,0.7693581253183902,0.6909810935104752,7087,1732,256,733,6041,1078,316,2103,5409,1150,0.18216666666666667,0.1791304347826087,1140,0.24822450532724505,0.2412280701754386,2165,0.46251342483647506,0.45958429561200925,20300,0.8367626753821306,0.8404433497536946,1.0,0.6,5,0.2585034013605442,0.7521088626288258,0.7532868396534008,0.2467380327206625,0.3503045663313311,0.5,67.56521739130434,72.0,3.6760250454453645,0.20175438596491227,0.5,0.2875,46,23,91,0.0007809093126593947,-0.0068666990630905644,0.007647608375749959,0.0025555555555555887,-0.0008888888888889113,0.007281349447786967,8.896464420971029e-05,0.010111111111111154,-0.002745814307458183,0.0057580986289550995,-0.009406650754223311,0.003971572710316784,0.0,0.0,0.0,-1.6956521739130466,-0.09197774506926992,-0.057991803278688525,-0.19565217391304346,-1.171480508988083,4.239130434782609,203.967723208
9,4107525436,49510,49510,24755,20421,14001,15088,16710,18859,13941,8039,5804,10912,11,0.7534149436982197,0.7060391840032316,0.6996607335938583,0.6956036719699409,0.7947505908695112,0.6152653342522398,0.688966275659824,6389,1122,528,774,3571,1459,260,3134,7518,1166,0.06768968456947998,0.06775300171526587,1150,0.1722875816993464,0.16956521739130434,2049,0.38152621212503,0.3904343582235237,20390,0.80224577213827,0.8045120156939677,0.5,0.6,3,0.2553191489361702,0.6987353204091301,0.6977929143862629,0.281882447990305,0.4034697902392737,0.48936170212765956,67.1304347826087,72.0,4.16077560088871,0.18253968253968253,0.48936170212765956,0.2658959537572254,47,23,103,14,0.7485138239075732,0.7066451221975358,0.6946350007422483,0.6928699319850304,0.7828088070655554,0.5868366643694004,0.7142595307917888,6293,1193,553,807,3406,1591,262,2856,7794,1166,0.07270734380708806,0.07375643224699828,1150,0.1620952380952381,0.16608695652173913,2049,0.4385415323840928,0.45095168374816985,20390,0.7910070646428683,0.7990191270230506,0.5,0.6,3,0.2773722627737226,0.6024895171812327,0.5403997850339564,0.3113310442334882,0.4083742390304501,0.19148936170212766,75.44444444444444,79.0,0.7675217127852959,0.32142857142857145,0.19148936170212766,0.24,47,9,19,25,0.7583204024848395,0.7092304584932337,0.702433721629006,0.6986672239195233,0.7902724219430277,0.6200895933838731,0.6969391495601173,6353,1167,519,756,3599,1449,242,3065,7605,1166,0.0728754110339788,0.07375643224699828,1150,0.16562091503267973,0.1634782608695652,2049,0.3770640959194187,0.3850658857979502,20390,0.806203551991323,0.8089259440902403,1.0,0.6,5,0.26989619377162627,0.7032624989092454,0.7017620114989649,0.2790143405372652,0.3977347693751138,0.44680851063829785,67.9047619047619,72.0,3.756816804685922,0.18421052631578946,0.44680851063829785,0.26086956521739124,47,21,93,0.0027729880351476943,-0.00502573285161001,0.007798720886757704,0.00518572646449883,-0.006666666666666682,-0.004462116205611322,0.003957779853053012,0.00501765923760808,-0.010192343604108312,0.05701532025906281,-0.011238707495401679,0.004527178500115303,-0.00502638853983417,-0.04255319148936171,-0.4039587962027875,0.7743271221531955,-0.09624580322789744,-0.02589595375722542,-0.2978723404255319,-3.3932538881034136,8.31400966183574,204.145457666
10,1247814275,49510,49510,24755,16156,13567,19787,15897,14800,18813,8440,7407,8908,11,0.7189503538974363,0.7628761866289638,0.7630227332229298,0.7631639145658454,0.7446682464454977,0.7711624139327663,0.7732375392905254,6285,1692,463,961,5712,734,129,1891,6888,1125,0.1437948717948718,0.13777777777777778,1122,0.1711166253101737,0.1622103386809269,2077,0.41335417445981415,0.40057775637939336,20431,0.867119312023576,0.8671136997699574,0.5,0.6,1,0.21153846153846154,0.7622618128896334,0.7623042730446593,0.2375681680468592,0.34476460358793315,0.5333333333333333,66.25,71.0,4.0799838416481515,0.192,0.5333333333333333,0.2823529411764706,45,24,101,14,0.7118032820311168,0.7544334477883256,0.7554137282626976,0.7555917331168698,0.7454976303317535,0.7746726069933846,0.7460709474629547,6292,1713,435,1020,5738,649,122,2140,6646,1125,0.155342383107089,0.14933333333333335,1122,0.1661715240273115,0.15775401069518716,2077,0.42835126175164645,0.41405873856523834,20431,0.8567859750394499,0.8551221183495669,0.5,0.6,1,0.22285714285714286,0.7559139556283089,0.7560572027166282,0.23918400323167038,0.3705041179322699,0.4222222222222222,69.15789473684211,72.0,3.433649767723692,0.18269230769230768,0.4222222222222222,0.25503355704697983,45,19,85,25,0.7216862346443825,0.7633205413047869,0.7639127894260139,0.7639630722867495,0.7451421800947867,0.7795328743080869,0.7670633138751684,6289,1706,445,950,5774,683,123,1952,6833,1125,0.150017094017094,0.144,1122,0.16945409429280398,0.16042780748663102,2077,0.41474039742182295,0.4020221473278767,20431,0.8679177173624414,0.8672605354608194,0.5,0.6,1,0.21395348837209305,0.7610413696291007,0.760894117034347,0.2391436073520501,0.34147322791028795,0.4888888888888889,66.5,69.0,4.241567360129267,0.1732283464566929,0.4888888888888889,0.2558139534883721,45,22,105,0.000890056203084133,-0.007609004960232202,0.008499061163316335,0.006222222222222212,-0.0016625310173697117,0.0013862229620087985,0.0007984053388654377,0.011547511312217207,-0.004945101282862185,0.0149970872918323,-0.010333336984126085,-0.001220443260532611,-0.02653898768809848,-0.04444444444444445,0.16158351848111518,0.25,-0.006347857261324474,-0.027319384129490754,-0.1111111111111111,-0.6463340739244594,2.9078947368421098,205.582481125
11,1353206384,49510,49510,24755,21299,12868,15343,16558,15432,17520,10010,6925,7820,11,0.7591549115662656,0.6927085437285397,0.674882252005245,0.6682018535356281,0.7698301698301698,0.41415162454873644,0.8406649616368287,7706,1619,685,385,2868,3672,111,1135,6574,1125,0.09333333333333332,0.104,1125,0.22750326797385623,0.24444444444444444,2055,0.4586638299059414,0.4744525547445255,20450,0.7443399655133552,0.7716870415647922,1.0,0.6,5,0.25903614457831325,0.6732663526316753,0.6675048047037633,0.3092304584932337,0.42652312405440995,0.5111111111111111,63.65217391304348,61.0,4.44354675823066,0.17293233082706766,0.5111111111111111,0.2584269662921348,45,23,110,14,0.7480125386057828,0.6933548778024642,0.6785209519353202,0.6733442633605073,0.7531468531468531,0.4508303249097473,0.8315856777493607,7539,1855,616,452,3122,3351,101,1216,6503,1125,0.09228758169934641,0.10222222222222223,1125,0.18326797385620916,0.2,2055,0.466527692610639,0.48175182481751827,20450,0.7516774145746776,0.7742787286063569,0.2,0.6,5,0.2671480144404332,0.6448073452395425,0.6349456195672438,0.3351646132094526,0.4227944408221696,0.4,68.27777777777777,69.5,3.3932538881034136,0.17647058823529413,0.4,0.2448979591836735,45,18,84,25,0.7598408317622792,0.6948495253484145,0.6772316498013821,0.6706524516276322,0.7709290709290709,0.4192057761732852,0.8415601023017902,7717,1639,654,399,2903,3623,111,1128,6581,1125,0.08742483660130719,0.09777777777777778,1125,0.20684967320261438,0.2222222222222222,2055,0.46163136416270206,0.47737226277372263,20450,0.7488033162349313,0.7755501222493888,0.5,0.6,3,0.25748502994011974,0.6689060492783244,0.6627833873465989,0.313472025853363,0.42122261169732206,0.5111111111111111,60.78260869565217,60.0,4.76671379519289,0.16312056737588654,0.5111111111111111,0.24731182795698925,45,23,118,0.002349397796137076,0.003638699930075262,-0.001289302133938186,-0.005908496732026133,-0.020653594771241846,0.002967534256760662,0.004463350721576109,-0.001045751633986916,-0.04423529411764707,0.007863862704697577,0.0073374490613223875,-0.004360303353350914,-0.011115138335145547,0.0,0.32316703696223037,-2.8695652173913047,-0.028459007392132807,-0.013529007108461305,-0.11111111111111105,-1.0502928701272465,4.625603864734295,202.750375416
12,2489101260,49510,49510,24755,19732,17872,11906,15868,17681,15961,8173,8255,8327,11,0.7143607727511355,0.7040193900222177,0.7041466449730088,0.7081693557570256,0.7353480973938579,0.6811629315566323,0.6959289059685361,6010,1666,497,744,5623,1888,279,2253,5795,1397,0.09544305679452869,0.09735146743020759,1375,0.15785575048732944,0.16145454545454546,2610,0.4700272872388995,0.4869731800766284,19373,0.8149560864145688,0.8155164404067516,0.2,0.6,1,0.33078880407124683,0.6988464757039159,0.7020463455911758,0.3012320743284185,0.41845349330981235,0.4642857142857143,63.15384615384615,72.5,3.756816804685922,0.2184873949579832,0.4642857142857143,0.29714285714285715,56,26,93,14,0.7094880418496162,0.6967077358109472,0.6967513675966867,0.7015493321311079,0.705616052856968,0.6927922471229558,0.6918458028101357,5767,1910,496,675,5719,1861,271,2295,5761,1397,0.09966250371691941,0.10164638511095204,1375,0.17957115009746585,0.18327272727272728,2610,0.45201435464168704,0.47164750957854407,19373,0.8059622317518018,0.8063800134207402,0.5,0.6,3,0.3459459459459459,0.6767366652250049,0.6772614962385765,0.32316703696222987,0.42887847940783996,0.4642857142857143,61.76923076923077,65.0,3.433649767723692,0.23423423423423423,0.4642857142857143,0.31137724550898205,56,26,85,25,0.7171707521677951,0.7070894768733589,0.7072335947233815,0.7113862149260902,0.7382845956197235,0.6903694730466384,0.6930467155037828,6034,1643,496,705,5699,1851,267,2289,5771,1397,0.09896966993755574,0.10093056549749463,1375,0.1716179337231969,0.17527272727272727,2610,0.4643098487103563,0.4812260536398467,19373,0.8184635008700439,0.8189748619212306,1.0,0.6,3,0.3333333333333333,0.6977926992319148,0.7011000772392548,0.302322763078166,0.4134773968878052,0.48214285714285715,59.148148148148145,68.0,4.564734397091497,0.19285714285714287,0.48214285714285715,0.2755102040816326,56,27,113,0.003086949750372714,-0.0073952773763221735,0.010482227126694887,0.0035266131430270464,0.013762183235867448,-0.005717438528543228,0.0035074144554750886,0.004219446922390721,0.02171539961013641,-0.018012932597212483,-0.008993854662767031,-0.0010537764720011111,-0.021632653061224527,0.01785714285714285,0.807917592405575,-4.005698005698008,-0.02210981047891103,0.014234388366124895,0.0,-0.3231670369622299,-1.3846153846153868,204.550839833
13,203969953,49510,49510,24755,20334,12487,16689,15742,16594,17174,7075,8990,8690,11,0.7144154961789738,0.7190062613613412,0.7234612201278746,0.7255995156851918,0.7807773851590106,0.66440489432703,0.7252013808975835,5524,1172,379,1042,5973,1975,200,2188,6302,1200,0.1758235294117647,0.18166666666666667,1190,0.21582124630674185,0.2235294117647059,2151,0.3891589634517674,0.39562993956299397,20214,0.8248359872277877,0.8144850103888395,0.2,0.6,1,0.1890243902439024,0.7222708608622007,0.7232868416839309,0.2816804685922036,0.3938573505655131,0.3541666666666667,61.470588235294116,64.0,4.645526156332054,0.12878787878787878,0.3541666666666667,0.18888888888888888,48,17,115,14,0.7022125850160528,0.7224399111290648,0.7254485971845597,0.7293086252866273,0.7662190812720848,0.6966629588431591,0.713463751438435,5421,1280,374,961,6263,1766,180,2310,6200,1200,0.1904673202614379,0.1975,1190,0.24185065807144776,0.2504201680672269,2151,0.37721729883020205,0.38493723849372385,20214,0.8264443754738569,0.817304838230929,0.2,0.5,1,0.19025522041763343,0.7241585812987702,0.7257274141432486,0.27929711169460714,0.416422480807373,0.4791666666666667,55.56521739130435,62.0,6.786507776206827,0.12041884816753927,0.4791666666666667,0.19246861924686193,48,23,168,25,0.7151792383458989,0.7238537669157746,0.7279498808379218,0.7306588447321181,0.7810600706713781,0.6758620689655173,0.7269275028768699,5526,1178,371,982,6076,1932,181,2192,6317,1200,0.17895424836601306,0.185,1190,0.2133883964544722,0.22100840336134453,2151,0.3867027513429499,0.39330543933054396,20214,0.8306252772874191,0.8206193727119818,1.0,0.6,1,0.21674876847290644,0.7329748366278855,0.7335817232979774,0.27133912340941224,0.3897572821112338,0.4583333333333333,57.81818181818182,63.5,5.938194304180974,0.1301775147928994,0.4583333333333333,0.20276497695852536,48,22,147,0.004488660710047165,0.001987377056685058,0.0025012836533621075,0.0031307189542483516,-0.0024328498522696584,-0.0024562121088175237,0.005789290059631358,0.014643790849673183,0.026029411764705912,-0.011941664621565373,0.0016083882460691257,0.010703975765684826,0.013876088069636472,0.10416666666666663,1.2926681478489197,-3.652406417112296,0.0018877204365694844,0.0035797303579730433,0.125,2.140981619874773,-5.905370843989765,197.061963916
14,3385369635,49510,49510,24755,19651,13940,15919,14740,21004,13766,9676,7658,7421,11,0.7258634750519248,0.7554029488992123,0.7476034512323307,0.7480164606771686,0.8392930963207937,0.6898668059545573,0.7136504514216413,8121,1177,378,570,5283,1805,235,1890,5296,997,0.07945214206083771,0.07723169508525576,975,0.1855799755799756,0.17846153846153845,1771,0.37438746330093986,0.370412196499153,21012,0.8363261028559562,0.8468018275271274,1.0,0.6,1,0.24703087885985747,0.7578323753812345,0.7579142519214229,0.23478085235305998,0.34048825238537694,0.525,64.23809523809524,72.0,5.170672591395678,0.14093959731543623,0.525,0.2222222222222222,40,21,128,14,0.7170856090115998,0.7474045647343971,0.7411014008327877,0.7415307839429021,0.8156262918561389,0.6903891355445286,0.7172887750976957,7892,1406,378,525,5287,1846,236,1862,5323,997,0.08263417741678611,0.0802407221664995,975,0.22887667887667887,0.2194871794871795,1771,0.37704871826291947,0.37267080745341613,21012,0.8257445499883015,0.8351418237197792,0.2,0.5,5,0.23671497584541065,0.7416391265194481,0.7415595617161607,0.25134316299737425,0.36548088354382174,0.45,63.833333333333336,67.0,5.08988083215512,0.125,0.45,0.1956521739130435,40,18,126,25,0.7295861310701867,0.7581498687133912,0.7506239999673858,0.7510070416852357,0.8387763538652335,0.6979629145991121,0.7151327314378116,8116,1174,386,539,5345,1774,232,1882,5307,997,0.07330785156872113,0.0712136409227683,975,0.20078144078144078,0.19282051282051282,1771,0.38412620808888126,0.3800112930547713,21012,0.8385741566299055,0.8488482771749476,0.2,0.5,3,0.24703087885985747,0.7505124104766282,0.7507839665376821,0.24213290244395072,0.3384708645511367,0.475,64.57894736842105,65.0,5.5746313875984645,0.12101910828025478,0.475,0.19289340101522845,40,19,138,0.003020548735055084,-0.006502050399542991,0.009522599134598075,-0.00614429049211658,0.015201465201465175,0.0097387447879414,0.002248053773949321,0.0031820353559483955,0.043296703296703265,0.002661254961979609,-0.01058155286765472,-0.007319964904606291,-0.02932882120699376,-0.050000000000000044,0.40395879620278663,0.3408521303258141,-0.016193248861786413,-0.026570048309178723,-0.07500000000000001,-0.08079175924055804,-0.4047619047619051,197.21627779200003
15,431946835,49510,49510,24755,13004,13146,23360,19378,14636,15496,7816,9306,7633,11,0.7677658640640136,0.7467986265400929,0.746102076937492,0.7504282875705993,0.7511514841351075,0.7558564367075006,0.7312983099698677,5871,1520,425,1005,7034,1267,189,1862,5582,1275,0.10970760233918127,0.12,1275,0.17313840155945417,0.18980392156862744,2375,0.4097346600331675,0.43073684210526314,19830,0.8618831934667105,0.8607665153807362,0.2,0.6,5,0.3026315789473684,0.7447532672285351,0.7495950681239733,0.2525954352656029,0.374306644714442,0.4117647058823529,67.0,76.0,3.878004443546758,0.1794871794871795,0.4117647058823529,0.25,51,21,96,14,0.7638150964590921,0.7472429812159159,0.7457492352732628,0.7510648724948848,0.7512794268167861,0.7672469374597034,0.7187213415432988,5872,1591,353,913,7140,1253,198,1949,5486,1275,0.1311111111111111,0.14352941176470588,1275,0.20319688109161796,0.22196078431372548,2375,0.4307373389462941,0.4517894736842105,19830,0.8552583197039435,0.8552193645990923,0.5,0.6,3,0.3061224489795918,0.7452057468073714,0.7459952137656383,0.25635225207028883,0.38734584817403594,0.45098039215686275,64.8695652173913,75.0,3.150878610381741,0.22772277227722773,0.45098039215686275,0.3026315789473684,51,23,78,25,0.7720933514526905,0.7516865279741466,0.750675920763069,0.7552505541143443,0.759467758444217,0.7646679561573179,0.7278920476876719,5936,1471,409,954,7116,1236,181,1896,5556,1275,0.10413255360623781,0.11372549019607843,1275,0.18249512670565302,0.2,2375,0.41696098263262443,0.4383157894736842,19830,0.8663813835234428,0.8657085224407464,1.0,0.6,5,0.31545741324921134,0.755628621042803,0.76037855590095,0.2417693395273682,0.36881347552692445,0.43137254901960786,63.86363636363637,71.0,4.241567360129267,0.1732283464566929,0.43137254901960786,0.24719101123595502,51,22,105,0.0045738438255770175,-0.0003528416642292198,0.004926685489806237,-0.005575048732943455,0.009356725146198841,0.007226322599456936,0.004498190056732354,0.021403508771929827,0.030058479532163784,0.021002678913126627,-0.006624873762766992,0.010875353814267963,-0.0028089887640449784,0.019607843137254943,0.3635629165825085,-3.136363636363633,0.00045247957883631784,0.05263157894736842,0.03921568627450983,-0.727125833165017,-2.1304347826087024,197.83273075
16,1289133894,49510,49510,24755,19738,15554,14218,14531,17751,17228,8374,11774,4607,11,0.7454272996982553,0.7390830135326196,0.7242102639255497,0.721997196892867,0.8073799856699307,0.7318668252080857,0.6333839808986326,6761,1462,151,1454,8617,1703,199,1490,2918,1225,0.07851851851851853,0.10285714285714286,1225,0.14558922558922557,0.18285714285714286,2241,0.44022959971755143,0.4854975457385096,20064,0.8316470163250194,0.8402113237639554,1.0,0.6,3,0.2917933130699088,0.7238747304848507,0.7204091246510694,0.26317915572611594,0.37022322773296257,0.6326530612244898,68.7741935483871,73.0,3.3932538881034136,0.26956521739130435,0.6326530612244898,0.3780487804878049,49,31,84,14,0.7394096970009993,0.7401737022823672,0.717576557023853,0.7200601756203078,0.7886314783854789,0.7582809580431459,0.6058172346429347,6604,1620,150,1252,8928,1594,213,1603,2791,1225,0.08195286195286194,0.11020408163265306,1225,0.16875420875420874,0.21387755102040817,2241,0.4661974978495779,0.535921463632307,20064,0.8194620544201815,0.8335825358851675,1.0,0.6,1,0.3032786885245901,0.6969476860998619,0.6456928013293747,0.3496263381135124,0.39575746604662043,0.2653061224489796,72.61538461538461,80.0,2.7873156937992323,0.15853658536585366,0.2653061224489796,0.19847328244274812,49,13,69,25,0.7489628333379992,0.7454251666330034,0.7280041275143008,0.7272880410796293,0.809768330546931,0.7452012909801257,0.6290427610158454,6781,1446,147,1353,8774,1647,186,1523,2898,1225,0.08175084175084175,0.10775510204081633,1225,0.15791245791245792,0.2,2241,0.4531415106829974,0.5033467202141901,20064,0.8341369326742085,0.8446969696969697,0.5,0.6,1,0.29673590504451036,0.7211622926870329,0.7175990727538327,0.2666935972530802,0.36649286307608675,0.6122448979591837,70.03333333333333,74.5,3.3528580084831345,0.26548672566371684,0.6122448979591837,0.3703703703703704,49,30,83,0.003793863588751112,-0.006633706901696623,0.010427570490447735,0.0032323232323232254,0.012323232323232347,0.012911910965445972,0.0024899163491891585,0.003434343434343415,0.023164983164983166,0.02596789813202649,-0.012184961904837865,-0.002712437797817824,-0.0076784101174344754,-0.020408163265306145,-0.04039587962027902,1.2591397849462282,-0.02692704438498883,-0.17957549804505676,-0.3673469387755102,-0.6059381943041813,3.84119106699751,197.30243749999997
17,2758855254,49510,49510,24755,15895,19556,14059,12008,22427,15075,9228,6446,9081,11,0.7351513871798252,0.6670167642900424,0.6707253112206075,0.666458555524883,0.7316861725184222,0.7089668011169717,0.5715229600264288,6752,2009,467,365,4570,1511,352,3539,5190,1275,0.14402116402116402,0.12313725490196079,1275,0.19126984126984126,0.15294117647058825,2345,0.45586397649526395,0.41492537313432837,19860,0.7632664403406805,0.7647029204431017,1.0,0.6,5,0.3157894736842105,0.667057950898771,0.6667980369635687,0.3295091900626136,0.43669750351258185,0.4117647058823529,68.0,71.0,4.44354675823066,0.16030534351145037,0.4117647058823529,0.2307692307692307,51,21,110,14,0.7253614722017807,0.6675823066047263,0.6710689057982874,0.6674012511269001,0.7159731252709146,0.7063295066708036,0.5909040854531439,6607,2096,525,310,4553,1583,375,3340,5366,1275,0.1491005291005291,0.12470588235294118,1275,0.19486772486772486,0.15450980392156863,2345,0.4668501565143948,0.4208955223880597,19860,0.7620987274934539,0.7645015105740182,1.0,0.6,1,0.2628571428571429,0.64973553008741,0.651111189860773,0.33261967279337507,0.43794566062277657,0.45098039215686275,67.69565217391305,73.0,3.4740456473439707,0.21100917431192662,0.45098039215686275,0.28750000000000003,51,23,86,25,0.7390719981872788,0.6695213088264997,0.673615942576904,0.6693464016837916,0.7289770264412657,0.7151721998138381,0.5766986014756084,6727,2035,466,315,4610,1521,335,3509,5237,1275,0.1464021164021164,0.12549019607843137,1275,0.18735449735449736,0.14980392156862746,2345,0.4557465041889317,0.4123667377398721,19860,0.7669606057565886,0.7681772406847935,0.2,0.6,3,0.29652996845425866,0.6665376628953151,0.6656008376937185,0.33072106645122196,0.43112629482000453,0.35294117647058826,62.77777777777778,69.5,3.918400323167037,0.1565217391304348,0.35294117647058826,0.21686746987951808,51,18,97,0.0028906313562965247,0.000343594577679851,0.0025470367786166737,0.0023809523809523725,-0.0039153439153439,-0.0001174723063322447,0.0036941654159081683,0.005079365079365072,0.0035978835978836,0.010986180019130876,-0.0011677128472266096,-0.0005202880034558266,-0.013901760889712622,-0.05882352941176466,-0.5251464350636232,-5.222222222222221,-0.017322420811360928,0.056730769230769335,0.03921568627450983,-0.9695011108866893,-0.30434782608695343,198.56051775
18,1649396546,49510,49510,24755,13619,19610,16281,16512,19635,13363,9223,8154,7378,11,0.7311382256545574,0.7601696626944052,0.7551600842035376,0.7549853611040863,0.8650113845820232,0.6537895511405445,0.7466793168880456,7978,1020,225,1212,5331,1611,173,1696,5509,1025,0.11980769230769232,0.1151219512195122,1025,0.2157692307692308,0.20878048780487804,1844,0.4376596655747608,0.43221258134490237,20861,0.8408527705772227,0.8479459278078711,0.5,0.6,5,0.2222222222222222,0.7589420590692578,0.7591781820031006,0.2357099575843264,0.3427608003411386,0.43902439024390244,58.111111111111114,57.5,3.433649767723692,0.17475728155339806,0.43902439024390244,0.25,41,18,85,14,0.726296217846992,0.756372450010099,0.7509910397755629,0.7522675435374072,0.8542773501030033,0.6770909982830513,0.7216047709406344,7879,1170,174,1143,5521,1490,193,1861,5324,1025,0.10230769230769231,0.1024390243902439,1025,0.22414529914529915,0.2224390243902439,1844,0.47498957054567903,0.47071583514099785,20861,0.8323272434943162,0.8399884952782705,0.2,0.5,1,0.2222222222222222,0.7455514415601301,0.7454808712889479,0.24912138961825894,0.36064582556767066,0.5609756097560976,57.30434782608695,56.0,5.211068471015956,0.1513157894736842,0.5609756097560976,0.2383419689119171,41,23,129,25,0.7341003934087643,0.7646132094526358,0.7595506796628365,0.7599593745203094,0.8646861108099317,0.6710816777041942,0.7428842504743833,7975,1033,215,1176,5472,1506,166,1731,5481,1025,0.10702991452991452,0.10341463414634146,1025,0.2302777777777778,0.22731707317073171,1844,0.4557522654774533,0.4506507592190889,20861,0.8441450829144043,0.8512535353051148,1.0,0.6,1,0.23671497584541062,0.7585414224400869,0.7590294274008386,0.2361139163805292,0.3386991939288188,0.5365853658536586,55.54545454545455,53.5,5.130276711775399,0.1476510067114094,0.5365853658536586,0.23157894736842105,41,22,127,0.004390595459298874,-0.004169044427974722,0.008559639887273596,-0.012777777777777805,0.014508547008547007,0.018092599902692463,0.0032923123371815244,-0.017500000000000016,0.008376068376068357,0.037329904970918204,-0.008525527082906548,-0.0004006366291708918,-0.01842105263157895,0.09756097560975613,1.6966269440517068,-2.5656565656565675,-0.013390617509127734,-0.011658031088082887,0.12195121951219517,1.777418703292264,-0.8067632850241608,198.01930533299998
19,3317113628,49510,49510,24755,17303,16543,15664,14405,17727,17378,8375,10396,5984,11,0.745136751331977,0.7567764088063017,0.7502329901720479,0.7548470218346391,0.7482985074626866,0.7879953828395537,0.7144050802139037,6267,1754,354,1038,8192,1166,228,1481,4275,1150,0.02923076923076923,0.028695652173913042,1150,0.12347662141779787,0.12695652173913044,2212,0.4190496376059462,0.40325497287522605,20243,0.8726269383713854,0.8725485352961517,0.2,0.6,1,0.25958702064896755,0.7378651068062559,0.742626893480935,0.25493839628357906,0.3637135808376332,0.4782608695652174,61.36363636363637,61.0,4.039587962027873,0.18032786885245902,0.4782608695652174,0.2619047619047619,46,22,100,14,0.7366900789451477,0.7461522924661684,0.7385064947538972,0.7433398225335933,0.7481791044776119,0.7761639091958445,0.6911764705882353,6266,1783,326,988,8069,1339,239,1609,4136,1150,0.05082202111613876,0.050434782608695654,1150,0.12381221719457013,0.12956521739130436,2212,0.39696070359197394,0.3811030741410488,20243,0.8601219111625814,0.8605937855061009,0.2,0.5,5,0.2545454545454546,0.731877692920054,0.7369089357033948,0.26006867299535447,0.3898057122535797,0.5,57.04347826086956,58.0,4.968693193294284,0.15753424657534246,0.5,0.23958333333333334,46,23,123,25,0.7449977300562017,0.7570591799636437,0.7505485706686202,0.7549069373967788,0.7511641791044776,0.7867449018853405,0.7137366310160428,6291,1727,357,1017,8179,1200,230,1483,4271,1150,0.028634992458521868,0.02782608695652174,1150,0.12990950226244344,0.13130434782608696,2212,0.40979515700846797,0.39421338155515373,20243,0.87376874701224,0.8736847305241318,0.2,0.6,1,0.27272727272727276,0.73974886525925,0.7446806962541284,0.2525954352656029,0.36215029240776037,0.4782608695652174,61.09090909090909,58.5,3.756816804685922,0.19130434782608696,0.4782608695652174,0.2732919254658385,46,22,93,0.0003155804965723208,-0.01172649541815074,0.01204207591472306,-0.0005957767722473625,0.006432880844645564,-0.009254480597478243,0.001141808640854669,0.02159125188536953,0.0003355957767722517,-0.022088934013972272,-0.012505027208803976,0.0018837584529940443,0.011387163561076608,0.0,-0.28277115734195135,-0.2727272727272734,-0.005987413886201942,-0.022321428571428575,0.021739130434782594,0.9291052312664103,-4.320158102766804,198.18730533299998
20,1315508774,49510,49510,24755,17187,17805,14518,22344,14605,12561,8278,8309,8168,11,0.7556392864177842,0.7177539890931125,0.7180306635330522,0.7207454806366235,0.7423290649915438,0.6504994584185823,0.7612634671890304,6145,1803,330,763,5405,2141,221,1729,6218,1400,0.0648615001556178,0.06642857142857143,1400,0.11945222533457828,0.12285714285714286,2575,0.4092052858343842,0.4097087378640777,19380,0.8476397133812382,0.8487100103199174,0.2,0.6,1,0.2549019607843137,0.7160580810145714,0.718560507647469,0.2841850131286609,0.3915005602357328,0.5357142857142857,65.46666666666667,66.5,4.44354675823066,0.21428571428571427,0.5357142857142857,0.3061224489795918,56,30,110,14,0.7459215602462724,0.719127449000202,0.7193894982445649,0.7220177724927671,0.742087460739309,0.6556745697436515,0.7604064642507345,6143,1813,322,790,5448,2071,243,1714,6211,1400,0.06730781201369436,0.07,1400,0.13615312791783382,0.14,2575,0.4659066447644964,0.4683495145631068,19380,0.8400876843751832,0.8411764705882353,0.2,0.6,3,0.2169811320754717,0.6691474963081111,0.661838120542898,0.3316905675621087,0.40044891472963495,0.42857142857142855,76.04166666666667,80.5,2.100585740254494,0.3157894736842105,0.42857142857142855,0.36363636363636365,56,24,52,25,0.7562617023132097,0.7223995152494446,0.7226722133072124,0.725257611838777,0.7476443585407103,0.6553135154651583,0.7650587659157688,6189,1758,331,757,5445,2107,216,1703,6249,1400,0.06151260504201681,0.06357142857142857,1400,0.12148148148148148,0.125,2575,0.4225368354682419,0.4229126213592233,19380,0.8518678399410335,0.8529411764705882,0.2,0.6,5,0.2633451957295374,0.7175614065803594,0.7195052412985549,0.28269036558271055,0.3870690499437116,0.5,69.57142857142857,77.5,3.5952332862048073,0.23931623931623933,0.5,0.3236994219653179,56,28,89,0.004641549774160203,0.0013588347115126576,0.0032827150626475454,-0.0033488951136009873,0.002029256146903205,0.013331549633857687,0.00422812655979532,0.002446311858076561,0.016700902583255545,0.05670135893011219,-0.0075520290060550055,0.0015033255657880273,0.017576972985726136,-0.0357142857142857,-0.8483134720258527,4.104761904761901,-0.04691058470646026,0.05751391465677186,-0.10714285714285715,-2.342961017976166,10.575000000000003,198.482453666
21,4249496387,49510,49510,24755,15517,15368,18625,21970,17065,10475,9659,6905,8191,11,0.7394332546187355,0.712906483538679,0.7124796876145556,0.7083243361489823,0.7778237912827415,0.7788559015206372,0.5807593700402881,7513,1794,352,544,5378,983,312,3122,4757,1250,0.11206349206349205,0.1032,1250,0.13216931216931216,0.1256,2308,0.4364297951682308,0.4237435008665511,19947,0.8172644048632062,0.8213766481175114,0.2,0.6,1,0.3357664233576642,0.7094461104136882,0.7067164435200409,0.2877398505352454,0.39065387352384967,0.36,68.0,69.5,3.0700868511411836,0.19148936170212766,0.36,0.24999999999999994,50,18,76,14,0.7422571071125947,0.7105635225207029,0.7089736811860723,0.7065625210911674,0.7698519515477793,0.747863866763215,0.6092052252472225,7436,1866,357,600,5164,1141,310,2891,4990,1250,0.10814814814814815,0.0992,1250,0.14941798941798942,0.1424,2308,0.45529185078386086,0.44194107452339687,19947,0.8098976953518773,0.8155612372787888,1.0,0.5,5,0.29394812680115273,0.7070704745758997,0.7045311619120845,0.29085033326600684,0.4057871587632336,0.48,58.166666666666664,59.5,5.332256109876792,0.15384615384615385,0.48,0.2330097087378641,50,24,132,25,0.7449058120569433,0.7154918198343769,0.71481010726322,0.7110534307307805,0.7788590951444249,0.774800868935554,0.5907703577096813,7523,1806,330,535,5350,1020,322,3030,4839,1250,0.10656084656084656,0.0984,1250,0.13544973544973546,0.1296,2308,0.4422531049612631,0.42937608318890813,19947,0.8195124115585847,0.823983556424525,0.2,0.6,3,0.33587786259541985,0.7079955661792439,0.7044718303864798,0.290002019793981,0.38619335716525305,0.38,68.94736842105263,69.0,2.9488992122803475,0.20652173913043478,0.38,0.2676056338028169,50,19,73,0.002330419648664428,-0.0035060064284833103,0.005836426077147738,-0.005502645502645481,0.0032804232804233002,0.00582330979303225,0.0022480066953785016,-0.0039153439153439,0.017248677248677263,0.018862055615630036,-0.007366709511328895,-0.0014505442344443509,0.017605633802816933,0.020000000000000018,-0.12118763886083617,0.9473684210526301,-0.002375635837788548,-0.01699029126213583,0.12,2.2621692587356086,-9.833333333333336,199.38833225
22,39721118,49510,49510,24755,16257,15280,17973,15170,16238,18102,9874,6638,8243,11,0.7343531692056855,0.7141587558069077,0.715692326717105,0.7109569750199443,0.7057929916953616,0.7292859294968363,0.7119980589591168,6969,2151,754,748,4841,1049,364,2010,5869,1500,0.13444444444444445,0.12266666666666666,1480,0.18397126436781608,0.16486486486486487,2832,0.40541483593021144,0.3834745762711864,18943,0.849359924126405,0.8533495222509634,0.2,0.6,5,0.25080385852090037,0.7234862494534662,0.7173376386451208,0.27986265400929106,0.4008745799511932,0.36666666666666664,69.81818181818181,73.0,3.7972126843062006,0.1896551724137931,0.36666666666666664,0.25,60,22,94,14,0.7332240063187792,0.7102807513633609,0.7164190435937261,0.7094570511054096,0.6749037877253393,0.768906297077433,0.7054470459784059,6664,2494,716,645,5104,889,356,2072,5815,1500,0.13,0.11533333333333333,1480,0.16786206896551725,0.14527027027027026,2832,0.40270300258437075,0.3774717514124294,18943,0.8523767878925157,0.8512907142480072,0.5,0.6,1,0.23728813559322035,0.7130251135715507,0.7076643691135859,0.2889113310442335,0.4161101465796139,0.38333333333333336,67.95652173913044,71.0,4.8475055544334475,0.16083916083916083,0.38333333333333336,0.2266009852216749,60,23,120,25,0.7393014652858559,0.716663300343365,0.7194833638829662,0.7140506285242033,0.6998177030585375,0.7429948779752937,0.7156375106150673,6910,2210,754,704,4932,1002,360,1984,5899,1500,0.14233333333333334,0.12866666666666668,1480,0.17258045977011494,0.15472972972972973,2832,0.4040978878753254,0.3806497175141243,18943,0.8548041365664911,0.8573615583592884,0.2,0.6,3,0.24761904761904763,0.7257031854416116,0.7196481015905429,0.2774792971116946,0.3960529570620422,0.38333333333333336,69.43478260869566,74.0,3.756816804685922,0.19827586206896552,0.38333333333333336,0.2613636363636364,60,23,93,0.0037910371658611552,0.0007267168766210697,0.0030643202892400856,0.00788888888888889,-0.011390804597701143,-0.0013169480548860246,0.0054442124400860825,-0.004444444444444445,-0.016109195402298826,-0.0027118333458406862,0.0030168637661106557,0.00221693598814543,0.011363636363636409,0.01666666666666672,-0.040395879620278574,-0.38339920948615713,-0.01046113588191544,-0.023399014778325095,0.01666666666666672,1.050292870127247,-1.8616600790513758,199.575155959
23,1233912578,49510,49510,24755,17976,15596,15938,19492,17778,12240,11505,6310,6940,11,0.7511654074758392,0.7556857200565542,0.7457694471725514,0.7394980770838151,0.7888744024337244,0.6684627575277338,0.7799711815561959,9076,1767,662,895,4218,1197,204,1323,5413,975,0.07132275132275133,0.06256410256410257,975,0.1291005291005291,0.11282051282051282,1906,0.33717813051146384,0.3210912906610703,20899,0.8432065131674177,0.8576486913249438,0.5,0.6,1,0.2634730538922156,0.7383079274008869,0.7317392815711327,0.2512623712381337,0.34753576410804576,0.41025641025641024,72.5,78.5,4.362754998990103,0.12903225806451613,0.41025641025641024,0.19631901840490798,39,16,108,14,0.7519138460978825,0.7631589577863058,0.7549314105280516,0.747847101611104,0.7875706214689265,0.6681458003169573,0.8090778097982709,9061,1788,656,892,4216,1202,227,1098,5615,975,0.08275132275132276,0.07487179487179488,975,0.1601058201058201,0.14051282051282052,1906,0.3667548500881834,0.3441762854144806,20899,0.8493615197035634,0.8625293076223742,1.0,0.5,5,0.2608695652173913,0.7527439501414425,0.745870235077747,0.23845687739850535,0.3622200964361178,0.46153846153846156,71.38888888888889,79.0,3.8376085639264796,0.1592920353982301,0.46153846153846156,0.2368421052631579,39,18,95,25,0.7546402404244793,0.7615431226014946,0.7529219196011484,0.7462451856863613,0.7895697522816167,0.6797147385103011,0.7894812680115274,9084,1774,647,871,4289,1150,196,1265,5479,975,0.07037037037037037,0.06153846153846154,975,0.14486772486772487,0.12410256410256411,1906,0.34987654320987654,0.3315844700944386,20899,0.8499834185967466,0.8631513469543998,1.0,0.6,3,0.27009646302250806,0.7536305180614646,0.7471848543320047,0.2376085639264795,0.3424360064595094,0.4358974358974359,66.52941176470588,76.0,3.433649767723692,0.16666666666666666,0.4358974358974359,0.24113475177304963,39,17,85,0.0071524724285969565,0.009161963355500125,-0.002009490926903168,-0.0009523809523809545,0.015767195767195763,0.012698412698412709,0.006776905429328961,0.011428571428571427,0.031005291005291008,0.02957671957671959,0.006155006536145757,0.015322590660577728,0.04481573336814165,0.02564102564102566,-0.9291052312664108,-5.970588235294116,0.014436022740555554,0.04052308685824993,0.05128205128205132,-0.5251464350636232,-1.1111111111111143,199.42006316700002
24,3869351576,49510,49510,24755,13164,19328,17018,16461,16159,16890,7469,8087,9199,11,0.7240847096944836,0.7362956978388204,0.7317435663622239,0.7354829625126179,0.7122774133083412,0.6606899962903425,0.8222632894879878,5320,1644,505,934,5343,1810,78,1557,7564,1125,0.08640522875816993,0.0791111111111111,1117,0.18761390887290166,0.17367949865711726,1965,0.5127020382529804,0.49872773536895676,20548,0.8232957461508494,0.8255791317889819,0.2,0.6,3,0.26388888888888884,0.7423025104452443,0.744925386932926,0.2560694809129469,0.38122557286591047,0.4888888888888889,68.45454545454545,70.5,3.3528580084831345,0.20952380952380953,0.4888888888888889,0.29333333333333333,45,22,83,14,0.7075599487324363,0.7170672591395678,0.7119828265448245,0.7175110760241822,0.6652831704378096,0.671448002967726,0.7992173062289379,4969,1986,514,785,5430,1872,71,1776,7352,1125,0.07194444444444444,0.06844444444444445,1117,0.21007993605115907,0.19247985675917637,1965,0.48604142048229404,0.4676844783715013,20548,0.8024980500159385,0.8049445201479463,0.5,0.6,3,0.30000000000000004,0.6185460456227944,0.5636058914378961,0.37196525954352655,0.40175580202435945,0.24444444444444444,73.9090909090909,69.0,0.8887093516461321,0.3333333333333333,0.24444444444444444,0.28205128205128205,45,11,22,25,0.7257612794614814,0.7373863865885679,0.7328950185498616,0.7369118322419936,0.7128129602356407,0.6641523432669717,0.8217197521469725,5324,1641,504,873,5371,1843,81,1559,7559,1125,0.09223856209150327,0.08622222222222223,1117,0.18452438049560352,0.1692032229185318,1965,0.5070961781277975,0.4926208651399491,20548,0.8252711799874914,0.8273311271169943,1.0,0.6,3,0.2699386503067485,0.7416483090373959,0.7444520679993256,0.25651383558876995,0.37587000200949505,0.6,66.33333333333333,65.0,4.1203797212684306,0.20930232558139536,0.6,0.3103448275862069,45,27,102,0.0011514521876376804,-0.019760739817399453,0.020912192005037133,0.005833333333333343,-0.0030895283772981452,-0.005605860125182938,0.0019754338366420043,-0.014460784313725494,0.02246602717825741,-0.0266606177706864,-0.020797696134910892,-0.0006542014078484426,0.01701149425287357,0.1111111111111111,0.767521712785296,-2.1212121212121247,-0.12375646482244995,-0.011282051282051286,-0.24444444444444444,-2.4641486568370023,5.454545454545453,200.773848334
25,2935808314,49510,49510,24755,12766,19170,17574,16809,14653,18048,11749,5972,7034,11,0.7459730909204949,0.7610583720460513,0.7380569166190414,0.7365886470483023,0.8488381989956592,0.6937374413931681,0.6715951094682968,9973,1587,189,979,4143,850,300,2010,4724,1225,0.052222222222222225,0.05142857142857143,1225,0.15705555555555556,0.16,2321,0.41484712873616886,0.4200775527789746,19984,0.8589730239173231,0.8810048038430744,0.2,0.6,1,0.3092105263157895,0.7287848182105471,0.728334569338084,0.24661684508180165,0.32935345979268443,0.5102040816326531,70.56,72.0,2.9488992122803475,0.25510204081632654,0.5102040816326531,0.3401360544217687,49,25,73,14,0.7415392382850197,0.7583922439911129,0.7389259297272287,0.7358876798358093,0.8328368371776321,0.7021098459477562,0.6818311060562979,9785,1802,162,823,4193,956,302,1936,4796,1225,0.09487037037037038,0.09306122448979592,1225,0.16024074074074074,0.16163265306122448,2321,0.4280060444097154,0.4304179233089186,19984,0.8535544561491789,0.8738490792634107,0.2,0.5,5,0.24933687002652521,0.7224975988635522,0.7217543770070205,0.25368612401535046,0.3396829021663852,0.4897959183673469,68.375,68.0,3.8376085639264796,0.20168067226890757,0.4897959183673469,0.2857142857142857,49,24,95,25,0.7499148854335855,0.7642496465360533,0.7418991476482804,0.7404672720698192,0.8496042216358839,0.6990957803081045,0.676997441000853,9982,1599,168,978,4175,819,300,1972,4762,1225,0.05712962962962962,0.0563265306122449,1225,0.1521111111111111,0.15510204081632653,2321,0.42796491681120447,0.43300301594140456,19984,0.8618948835549262,0.8834567654123299,0.2,0.6,1,0.30065359477124187,0.7321454067386629,0.7319006118886638,0.24354675823066047,0.3236846810899529,0.5102040816326531,70.04,77.0,2.9488992122803475,0.25510204081632654,0.5102040816326531,0.3401360544217687,49,25,73,0.003842231029238974,0.000869013108187322,0.002973217921051652,0.004907407407407395,-0.004944444444444446,0.013117788075035608,0.0029218596376030526,0.04264814814814816,0.00318518518518518,0.013158915673546545,-0.0054185677681442,0.0033605885281158265,0.0,0.0,0.0,-0.519999999999996,-0.006287219346994832,-0.054421768707483,-0.020408163265306145,0.8887093516461322,-2.1850000000000023,195.69629841600005
26,572606425,49510,49510,24755,12535,23845,13130,18369,13109,18032,3693,9470,11592,11,0.7571339085589028,0.7502322763078166,0.7271399265022788,0.7319879083771821,0.6585431898185757,0.7130939809926082,0.8097826086956522,2432,1115,146,747,6753,1970,249,1956,9387,1200,0.1641396420343789,0.1825,1186,0.3000501880221822,0.31956155143338955,2201,0.4902080046929586,0.526124488868696,20168,0.8331387829983136,0.8337961126537089,0.2,0.6,5,0.26148409893992935,0.7228581576343793,0.7236612069023444,0.2590183801252272,0.3791808320663484,0.5416666666666666,61.07692307692308,69.0,3.312462128862856,0.24074074074074073,0.5416666666666666,0.33333333333333337,48,26,82,14,0.7485672118414305,0.7464350636235104,0.7256172326552401,0.7289828218102071,0.6685621445978879,0.695142555438226,0.8131469979296067,2469,1053,171,799,6583,2088,248,1918,9426,1200,0.15614743930533403,0.17916666666666667,1186,0.29188944003043477,0.31197301854974707,2201,0.4806832389638171,0.5106769650159019,20168,0.8336644994599295,0.8314656882189607,0.5,0.6,1,0.2626262626262626,0.6239553170291215,0.5810317130704054,0.367966067461119,0.40130237433580646,0.3958333333333333,64.10526315789474,69.0,2.262169258735609,0.25333333333333335,0.3958333333333333,0.3089430894308943,48,19,56,25,0.7578623885134758,0.7518481114926278,0.7291781661264034,0.7337648609380274,0.6634172759274303,0.7095036958817318,0.8146135265700483,2450,1096,147,749,6719,2002,248,1901,9443,1200,0.15408116250221512,0.17083333333333334,1186,0.2989008384179799,0.31871838111298484,2201,0.4828455788087173,0.5188550658791459,20168,0.8374907148273913,0.8373165410551369,0.2,0.6,1,0.27586206896551724,0.7240670243004237,0.7267496556868464,0.25287820642294484,0.37544754649631473,0.5416666666666666,57.19230769230769,64.5,3.878004443546758,0.21311475409836064,0.5416666666666666,0.30588235294117644,48,26,96,0.002038239624124638,-0.0015226938470386253,0.0035609334711632634,-0.010058479532163767,-0.001149349604202321,-0.007362425884241297,0.004351931829077782,-0.007992202729044856,-0.00816074799174743,-0.009524765729141516,0.0005257164616159216,0.0012088666660443614,-0.027450980392156932,0.0,0.5655423146839023,-3.884615384615387,-0.09890284060525778,-0.024390243902439046,-0.14583333333333331,-1.050292870127247,3.0283400809716596,195.01979654199994
27,161963140,49510,49510,24755,15805,17347,16358,12690,20940,15880,7139,8157,9459,11,0.7265275530996643,0.6980407998384165,0.7011045486958206,0.7034400199327063,0.7690152682448522,0.6383474316537943,0.6959509461888149,5490,1171,478,956,5207,1994,310,2566,6583,1175,0.0806111111111111,0.08085106382978724,1175,0.1262777777777778,0.12680851063829787,2158,0.3767572409125099,0.376274328081557,20247,0.8077777425930787,0.8013038968736109,0.5,0.6,3,0.26598465473145777,0.6901729730830363,0.6921454339562628,0.31258331650171683,0.41917823882765365,0.44680851063829785,70.47619047619048,74.0,4.807109674813169,0.15,0.44680851063829785,0.22459893048128343,47,21,119,14,0.7179828764550856,0.6955766511815795,0.6985017769119551,0.7012579426007863,0.7551477798010926,0.6531813166605369,0.6871762342742361,5391,1271,477,942,5328,1887,323,2636,6500,1175,0.08133333333333333,0.08170212765957446,1175,0.11872222222222223,0.11914893617021277,2158,0.36693794687675946,0.36654309545875813,20247,0.8060706781434611,0.7997234158146886,0.5,0.6,1,0.23283582089552235,0.6808998637510273,0.6745510529885158,0.3173500302969097,0.4292650529235566,0.3617021276595745,68.82352941176471,77.0,3.7972126843062006,0.15315315315315314,0.3617021276595745,0.21518987341772153,47,17,94,25,0.7289574354372753,0.7000605938194304,0.7031512225294866,0.7052630796862539,0.7713965541392351,0.6403089371092313,0.6977481763399936,5507,1158,474,980,5223,1954,305,2554,6600,1175,0.07055555555555555,0.07063829787234042,1175,0.1322777777777778,0.1327659574468085,2158,0.3818198092477458,0.381371640407785,20247,0.8099057109902347,0.8034770583296291,0.5,0.6,5,0.2644628099173554,0.688443702242751,0.6908527330997659,0.31448192284386994,0.4155341988988793,0.425531914893617,72.1,76.0,4.76671379519289,0.14492753623188406,0.425531914893617,0.2162162162162162,47,20,118,0.0020466738336659684,-0.0026027717838654763,0.004649445617531445,-0.010055555555555554,0.006000000000000005,0.005062568335235884,0.0021279683971560104,0.0007222222222222213,-0.007555555555555565,-0.009819294035750437,-0.0017070644496175458,-0.0017292708402852908,-0.008382714265067231,-0.021276595744680826,-0.04039587962027902,1.6238095238095127,-0.009273109332008977,-0.009409057063561904,-0.08510638297872336,-1.0098969905069688,-1.6526610644257715,194.994072458
28,3091348244,49510,49510,24755,17963,15986,15561,15727,14950,18833,8046,6594,10115,11,0.7258234083511778,0.765946273480105,0.7653365508696642,0.7623170463495662,0.837434750186428,0.7186836518046709,0.7398912506178942,6738,928,380,699,4739,1156,170,2461,7484,900,0.11746031746031745,0.11888888888888889,878,0.16263377869133266,0.16400911161731208,1672,0.4257388065943268,0.44557416267942584,21305,0.8403551111153744,0.8432292888993194,0.2,0.6,5,0.2031746031746032,0.7691105482927197,0.7684881006409147,0.22532821652191476,0.33739598521548225,0.4444444444444444,62.6875,66.5,3.918400323167037,0.1415929203539823,0.4444444444444444,0.2147651006711409,36,16,97,14,0.7212326226001599,0.7615835184811149,0.7615187181307449,0.7584304505332895,0.835446184439473,0.7176220806794055,0.7314878892733564,6722,920,404,679,4732,1183,178,2538,7399,900,0.1295238095238095,0.13333333333333333,878,0.21473929427886262,0.2164009111617312,1672,0.4191512503787391,0.4354066985645933,21305,0.8334471221196592,0.8361886881013847,0.2,0.6,3,0.2175438596491228,0.7572176699551035,0.7605756291467101,0.22500504948495254,0.35231244974472664,0.3611111111111111,68.3076923076923,70.0,2.54494041607756,0.17105263157894737,0.3611111111111111,0.23214285714285712,36,13,63,25,0.7283838112830802,0.7687739850535246,0.7679848694306434,0.765061397175567,0.8380561769823515,0.7212617531088868,0.744636678200692,6743,914,389,683,4756,1155,172,2411,7532,900,0.1219047619047619,0.12444444444444444,878,0.16530044535799934,0.1662870159453303,1672,0.42991101893163436,0.44976076555023925,21305,0.8428347289374033,0.8458577798638817,0.2,0.6,5,0.2049689440993789,0.7716978963787188,0.7711277081308161,0.22254090082811553,0.3334255403981651,0.3888888888888889,64.28571428571429,67.0,3.7972126843062006,0.12962962962962962,0.3888888888888889,0.19444444444444445,36,14,94,0.002648318560979135,-0.0038178327389193356,0.0064661512998984705,0.004444444444444459,0.0026666666666666783,0.004172212337307579,0.002479617822028879,0.012063492063492068,0.05210551558752996,-0.006587556215587653,-0.0069079889957152085,0.0025873480859990305,-0.02032065622669646,-0.055555555555555525,-0.12118763886083617,1.5982142857142918,-0.011892878337616208,0.017377756471716216,-0.08333333333333331,-1.3734599070894769,5.620192307692307,196.13230029200002
29,3384635071,49510,49510,24755,15541,13043,20926,16852,16522,16136,8602,6271,9882,11,0.750432545855038,0.7379923247828721,0.7335434354305951,0.7278691300250838,0.8513136479888398,0.6612980385903364,0.6880186197126088,7323,873,406,1414,4147,710,317,2766,6799,1225,0.15814814814814815,0.15755102040816327,1225,0.2889074074074074,0.28816326530612246,2370,0.48655542021120324,0.4869198312236287,19935,0.8223449216837516,0.8311512415349888,0.5,0.6,1,0.2838709677419355,0.7192255764234502,0.7142004972446405,0.27469198141789536,0.36677593892418386,0.5102040816326531,57.24,55.0,4.241567360129267,0.19230769230769232,0.5102040816326531,0.2793296089385475,49,25,105,14,0.7421797058226627,0.7084225409008281,0.7065837337458375,0.7002139329851399,0.8266682166937921,0.6514112581725403,0.64167172637118,7111,1081,410,1537,4085,649,321,3220,6341,1225,0.15483333333333335,0.15346938775510205,1225,0.27375925925925926,0.27183673469387754,2370,0.4650413680563121,0.46624472573839665,19935,0.7910945232032832,0.7981439678956609,1.0,0.6,1,0.2764227642276422,0.6499552559092425,0.6360590447509743,0.30587760048475054,0.4024026840214414,0.3877551020408163,64.21052631578948,67.0,2.22177337911533,0.25675675675675674,0.3877551020408163,0.30894308943089427,49,19,55,25,0.7573455926436133,0.7388810341345183,0.7348167441017525,0.7294908621392917,0.8388746803069054,0.6700685696061234,0.6955069823922283,7216,964,422,1345,4202,724,289,2720,6873,1225,0.1365185185185185,0.1363265306122449,1225,0.27455555555555555,0.2742857142857143,2370,0.4789196714763428,0.4805907172995781,19935,0.8273353995312913,0.8351642839227489,1.0,0.6,1,0.27607361963190186,0.7143311806811555,0.7084269082563543,0.28143809331448194,0.36511093903645764,0.4897959183673469,56.208333333333336,54.5,4.76671379519289,0.16901408450704225,0.4897959183673469,0.2513089005235602,49,24,118,0.0012733086711573804,-0.026959701684757587,0.028233010355914967,-0.021629629629629638,-0.014351851851851838,-0.007635748734860448,0.004990477847539698,-0.0033148148148147982,-0.015148148148148133,-0.02151405215489116,-0.0312503984804684,-0.004894395742294666,-0.028020708414987328,-0.020408163265306145,0.5251464350636237,-1.0316666666666663,-0.06927032051420767,0.029613480492346744,-0.12244897959183676,-2.0197939810139367,6.970526315789478,196.47769949999997
30,1727305320,49510,49510,24755,22857,11672,14981,19380,13035,17095,6761,8926,9068,11,0.747135759541468,0.7225610987679256,0.7270242710824529,0.7274312669106759,0.7768081644727112,0.6962805287922922,0.7079841199823556,5252,1002,507,1330,6215,1381,241,2407,6420,1150,0.144,0.1426086956521739,1150,0.15355555555555556,0.15217391304347827,2166,0.3808028561476837,0.3799630655586334,20289,0.8363996597898046,0.8243383114002661,0.2,0.6,1,0.24691358024691357,0.7390659740140649,0.7387465378304486,0.2641890527166229,0.3927967787742084,0.391304347826087,70.66666666666667,75.5,4.281963239749546,0.14516129032258066,0.391304347826087,0.21176470588235294,46,18,106,14,0.7377781698319964,0.7180771561300747,0.7227363419250518,0.7228243486524176,0.7741458364147316,0.6997535290163567,0.694309660344067,5234,983,544,1400,6246,1280,257,2515,6296,1150,0.1436666666666667,0.1426086956521739,1150,0.17577777777777778,0.17478260869565218,2166,0.3848260934467831,0.3831948291782087,20289,0.8297060657496246,0.8172408694366405,1.0,0.6,1,0.25903614457831325,0.7083972259372823,0.7019976369552546,0.2970309028479095,0.4204270375449266,0.5,68.34782608695652,76.0,4.76671379519289,0.16312056737588654,0.5,0.24598930481283424,46,23,118,25,0.7474725992105667,0.7251060391840032,0.7293341161000355,0.7298805895105436,0.7760686289010501,0.7071476585256554,0.704786060873401,5247,1003,511,1321,6312,1293,242,2435,6391,1150,0.13883333333333334,0.1373913043478261,1150,0.15883333333333335,0.15739130434782608,2166,0.38669577548887896,0.3850415512465374,20289,0.8385928608525086,0.8269012765537976,0.2,0.6,1,0.25559105431309903,0.7334274261557417,0.732658104937161,0.26980407998384165,0.38988078129892945,0.391304347826087,71.22222222222223,75.5,4.362754998990103,0.14285714285714285,0.391304347826087,0.20930232558139536,46,18,108,0.002309845017582579,-0.004287929157401171,0.00659777417498375,-0.005166666666666653,0.005277777777777798,0.005892919341195235,0.002193201062704042,-0.0003333333333332966,0.022222222222222227,0.004023237299099369,-0.006693594040179995,-0.005638547858323184,-0.0024623803009575784,0.0,0.08079175924055715,0.5555555555555571,-0.03066874807678266,0.0342245989304813,0.10869565217391303,0.48475055544334467,-2.3188405797101552,196.82740054200002
31,3892276857,49510,49510,24755,15055,19806,14649,14915,13343,21252,10355,4070,10330,11,0.7474538109893683,0.7528580084831347,0.7219131080428683,0.7104831025710908,0.7749879285369387,0.5997542997542997,0.7909970958373669,8025,1463,867,404,2441,1225,354,1805,8171,1275,0.07723809523809523,0.07764705882352942,1275,0.16406349206349205,0.15529411764705883,2325,0.44269354425687585,0.4206451612903226,19880,0.8343649254837345,0.8733400402414487,0.5,0.6,1,0.29239766081871343,0.7241430178482816,0.7142521932911978,0.2442334881842052,0.35134226493672077,0.5686274509803921,66.48275862068965,67.0,3.9991920824075944,0.2265625,0.5686274509803921,0.3240223463687151,51,29,99,14,0.7348928813473193,0.7407796404766713,0.7060157702943362,0.6960461445510674,0.7693867696764848,0.5687960687960688,0.779864472410455,7967,1513,875,460,2315,1295,370,1904,8056,1275,0.07857142857142857,0.07372549019607844,1275,0.15082539682539683,0.1380392156862745,2325,0.4430775848276931,0.42752688172043013,19880,0.8148403521656366,0.8588531187122737,0.5,0.6,1,0.2916666666666667,0.6414815591564714,0.6451151448103404,0.26624924257725713,0.36463330272575445,0.35294117647058826,70.33333333333333,70.0,2.0601898606342153,0.2608695652173913,0.35294117647058826,0.3,51,18,51,25,0.7477041988163716,0.7559684912138962,0.7245954499897417,0.7133651069606226,0.776050217286335,0.6007371007371007,0.7969990319457889,8036,1457,862,413,2445,1212,347,1750,8233,1275,0.08457142857142858,0.08235294117647059,1275,0.1666984126984127,0.1568627450980392,2325,0.44625837232832843,0.42752688172043013,19880,0.8366665422256793,0.8760060362173038,0.5,0.6,3,0.2929936305732484,0.722033544223394,0.7122379608421244,0.24694001211876387,0.347226216565389,0.5490196078431373,66.67857142857143,68.0,3.5952332862048073,0.23931623931623933,0.5490196078431373,0.3333333333333333,51,28,89,0.0026823419468733345,-0.015897337748532192,0.018579679695405527,0.0073333333333333445,0.0026349206349206566,0.003564828071452586,0.002301616741944734,0.0013333333333333391,-0.013238095238095215,0.00038404057081725673,-0.019524573318097982,-0.002109473624887559,0.00931098696461824,-0.019607843137254832,-0.4039587962027871,0.19581280788177935,-0.08266145869181019,-0.024022346368715086,-0.21568627450980388,-1.939002221773379,3.8505747126436773,196.44654370900003
32,3885075678,49510,49510,24755,17872,18246,13392,13167,18788,17555,7990,9781,6984,11,0.7297801583490049,0.705514037568168,0.7023221484526588,0.7079877908560199,0.7065081351689612,0.7290665576116961,0.6713917525773195,5645,1923,422,768,7131,1882,277,2018,4689,1250,0.07943019943019942,0.0624,1250,0.11616734143049934,0.1032,2351,0.4775562604507502,0.4615057422373458,19904,0.8186241648652555,0.8125502411575563,0.2,0.6,5,0.3042071197411004,0.709441480614618,0.7100052872339049,0.2906483538679055,0.4127892611504199,0.52,74.03846153846153,81.5,3.7972126843062006,0.21666666666666667,0.52,0.3058823529411765,50,26,94,14,0.7258701034378806,0.7051908705312058,0.7002715414418442,0.7068010960731931,0.7017521902377972,0.7432777834577241,0.6557846506300115,5607,1932,451,769,7270,1742,279,2125,4580,1250,0.1259919028340081,0.1048,1250,0.18000599790073477,0.1536,2351,0.4781362064910848,0.45852828583581456,19904,0.810915415355149,0.8066720257234726,1.0,0.6,1,0.3214285714285714,0.5525966314065468,0.4194876834052034,0.4989295091900626,0.43393236160692344,0.18,77.44444444444444,77.0,1.1310846293678045,0.24324324324324326,0.18,0.20689655172413796,50,9,28,25,0.7336021396538337,0.7119773783074126,0.7082890589807755,0.7142028688451779,0.7100125156445557,0.7403128514466824,0.6745418098510882,5673,1903,414,751,7241,1789,270,2003,4711,1250,0.0852781526465737,0.0688,1250,0.12906282801019645,0.1144,2351,0.4846965092873954,0.46746065504040835,19904,0.8242303998984756,0.8187801446945338,0.2,0.6,5,0.31333333333333335,0.7050546858052554,0.7053566184378518,0.2955766511815795,0.4085683926236613,0.52,74.3076923076923,79.5,3.635629165825086,0.22413793103448276,0.52,0.3132530120481928,50,26,90,0.005966910528116709,-0.002050607010814609,0.008017517538931318,0.005847953216374269,0.012895486579697107,0.007140248836645158,0.005606235033220108,0.04656170340380868,0.06383865647023543,0.0005799460403345669,-0.007708749510106472,-0.004386794809362549,0.007370659107016286,0.0,-0.16158351848111474,0.2692307692307736,-0.15684484920807118,-0.09898580121703854,-0.34,-2.666128054938396,3.40598290598291,197.11023770800006
33,2402062183,49510,49510,24755,20610,12221,16679,11730,16273,21507,6568,8386,9801,11,0.7448599424491524,0.7219147646940012,0.7272348151463475,0.7287673223625187,0.7704019488428745,0.7216789887908419,0.689623507805326,5060,1266,242,989,6052,1345,232,2810,6759,1300,0.1484705882352941,0.15615384615384614,1300,0.24084967320261438,0.25,2313,0.4675882494643923,0.4885430177258971,19842,0.8308080682696558,0.8171051305311965,1.0,0.6,5,0.24,0.726508237688367,0.7283559079281039,0.2758230660472632,0.41029774955929776,0.6153846153846154,64.46875,66.5,4.564734397091497,0.2206896551724138,0.6153846153846154,0.32487309644670054,52,32,113,14,0.735647148914868,0.699414259745506,0.7054833491910472,0.7077273299408376,0.7617235079171741,0.6831624135463868,0.6715641261095806,5003,1302,263,1015,5729,1642,226,2993,6582,1300,0.13358169934640524,0.1423076923076923,1300,0.22030065359477127,0.23076923076923078,2313,0.45288869364385703,0.47686986597492437,19842,0.806361263111786,0.7925612337465981,0.2,0.6,1,0.23809523809523808,0.7018441742428378,0.698453645406575,0.3016360331246213,0.4236483326775406,0.5,71.46153846153847,77.0,3.918400323167037,0.21138211382113822,0.5,0.29714285714285715,52,26,97,25,0.7486951539356591,0.7203393253888103,0.7254057543945985,0.727200360260969,0.7678136419001218,0.7171476269973766,0.6912559942862974,5043,1269,256,990,6014,1382,222,2804,6775,1300,0.1277516339869281,0.13692307692307693,1300,0.24096732026143788,0.25,2313,0.45797697125711867,0.48076091655858194,19842,0.8304490006264825,0.8173067231125895,1.0,0.6,1,0.2545454545454545,0.7328408380554253,0.7343781189485811,0.2705716016966269,0.4069632351918455,0.6730769230769231,59.74285714285714,60.0,5.938194304180974,0.19230769230769232,0.6730769230769231,0.2991452991452992,52,35,147,-0.0018290607517489343,-0.02175146595530031,0.019922405203551374,-0.020718954248366006,0.00011764705882350013,-0.009611278207273644,-0.0003590676431732831,-0.014888888888888868,-0.02054901960784311,-0.014699555820535282,-0.02444680515786979,0.006332600367058294,-0.025727797301401345,0.05769230769230771,1.3734599070894769,-4.72589285714286,-0.024664063445529183,-0.027730239303843385,-0.11538461538461542,-0.6463340739244603,6.992788461538467,197.05683433399997
34,3906362348,49510,49510,24755,18312,12969,18229,17365,15705,16440,6337,7590,10828,11,0.7460253182848389,0.7385174712179358,0.7517369517161385,0.7493275575180868,0.7991163010888434,0.7870882740447958,0.6690062800147765,5064,1120,153,474,5974,1142,204,3380,7244,925,0.08370851370851369,0.08216216216216216,925,0.15414141414141416,0.15567567567567567,1794,0.4688556865476885,0.4810479375696767,21111,0.8369071385049867,0.8146937615461134,0.2,0.6,5,0.2857142857142857,0.7459449583309828,0.7460184929217001,0.25817006665320136,0.36291087327237714,0.40540540540540543,72.26666666666667,75.0,3.7164209250656435,0.14018691588785046,0.40540540540540543,0.20833333333333334,37,15,92,14,0.7472260405959865,0.7296707735810948,0.7426469356866413,0.7409249944138119,0.7934353795171216,0.7714097496706193,0.6630956778721833,5028,1212,97,489,5855,1246,210,3438,7180,925,0.09186147186147185,0.08756756756756756,925,0.1791053391053391,0.18162162162162163,1794,0.4733792689175103,0.48773690078037907,21111,0.8245492320403914,0.8023779072521434,1.0,0.6,1,0.3003003003003003,0.7514601061269567,0.7512172890427862,0.2468996162391436,0.38244539157120505,0.5135135135135135,64.0,61.0,4.524338517471218,0.1450381679389313,0.5135135135135135,0.2261904761904762,37,19,112,25,0.7486810931428723,0.7388810341345183,0.7526189915556368,0.7499760103400298,0.7972226605649361,0.7957839262187089,0.6648503878832656,5052,1157,128,456,6040,1094,202,3427,7199,925,0.08015873015873017,0.07783783783783783,925,0.14848484848484847,0.1491891891891892,1794,0.47657872021443337,0.48940914158305465,21111,0.8377150756785122,0.8148832362275591,1.0,0.6,3,0.28482972136222906,0.7623687721703347,0.7622649986188947,0.24378913350838213,0.35968046222387,0.5135135135135135,64.73684210526316,70.0,4.241567360129267,0.1532258064516129,0.5135135135135135,0.23602484472049692,37,19,105,0.0008820398394983053,-0.009090016029497217,0.009972055868995522,-0.003549783549783525,-0.005656565656565693,0.007723033666744872,0.0008079371735255636,0.008152958152958162,0.02496392496392494,0.00452358236982181,-0.012357906464595225,0.016423813839351875,0.02769151138716358,0.10810810810810806,0.5251464350636232,-7.529824561403501,0.00551514779597384,0.01785714285714285,0.10810810810810806,0.8079175924055746,-8.266666666666666,197.61321900000002
35,1659033537,49510,49510,24755,18800,14697,16013,17259,15432,16819,7457,7284,10014,11,0.7491549110956077,0.7260351444152696,0.7280746413003,0.729843999350877,0.741853292208663,0.7336628226249313,0.7087078090673058,5532,1464,461,489,5344,1451,265,2652,7097,1225,0.10261111111111111,0.09959183673469388,1222,0.16559284116331097,0.16448445171849427,2150,0.39018851366242413,0.3767441860465116,20158,0.8407344682893737,0.835400337335053,0.2,0.6,5,0.28758169934640526,0.7308307598780059,0.7326388716364108,0.2689153706321955,0.3780351548943425,0.46938775510204084,73.30434782608695,75.0,3.878004443546758,0.19327731092436976,0.46938775510204084,0.2738095238095238,49,23,96,14,0.7407112716039613,0.7318925469602101,0.7340540229984355,0.7358018499295339,0.7427920075097224,0.7454695222405272,0.7139005392450569,5539,1464,454,448,5430,1406,244,2621,7149,1225,0.12364814814814816,0.12081632653061225,1222,0.19955667412378822,0.19476268412438624,2150,0.42031929953683367,0.40651162790697676,20158,0.8416509512933436,0.836293283063796,1.0,0.6,1,0.27027027027027023,0.7246405698714389,0.7275054242349298,0.26867299535447386,0.3828530050909369,0.4897959183673469,70.29166666666667,71.0,4.564734397091497,0.17518248175182483,0.4897959183673469,0.25806451612903225,49,24,113,25,0.7521963850743004,0.7328620480710968,0.734388119766296,0.7364607742077944,0.7431943140673193,0.7399780340472268,0.719992011184342,5542,1458,457,435,5390,1459,253,2551,7210,1225,0.10335185185185185,0.10040816326530612,1222,0.1805372856077554,0.1783960720130933,2150,0.3914813399690284,0.37813953488372093,20158,0.8474016865208028,0.8427423355491617,0.2,0.6,5,0.2980132450331126,0.7328387908773405,0.7346344315097477,0.26681478489194105,0.37080958334325326,0.42857142857142855,65.57142857142857,72.0,3.7972126843062006,0.1826086956521739,0.42857142857142855,0.25609756097560976,49,21,94,0.0063134784659960586,0.0059793816981355,0.00033409676786055886,0.0007407407407407363,0.014944444444444427,0.0012928263066042667,0.006667218231429128,0.02103703703703705,0.03396383296047725,0.030130785874409538,0.0009164830039698479,0.0020080309993345535,-0.01771196283391402,-0.04081632653061229,-0.08079175924055759,-7.732919254658384,-0.0061901900065670645,-0.01574500768049153,0.02040816326530609,0.6867299535447389,-3.012681159420282,197.53237587500007
36,1175426631,49510,49510,24755,14212,20120,15178,16681,18214,14615,8966,7743,8046,11,0.7138283388242256,0.7301959200161584,0.7261277864688958,0.7282660673052668,0.8213250055766228,0.6828102802531318,0.6742480735769326,7364,1354,248,804,5287,1652,196,2425,5425,1125,0.05988795518207283,0.057777777777777775,1125,0.1776470588235294,0.17866666666666667,2137,0.39715196256806223,0.40009358914365933,20368,0.8264638747344083,0.8324332285938727,0.5,0.6,5,0.25000000000000006,0.7270154720850398,0.7274337325096502,0.2673399313270046,0.36676482631155544,0.4222222222222222,67.52631578947368,71.0,3.756816804685922,0.16964285714285715,0.4222222222222222,0.24203821656050958,45,19,93,14,0.7195235444920075,0.7239749545546355,0.7205149650554002,0.7230658238953381,0.8051527994646442,0.694821128761462,0.6615709669400944,7219,1477,270,745,5380,1618,186,2537,5323,1125,0.08364145658263306,0.08355555555555555,1125,0.17551820728291315,0.17777777777777778,2137,0.4042362436908653,0.4071127749181095,20368,0.8175476456084935,0.8227611940298507,1.0,0.5,5,0.2512315270935961,0.7238551637106673,0.7252654413680707,0.2718238739648556,0.3848028295031178,0.4888888888888889,63.90909090909091,65.0,4.76671379519289,0.15714285714285714,0.4888888888888889,0.23783783783783785,45,22,118,25,0.7184253225231269,0.7353261967279338,0.7314546970208108,0.7335086015179891,0.8223287976801249,0.691075810409402,0.6809594829729058,7373,1330,263,766,5351,1626,189,2378,5479,1125,0.06369747899159664,0.06133333333333333,1125,0.18016806722689074,0.18133333333333335,2137,0.41731417095491213,0.42021525503041646,20368,0.8304791654200635,0.8362136684996072,1.0,0.6,5,0.2813455657492355,0.725745105469871,0.7265010782299305,0.2689153706321955,0.3606183571066059,0.4,61.166666666666664,63.5,3.5548374065845283,0.16981132075471697,0.4,0.23841059602649006,45,18,88,0.005326910551915032,-0.005612821413495506,0.010939731965410537,0.0038095238095238113,0.0025210084033613356,0.0201622083868499,0.004015290685655204,0.023753501400560227,-0.002128851540616261,0.007084281122803071,-0.008916229125914832,-0.001270366615168772,-0.003627620534019521,-0.0222222222222222,-0.20197939810139376,-6.359649122807021,-0.0031603083743725335,-0.004200378722671733,0.06666666666666665,1.0098969905069684,-3.6172248803827785,198.34111354199996
37,1682895718,49510,49510,24755,12926,15390,21194,16606,15129,17775,8558,7275,8922,11,0.7401733835629328,0.7719248636639063,0.7674883949871708,0.7689228446640962,0.7751811170834307,0.699106529209622,0.82817753866846,6634,1253,671,508,5086,1681,210,1323,7389,1029,0.02416666666666667,0.024295432458697766,1025,0.1261111111111111,0.13365853658536586,2012,0.4002987343753202,0.4125248508946322,20689,0.8707465245835349,0.8756827299531151,0.2,0.6,5,0.2727272727272727,0.7519835019831772,0.7535266614659619,0.2425368612401535,0.3441146147092041,0.42857142857142855,68.94444444444444,71.5,2.7873156937992323,0.20689655172413793,0.42857142857142855,0.2790697674418604,42,18,69,14,0.7419918907945426,0.7646940012118764,0.761284466686092,0.7626592637824908,0.7541481654592195,0.7116151202749141,0.8180901143241426,6454,1432,672,436,5177,1662,210,1413,7299,1029,0.05142266126308679,0.05442176870748299,1025,0.12405982905982905,0.13073170731707318,2012,0.40483510418259855,0.415506958250497,20689,0.8616390528045862,0.8653874039344579,1.0,0.6,1,0.24550898203592814,0.7336034583039269,0.7342317921649663,0.2541304786911735,0.36660070118532156,0.47619047619047616,57.0,60.0,3.3932538881034136,0.19230769230769232,0.47619047619047616,0.273972602739726,42,20,84,25,0.7438491885783846,0.7735810947283377,0.7694034219860342,0.7708673498319233,0.7741294695022202,0.7055670103092784,0.8285137861466039,6625,1259,674,468,5133,1674,206,1324,7392,1029,0.027663796014859843,0.028182701652089408,1025,0.12722222222222224,0.13463414634146342,2012,0.4065031210544326,0.4179920477137177,20689,0.8722196176998195,0.8768911015515491,0.2,0.6,3,0.2716049382716049,0.761094711531526,0.7627348466563432,0.23377095536255302,0.340787318770466,0.47619047619047616,66.25,66.5,2.86810745303979,0.21978021978021978,0.47619047619047616,0.3007518796992481,42,20,71,0.0019150269988633672,-0.006203928301078854,0.008118955299942221,0.003497129348193174,0.001111111111111146,0.006204386679112384,0.0014730931162846295,0.02725599459642012,-0.0020512820512820357,0.00453636980727834,-0.009107471778948661,0.009111209548348764,0.021682112257387698,0.047619047619047616,0.08079175924055759,-2.694444444444443,-0.01838004367925028,-0.0050971647021343935,0.047619047619047616,0.6059381943041813,-11.944444444444443,196.51537670799996
38,2019104162,49510,49510,24755,14581,17776,17153,14375,18380,16755,6903,11275,6577,11,0.7584403044504708,0.751444152696425,0.7578297997047793,0.7542308633656883,0.7771983195712009,0.7228381374722838,0.773452942070853,5365,1366,172,1227,8150,1898,191,1299,5087,1050,0.13005050505050506,0.12380952380952381,1034,0.17594315744315744,0.17988394584139264,1930,0.39855923481869654,0.40932642487046633,20741,0.8591982746151677,0.8435465985246613,1.0,0.6,5,0.2935779816513761,0.7699603092025291,0.763168859349873,0.23898202383356898,0.3671469064930699,0.40476190476190477,61.76470588235294,64.0,4.76671379519289,0.1259259259259259,0.40476190476190477,0.192090395480226,42,17,118,14,0.7559070270500539,0.7571803676025045,0.7607622329997366,0.7589869666930368,0.7656091554396639,0.7415521064301552,0.7751254371293903,5285,1424,194,1154,8361,1760,210,1269,5098,1050,0.1392828282828283,0.13428571428571429,1034,0.18007250107250106,0.18085106382978725,1930,0.39490303446358954,0.40207253886010363,20741,0.8622850731112557,0.850489368882889,1.0,0.6,3,0.27758007117437716,0.7245828753878647,0.6832919078747671,0.3201777418703292,0.3884453917317121,0.30952380952380953,64.61538461538461,67.0,3.0700868511411836,0.14606741573033707,0.30952380952380953,0.1984732824427481,42,13,76,25,0.7601770737906901,0.7587962027873157,0.7643614896459581,0.7612652405201099,0.7803853397073736,0.7339246119733924,0.7787745172571081,5387,1344,172,1168,8275,1832,193,1262,5122,1050,0.1299949494949495,0.12380952380952381,1034,0.16899871299871302,0.172147001934236,1930,0.3933314489454103,0.40310880829015544,20741,0.8676484144040936,0.8532857624993974,0.5,0.6,5,0.28571428571428575,0.7730871918033903,0.7672306201334731,0.23461926883457887,0.3608791980222106,0.40476190476190477,62.411764705882355,66.0,4.403150878610382,0.1349206349206349,0.40476190476190477,0.20238095238095238,42,17,109,0.006531689941178809,0.002932433294957293,0.003599256646221516,-5.555555555555869e-05,-0.00694444444444442,-0.005227785873286261,0.008450139788925837,0.009232323232323258,0.0041293436293436125,-0.0036562003551069977,0.00308679849608795,0.003126882600861136,0.010290556900726389,0.0,-0.3635629165825085,0.647058823529413,-0.045377433814664414,0.006382886962522094,-0.09523809523809523,-1.6966269440517068,2.850678733031671,197.15127470899995
39,3152620351,49510,49510,24755,18003,12347,19160,16585,20849,12076,11919,4752,8084,11,0.73802851338111,0.7737426782468189,0.7524035281387564,0.7407607296676432,0.8087087842939844,0.6586700336700336,0.7898317664522514,9639,1820,460,698,3130,924,147,1552,6385,1075,0.04601709401709402,0.045581395348837206,1068,0.16082998885172797,0.15917602996254682,1923,0.5797726266473737,0.5642225689027561,20689,0.8375543380809373,0.8627773212818406,0.2,0.6,5,0.3018867924528302,0.7498552018522586,0.7396090227938935,0.22710563522520702,0.32136901801365597,0.627906976744186,70.33333333333333,69.0,2.666128054938396,0.2903225806451613,0.627906976744186,0.39705882352941185,43,27,66,14,0.7269469894456791,0.7761260351444152,0.7561477440898358,0.7442308035043181,0.8176021478311939,0.6784511784511784,0.7723899059871351,9745,1703,471,761,3224,767,144,1696,6244,1075,0.05764102564102564,0.05674418604651163,1068,0.18176923076923077,0.18258426966292135,1923,0.5864866032321635,0.5720228809152366,20689,0.8408395457324082,0.8631156653294021,0.2,0.6,1,0.2723735408560311,0.6761064335155753,0.6760422113230303,0.25675621086649164,0.3332496394793272,0.4418604651162791,66.05263157894737,65.0,1.656231064431428,0.31666666666666665,0.4418604651162791,0.3689320388349514,43,19,41,25,0.7397480265106976,0.7793577055140376,0.7603591195644177,0.7479427699667972,0.8136588639986576,0.6805555555555556,0.78686293913904,9698,1750,471,705,3234,813,146,1577,6361,1075,0.03993162393162394,0.03906976744186046,1068,0.16088145670754364,0.1601123595505618,1923,0.5907829379019743,0.5761830473218928,20689,0.8476231988481272,0.8686741746821983,0.2,0.6,5,0.3116883116883117,0.7540606614430564,0.7436661049804041,0.2237123813371036,0.31641721203233525,0.6046511627906976,68.15384615384616,65.5,2.6257321753181175,0.2857142857142857,0.6046511627906976,0.3880597014925373,43,26,65,0.007955591425661268,0.0037442159510793216,0.0042113754745819465,-0.006085470085470085,5.146785581566782e-05,0.011010311254600613,0.010068860767189936,0.011623931623931619,0.020939241917502793,0.0067139765847897825,0.0032852076514708894,0.0042054595907977665,-0.00899912203687453,-0.023255813953488413,-0.040395879620278574,-2.179487179487168,-0.07374876833668331,-0.02812678469446045,-0.18604651162790697,-1.0098969905069681,-4.280701754385959,197.39136091699993
40,660207312,49510,49510,24755,14340,15641,19529,18986,17293,13231,7463,8325,8967,11,0.7008028301746174,0.7201777418703292,0.7180913446926356,0.7218482004563338,0.7147259815087766,0.6455255255255256,0.7940225270436043,5334,1458,671,752,5374,2199,264,1583,7120,1125,0.12367003367003367,0.12,1125,0.22518518518518515,0.19377777777777777,2020,0.47091753074511694,0.44455445544554456,20485,0.8136791319476311,0.8092262631193556,1.0,0.6,3,0.28418230563002683,0.7188846109234058,0.7212395019074821,0.27780246414865684,0.3994606845164699,0.4222222222222222,55.78947368421053,57.0,4.645526156332054,0.1417910447761194,0.4222222222222222,0.21229050279329606,45,19,115,14,0.694442214314476,0.7035346394667744,0.7008859625399427,0.7051935557033189,0.6936888650676671,0.6156156156156156,0.7933534069365451,5177,1610,676,725,5125,2475,242,1611,7114,1125,0.13300505050505051,0.12622222222222224,1125,0.2226851851851852,0.19555555555555557,2020,0.47169741178361874,0.44356435643564357,20485,0.7925274369298764,0.7887722723944349,1.0,0.6,1,0.256,0.6885638586164239,0.6858852628440802,0.3085841244193092,0.4176986217722131,0.4,66.11111111111111,64.0,4.645526156332054,0.13533834586466165,0.4,0.20224719101123595,45,18,115,25,0.7026490671240567,0.7198141789537467,0.7176324868124256,0.7215138065943999,0.7131180490419402,0.6440840840840841,0.7956953273112524,5322,1472,669,740,5362,2223,252,1580,7135,1125,0.13700336700336702,0.12977777777777777,1125,0.22585016835016836,0.19822222222222222,2020,0.48675870106904595,0.45742574257425744,20485,0.8111642498723087,0.806736636563339,0.5,0.6,1,0.272,0.7168925296307312,0.719452983518131,0.280145425166633,0.39661998436617263,0.4222222222222222,58.73684210526316,59.0,4.322359119369824,0.15079365079365079,0.4222222222222222,0.22222222222222224,45,19,107,-0.00045885788020993967,-0.01720538215269285,0.01674652427248291,0.01333333333333335,0.0006649831649832016,0.01584117032392901,-0.0025148820753223555,0.009335016835016849,-0.0024999999999999467,0.0007798810385017951,-0.021151695017754713,-0.0019920812926745857,0.009931719428926178,0.0,-0.32316703696223037,2.94736842105263,-0.030320752306981946,-0.01004331178206011,-0.0222222222222222,0.0,10.321637426900587,197.42335012499996
41,3214725941,49510,49510,24755,15603,16841,17066,18613,15873,15024,7709,7961,9085,11,0.7392120302219315,0.731448192284387,0.7328626318125785,0.7348759426602584,0.7544428589959787,0.7375957794246953,0.7065492570170611,5816,1416,477,621,5872,1468,480,2186,6419,1300,0.16094117647058823,0.1476923076923077,1300,0.22018300653594772,0.21153846153846154,2418,0.4376762347659109,0.4325889164598842,19737,0.8436226184977382,0.8407559406191417,0.5,0.6,5,0.21153846153846154,0.7189696197411509,0.7213227559288632,0.28119571803676024,0.388377623900497,0.46153846153846156,54.0,55.0,5.170672591395678,0.15789473684210525,0.46153846153846156,0.23529411764705882,52,24,128,14,0.7361198238657787,0.7259947485356494,0.7263324069304158,0.7296193657340311,0.7345959268387598,0.7236528074362517,0.7207484865162356,5663,1494,552,568,5761,1632,398,2139,6548,1300,0.15691503267973853,0.14692307692307693,1300,0.20066666666666666,0.1930769230769231,2418,0.4331027021936393,0.4263854425144748,19737,0.8380429365830975,0.835942645792167,0.2,0.5,5,0.18487394957983194,0.7202060995808437,0.722564304944289,0.27986265400929106,0.40128885655994484,0.4423076923076923,55.65217391304348,62.0,4.8475055544334475,0.16083916083916083,0.4423076923076923,0.2358974358974359,52,23,120,25,0.7432877712468727,0.7350434255705918,0.7362972690663948,0.7385506189511251,0.7513296147360228,0.7455093581208391,0.7120528343423225,5792,1432,485,587,5935,1439,445,2171,6469,1300,0.1633856209150327,0.15076923076923077,1300,0.21194771241830065,0.2023076923076923,2418,0.43709610452823355,0.4305210918114144,19737,0.848516546913947,0.8459238992754725,0.5,0.6,5,0.21639344262295082,0.7275169448794356,0.7298839404300465,0.2725106039184003,0.3826614888096125,0.4230769230769231,56.54545454545455,58.0,4.564734397091497,0.16296296296296298,0.4230769230769231,0.2352941176470588,52,22,113,0.0034346372538163195,-0.006530224882162705,0.009964862135979025,0.0024444444444444713,-0.008235294117647063,-0.0005801302376773343,0.004893928416208726,-0.004026143790849701,-0.019516339869281057,-0.00457353257227161,-0.005579681914640755,0.008547325138284712,-2.7755575615628914e-17,-0.03846153846153849,-0.6059381943041808,2.5454545454545467,0.0012364798396927723,0.0006033182503770718,-0.019230769230769273,-0.32316703696223037,1.6521739130434767,197.739129875
42,3519752463,49510,49510,24755,16064,18057,15389,13096,14184,22230,12297,6309,6149,11,0.743662058433011,0.7353261967279338,0.707260888371887,0.7031251067752574,0.818736277140766,0.7660485021398002,0.5369978858350951,10068,1825,404,852,4833,624,267,2580,3302,1150,0.06850202429149797,0.06,1150,0.1293387314439946,0.11652173913043479,2090,0.3778535787460924,0.3626794258373206,20365,0.8132407996884989,0.8466486619199607,0.5,0.6,5,0.24516129032258066,0.7031890822212579,0.6987520430019378,0.27146031104827306,0.3654322927660478,0.45652173913043476,69.47619047619048,75.0,3.7164209250656435,0.18584070796460178,0.45652173913043476,0.26415094339622647,46,21,92,14,0.732500157772256,0.7293476065441326,0.7047858574137026,0.699627708828098,0.8018215824997967,0.77635124425424,0.5361847454870711,9860,2052,385,800,4898,611,265,2587,3297,1150,0.06709851551956815,0.058260869565217394,1150,0.12487372276845961,0.10956521739130434,2090,0.37235041914143685,0.3559808612440191,20365,0.8108548274363306,0.8405597839430395,0.5,0.6,1,0.296028880866426,0.7123504979311469,0.7136285222265396,0.2590183801252272,0.3703172343760135,0.4782608695652174,62.77272727272727,75.0,2.908503332660069,0.23404255319148937,0.4782608695652174,0.3142857142857143,46,22,72,25,0.7465012410584402,0.7362956978388204,0.7104286430714413,0.7053825421202694,0.8127185492396519,0.7820573783483912,0.5365100016262807,9994,1913,390,793,4934,582,262,2588,3299,1150,0.06774628879892038,0.058260869565217394,1150,0.12021592442645074,0.10521739130434783,2090,0.3842421976441915,0.3660287081339713,20365,0.8168365966872222,0.8482199852688436,0.5,0.6,5,0.24742268041237112,0.7066901142410629,0.7021460884320324,0.2687537871137144,0.36004872622384027,0.45652173913043476,69.57142857142857,75.0,3.4740456473439707,0.19626168224299065,0.45652173913043476,0.27450980392156865,46,21,86,0.003167754699554215,-0.0024750309581844654,0.00564278565773868,-0.0007557354925775972,-0.009122807017543866,0.006388618898099108,0.003595796998723255,-0.0014035087719298234,-0.0044650086755349955,-0.0055031596046555276,-0.0023859722521683002,0.003501032019805006,0.010358860525342184,0.0,-0.24237527772167278,0.0952380952380878,0.009161415709889043,0.05013477088948781,0.02173913043478265,-0.8079175924055746,-6.703463203463208,197.87235199999998
43,3209911946,49510,49510,24755,14967,15641,18902,15837,20581,13092,10797,6480,7478,11,0.7132218834560203,0.7404160775600889,0.7243280577955563,0.7219036315079822,0.8297675280170418,0.6759259259259259,0.6672907194437016,8959,1403,435,440,4380,1660,291,2197,4990,1136,0.038850415512465375,0.03961267605633803,1125,0.16441269841269843,0.16444444444444445,2139,0.5662751629921442,0.5591397849462365,20355,0.8062183684909372,0.8304102186195038,1.0,0.6,5,0.27440633245382584,0.725550095523042,0.7220787533676857,0.2603918400323167,0.3585844481252617,0.6521739130434783,66.26666666666667,65.5,3.635629165825086,0.25,0.6521739130434783,0.3614457831325301,46,30,90,14,0.7008405046078668,0.7337103615431226,0.7168051416956974,0.7146708668515204,0.8302306196165602,0.6746913580246914,0.6454934474458411,8964,1428,405,537,4372,1571,301,2350,4827,1136,0.04549399815327793,0.045774647887323945,1125,0.1508015873015873,0.14933333333333335,2139,0.5162066486972147,0.5114539504441328,20355,0.803831967095246,0.8277573077867846,1.0,0.5,5,0.23684210526315788,0.7093809318678898,0.7074657116732596,0.2727125833165017,0.36859613224579685,0.6304347826086957,60.689655172413794,58.0,5.493839628357907,0.17575757575757575,0.6304347826086957,0.27488151658767773,46,29,136,25,0.7156721288299073,0.7398101393657847,0.7239545747737592,0.7214267587156499,0.8295822913772344,0.6819444444444445,0.6603369884995989,8957,1413,427,444,4419,1617,285,2255,4938,1136,0.037837026777469994,0.03873239436619718,1125,0.15556349206349207,0.15555555555555556,2139,0.5464383164005806,0.5399719495091164,20355,0.8087229685946946,0.8322279538197003,1.0,0.6,3,0.27480916030534347,0.72873953580976,0.7253657295810075,0.25683700262573217,0.3555808350589397,0.6521739130434783,63.666666666666664,62.0,3.7972126843062006,0.24193548387096775,0.6521739130434783,0.35294117647058826,46,30,94,-0.00037348302179707193,-0.0075229160998588895,0.007149433078061818,-0.001013388734995381,-0.008849206349206357,-0.019836846591563595,0.002504600103757415,0.006643582640812558,-0.01361111111111113,-0.050068514294929534,-0.00238640139569124,0.0031894402867180816,-0.00850460666194186,0.0,0.16158351848111474,-2.6000000000000014,-0.016169163655152197,-0.08656426654485239,-0.021739130434782594,1.8582104625328215,-5.577011494252872,197.882200958
44,2734190334,49510,49510,24755,13104,19080,17326,14002,19106,16402,9052,8740,6963,11,0.7510420116641884,0.7327812563118562,0.7312222152475617,0.7334099999440706,0.7694432169686257,0.7080091533180778,0.7162142754559816,6965,1775,312,847,6188,1705,196,1780,4987,1250,0.146140350877193,0.1456,1250,0.2049122807017544,0.2,2287,0.4978084689673803,0.4945343244425011,19968,0.8270142790250926,0.8301782852564102,1.0,0.6,3,0.281150159744409,0.7281041532310595,0.7283985505532632,0.2717834780852353,0.3766252614369483,0.48,61.833333333333336,73.5,5.08988083215512,0.16,0.48,0.23999999999999996,50,24,126,14,0.7501277906614572,0.7239345586750151,0.7223423704806978,0.7244371670113919,0.7687803800265135,0.6899313501144165,0.7083153813011633,6959,1797,296,977,6030,1733,232,1799,4932,1250,0.16210526315789472,0.1568,1250,0.18461988304093566,0.1848,2287,0.5001366283214396,0.4975951027547005,19968,0.8159735789881957,0.8191105769230769,0.5,0.5,5,0.2608695652173913,0.7175777229254064,0.7182900317267983,0.28180165623106446,0.3988998678213056,0.6,60.0,68.0,6.099777822662088,0.16574585635359115,0.6,0.2597402597402597,50,30,151,25,0.7552963202284347,0.7335083821450212,0.7316148982577354,0.7339804274476229,0.7728678745028723,0.7094965675057209,0.7124802527646129,6996,1754,302,876,6201,1663,202,1800,4961,1250,0.15391812865497076,0.1512,1250,0.2005263157894737,0.1992,2287,0.4924327457733955,0.4910362920857018,19968,0.8278328478704169,0.8311798878205128,1.0,0.6,5,0.30107526881720426,0.7270947210392066,0.726563497132063,0.27311654211270453,0.3732723467695073,0.44,63.95454545454545,71.0,4.16077560088871,0.176,0.44,0.2514285714285714,50,22,103,0.0003926830101737,-0.008879844766863876,0.009272527777037576,0.007777777777777772,-0.004385964912280715,-0.005375723193984772,0.0008185688453242745,0.015964912280701737,-0.02029239766081875,0.002328159354059278,-0.011040700036896944,-0.0010094321918528992,0.011428571428571427,-0.03999999999999998,-0.9291052312664103,2.1212121212121176,-0.010526430305653034,0.019740259740259752,0.12,1.0098969905069684,-1.8333333333333357,198.32101216699994
45,3156882560,49510,49510,24755,15560,17906,16044,20648,13246,15616,6317,12089,6349,11,0.7277175620811352,0.7483336699656635,0.756940937859671,0.749282152842083,0.8325154345417128,0.7202415418975928,0.7180658371397071,5259,849,209,1397,8707,1985,63,1727,4559,1125,0.1366666666666667,0.15466666666666667,1125,0.2642222222222222,0.27555555555555555,2158,0.40562875779353486,0.40500463392029656,20347,0.8553587801786349,0.8437116036762177,0.5,0.6,1,0.28051948051948056,0.7499575350255089,0.7428206562534477,0.2577661078569986,0.3833396322027899,0.4,50.0,49.0,4.807109674813169,0.13138686131386862,0.4,0.19780219780219785,45,18,119,14,0.722413839172344,0.7334679862654009,0.7455839869832642,0.7345494154908616,0.8542029444356498,0.6939366366117958,0.6886123799023468,5396,757,164,1708,8389,1992,82,1895,4372,1125,0.12933333333333333,0.14844444444444443,1125,0.23177777777777778,0.24444444444444444,2158,0.3863428075521802,0.37395736793327156,20347,0.8457323504388174,0.8309824544158844,1.0,0.6,1,0.31232876712328766,0.7286482425601166,0.7068545847430666,0.29634417289436477,0.40618573314047524,0.37777777777777777,56.294117647058826,57.0,5.291860230256514,0.11486486486486487,0.37777777777777777,0.1761658031088083,45,17,131,25,0.7299065683694458,0.7467582306604726,0.7562981400150441,0.7480085610824347,0.8377394332752889,0.7156092315327984,0.7155457552370452,5292,823,202,1392,8651,2046,63,1743,4543,1125,0.13755555555555557,0.15555555555555556,1125,0.26133333333333336,0.2702222222222222,2158,0.4029026063100137,0.3989805375347544,20347,0.8549270433410384,0.8426795104929473,0.5,0.6,1,0.2903225806451613,0.7472805778294619,0.7389374171771522,0.26180569581902646,0.38034357986325584,0.4,49.44444444444444,44.0,4.726317915572611,0.13333333333333333,0.4,0.2,45,18,117,-0.0006427978446268412,-0.011356950876406757,0.010714153031779916,0.0008888888888888835,-0.0028888888888888298,-0.0027261514835211775,-0.00043173683759645254,-0.007333333333333358,-0.032444444444444415,-0.019285950241354655,-0.009626429739817421,-0.0026769571960469918,0.0021978021978021622,0.0,-0.08079175924055804,-0.5555555555555571,-0.02130929246539226,-0.021636394693389543,-0.022222222222222254,0.48475055544334467,6.294117647058826,198.05098275
46,1642128921,49510,49510,24755,18090,18741,12679,13146,20968,15396,10731,9052,4972,11,0.7498945349217293,0.7440921026055343,0.7490053796109327,0.7306370800154708,0.7845494362128413,0.6690234202386213,0.7934432823813354,8419,1735,577,518,6056,2478,220,807,3945,1100,0.09714285714285714,0.09272727272727273,1100,0.21607142857142858,0.21,2153,0.4836502873344979,0.47607988852763583,20402,0.8480115346859861,0.8362905597490442,1.0,0.6,5,0.2909090909090909,0.7425120351497965,0.7260767514603857,0.2581296707735811,0.35472860547155943,0.4318181818181818,63.26315789473684,69.0,3.2316703696222984,0.1919191919191919,0.4318181818181818,0.26573426573426573,44,19,80,14,0.7454951774394533,0.7342355079781863,0.7373621292860492,0.7193668345379015,0.7908862175006989,0.6428413610251879,0.7783588093322606,8487,1708,536,619,5819,2614,254,848,3870,1100,0.09714285714285714,0.09272727272727273,1100,0.205,0.2,2153,0.467820688083846,0.461216906641895,20402,0.8372445149601803,0.8264385844525046,1.0,0.6,1,0.25125628140703515,0.6205171676000985,0.5468423153853206,0.39915168652797417,0.3793984757056645,0.22727272727272727,61.1,63.5,1.6966269440517068,0.19230769230769232,0.22727272727272727,0.20833333333333331,44,10,42,25,0.7526569240640937,0.7468794182993335,0.7508178390423299,0.7332821958726972,0.7894883980989656,0.6723376049491825,0.7906275140788415,8472,1744,515,518,6086,2448,218,823,3931,1100,0.09047619047619047,0.08636363636363636,1100,0.22107142857142859,0.21454545454545454,2153,0.4819018505860611,0.47515095215977704,20402,0.8508326375217727,0.8398686403293795,0.2,0.6,5,0.26506024096385544,0.7476479766043701,0.7336430429460313,0.2499697030902848,0.3516026143493105,0.4090909090909091,69.77777777777777,77.0,2.666128054938396,0.21428571428571427,0.4090909090909091,0.28125,44,18,66,0.0018124594313971842,-0.011643250324883558,0.013455709756280743,-0.006666666666666668,0.0050000000000000044,-0.0017484367484367769,0.0028211028357866264,0.0,-0.011071428571428593,-0.01582959925065186,-0.010767019725805849,0.005135941454573634,0.015515734265734271,-0.022727272727272707,-0.5655423146839023,6.514619883040929,-0.12199486754969802,-0.057400932400932414,-0.20454545454545456,-1.5350434255705916,-2.163157894736841,198.07262383300008
47,2372062856,49510,49510,24755,15189,18115,16206,16503,14430,18577,7751,6478,10526,11,0.7659161210425062,0.7816602706523934,0.774379557379814,0.7760141737873086,0.7851890078699523,0.7224451991355356,0.815504465133954,6086,1176,489,270,4680,1528,225,1717,8584,1100,0.1608446455505279,0.16454545454545455,1100,0.24091359620771388,0.25,2199,0.44573428535054394,0.45611641655297863,20356,0.8694977691478325,0.8789054824130478,0.2,0.6,1,0.2846975088967971,0.7885278494131631,0.7893686832729555,0.2053322561098768,0.32053409727169624,0.5681818181818182,60.32,69.0,2.7873156937992323,0.26595744680851063,0.5681818181818182,0.36231884057971014,44,25,69,14,0.757396432129584,0.7856190668551808,0.7843403400218584,0.7825731142529073,0.7817055863759514,0.7783266440259339,0.7929887896636899,6059,1276,416,230,5042,1206,223,1956,8347,1100,0.19458306399482872,0.2009090909090909,1100,0.26671837965955614,0.2736363636363636,2199,0.44776619044228233,0.4552069122328331,20356,0.8780126335148052,0.8805757516211437,1.0,0.6,1,0.26666666666666666,0.7518350989704898,0.7570974952471751,0.23154918198343769,0.3382381068266034,0.5909090909090909,71.0,77.0,2.989295091900626,0.26,0.5909090909090909,0.36111111111111116,44,26,74,25,0.7698886207980489,0.7863865885679661,0.7808319790644789,0.7815092757327089,0.7831247580957296,0.7452917567150356,0.8140794223826715,6070,1196,485,256,4828,1394,207,1750,8569,1100,0.16691661279896575,0.17,1100,0.24276664511958632,0.25181818181818183,2199,0.45314603710968254,0.4633924511141428,20356,0.8761589057399575,0.8834741599528395,0.5,0.6,1,0.2931596091205212,0.7888816565205787,0.7891567134061367,0.20601898606342153,0.3155601567714793,0.6136363636363636,59.0,68.0,3.2316703696222984,0.2523364485981308,0.6136363636363636,0.35761589403973504,44,27,80,0.006452421684664866,0.009960782642044363,-0.003508360957379497,0.006071967248437837,0.0018530489118724347,0.007411751759138607,0.006661136592124972,0.03373841844430081,0.025804783451842256,0.002031905091738395,0.008514864366972685,0.0003538071074156157,-0.004702946539975106,0.045454545454545414,0.4443546758230661,-1.3200000000000003,-0.03669275044267328,-0.0012077294685989837,0.022727272727272707,0.20197939810139376,10.68,197.43957658300008
48,1311514250,49510,49510,24755,18005,15214,16291,13649,16329,19532,6154,6718,11883,11,0.7371192773509602,0.6749747525752373,0.6888549702484607,0.6820321874157741,0.7203444913877153,0.7204525156296517,0.6257679037280148,4433,1478,243,518,4840,1360,460,3987,7436,1375,0.12134057971014493,0.11563636363636363,1375,0.18365942028985507,0.176,2463,0.36746657484721473,0.36662606577344703,19542,0.8140613590740563,0.7883021185139699,0.5,0.6,3,0.27325581395348836,0.6904417780384448,0.6878224019782578,0.31157341951120987,0.4388568356262176,0.509090909090909,68.10714285714286,80.0,4.928297313674006,0.18666666666666668,0.509090909090909,0.2731707317073171,55,28,122,14,0.7359457990410597,0.674490002019794,0.6859478777719916,0.6804201088651983,0.7055573610659733,0.7191128311997619,0.6331734410502399,4342,1567,245,505,4831,1382,451,3908,7524,1375,0.1319927536231884,0.12581818181818183,1375,0.20836956521739128,0.2050909090909091,2463,0.3850108809856499,0.38408444985789686,19542,0.8056277278428249,0.7827243884965714,0.2,0.5,5,0.23896103896103896,0.6839675396858805,0.6792455472959835,0.3219551605736215,0.4382244282052643,0.4727272727272727,67.88461538461539,70.5,5.897798424560695,0.1511627906976744,0.4727272727272727,0.22907488986784139,55,26,146,25,0.7394683425580818,0.6819632397495455,0.6940052272236198,0.6879521985502838,0.7201819954501137,0.7226853230128014,0.6391483632079441,4432,1479,243,506,4855,1357,440,3848,7595,1375,0.12275362318840581,0.11709090909090909,1375,0.18115942028985507,0.17381818181818182,2463,0.37729295969789706,0.3763702801461632,19542,0.8192610832252175,0.7959778937672705,1.0,0.6,3,0.26512968299711814,0.6940025914428299,0.6909465835598333,0.30914966673399313,0.4320819510246199,0.5454545454545454,65.53333333333333,77.5,4.76671379519289,0.20270270270270271,0.5454545454545454,0.29556650246305416,55,30,118,0.00515025697515914,-0.002907092476469031,0.00805734945162817,0.001413043478260878,-0.0025000000000000022,0.009826384850682324,0.005199724151161211,0.010652173913043475,0.024710144927536204,0.017544306138435162,-0.00843363123123142,0.003560813404385188,0.022395770755737066,0.036363636363636376,-0.16158351848111518,-2.5738095238095298,-0.006474238352564221,-0.04409584183947571,-0.03636363636363632,0.9695011108866893,-0.2225274725274744,197.103747
49,200586297,49510,49510,24755,18565,16793,14152,13197,19184,17129,8099,7365,9291,11,0.76393455466414,0.7305594829327409,0.7339852026226747,0.7332529373832811,0.7425608099765403,0.7727087576374746,0.6866860402540093,6014,1593,492,812,5691,862,242,2669,6380,1100,0.17216239316239315,0.18,1100,0.2873247863247863,0.29545454545454547,2146,0.48011678455643975,0.49440820130475305,20409,0.8125970177152643,0.8085158508501151,0.2,0.6,3,0.27627627627627627,0.7415402170094127,0.7402228887156994,0.26107856998586143,0.3763825336335288,0.5454545454545454,60.708333333333336,61.5,3.7972126843062006,0.2033898305084746,0.5454545454545454,0.29629629629629634,44,24,94,14,0.7587466151340481,0.7224399111290648,0.7248736451762706,0.7248430154930093,0.750339548092357,0.7403937542430414,0.683887633193413,6077,1524,498,861,5453,1051,254,2683,6354,1100,0.1525897435897436,0.1590909090909091,1100,0.28423076923076923,0.2909090909090909,2146,0.48712569997052757,0.5,20409,0.8023342094520615,0.7994512224998775,0.5,0.6,5,0.2763157894736842,0.7312647000282902,0.7307886032313293,0.2687941829933347,0.3953752801619908,0.4318181818181818,52.526315789473685,51.0,3.8376085639264796,0.16666666666666666,0.4318181818181818,0.240506329113924,44,19,95,25,0.7672351558930856,0.7295091900626136,0.7333274042150938,0.7323570788988253,0.7421903938757871,0.776917854718262,0.6808739640512323,6011,1602,486,815,5722,828,248,2717,6326,1100,0.17752136752136752,0.18545454545454546,1100,0.28585042735042737,0.29363636363636364,2146,0.48232463896257,0.4967381174277726,20409,0.8115217642147972,0.8068009211622323,0.2,0.6,3,0.2831325301204819,0.72883578523428,0.7279888568840795,0.2735608967885276,0.3757716672124557,0.5,58.86363636363637,57.5,3.918400323167037,0.18487394957983194,0.5,0.26993865030674846,44,22,97,-0.0006577984075809562,-0.009111557446404128,0.008453759038823172,0.005358974358974367,-0.0014743589743589358,0.0022078544061302496,-0.0010752535004671104,-0.019572649572649564,-0.0030940170940170764,0.007008915414087824,-0.010262808263202805,-0.012704431775132696,-0.026357645989547873,-0.045454545454545414,0.12118763886083617,-1.8446969696969688,-0.010275516981122501,-0.055789967182372335,-0.11363636363636359,0.04039587962027902,-8.18201754385965,109.832606166
50,4027218559,49510,49510,24755,17936,13771,17803,15268,15957,18285,11475,5049,8231,11,0.7140201812116612,0.8223389214300142,0.8141231002790721,0.799184587295484,0.8730283224400871,0.8102594573182809,0.7590815210788483,10018,971,486,190,4091,768,187,1796,6248,800,0.15851981351981353,0.13125,800,0.23780885780885783,0.21375,1463,0.47726878758933927,0.47231715652768286,21692,0.8824043131251936,0.8938779273464872,1.0,0.6,5,0.26857142857142857,0.8112330366394271,0.7975722801389286,0.17943849727327812,0.2697709618823803,0.4375,55.214285714285715,58.5,3.2316703696222984,0.14893617021276595,0.4375,0.22222222222222218,32,14,80,14,0.709853900976968,0.8109876792567158,0.8031869412234888,0.7876119655180758,0.8626579520697167,0.8031293325410972,0.7437735390596525,9899,1121,455,203,4055,791,231,1878,6122,800,0.20834498834498835,0.17375,800,0.251037296037296,0.22375,1463,0.44812905993507446,0.44224196855775805,21692,0.8691408408823555,0.8810160427807486,0.2,0.6,1,0.31386861313868614,0.7900304414783155,0.7947113980531965,0.17919612199555646,0.29916648507213606,0.40625,66.38461538461539,66.0,1.8986063421531003,0.21666666666666667,0.40625,0.28260869565217395,32,13,47,25,0.7174188701060163,0.8215310038376086,0.8140015297538863,0.798585791414261,0.8712854030501089,0.8138245197068726,0.7568946665046774,9998,1007,470,195,4109,745,183,1818,6230,800,0.16666666666666666,0.1375,800,0.23209790209790207,0.21125,1463,0.478685975310235,0.47368421052631576,21692,0.8820605912646421,0.8927254287294856,1.0,0.6,5,0.2690058479532164,0.8170372611397813,0.8038619641052912,0.1740254494041608,0.26922289075722794,0.4375,55.714285714285715,56.5,3.029690971520905,0.15730337078651685,0.4375,0.23140495867768598,32,14,75,-0.00012157052518579903,-0.010936159055583317,0.010814588530397518,0.008146853146853122,-0.005710955710955756,0.0014171877208957184,-0.00034372186055153797,0.04982517482517482,0.013228438228438194,-0.029139727654264813,-0.013263472242838081,0.005804224500354116,0.009182736455463802,0.0,-0.20197939810139331,0.5,-0.02120259516111167,0.060386473429951765,-0.03125,-1.333064027469198,11.170329670329672,109.85537595799997
